coleta_id,abrangencia,versao_tse,secoes_total,secoes_apuradas,secoes_pct,eleitorado,eleitorado_apurado,comparecimento,abstencao,votos_total,validos,brancos,nulos
20261004-181819,AC,04/10/2026 18:14:07,2270,1035,45.594713656,613742,274579,218495,56084,218495,210158,2501,5836
20261004-181819,AL,04/10/2026 18:16:12,7101,525,7.393324884,2442126,154522,123945,30577,123945,116648,1913,5384
20261004-181819,AM,04/10/2026 18:15:22,8157,2838,34.792203016,2798611,940274,764850,175424,764850,741605,9862,13383
20261004-181819,AP,04/10/2026 18:17:48,1914,411,21.473354232,576988,102985,83354,19631,83354,81428,639,1287
20261004-181819,BA,04/10/2026 18:14:44,35476,2903,8.182996956,11312752,841756,678153,163603,678153,640665,11646,25842
20261004-181819,BR,04/10/2026 18:16:13,499248,97548,19.538986636,158745502,29689562,23473571,6215577,23473571,22515488,379638,578445
20261004-181819,CE,04/10/2026 18:16:53,23765,2411,10.145171471,6996545,657856,555257,102599,555257,530456,8635,16166
20261004-181819,DF,04/10/2026 18:17:48,6969,5876,84.316257713,2258320,1876137,1524938,351199,1524938,1477006,20793,27139
20261004-181819,ES,04/10/2026 18:17:22,9844,4774,48.496546119,2991650,1392607,1104651,287956,1104651,1059134,19167,26350
20261004-181819,GO,04/10/2026 18:17:23,15686,3427,21.847507331,5080590,1060855,834900,225955,834900,806408,9167,19325
20261004-181819,MA,04/10/2026 18:16:19,18093,3019,16.686011165,5183115,779897,632457,147440,632457,610918,7085,14454
20261004-181819,MG,04/10/2026 18:11:44,52062,6795,13.051745995,16372372,2272007,1739504,532503,1739504,1656813,34080,48611
20261004-181819,MS,04/10/2026 18:17:50,7106,4575,64.382212215,2024430,1292530,989687,302843,989687,956926,13931,18830
20261004-181819,MT,04/10/2026 18:16:14,8287,3211,38.747435743,2637801,995294,786400,208894,786400,764483,7755,14162
20261004-181819,PA,04/10/2026 18:16:55,20827,6254,30.028328612,6262397,1871542,1522269,349273,1522269,1458396,19612,44261
20261004-181819,PB,04/10/2026 18:16:22,10712,5608,52.352501867,3248531,1636373,1354244,282129,1354244,1272095,25245,56904
20261004-181819,PE,04/10/2026 18:16:19,21418,2565,11.975908115,7223450,747571,619100,128471,619100,589056,10658,19386
20261004-181819,PI,04/10/2026 18:16:20,10225,2616,25.584352078,2704758,681368,560721,120647,560721,537551,7094,16076
20261004-181819,PR,04/10/2026 18:16:02,27142,14923,54.981209933,8613657,4699695,3740085,959610,3740085,3603243,64146,72696
20261004-181819,RJ,04/10/2026 18:17:24,37675,2120,5.627073656,12857648,630153,486676,143477,486676,465623,8291,12762
20261004-181819,RN,04/10/2026 18:16:18,8115,1588,19.568699938,2659825,470600,387266,83334,387266,370472,5409,11385
20261004-181819,RO,04/10/2026 18:14:42,4698,2005,42.677735206,1265893,542019,429630,112389,429630,418844,4532,6254
20261004-181819,RR,04/10/2026 18:16:12,1519,256,16.85319289,401521,60818,50887,9931,50887,49755,297,835
20261004-181819,RS,04/10/2026 18:15:27,27547,9122,33.114313718,8522545,2775030,2196435,578595,2196435,2109125,45344,41966
20261004-181819,SC,04/10/2026 18:17:27,17326,2850,16.449266998,5734651,920688,747041,173647,747041,724474,10408,12159
20261004-181819,SE,04/10/2026 18:15:53,5923,732,12.35860206,1740135,199126,165986,33140,165986,158078,2680,5228
20261004-181819,SP,04/10/2026 18:14:16,103656,7710,7.438064367,34122892,2363098,1841827,521271,1841827,1741773,41752,58302
20261004-181819,TO,04/10/2026 18:14:43,4384,2873,65.533759124,1182023,757228,618203,139025,618203,596629,5209,16365
20261004-181819,ZZ,04/10/2026 18:17:52,1351,840,62.176165803,916534,566951,227160,339377,227160,219318,4268,3574
20261004-182215,AC,04/10/2026 18:18:51,2270,1156,50.925110132,613742,307428,244692,62736,244692,235290,2832,6570
20261004-182215,AL,04/10/2026 18:19:52,7101,661,9.308548092,2442126,194392,155298,39094,155298,145967,2408,6923
20261004-182215,AM,04/10/2026 18:18:22,8157,3030,37.146009562,2798611,1008610,820808,187802,820808,795761,10640,14407
20261004-182215,AP,04/10/2026 18:21:32,1914,499,26.071055381,576988,124972,101520,23452,101520,99136,802,1582
20261004-182215,BA,04/10/2026 18:19:55,35476,3918,11.044086143,11312752,1142253,918956,223297,918956,868225,15859,34872
20261004-182215,BR,04/10/2026 18:19:31,499248,109654,21.963833606,158745502,33352943,26377493,6975036,26377493,25289745,430716,657032
20261004-182215,CE,04/10/2026 18:20:54,23765,2866,12.059751736,6996545,783500,662226,121274,662226,632853,10266,19107
20261004-182215,DF,04/10/2026 18:21:31,6969,6035,86.597790214,2258320,1931265,1569251,362014,1569251,1519785,21425,28041
20261004-182215,ES,04/10/2026 18:19:52,9844,5236,53.18976026,2991650,1527883,1210908,316975,1210908,1160874,21010,29024
20261004-182215,GO,04/10/2026 18:20:53,15686,4081,26.016830295,5080590,1262175,992497,269678,992497,958515,10907,23075
20261004-182215,MA,04/10/2026 18:20:56,18093,3598,19.886143813,5183115,938636,760862,177774,760862,735012,8483,17367
20261004-182215,MG,04/10/2026 18:18:26,52062,9312,17.886366256,16372372,3056932,2337564,719368,2337564,2225455,46139,65970
20261004-182215,MS,04/10/2026 18:21:32,7106,4961,69.814241486,2024430,1404290,1073306,330984,1073306,1037834,15016,20456
20261004-182215,MT,04/10/2026 18:19:53,8287,3551,42.850247375,2637801,1099032,867598,231434,867598,843296,8602,15700
20261004-182215,PA,04/10/2026 18:21:35,20827,7081,33.999135737,6262397,2115278,1719185,396093,1719185,1647597,21921,49667
20261004-182215,PB,04/10/2026 18:21:35,10712,6333,59.120612397,3248531,1854561,1534213,320348,1534213,1440257,28988,64968
20261004-182215,PE,04/10/2026 18:20:56,21418,3255,15.197497432,7223450,955057,790489,164568,790489,752235,13747,24507
20261004-182215,PI,04/10/2026 18:21:00,10225,3158,30.885085575,2704758,823934,678881,145053,678881,650768,8600,19513
20261004-182215,PR,04/10/2026 18:19:35,27142,16015,59.004494879,8613657,5052841,4020655,1032186,4020655,3873045,69260,78350
20261004-182215,RJ,04/10/2026 18:19:54,37675,2577,6.840079628,12857648,762731,589837,172894,589837,564171,10173,15493
20261004-182215,RN,04/10/2026 18:19:54,8115,1828,22.526186075,2659825,542493,446290,96203,446290,426664,6328,13298
20261004-182215,RO,04/10/2026 18:18:21,4698,2214,47.126436782,1265893,597226,472897,124329,472897,461147,4922,6828
20261004-182215,RR,04/10/2026 18:17:51,1519,275,18.1040158,401521,65519,54760,10759,54760,53557,316,887
20261004-182215,RS,04/10/2026 18:20:42,27547,11091,40.262097506,8522545,3387466,2678268,709198,2678268,2570761,56005,51502
20261004-182215,SC,04/10/2026 18:21:33,17326,3463,19.98730232,5734651,1113489,903983,209506,903983,876821,12579,14583
20261004-182215,SE,04/10/2026 18:19:54,5923,1081,18.250886375,1740135,296693,247687,49006,247687,236059,3907,7721
20261004-182215,SP,04/10/2026 18:19:59,103656,12021,11.597013197,34122892,3736569,2910608,825961,2910608,2749944,66889,93775
20261004-182215,TO,04/10/2026 18:14:43,4384,2873,65.533759124,1182023,757228,618203,139025,618203,596629,5209,16365
20261004-182215,ZZ,04/10/2026 18:21:35,1351,840,62.176165803,916534,566951,227160,339377,227160,219318,4268,3574
20261004-182747,AC,04/10/2026 18:27:05,2270,1432,63.083700441,613742,379071,302372,76699,302372,290781,3468,8123
20261004-182747,AL,04/10/2026 18:26:42,7101,847,11.927897479,2442126,249459,199297,50162,199297,187291,3125,8881
20261004-182747,AM,04/10/2026 18:25:33,8157,3518,43.128601201,2798611,1182234,960920,221314,960920,931455,12550,16915
20261004-182747,AP,04/10/2026 18:27:05,1914,559,29.20585162,576988,140333,114143,26190,114143,111496,882,1765
20261004-182747,BA,04/10/2026 18:25:37,35476,5217,14.705716541,11312752,1530078,1230511,299567,1230511,1162085,21491,46935
20261004-182747,BR,04/10/2026 18:23:12,499248,122085,24.453778483,158745502,37135802,29383031,7752357,29383031,28160152,484380,738499
20261004-182747,CE,04/10/2026 18:27:07,23765,3654,15.375552283,6996545,999713,844615,155098,844615,806822,13263,24530
20261004-182747,DF,04/10/2026 18:26:07,6969,6204,89.022815325,2258320,1989009,1615549,373460,1615549,1564505,22139,28905
20261004-182747,ES,04/10/2026 18:27:07,9844,6394,64.953271028,2991650,1877820,1485480,392340,1485480,1423850,26079,35551
20261004-182747,GO,04/10/2026 18:27:08,15686,5355,34.138722428,5080590,1657866,1302064,355802,1302064,1257053,14378,30633
20261004-182747,MA,04/10/2026 18:27:10,18093,4446,24.573039297,5183115,1169936,947682,222254,947682,915068,10623,21991
20261004-182747,MG,04/10/2026 18:26:48,52062,12606,24.213437824,16372372,4080848,3126761,954087,3126761,2975065,62798,88898
20261004-182747,MS,04/10/2026 18:26:09,7106,5424,76.329862088,2024430,1539530,1177647,361883,1177647,1138815,16474,22358
20261004-182747,MT,04/10/2026 18:26:44,8287,4229,51.031736455,2637801,1312083,1031961,280122,1031961,1002915,10290,18756
20261004-182747,PA,04/10/2026 18:25:36,20827,7739,37.158496183,6262397,2303932,1871647,432285,1871647,1793847,23673,54127
20261004-182747,PB,04/10/2026 18:27:13,10712,7025,65.580657207,3248531,2063182,1705978,357204,1705978,1601059,32294,72625
20261004-182747,PE,04/10/2026 18:27:11,21418,4274,19.955177888,7223450,1258565,1041054,217511,1041054,990432,18123,32499
20261004-182747,PI,04/10/2026 18:27:12,10225,3817,37.33007335,2704758,998905,824824,174081,824824,790707,10527,23590
20261004-182747,PR,04/10/2026 18:25:41,27142,18277,67.338442267,8613657,5770226,4592085,1178141,4592085,4422795,79820,89470
20261004-182747,RJ,04/10/2026 18:25:34,37675,3675,9.754479098,12857648,1090699,845889,244810,845889,808889,14887,22113
20261004-182747,RN,04/10/2026 18:26:45,8115,2218,27.332101047,2659825,659493,542641,116852,542641,518480,7893,16268
20261004-182747,RO,04/10/2026 18:25:01,4698,2600,55.342699021,1265893,700346,552684,147662,552684,539276,5633,7775
20261004-182747,RR,04/10/2026 18:27:09,1519,401,26.398946675,401521,97391,80936,16455,80936,79230,497,1209
20261004-182747,RS,04/10/2026 18:26:51,27547,13184,47.860021055,8522545,4036018,3186191,849827,3186191,3056998,67468,61725
20261004-182747,SC,04/10/2026 18:26:45,17326,4566,26.353457232,5734651,1477623,1198929,278694,1198929,1162220,17010,19699
20261004-182747,SE,04/10/2026 18:26:43,5923,1652,27.891271315,1740135,451858,376530,75328,376530,358588,6059,11883
20261004-182747,SP,04/10/2026 18:25:11,103656,17154,16.548969669,34122892,5355542,4166424,1189118,4166424,3934452,96321,135651
20261004-182747,TO,04/10/2026 18:25:34,4384,3400,77.554744526,1182023,899878,734955,164923,734955,709006,6198,19751
20261004-182747,ZZ,04/10/2026 18:27:11,1351,840,62.176165803,916534,566951,227160,339377,227160,219318,4268,3574
20261004-182835,AC,04/10/2026 18:27:05,2270,1432,63.083700441,613742,379071,302372,76699,302372,290781,3468,8123
20261004-182835,AL,04/10/2026 18:26:42,7101,847,11.927897479,2442126,249459,199297,50162,199297,187291,3125,8881
20261004-182835,AM,04/10/2026 18:27:06,8157,3602,44.158391566,2798611,1210962,983724,227238,983724,953625,12793,17306
20261004-182835,AP,04/10/2026 18:27:05,1914,559,29.20585162,576988,140333,114143,26190,114143,111496,882,1765
20261004-182835,BA,04/10/2026 18:27:58,35476,5898,16.625324163,11312752,1738678,1399002,339676,1399002,1321128,24668,53206
20261004-182835,BR,04/10/2026 18:26:58,499248,139204,27.882735634,158745502,42331355,33498176,8832765,33498176,32087291,559157,851728
20261004-182835,CE,04/10/2026 18:27:07,23765,3654,15.375552283,6996545,999713,844615,155098,844615,806822,13263,24530
20261004-182835,DF,04/10/2026 18:27:53,6969,6276,90.055962118,2258320,2014373,1635897,378476,1635897,1584048,22486,29363
20261004-182835,ES,04/10/2026 18:27:07,9844,6394,64.953271028,2991650,1877820,1485480,392340,1485480,1423850,26079,35551
20261004-182835,GO,04/10/2026 18:27:08,15686,5355,34.138722428,5080590,1657866,1302064,355802,1302064,1257053,14378,30633
20261004-182835,MA,04/10/2026 18:28:16,18093,4625,25.562372188,5183115,1217942,985727,232215,985727,951625,11028,23074
20261004-182835,MG,04/10/2026 18:26:48,52062,12606,24.213437824,16372372,4080848,3126761,954087,3126761,2975065,62798,88898
20261004-182835,MS,04/10/2026 18:27:54,7106,5528,77.793414016,2024430,1570396,1201151,369245,1201151,1161483,16827,22841
20261004-182835,MT,04/10/2026 18:26:44,8287,4229,51.031736455,2637801,1312083,1031961,280122,1031961,1002915,10290,18756
20261004-182835,PA,04/10/2026 18:27:12,20827,8002,38.421280069,6262397,2381913,1934346,447567,1934346,1853807,24439,56100
20261004-182835,PB,04/10/2026 18:28:17,10712,7192,67.13965646,3248531,2118011,1751622,366389,1751622,1643926,33154,74542
20261004-182835,PE,04/10/2026 18:28:14,21418,4438,20.720888972,7223450,1306017,1079862,226155,1079862,1027245,18812,33805
20261004-182835,PI,04/10/2026 18:28:16,10225,3931,38.444987775,2704758,1029490,850478,179012,850478,815254,10885,24339
20261004-182835,PR,04/10/2026 18:25:41,27142,18277,67.338442267,8613657,5770226,4592085,1178141,4592085,4422795,79820,89470
20261004-182835,RJ,04/10/2026 18:27:10,37675,4070,10.802919708,12857648,1205058,934137,270921,934137,893046,16560,24531
20261004-182835,RN,04/10/2026 18:26:45,8115,2218,27.332101047,2659825,659493,542641,116852,542641,518480,7893,16268
20261004-182835,RO,04/10/2026 18:27:09,4698,2722,57.939548744,1265893,731645,576851,154794,576851,562869,5903,8079
20261004-182835,RR,04/10/2026 18:27:09,1519,401,26.398946675,401521,97391,80936,16455,80936,79230,497,1209
20261004-182835,RS,04/10/2026 18:26:51,27547,13184,47.860021055,8522545,4036018,3186191,849827,3186191,3056998,67468,61725
20261004-182835,SC,04/10/2026 18:27:57,17326,4814,27.784832044,5734651,1558733,1264625,294108,1264625,1225919,17939,20767
20261004-182835,SE,04/10/2026 18:28:13,5923,1804,30.45753841,1740135,494792,412637,82155,412637,393060,6642,12935
20261004-182835,SP,04/10/2026 18:25:11,103656,17154,16.548969669,34122892,5355542,4166424,1189118,4166424,3934452,96321,135651
20261004-182835,TO,04/10/2026 18:27:12,4384,3475,79.265510949,1182023,921956,753235,168721,753235,726677,6365,20193
20261004-182835,ZZ,04/10/2026 18:27:54,1351,840,62.176165803,916534,566951,227160,339377,227160,219318,4268,3574
20261004-183503,AC,04/10/2026 18:32:53,2270,1602,70.572687225,613742,425916,339848,86068,339848,326755,3907,9186
20261004-183503,AL,04/10/2026 18:34:33,7101,1088,15.321785664,2442126,326648,261031,65617,261031,245495,4042,11494
20261004-183503,AM,04/10/2026 18:32:54,8157,3927,48.142699522,2798611,1326731,1077431,249300,1077431,1044572,13984,18875
20261004-183503,AP,04/10/2026 18:34:32,1914,724,37.826541275,576988,186235,151734,34501,151734,148144,1264,2326
20261004-183503,BA,04/10/2026 18:34:38,35476,7503,21.149509528,11312752,2224992,1790595,434397,1790595,1691105,31526,67964
20261004-183503,BR,04/10/2026 18:32:24,499248,159242,31.896372144,158745502,48491886,38379106,10112366,38379106,36743115,648980,987011
20261004-183503,CE,04/10/2026 18:34:35,23765,4666,19.633915422,6996545,1289005,1088851,200154,1088851,1039663,17256,31932
20261004-183503,DF,04/10/2026 18:32:53,6969,6402,91.863969006,2258320,2057308,1670447,386861,1670447,1617379,23016,30052
20261004-183503,ES,04/10/2026 18:34:33,9844,7324,74.400650142,2991650,2162951,1710010,452941,1710010,1638844,30197,40969
20261004-183503,GO,04/10/2026 18:33:35,15686,6697,42.694122147,5080590,2091144,1642305,448839,1642305,1585658,18053,38594
20261004-183503,MA,04/10/2026 18:34:36,18093,5486,30.321118665,5183115,1455646,1177640,278006,1177640,1136846,13160,27634
20261004-183503,MG,04/10/2026 18:34:40,52062,15915,30.569321194,16372372,5116153,3925481,1190672,3925481,3732939,79664,112878
20261004-183503,MS,04/10/2026 18:32:54,7106,5905,83.098789755,2024430,1678425,1284065,394360,1284065,1241468,18058,24539
20261004-183503,MT,04/10/2026 18:34:35,8287,5020,60.576807047,2637801,1563464,1227902,335562,1227902,1193108,12321,22473
20261004-183503,PA,04/10/2026 18:32:57,20827,9001,43.217938253,6262397,2673527,2169985,503542,2169985,2079997,26949,63039
20261004-183503,PB,04/10/2026 18:32:20,10712,7563,70.603061987,3248531,2235575,1849592,385983,1849592,1735618,35075,78899
20261004-183503,PE,04/10/2026 18:32:19,21418,5103,23.825754039,7223450,1506462,1246695,259767,1246695,1185853,21727,39115
20261004-183503,PI,04/10/2026 18:34:36,10225,4493,43.941320293,2704758,1171738,968045,203693,968045,927840,12345,27860
20261004-183503,PR,04/10/2026 18:34:43,27142,21248,78.284577408,8613657,6718830,5341688,1377142,5341688,5143558,93923,104207
20261004-183503,RJ,04/10/2026 18:32:55,37675,5729,15.206370272,12857648,1709602,1325517,384085,1325517,1267419,23358,34740
20261004-183503,RN,04/10/2026 18:32:56,8115,2681,33.03758472,2659825,804656,661213,143443,661213,631983,9598,19632
20261004-183503,RO,04/10/2026 18:32:54,4698,2992,63.686675181,1265893,804844,632632,172212,632632,617377,6468,8787
20261004-183503,RR,04/10/2026 18:32:54,1519,551,36.273864384,401521,137201,114000,23201,114000,111555,764,1681
20261004-183503,RS,04/10/2026 18:31:42,27547,14860,53.944168149,8522545,4560371,3595865,964506,3595865,3449221,76717,69927
20261004-183503,SC,04/10/2026 18:32:22,17326,5723,33.031282466,5734651,1850166,1501595,348571,1501595,1455732,21338,24525
20261004-183503,SE,04/10/2026 18:34:36,5923,2201,37.16022286,1740135,604657,504675,99982,504675,480294,8260,16121
20261004-183503,SP,04/10/2026 18:32:28,103656,25366,24.47132824,34122892,7986863,6211033,1775830,6211033,5860157,145076,205800
20261004-183503,TO,04/10/2026 18:32:58,4384,3633,82.869525547,1182023,967691,790563,177128,790563,762647,6690,21226
20261004-183503,ZZ,04/10/2026 18:32:58,1351,840,62.176165803,916534,566951,227160,339377,227160,219318,4268,3574
20261004-184151,AC,04/10/2026 18:40:43,2270,1797,79.162995595,613742,478151,381512,96639,381512,366823,4391,10298
20261004-184151,AL,04/10/2026 18:39:34,7101,1257,17.70173215,2442126,378723,301547,77176,301547,283324,4671,13552
20261004-184151,AM,04/10/2026 18:40:44,8157,4341,53.218094888,2798611,1472835,1195149,277686,1195149,1158666,15448,21035
20261004-184151,AP,04/10/2026 18:40:43,1914,855,44.670846395,576988,223241,182451,40790,182451,178116,1550,2785
20261004-184151,BA,04/10/2026 18:38:51,35476,8746,24.653286729,11312752,2586817,2081353,505464,2081353,1966126,36505,78722
20261004-184151,BR,04/10/2026 18:37:14,499248,182745,36.604052495,158745502,55763241,44133055,11629772,44133055,42231773,753810,1147472
20261004-184151,CE,04/10/2026 18:39:35,23765,5554,23.37050284,6996545,1545778,1306232,239546,1306232,1246787,20917,38528
20261004-184151,DF,04/10/2026 18:40:43,6969,6586,94.504233032,2258320,2121577,1722517,399060,1722517,1667839,23704,30974
20261004-184151,ES,04/10/2026 18:40:45,9844,7975,81.013815522,2991650,2365329,1867641,497688,1867641,1789072,33381,45188
20261004-184151,GO,04/10/2026 18:39:36,15686,7921,50.497258702,5080590,2489350,1953353,535997,1953353,1884903,21977,46473
20261004-184151,MA,04/10/2026 18:40:47,18093,6419,35.477809097,5183115,1710775,1381938,328837,1381938,1333842,15472,32624
20261004-184151,MG,04/10/2026 18:38:57,52062,18130,34.823863855,16372372,5792426,4447666,1344760,4447666,4228854,90483,128329
20261004-184151,MS,04/10/2026 18:40:45,7106,6267,88.193076274,2024430,1782429,1361503,420926,1361503,1316230,19163,26110
20261004-184151,MT,04/10/2026 18:40:46,8287,5560,67.093037287,2637801,1736361,1362376,373985,1362376,1323795,13674,24907
20261004-184151,PA,04/10/2026 18:40:49,20827,10033,48.173044606,6262397,2973943,2412172,561771,2412172,2312316,29356,70500
20261004-184151,PB,04/10/2026 18:39:38,10712,8157,76.148244959,3248531,2422104,2004770,417334,2004770,1880980,38185,85605
20261004-184151,PE,04/10/2026 18:40:47,21418,6499,30.343636194,7223450,1956904,1617617,339287,1617617,1537766,28533,51318
20261004-184151,PI,04/10/2026 18:39:37,10225,5082,49.701711491,2704758,1328010,1096342,231668,1096342,1050383,14204,31755
20261004-184151,PR,04/10/2026 18:40:55,27142,22629,83.37263282,8613657,7160193,5688713,1471480,5688713,5476433,100887,111393
20261004-184151,RJ,04/10/2026 18:40:47,37675,8369,22.213669542,12857648,2547063,1974706,572357,1974706,1886461,35691,52554
20261004-184151,RN,04/10/2026 18:39:36,8115,3097,38.163894023,2659825,937655,769427,168228,769427,735399,11166,22862
20261004-184151,RO,04/10/2026 18:40:46,4698,3308,70.412941677,1265893,893229,701215,192014,701215,684466,7081,9668
20261004-184151,RR,04/10/2026 18:40:45,1519,745,49.045424621,401521,188861,156781,32080,156781,153484,1061,2236
20261004-184151,RS,04/10/2026 18:39:42,27547,17293,62.776345882,8522545,5330544,4196265,1134279,4196265,4023934,90424,81907
20261004-184151,SC,04/10/2026 18:39:37,17326,7083,40.880757243,5734651,2295530,1864883,430647,1864883,1807513,26721,30649
20261004-184151,SE,04/10/2026 18:39:34,5923,2568,43.356407226,1740135,706465,587874,118591,587874,559070,9728,19076
20261004-184151,SP,04/10/2026 18:39:45,103656,34646,33.424017905,34122892,10991841,8545870,2445971,8545870,8057708,200398,287764
20261004-184151,TO,04/10/2026 18:40:49,4384,3806,86.815693431,1182023,1018306,831752,186554,831752,802256,7083,22413
20261004-184151,ZZ,04/10/2026 18:40:49,1351,842,62.324204293,916534,567778,227544,339820,227544,219691,4270,3583
20261004-184628,AC,04/10/2026 18:45:11,2270,1881,82.863436123,613742,501171,399427,101744,399427,383991,4589,10847
20261004-184628,AL,04/10/2026 18:45:12,7101,1437,20.236586396,2442126,434244,345107,89137,345107,324160,5329,15618
20261004-184628,AM,04/10/2026 18:45:13,8157,4647,56.969474071,2798611,1579222,1279958,299264,1279958,1240958,16404,22596
20261004-184628,AP,04/10/2026 18:45:11,1914,940,49.111807732,576988,248023,202332,45691,202332,197501,1735,3096
20261004-184628,BA,04/10/2026 18:44:11,35476,10107,28.489683166,11312752,2996050,2408555,587495,2408555,2276838,41747,89970
20261004-184628,BR,04/10/2026 18:43:29,499248,207533,41.569119956,158745502,63487081,50227792,13258875,50227792,48031741,869509,1326542
20261004-184628,CE,04/10/2026 18:45:15,23765,6382,26.854618136,6996545,1783305,1505552,277753,1505552,1436257,24340,44955
20261004-184628,DF,04/10/2026 18:45:11,6969,6644,95.336490171,2258320,2142815,1739467,403348,1739467,1684225,23950,31292
20261004-184628,ES,04/10/2026 18:45:13,9844,8255,83.858187729,2991650,2455604,1937127,518477,1937127,1855340,34796,46991
20261004-184628,GO,04/10/2026 18:45:16,15686,8789,56.03085554,5080590,2773503,2175686,597817,2175686,2099287,24555,51844
20261004-184628,MA,04/10/2026 18:44:59,18093,6996,38.666887747,5183115,1872487,1511304,361183,1511304,1458848,16767,35689
20261004-184628,MG,04/10/2026 18:41:52,52062,19368,37.201797856,16372372,6177342,4747224,1430118,4747224,4512685,97047,137492
20261004-184628,MS,04/10/2026 18:45:13,7106,6425,90.416549395,2024430,1827697,1395572,432125,1395572,1349140,19614,26818
20261004-184628,MT,04/10/2026 18:46:16,8287,5958,71.895740316,2637801,1867492,1463948,403544,1463948,1422535,14681,26732
20261004-184628,PA,04/10/2026 18:44:53,20827,10692,51.337206511,6262397,3164796,2566635,598161,2566635,2460663,30960,75012
20261004-184628,PB,04/10/2026 18:44:53,10712,8521,79.546303211,3248531,2537249,2099593,437656,2099593,1969342,40219,90032
20261004-184628,PE,04/10/2026 18:44:51,21418,7282,33.999439724,7223450,2214971,1830254,384717,1830254,1739764,32359,58131
20261004-184628,PI,04/10/2026 18:44:53,10225,5448,53.281173594,2704758,1424797,1177633,247164,1177633,1127972,15307,34354
20261004-184628,PR,04/10/2026 18:45:01,27142,23446,86.382727876,8613657,7416117,5891403,1524714,5891403,5671321,104714,115368
20261004-184628,RJ,04/10/2026 18:45:15,37675,9884,26.234903782,12857648,3029104,2348362,680742,2348362,2241659,43208,63495
20261004-184628,RN,04/10/2026 18:44:52,8115,3555,43.807763401,2659825,1078944,885430,193514,885430,845926,13043,26461
20261004-184628,RO,04/10/2026 18:45:14,4698,3494,74.372073223,1265893,940765,737727,203038,737727,720189,7448,10090
20261004-184628,RR,04/10/2026 18:45:12,1519,831,54.707044108,401521,210303,174442,35861,174442,170779,1199,2464
20261004-184628,RS,04/10/2026 18:44:18,27547,18647,67.69158166,8522545,5760470,4533552,1226918,4533552,4346512,98301,88739
20261004-184628,SC,04/10/2026 18:44:54,17326,8282,47.800992728,5734651,2689351,2185650,503701,2185650,2118338,31288,36024
20261004-184628,SE,04/10/2026 18:44:56,5923,3094,52.23704204,1740135,857695,713991,143704,713991,678424,12054,23513
20261004-184628,SP,04/10/2026 18:43:07,103656,39552,38.156980783,34122892,12598288,9790009,2808279,9790009,9226542,230913,332554
20261004-184628,TO,04/10/2026 18:44:53,4384,3905,89.073905109,1182023,1046265,854612,191653,854612,824209,7315,23088
20261004-184628,ZZ,04/10/2026 18:46:16,1351,850,62.916358253,916534,571500,229000,342077,229000,221052,4328,3620
20261004-185258,AC,04/10/2026 18:49:56,2270,1963,86.475770925,613742,524237,417665,106572,417665,401473,4797,11395
20261004-185258,AL,04/10/2026 18:49:57,7101,1587,22.348964935,2442126,481881,383035,98846,383035,359884,5867,17284
20261004-185258,AM,04/10/2026 18:49:57,8157,4923,60.353070982,2798611,1676885,1358281,318604,1358281,1316891,17347,24043
20261004-185258,AP,04/10/2026 18:49:57,1914,1021,53.343782654,576988,273378,223993,49385,223993,218661,1955,3377
20261004-185258,BA,04/10/2026 18:50:10,35476,11833,33.354944188,11312752,3536125,2840615,695510,2840615,2685283,49157,106175
20261004-185258,BR,04/10/2026 18:48:59,499248,235931,47.257274942,158745502,72426157,57287476,15138258,57287476,54746502,1005386,1535588
20261004-185258,CE,04/10/2026 18:50:02,23765,7354,30.944666526,6996545,2076034,1754056,321978,1754056,1673491,28510,52055
20261004-185258,DF,04/10/2026 18:49:57,6969,6715,96.355287703,2258320,2164848,1757161,407687,1757161,1701228,24239,31694
20261004-185258,ES,04/10/2026 18:49:58,9844,8507,86.418122714,2991650,2535268,2000234,535034,2000234,1915588,36086,48560
20261004-185258,GO,04/10/2026 18:50:04,15686,9691,61.781206171,5080590,3069721,2407629,662092,2407629,2322697,27251,57681
20261004-185258,MA,04/10/2026 18:50:06,18093,7690,42.502625325,5183115,2069110,1670824,398286,1670824,1612713,18678,39433
20261004-185258,MG,04/10/2026 18:50:05,52062,23209,44.579539779,16372372,7350193,5653254,1696939,5653254,5370018,116820,166416
20261004-185258,MS,04/10/2026 18:49:59,7106,6540,92.034900084,2024430,1858817,1418688,440129,1418688,1371614,19854,27220
20261004-185258,MT,04/10/2026 18:50:00,8287,6215,74.996983227,2637801,1953497,1530295,423202,1530295,1487016,15359,27920
20261004-185258,PA,04/10/2026 18:50:05,20827,11540,55.408844289,6262397,3416087,2769423,646664,2769423,2655328,33143,80952
20261004-185258,PB,04/10/2026 18:50:05,10712,8843,82.552277819,3248531,2641765,2186392,455373,2186392,2050352,42104,93936
20261004-185258,PE,04/10/2026 18:50:03,21418,8128,37.949388365,7223450,2497063,2063726,433337,2063726,1961148,36693,65885
20261004-185258,PI,04/10/2026 18:50:04,10225,5923,57.926650367,2704758,1551309,1282457,268852,1282457,1228480,16589,37388
20261004-185258,PR,04/10/2026 18:50:08,27142,24261,89.385454278,8613657,7679519,6100667,1578852,6100667,5872676,108586,119405
20261004-185258,RJ,04/10/2026 18:50:01,37675,11612,30.821499668,12857648,3584914,2777700,807214,2777700,2649904,51985,75811
20261004-185258,RN,04/10/2026 18:50:02,8115,3867,47.652495379,2659825,1181444,968976,212468,968976,925677,14379,28920
20261004-185258,RO,04/10/2026 18:49:59,4698,3722,79.225202214,1265893,1004675,787620,217055,787620,769010,7947,10663
20261004-185258,RR,04/10/2026 18:50:00,1519,927,61.026991442,401521,235768,195674,40094,195674,191555,1366,2753
20261004-185258,RS,04/10/2026 18:50:06,27547,20130,73.075107997,8522545,6235998,4905199,1330799,4905199,4702718,106582,95899
20261004-185258,SC,04/10/2026 18:50:06,17326,9610,55.465773981,5734651,3131298,2546149,585149,2546149,2467366,36755,42028
20261004-185258,SE,04/10/2026 18:50:00,5923,3334,56.289042715,1740135,926029,770232,155797,770232,731674,13012,25546
20261004-185258,SP,04/10/2026 18:50:10,103656,49493,47.747356641,34122892,15885400,12336006,3549394,12336006,11625219,289935,420852
20261004-185258,TO,04/10/2026 18:50:02,4384,3987,90.944343066,1182023,1069967,873808,196159,873808,842689,7478,23641
20261004-185258,ZZ,04/10/2026 18:50:01,1351,850,62.916358253,916534,571500,229000,342077,229000,221052,4328,3620
20261004-191428,AC,04/10/2026 19:12:24,2270,2127,93.700440529,613742,569900,454163,115737,454163,436479,5193,12491
20261004-191428,AL,04/10/2026 19:13:27,7101,2796,39.374735953,2442126,875490,697383,178107,697383,655868,10912,30603
20261004-191428,AM,04/10/2026 19:11:45,8157,5924,72.624739488,2798611,2025230,1634180,391050,1634180,1584861,20350,28969
20261004-191428,AP,04/10/2026 19:11:44,1914,1315,68.704284222,576988,367289,302380,64909,302380,295086,2720,4574
20261004-191428,BA,04/10/2026 19:11:54,35476,17249,48.621603337,11312752,5241509,4205545,1035964,4205545,3974141,73315,158089
20261004-191428,BR,04/10/2026 19:14:08,499248,323539,64.805267122,158745502,100399470,79394660,21004387,79394660,75762826,1430294,2201540
20261004-191428,CE,04/10/2026 19:13:58,23765,11766,49.509783295,6996545,3381563,2860388,521175,2860388,2725942,47411,87035
20261004-191428,DF,04/10/2026 19:12:24,6969,6885,98.794662075,2258320,2226736,1806329,420407,1806329,1748680,24982,32667
20261004-191428,ES,04/10/2026 19:13:28,9844,9368,95.164567249,2991650,2826436,2224554,601882,2224554,2129446,40561,54547
20261004-191428,GO,04/10/2026 19:12:28,15686,12382,78.936631391,5080590,3968331,3109166,859165,3109166,2998246,35421,75499
20261004-191428,MA,04/10/2026 19:12:28,18093,10746,59.393135467,5183115,2949477,2375398,574079,2375398,2292117,26308,56973
20261004-191428,MG,04/10/2026 19:11:38,52062,32424,62.27958972,16372372,10204002,7874942,2329060,7874942,7474072,164876,235994
20261004-191428,MS,04/10/2026 19:12:58,7106,6879,96.805516465,2024430,1958715,1493168,465547,1493168,1443863,20745,28560
20261004-191428,MT,04/10/2026 19:12:27,8287,7287,87.932906963,2637801,2304335,1798541,505794,1798541,1747406,18110,33025
20261004-191428,PA,04/10/2026 19:14:03,20827,14692,70.543045086,6262397,4374251,3539503,834748,3539503,3395646,40613,103244
20261004-191428,PB,04/10/2026 19:14:01,10712,9964,93.017176998,3248531,3001259,2483296,517963,2483296,2326779,48444,108073
20261004-191428,PE,04/10/2026 19:12:27,21418,11813,55.154542908,7223450,3757199,3099506,657693,3099506,2942900,56004,100602
20261004-191428,PI,04/10/2026 19:14:02,10225,7512,73.466992665,2704758,1970554,1631807,338747,1631807,1563383,20911,47513
20261004-191428,PR,04/10/2026 19:11:35,27142,26254,96.728317736,8613657,8329537,6615335,1714202,6615335,6367325,118514,129496
20261004-191428,RJ,04/10/2026 19:13:32,37675,19912,52.852023889,12857648,6333739,4899272,1434467,4899272,4666957,95286,137029
20261004-191428,RN,04/10/2026 19:13:31,8115,5352,65.95194085,2659825,1690126,1383951,306175,1383951,1321510,20788,41653
20261004-191428,RO,04/10/2026 19:11:47,4698,4296,91.443167305,1265893,1154100,904619,249481,904619,883398,9066,12155
20261004-191428,RR,04/10/2026 19:11:47,1519,1362,89.664252798,401521,356978,296217,60761,296217,289791,2336,4090
20261004-191428,RS,04/10/2026 19:11:39,27547,24221,87.926089955,8522545,7520639,5909003,1611636,5909003,5663463,129543,115997
20261004-191428,SC,04/10/2026 19:13:35,17326,14055,81.120858825,5734651,4621263,3755263,866000,3755263,3637405,54869,62989
20261004-191428,SE,04/10/2026 19:13:31,5923,4769,80.516630086,1740135,1362129,1130456,231673,1130456,1072146,19530,38780
20261004-191428,SP,04/10/2026 19:10:08,103656,72274,69.724859149,34122892,23475722,18217138,5258584,18217138,17161667,429647,625824
20261004-191428,TO,04/10/2026 19:11:50,4384,4184,95.437956204,1182023,1124280,917968,206312,917968,885182,7832,24954
20261004-191428,ZZ,04/10/2026 19:13:32,1351,858,63.508512213,916534,576618,231530,344665,231530,223509,4371,3650
20261004-192808,AC,04/10/2026 19:16:34,2270,2145,94.49339207,613742,575729,458786,116943,458786,440884,5262,12640
20261004-192808,AL,04/10/2026 19:17:04,7101,2989,42.092663005,2442126,938332,746939,191393,746939,702258,11770,32911
20261004-192808,AM,04/10/2026 19:16:35,8157,6242,76.52323158,2798611,2133193,1717898,415295,1717898,1666300,21147,30451
20261004-192808,AP,04/10/2026 19:16:34,1914,1440,75.235109718,576988,410754,338256,72498,338256,329983,3113,5160
20261004-192808,BA,04/10/2026 19:17:16,35476,19199,54.118277145,11312752,5864002,4702865,1161137,4702865,4443314,82075,177476
20261004-192808,BR,04/10/2026 19:14:08,499248,323539,64.805267122,158745502,100399470,79394660,21004387,79394660,75762826,1430294,2201540
20261004-192808,CE,04/10/2026 19:17:07,23765,12618,53.09488744,6996545,3636134,3075758,560376,3075758,2929855,51749,94154
20261004-192808,DF,04/10/2026 19:16:34,6969,6901,99.024250251,2258320,2232789,1811195,421594,1811195,1753380,25057,32758
20261004-192808,ES,04/10/2026 19:16:36,9844,9491,96.414059325,2991650,2868938,2257599,611339,2257599,2160890,41261,55448
20261004-192808,GO,04/10/2026 19:17:09,15686,13088,83.437460156,5080590,4204208,3293153,911055,3293153,3175216,37641,80296
20261004-192808,MA,04/10/2026 19:17:09,18093,11536,63.759464986,5183115,3184802,2563833,620969,2563833,2473703,28381,61749
20261004-192808,MG,04/10/2026 19:16:52,52062,35384,67.965118513,16372372,11129331,8592884,2536447,8592884,8152717,181258,258909
20261004-192808,MS,04/10/2026 19:16:37,7106,6939,97.649873346,2024430,1976664,1507264,469400,1507264,1457429,20962,28873
20261004-192808,MT,04/10/2026 19:16:38,8287,7455,89.960178593,2637801,2360779,1841898,518881,1841898,1789521,18545,33832
20261004-192808,PA,04/10/2026 19:17:11,20827,15284,73.385509195,6262397,4556303,3685584,870719,3685584,3536209,42019,107356
20261004-192808,PB,04/10/2026 19:16:41,10712,10088,94.174757282,3248531,3040850,2515263,525587,2515263,2356576,48984,109703
20261004-192808,PE,04/10/2026 19:16:39,21418,12922,60.332430666,7223450,4149108,3421347,727761,3421347,3247281,62369,111697
20261004-192808,PI,04/10/2026 19:16:42,10225,7717,75.471882641,2704758,2028851,1680016,348835,1680016,1609600,21526,48890
20261004-192808,PR,04/10/2026 19:15:55,27142,26497,97.623609167,8613657,8407746,6677948,1729798,6677948,6427798,119558,130592
20261004-192808,RJ,04/10/2026 19:16:40,37675,21552,57.205043132,12857648,6899332,5333611,1565721,5333611,5079262,104393,149956
20261004-192808,RN,04/10/2026 19:17:09,8115,5664,69.796672828,2659825,1795133,1469053,326080,1469053,1402617,22160,44276
20261004-192808,RO,04/10/2026 19:16:39,4698,4461,94.955300128,1265893,1200468,940344,260124,940344,918370,9423,12551
20261004-192808,RR,04/10/2026 19:16:38,1519,1417,93.285055958,401521,372624,309181,63443,309181,302480,2432,4269
20261004-192808,RS,04/10/2026 19:15:59,27547,25082,91.051657168,8522545,7794012,6122443,1671569,6122443,5867900,134512,120031
20261004-192808,SC,04/10/2026 19:16:45,17326,14520,83.804686598,5734651,4778963,3881699,897264,3881699,3759667,56885,65147
20261004-192808,SE,04/10/2026 19:17:06,5923,4963,83.791997299,1740135,1424361,1181736,242625,1181736,1120664,20463,40609
20261004-192808,SP,04/10/2026 19:13:49,103656,76665,73.960986339,34122892,24942589,19351913,5590676,19351913,18228834,457442,665637
20261004-192808,TO,04/10/2026 19:16:42,4384,4227,96.41879562,1182023,1136958,928329,208629,928329,895129,7935,25265
20261004-192808,ZZ,04/10/2026 19:17:07,1351,883,65.358993338,916534,595270,237613,357234,237613,229450,4442,3721
20261004-193036,AC,04/10/2026 19:29:14,2270,2226,98.061674009,613742,600182,477692,122490,477692,458909,5467,13316
20261004-193036,AL,04/10/2026 19:26:12,7101,3776,53.175609069,2442126,1204112,959435,244677,959435,901670,15435,42330
20261004-193036,AM,04/10/2026 19:16:35,8157,6242,76.52323158,2798611,2133193,1717898,415295,1717898,1666300,21147,30451
20261004-193036,AP,04/10/2026 19:26:11,1914,1532,80.041797283,576988,441560,363244,78316,363244,354330,3347,5567
20261004-193036,BA,04/10/2026 19:26:26,35476,22684,63.941819822,11312752,7004703,5612907,1391796,5612907,5302664,97932,212311
20261004-193036,BR,04/10/2026 19:14:08,499248,323539,64.805267122,158745502,100399470,79394660,21004387,79394660,75762826,1430294,2201540
20261004-193036,CE,04/10/2026 19:26:15,23765,15340,64.54870608,6996545,4476410,3787136,689274,3787136,3605123,64577,117436
20261004-193036,DF,04/10/2026 19:26:11,6969,6929,99.426029559,2258320,2243251,1819438,423813,1819438,1761322,25189,32927
20261004-193036,ES,04/10/2026 19:26:12,9844,9718,98.720032507,2991650,2947992,2318988,629004,2318988,2219375,42560,57053
20261004-193036,GO,04/10/2026 19:26:15,15686,14084,89.787071274,5080590,4538497,3553826,984671,3553826,3425764,40809,87253
20261004-193036,MA,04/10/2026 19:26:16,18093,13097,72.387111037,5183115,3657194,2941045,716149,2941045,2837471,32553,71021
20261004-193036,MG,04/10/2026 19:26:04,52062,40792,78.35273328,16372372,12809546,9892784,2916762,9892784,9381943,210075,300766
20261004-193036,MS,04/10/2026 19:26:13,7106,7024,98.846045595,2024430,2001783,1525772,476011,1525772,1475296,21175,29301
20261004-193036,MT,04/10/2026 19:26:14,8287,7828,94.461204296,2637801,2483943,1936019,547924,1936019,1880733,19533,35753
20261004-193036,PA,04/10/2026 19:26:17,20827,16844,80.875786239,6262397,5040392,4074318,966074,4074318,3909555,45815,118948
20261004-193036,PB,04/10/2026 19:26:17,10712,10426,97.330097087,3248531,3153947,2607080,546867,2607080,2441945,50859,114276
20261004-193036,PE,04/10/2026 19:26:16,21418,15259,71.243813615,7223450,4982694,4098033,884661,4098033,3887323,75357,135353
20261004-193036,PI,04/10/2026 19:26:17,10225,8429,82.435207824,2704758,2222476,1840019,382457,1840019,1762721,23481,53817
20261004-193036,PR,04/10/2026 19:26:25,27142,26837,98.876280304,8613657,8516640,6764360,1752280,6764360,6511053,121084,132223
20261004-193036,RJ,04/10/2026 19:26:16,37675,26265,69.714664897,12857648,8565540,6611824,1953716,6611824,6293145,130980,187699
20261004-193036,RN,04/10/2026 19:26:17,8115,6509,80.209488601,2659825,2092712,1710595,382117,1710595,1633405,25696,51494
20261004-193036,RO,04/10/2026 19:26:14,4698,4569,97.254150702,1265893,1229656,962739,266917,962739,940309,9622,12808
20261004-193036,RR,04/10/2026 19:26:14,1519,1490,98.090849243,401521,393840,326267,67573,326267,319176,2588,4503
20261004-193036,RS,04/10/2026 19:26:28,27547,26611,96.602170835,8522545,8265600,6495120,1770480,6495120,6224215,143284,127621
20261004-193036,SC,04/10/2026 19:26:21,17326,15929,91.936973335,5734651,5251339,4263595,987744,4263595,4129047,62828,71720
20261004-193036,SE,04/10/2026 19:26:16,5923,5404,91.23754854,1740135,1563834,1296483,267351,1296483,1228845,22670,44968
20261004-193036,SP,04/10/2026 19:26:04,103656,90294,87.109284557,34122892,29569166,22924316,6644850,22924316,21587195,544712,792409
20261004-193036,TO,04/10/2026 19:26:17,4384,4306,98.22080292,1182023,1159270,946381,212889,946381,912400,8141,25840
20261004-193036,ZZ,04/10/2026 19:30:05,1351,923,68.319763138,916534,623651,249216,374012,249216,240700,4625,3891
20261004-193406,AC,04/10/2026 19:31:33,2270,2226,98.061674009,613742,600182,477692,122490,477692,458909,5467,13316
20261004-193406,AL,04/10/2026 19:32:04,7101,4048,57.006055485,2442126,1299963,1035284,264679,1035284,972424,16857,46003
20261004-193406,AM,04/10/2026 19:32:04,8157,6935,85.019002084,2798611,2372990,1903372,469618,1903372,1847219,22504,33649
20261004-193406,AP,04/10/2026 19:32:03,1914,1600,83.594566353,576988,464663,382612,82051,382612,373205,3540,5867
20261004-193406,BA,04/10/2026 19:26:26,35476,22684,63.941819822,11312752,7004703,5612907,1391796,5612907,5302664,97932,212311
20261004-193406,BR,04/10/2026 19:14:08,499248,323539,64.805267122,158745502,100399470,79394660,21004387,79394660,75762826,1430294,2201540
20261004-193406,CE,04/10/2026 19:32:07,23765,16265,68.440984641,6996545,4759168,4026910,732258,4026910,3833114,68689,125107
20261004-193406,DF,04/10/2026 19:32:03,6969,6935,99.512125126,2258320,2245263,1820986,424277,1820986,1762818,25208,32960
20261004-193406,ES,04/10/2026 19:26:12,9844,9718,98.720032507,2991650,2947992,2318988,629004,2318988,2219375,42560,57053
20261004-193406,GO,04/10/2026 19:32:08,15686,14318,91.27884738,5080590,4618871,3616479,1002392,3616479,3486047,41516,88916
20261004-193406,MA,04/10/2026 19:32:08,18093,13659,75.493284696,5183115,3829976,3077948,752028,3077948,2969385,34063,74500
20261004-193406,MG,04/10/2026 19:26:04,52062,40792,78.35273328,16372372,12809546,9892784,2916762,9892784,9381943,210075,300766
20261004-193406,MS,04/10/2026 19:32:04,7106,7055,99.282296651,2024430,2010423,1532029,478394,1532029,1481367,21207,29455
20261004-193406,MT,04/10/2026 19:32:06,8287,7935,95.752383251,2637801,2520884,1964001,556883,1964001,1907934,19823,36244
20261004-193406,PA,04/10/2026 19:32:08,20827,17329,83.204494166,6262397,5190968,4193237,997731,4193237,4023861,47007,122369
20261004-193406,PB,04/10/2026 19:32:08,10712,10471,97.750186706,3248531,3169320,2619724,549596,2619724,2453666,51112,114946
20261004-193406,PE,04/10/2026 19:32:07,21418,16076,75.058362125,7223450,5278565,4338712,939853,4338712,4114744,80036,143932
20261004-193406,PI,04/10/2026 19:32:07,10225,8642,84.518337408,2704758,2279320,1886778,392542,1886778,1807554,24032,55192
20261004-193406,PR,04/10/2026 19:31:45,27142,26917,99.171026453,8613657,8539945,6782662,1757283,6782662,6528607,121446,132609
20261004-193406,RJ,04/10/2026 19:26:16,37675,26265,69.714664897,12857648,8565540,6611824,1953716,6611824,6293145,130980,187699
20261004-193406,RN,04/10/2026 19:26:17,8115,6509,80.209488601,2659825,2092712,1710595,382117,1710595,1633405,25696,51494
20261004-193406,RO,04/10/2026 19:32:03,4698,4608,98.084291188,1265893,1240401,971152,269249,971152,948542,9698,12912
20261004-193406,RR,04/10/2026 19:31:33,1519,1491,98.156682028,401521,394127,326496,67631,326496,319403,2589,4504
20261004-193406,RS,04/10/2026 19:32:18,27547,26833,97.408066214,8522545,8328574,6545762,1782812,6545762,6272777,144441,128544
20261004-193406,SC,04/10/2026 19:32:09,17326,16259,93.841625303,5734651,5365345,4353665,1011680,4353665,4216075,64291,73299
20261004-193406,SE,04/10/2026 19:32:04,5923,5509,93.010298835,1740135,1598278,1324390,273888,1324390,1255414,23063,45913
20261004-193406,SP,04/10/2026 19:26:04,103656,90294,87.109284557,34122892,29569166,22924316,6644850,22924316,21587195,544712,792409
20261004-193406,TO,04/10/2026 19:32:05,4384,4332,98.813868613,1182023,1166835,952641,214194,952641,918383,8209,26049
20261004-193406,ZZ,04/10/2026 19:32:06,1351,923,68.319763138,916534,623651,249216,374012,249216,240700,4625,3891
20261004-193736,AC,04/10/2026 19:32:03,2270,2226,98.061674009,613742,600182,477692,122490,477692,458909,5467,13316
20261004-193736,AL,04/10/2026 19:32:04,7101,4048,57.006055485,2442126,1299963,1035284,264679,1035284,972424,16857,46003
20261004-193736,AM,04/10/2026 19:32:04,8157,6935,85.019002084,2798611,2372990,1903372,469618,1903372,1847219,22504,33649
20261004-193736,AP,04/10/2026 19:32:03,1914,1600,83.594566353,576988,464663,382612,82051,382612,373205,3540,5867
20261004-193736,BA,04/10/2026 19:32:14,35476,23805,67.101702559,11312752,7383344,5916245,1467099,5916245,5590186,102972,223087
20261004-193736,BR,04/10/2026 19:14:08,499248,323539,64.805267122,158745502,100399470,79394660,21004387,79394660,75762826,1430294,2201540
20261004-193736,CE,04/10/2026 19:32:07,23765,16265,68.440984641,6996545,4759168,4026910,732258,4026910,3833114,68689,125107
20261004-193736,DF,04/10/2026 19:32:03,6969,6935,99.512125126,2258320,2245263,1820986,424277,1820986,1762818,25208,32960
20261004-193736,ES,04/10/2026 19:32:04,9844,9772,99.268590004,2991650,2966870,2333633,633237,2333633,2233268,42900,57465
20261004-193736,GO,04/10/2026 19:32:08,15686,14318,91.27884738,5080590,4618871,3616479,1002392,3616479,3486047,41516,88916
20261004-193736,MA,04/10/2026 19:32:08,18093,13659,75.493284696,5183115,3829976,3077948,752028,3077948,2969385,34063,74500
20261004-193736,MG,04/10/2026 19:26:04,52062,40792,78.35273328,16372372,12809546,9892784,2916762,9892784,9381943,210075,300766
20261004-193736,MS,04/10/2026 19:32:04,7106,7055,99.282296651,2024430,2010423,1532029,478394,1532029,1481367,21207,29455
20261004-193736,MT,04/10/2026 19:32:06,8287,7935,95.752383251,2637801,2520884,1964001,556883,1964001,1907934,19823,36244
20261004-193736,PA,04/10/2026 19:32:08,20827,17329,83.204494166,6262397,5190968,4193237,997731,4193237,4023861,47007,122369
20261004-193736,PB,04/10/2026 19:32:08,10712,10471,97.750186706,3248531,3169320,2619724,549596,2619724,2453666,51112,114946
20261004-193736,PE,04/10/2026 19:32:07,21418,16076,75.058362125,7223450,5278565,4338712,939853,4338712,4114744,80036,143932
20261004-193736,PI,04/10/2026 19:32:07,10225,8642,84.518337408,2704758,2279320,1886778,392542,1886778,1807554,24032,55192
20261004-193736,PR,04/10/2026 19:32:14,27142,26918,99.17471078,8613657,8540203,6782877,1757326,6782877,6528816,121449,132612
20261004-193736,RJ,04/10/2026 19:32:07,37675,27680,73.470471135,12857648,9077595,7001948,2075647,7001948,6663420,139089,199439
20261004-193736,RN,04/10/2026 19:32:06,8115,6781,83.561306223,2659825,2189868,1789711,400157,1789711,1708778,27008,53925
20261004-193736,RO,04/10/2026 19:32:03,4698,4608,98.084291188,1265893,1240401,971152,269249,971152,948542,9698,12912
20261004-193736,RR,04/10/2026 19:32:03,1519,1491,98.156682028,401521,394127,326496,67631,326496,319403,2589,4504
20261004-193736,RS,04/10/2026 19:32:18,27547,26833,97.408066214,8522545,8328574,6545762,1782812,6545762,6272777,144441,128544
20261004-193736,SC,04/10/2026 19:32:09,17326,16259,93.841625303,5734651,5365345,4353665,1011680,4353665,4216075,64291,73299
20261004-193736,SE,04/10/2026 19:32:04,5923,5509,93.010298835,1740135,1598278,1324390,273888,1324390,1255414,23063,45913
20261004-193736,SP,04/10/2026 19:26:04,103656,90294,87.109284557,34122892,29569166,22924316,6644850,22924316,21587195,544712,792409
20261004-193736,TO,04/10/2026 19:32:05,4384,4332,98.813868613,1182023,1166835,952641,214194,952641,918383,8209,26049
20261004-193736,ZZ,04/10/2026 19:32:06,1351,923,68.319763138,916534,623651,249216,374012,249216,240700,4625,3891
20261004-194146,AC,04/10/2026 19:32:03,2270,2226,98.061674009,613742,600182,477692,122490,477692,458909,5467,13316
20261004-194146,AL,04/10/2026 19:32:04,7101,4048,57.006055485,2442126,1299963,1035284,264679,1035284,972424,16857,46003
20261004-194146,AM,04/10/2026 19:32:04,8157,6935,85.019002084,2798611,2372990,1903372,469618,1903372,1847219,22504,33649
20261004-194146,AP,04/10/2026 19:32:03,1914,1600,83.594566353,576988,464663,382612,82051,382612,373205,3540,5867
20261004-194146,BA,04/10/2026 19:32:14,35476,23805,67.101702559,11312752,7383344,5916245,1467099,5916245,5590186,102972,223087
20261004-194146,BR,04/10/2026 19:14:08,499248,323539,64.805267122,158745502,100399470,79394660,21004387,79394660,75762826,1430294,2201540
20261004-194146,CE,04/10/2026 19:32:07,23765,16265,68.440984641,6996545,4759168,4026910,732258,4026910,3833114,68689,125107
20261004-194146,DF,04/10/2026 19:32:03,6969,6935,99.512125126,2258320,2245263,1820986,424277,1820986,1762818,25208,32960
20261004-194146,ES,04/10/2026 19:32:04,9844,9772,99.268590004,2991650,2966870,2333633,633237,2333633,2233268,42900,57465
20261004-194146,GO,04/10/2026 19:32:08,15686,14318,91.27884738,5080590,4618871,3616479,1002392,3616479,3486047,41516,88916
20261004-194146,MA,04/10/2026 19:32:08,18093,13659,75.493284696,5183115,3829976,3077948,752028,3077948,2969385,34063,74500
20261004-194146,MG,04/10/2026 19:32:25,52062,42240,81.1340325,16372372,13267297,10247662,3019635,10247662,9718361,217671,311630
20261004-194146,MS,04/10/2026 19:32:04,7106,7055,99.282296651,2024430,2010423,1532029,478394,1532029,1481367,21207,29455
20261004-194146,MT,04/10/2026 19:32:06,8287,7935,95.752383251,2637801,2520884,1964001,556883,1964001,1907934,19823,36244
20261004-194146,PA,04/10/2026 19:32:08,20827,17329,83.204494166,6262397,5190968,4193237,997731,4193237,4023861,47007,122369
20261004-194146,PB,04/10/2026 19:32:08,10712,10471,97.750186706,3248531,3169320,2619724,549596,2619724,2453666,51112,114946
20261004-194146,PE,04/10/2026 19:32:07,21418,16076,75.058362125,7223450,5278565,4338712,939853,4338712,4114744,80036,143932
20261004-194146,PI,04/10/2026 19:32:07,10225,8642,84.518337408,2704758,2279320,1886778,392542,1886778,1807554,24032,55192
20261004-194146,PR,04/10/2026 19:32:14,27142,26918,99.17471078,8613657,8540203,6782877,1757326,6782877,6528816,121449,132612
20261004-194146,RJ,04/10/2026 19:32:07,37675,27680,73.470471135,12857648,9077595,7001948,2075647,7001948,6663420,139089,199439
20261004-194146,RN,04/10/2026 19:32:06,8115,6781,83.561306223,2659825,2189868,1789711,400157,1789711,1708778,27008,53925
20261004-194146,RO,04/10/2026 19:32:03,4698,4608,98.084291188,1265893,1240401,971152,269249,971152,948542,9698,12912
20261004-194146,RR,04/10/2026 19:32:03,1519,1491,98.156682028,401521,394127,326496,67631,326496,319403,2589,4504
20261004-194146,RS,04/10/2026 19:32:18,27547,26833,97.408066214,8522545,8328574,6545762,1782812,6545762,6272777,144441,128544
20261004-194146,SC,04/10/2026 19:32:09,17326,16259,93.841625303,5734651,5365345,4353665,1011680,4353665,4216075,64291,73299
20261004-194146,SE,04/10/2026 19:32:04,5923,5509,93.010298835,1740135,1598278,1324390,273888,1324390,1255414,23063,45913
20261004-194146,SP,04/10/2026 19:32:28,103656,93343,90.050744771,34122892,30607766,23727799,6879967,23727799,22341987,564678,821134
20261004-194146,TO,04/10/2026 19:32:05,4384,4332,98.813868613,1182023,1166835,952641,214194,952641,918383,8209,26049
20261004-194146,ZZ,04/10/2026 19:32:06,1351,923,68.319763138,916534,623651,249216,374012,249216,240700,4625,3891
20261004-200350,AC,04/10/2026 20:02:02,2270,2226,98.061674009,613742,600182,477692,122490,477692,458909,5467,13316
20261004-200350,AL,04/10/2026 19:32:04,7101,4048,57.006055485,2442126,1299963,1035284,264679,1035284,972424,16857,46003
20261004-200350,AM,04/10/2026 20:02:03,8157,6938,85.055780311,2798611,2373927,1904064,469863,1904064,1847899,22507,33658
20261004-200350,AP,04/10/2026 20:02:02,1914,1600,83.594566353,576988,464663,382612,82051,382612,373205,3540,5867
20261004-200350,BA,04/10/2026 20:02:14,35476,23835,67.186266772,11312752,7393645,5924552,1469093,5924552,5598115,103118,223319
20261004-200350,BR,04/10/2026 19:14:08,499248,323539,64.805267122,158745502,100399470,79394660,21004387,79394660,75762826,1430294,2201540
20261004-200350,CE,04/10/2026 20:02:06,23765,16281,68.508310541,6996545,4763931,4030974,732957,4030974,3836973,68758,125243
20261004-200350,DF,04/10/2026 19:32:03,6969,6935,99.512125126,2258320,2245263,1820986,424277,1820986,1762818,25208,32960
20261004-200350,ES,04/10/2026 20:02:03,9844,9772,99.268590004,2991650,2966870,2333633,633237,2333633,2233268,42900,57465
20261004-200350,GO,04/10/2026 20:02:07,15686,14331,91.36172383,5080590,4623469,3620103,1003366,3620103,3489525,41566,89012
20261004-200350,MA,04/10/2026 20:02:07,18093,13661,75.504338695,5183115,3830644,3078481,752163,3078481,2969902,34067,74512
20261004-200350,MG,04/10/2026 19:32:25,52062,42240,81.1340325,16372372,13267297,10247662,3019635,10247662,9718361,217671,311630
20261004-200350,MS,04/10/2026 19:32:04,7106,7055,99.282296651,2024430,2010423,1532029,478394,1532029,1481367,21207,29455
20261004-200350,MT,04/10/2026 19:32:06,8287,7935,95.752383251,2637801,2520884,1964001,556883,1964001,1907934,19823,36244
20261004-200350,PA,04/10/2026 19:32:08,20827,17329,83.204494166,6262397,5190968,4193237,997731,4193237,4023861,47007,122369
20261004-200350,PB,04/10/2026 20:02:07,10712,10471,97.750186706,3248531,3169320,2619724,549596,2619724,2453666,51112,114946
20261004-200350,PE,04/10/2026 20:02:05,21418,16102,75.179755346,7223450,5288072,4346570,941502,4346570,4122109,80199,144262
20261004-200350,PI,04/10/2026 20:02:08,10225,8650,84.596577017,2704758,2281563,1888632,392931,1888632,1809328,24054,55250
20261004-200350,PR,04/10/2026 20:02:12,27142,26919,99.178395107,8613657,8540549,6783160,1757389,6783160,6529089,121453,132618
20261004-200350,RJ,04/10/2026 20:02:06,37675,27692,73.502322495,12857648,9081807,7005117,2076690,7005117,6666444,139142,199531
20261004-200350,RN,04/10/2026 19:32:06,8115,6781,83.561306223,2659825,2189868,1789711,400157,1789711,1708778,27008,53925
20261004-200350,RO,04/10/2026 20:02:03,4698,4608,98.084291188,1265893,1240401,971152,269249,971152,948542,9698,12912
20261004-200350,RR,04/10/2026 20:02:03,1519,1491,98.156682028,401521,394127,326496,67631,326496,319403,2589,4504
20261004-200350,RS,04/10/2026 20:02:18,27547,26834,97.411696373,8522545,8328985,6546044,1782941,6546044,6273038,144456,128550
20261004-200350,SC,04/10/2026 19:32:09,17326,16259,93.841625303,5734651,5365345,4353665,1011680,4353665,4216075,64291,73299
20261004-200350,SE,04/10/2026 19:32:04,5923,5509,93.010298835,1740135,1598278,1324390,273888,1324390,1255414,23063,45913
20261004-200350,SP,04/10/2026 20:02:25,103656,93379,90.085475033,34122892,30621089,23738241,6882848,23738241,22351655,564976,821610
20261004-200350,TO,04/10/2026 20:02:06,4384,4332,98.813868613,1182023,1166835,952641,214194,952641,918383,8209,26049
20261004-200350,ZZ,04/10/2026 20:02:05,1351,923,68.319763138,916534,623651,249216,374012,249216,240700,4625,3891
20261004-200652,AC,04/10/2026 20:05:04,2270,2226,98.061674009,613742,600182,477692,122490,477692,458909,5467,13316
20261004-200652,AL,04/10/2026 20:05:05,7101,4139,58.287565132,2442126,1332829,1061896,270933,1061896,997292,17405,47199
20261004-200652,AM,04/10/2026 20:05:05,8157,7019,86.048792448,2798611,2402200,1925959,476241,1925959,1869346,22622,33991
20261004-200652,AP,04/10/2026 20:05:04,1914,1600,83.594566353,576988,464663,382612,82051,382612,373205,3540,5867
20261004-200652,BA,04/10/2026 20:04:43,35476,24131,68.020633668,11312752,7495511,6006356,1489155,6006356,5675177,104752,226427
20261004-200652,BR,04/10/2026 20:04:39,499248,424153,84.9583774,158745502,133447384,105444248,28002713,105444248,100491132,1934645,3018471
20261004-200652,CE,04/10/2026 20:05:08,23765,16483,69.358300021,6996545,4821353,4080076,741277,4080076,3883558,69614,126904
20261004-200652,DF,04/10/2026 20:05:04,6969,6935,99.512125126,2258320,2245263,1820986,424277,1820986,1762818,25208,32960
20261004-200652,ES,04/10/2026 20:05:06,9844,9772,99.268590004,2991650,2966870,2333633,633237,2333633,2233268,42900,57465
20261004-200652,GO,04/10/2026 20:05:08,15686,14435,92.024735433,5080590,4661454,3649638,1011816,3649638,3517949,41918,89771
20261004-200652,MA,04/10/2026 20:04:37,18093,13676,75.587243685,5183115,3834878,3081843,753035,3081843,2973149,34106,74588
20261004-200652,MG,04/10/2026 19:32:25,52062,42240,81.1340325,16372372,13267297,10247662,3019635,10247662,9718361,217671,311630
20261004-200652,MS,04/10/2026 20:05:06,7106,7071,99.507458486,2024430,2014628,1535042,479586,1535042,1484279,21242,29521
20261004-200652,MT,04/10/2026 20:05:08,8287,7948,95.90925546,2637801,2525683,1967562,558121,1967562,1911401,19857,36304
20261004-200652,PA,04/10/2026 20:04:37,20827,17459,83.82868392,6262397,5235670,4228593,1007077,4228593,4057814,47397,123382
20261004-200652,PB,04/10/2026 20:04:37,10712,10471,97.750186706,3248531,3169320,2619724,549596,2619724,2453666,51112,114946
20261004-200652,PE,04/10/2026 20:04:35,21418,16330,76.244280512,7223450,5368268,4412590,955678,4412590,4184668,81419,146503
20261004-200652,PI,04/10/2026 20:04:36,10225,8659,84.684596577,2704758,2283987,1890544,393443,1890544,1811174,24073,55297
20261004-200652,PR,04/10/2026 20:04:42,27142,26919,99.178395107,8613657,8540549,6783160,1757389,6783160,6529089,121453,132618
20261004-200652,RJ,04/10/2026 20:04:36,37675,27966,74.229595222,12857648,9180037,7076896,2103141,7076896,6735154,140371,201371
20261004-200652,RN,04/10/2026 20:04:35,8115,6817,84.004929144,2659825,2202444,1799875,402569,1799875,1718458,27168,54249
20261004-200652,RO,04/10/2026 20:05:07,4698,4608,98.084291188,1265893,1240401,971152,269249,971152,948542,9698,12912
20261004-200652,RR,04/10/2026 20:05:06,1519,1492,98.222514812,401521,394415,326756,67659,326756,319659,2590,4507
20261004-200652,RS,04/10/2026 20:04:45,27547,26894,97.629505935,8522545,8348184,6561781,1786403,6561781,6288185,144774,128822
20261004-200652,SC,04/10/2026 20:04:38,17326,16453,94.961329793,5734651,5435262,4408017,1027245,4408017,4268543,65201,74273
20261004-200652,SE,04/10/2026 20:05:08,5923,5521,93.212898869,1740135,1601953,1327445,274508,1327445,1258309,23114,46022
20261004-200652,SP,04/10/2026 20:04:52,103656,93829,90.519603303,34122892,30778977,23860506,6918471,23860506,22467880,567333,825293
20261004-200652,TO,04/10/2026 20:04:33,4384,4333,98.836678832,1182023,1167189,952913,214276,952913,918644,8214,26055
20261004-200652,ZZ,04/10/2026 20:05:09,1351,923,68.319763138,916534,623651,249216,374012,249216,240700,4625,3891
20261004-200727,AC,04/10/2026 20:05:04,2270,2226,98.061674009,613742,600182,477692,122490,477692,458909,5467,13316
20261004-200727,AL,04/10/2026 20:05:05,7101,4139,58.287565132,2442126,1332829,1061896,270933,1061896,997292,17405,47199
20261004-200727,AM,04/10/2026 20:05:05,8157,7019,86.048792448,2798611,2402200,1925959,476241,1925959,1869346,22622,33991
20261004-200727,AP,04/10/2026 20:05:04,1914,1600,83.594566353,576988,464663,382612,82051,382612,373205,3540,5867
20261004-200727,BA,04/10/2026 20:04:43,35476,24131,68.020633668,11312752,7495511,6006356,1489155,6006356,5675177,104752,226427
20261004-200727,BR,04/10/2026 20:04:39,499248,424153,84.9583774,158745502,133447384,105444248,28002713,105444248,100491132,1934645,3018471
20261004-200727,CE,04/10/2026 20:05:08,23765,16483,69.358300021,6996545,4821353,4080076,741277,4080076,3883558,69614,126904
20261004-200727,DF,04/10/2026 20:05:04,6969,6935,99.512125126,2258320,2245263,1820986,424277,1820986,1762818,25208,32960
20261004-200727,ES,04/10/2026 20:05:06,9844,9772,99.268590004,2991650,2966870,2333633,633237,2333633,2233268,42900,57465
20261004-200727,GO,04/10/2026 20:05:08,15686,14435,92.024735433,5080590,4661454,3649638,1011816,3649638,3517949,41918,89771
20261004-200727,MA,04/10/2026 20:04:37,18093,13676,75.587243685,5183115,3834878,3081843,753035,3081843,2973149,34106,74588
20261004-200727,MG,04/10/2026 19:32:25,52062,42240,81.1340325,16372372,13267297,10247662,3019635,10247662,9718361,217671,311630
20261004-200727,MS,04/10/2026 20:05:06,7106,7071,99.507458486,2024430,2014628,1535042,479586,1535042,1484279,21242,29521
20261004-200727,MT,04/10/2026 20:05:08,8287,7948,95.90925546,2637801,2525683,1967562,558121,1967562,1911401,19857,36304
20261004-200727,PA,04/10/2026 20:04:37,20827,17459,83.82868392,6262397,5235670,4228593,1007077,4228593,4057814,47397,123382
20261004-200727,PB,04/10/2026 20:04:37,10712,10471,97.750186706,3248531,3169320,2619724,549596,2619724,2453666,51112,114946
20261004-200727,PE,04/10/2026 20:05:08,21418,16510,77.084695116,7223450,5436189,4466565,969624,4466565,4235361,82625,148579
20261004-200727,PI,04/10/2026 20:04:36,10225,8659,84.684596577,2704758,2283987,1890544,393443,1890544,1811174,24073,55297
20261004-200727,PR,04/10/2026 20:04:42,27142,26919,99.178395107,8613657,8540549,6783160,1757389,6783160,6529089,121453,132618
20261004-200727,RJ,04/10/2026 20:04:36,37675,27966,74.229595222,12857648,9180037,7076896,2103141,7076896,6735154,140371,201371
20261004-200727,RN,04/10/2026 20:04:35,8115,6817,84.004929144,2659825,2202444,1799875,402569,1799875,1718458,27168,54249
20261004-200727,RO,04/10/2026 20:05:07,4698,4608,98.084291188,1265893,1240401,971152,269249,971152,948542,9698,12912
20261004-200727,RR,04/10/2026 20:05:06,1519,1492,98.222514812,401521,394415,326756,67659,326756,319659,2590,4507
20261004-200727,RS,04/10/2026 20:04:45,27547,26894,97.629505935,8522545,8348184,6561781,1786403,6561781,6288185,144774,128822
20261004-200727,SC,04/10/2026 20:04:38,17326,16453,94.961329793,5734651,5435262,4408017,1027245,4408017,4268543,65201,74273
20261004-200727,SE,04/10/2026 20:05:08,5923,5521,93.212898869,1740135,1601953,1327445,274508,1327445,1258309,23114,46022
20261004-200727,SP,04/10/2026 20:04:52,103656,93829,90.519603303,34122892,30778977,23860506,6918471,23860506,22467880,567333,825293
20261004-200727,TO,04/10/2026 20:04:33,4384,4333,98.836678832,1182023,1167189,952913,214276,952913,918644,8214,26055
20261004-200727,ZZ,04/10/2026 20:05:09,1351,923,68.319763138,916534,623651,249216,374012,249216,240700,4625,3891
20261004-201057,AC,04/10/2026 20:07:51,2270,2238,98.59030837,613742,603890,480588,123302,480588,461660,5512,13416
20261004-201057,AL,04/10/2026 20:07:52,7101,4243,59.752147585,2442126,1367853,1089163,278690,1089163,1022850,17837,48476
20261004-201057,AM,04/10/2026 20:07:53,8157,7116,87.237955131,2798611,2433366,1950342,483024,1950342,1893197,22802,34343
20261004-201057,AP,04/10/2026 20:07:51,1914,1659,86.677115987,576988,484592,399337,85255,399337,389542,3692,6103
20261004-201057,BA,04/10/2026 20:08:05,35476,25026,70.543466005,11312752,7800782,6250591,1550191,6250591,5906410,108819,235362
20261004-201057,BR,04/10/2026 20:04:39,499248,424153,84.9583774,158745502,133447384,105444248,28002713,105444248,100491132,1934645,3018471
20261004-201057,CE,04/10/2026 20:07:56,23765,16990,71.491689459,6996545,4977342,4212047,765295,4212047,4009295,71840,130912
20261004-201057,DF,04/10/2026 20:10:30,6969,6967,99.971301478,2258320,2257519,1830779,426740,1830779,1772218,25356,33205
20261004-201057,ES,04/10/2026 20:07:53,9844,9777,99.319382365,2991650,2968475,2334898,633577,2334898,2234498,42911,57489
20261004-201057,GO,04/10/2026 20:07:56,15686,14621,93.210506184,5080590,4726836,3700491,1026345,3700491,3566742,42758,90991
20261004-201057,MA,04/10/2026 20:10:38,18093,14425,79.72696623,5183115,4066790,3269333,797457,3269333,3153698,36285,79350
20261004-201057,MG,04/10/2026 20:07:39,52062,43172,82.924205755,16372372,13568772,10479833,3088939,10479833,9937659,222797,319377
20261004-201057,MS,04/10/2026 20:07:54,7106,7071,99.507458486,2024430,2014628,1535042,479586,1535042,1484279,21242,29521
20261004-201057,MT,04/10/2026 20:10:36,8287,8064,97.309038253,2637801,2562658,1995564,567094,1995564,1938463,20192,36909
20261004-201057,PA,04/10/2026 20:10:36,20827,18036,86.599126134,6262397,5414969,4372676,1042293,4372676,4196293,48653,127730
20261004-201057,PB,04/10/2026 20:10:35,10712,10541,98.403659447,3248531,3192881,2638790,554091,2638790,2471591,51468,115731
20261004-201057,PE,04/10/2026 20:07:56,21418,17027,79.498552619,7223450,5627066,4621562,1005504,4621562,4382010,85539,154013
20261004-201057,PI,04/10/2026 20:07:58,10225,8849,86.542787286,2704758,2339277,1936706,402571,1936706,1855381,24665,56660
20261004-201057,PR,04/10/2026 20:08:04,27142,26925,99.200501068,8613657,8542185,6784507,1757678,6784507,6530392,121469,132646
20261004-201057,RJ,04/10/2026 20:07:57,37675,29222,77.563370936,12857648,9653701,7438718,2214983,7438718,7080284,147308,211126
20261004-201057,RN,04/10/2026 20:07:56,8115,6998,86.235366605,2659825,2266833,1851784,415049,1851784,1767906,27976,55902
20261004-201057,RO,04/10/2026 20:07:54,4698,4646,98.89314602,1265893,1251037,979464,271573,979464,956674,9765,13025
20261004-201057,RR,04/10/2026 20:10:29,1519,1507,99.210006583,401521,397722,329474,68248,329474,322319,2607,4548
20261004-201057,RS,04/10/2026 20:08:08,27547,27036,98.144988565,8522545,8390084,6595711,1794373,6595711,6320557,145661,129493
20261004-201057,SC,04/10/2026 20:08:00,17326,16605,95.838624033,5734651,5486718,4448536,1038182,4448536,4307773,65809,74954
20261004-201057,SE,04/10/2026 20:07:56,5923,5610,94.715515786,1740135,1630481,1350414,280067,1350414,1280106,23469,46839
20261004-201057,SP,04/10/2026 20:07:45,103656,95114,91.759280698,34122892,31201190,24182346,7018844,24182346,22769330,575568,837448
20261004-201057,TO,04/10/2026 20:10:12,4384,4349,99.201642336,1182023,1171591,956484,215107,956484,922068,8257,26159
20261004-201057,ZZ,04/10/2026 20:10:11,1351,978,72.390821614,916534,661536,261703,399410,261703,252967,4736,4000
20261004-201427,AC,04/10/2026 20:13:33,2270,2249,99.074889868,613742,607214,483146,124068,483146,464094,5531,13521
20261004-201427,AL,04/10/2026 20:12:24,7101,4747,66.849739473,2442126,1548421,1231259,317162,1231259,1155644,20501,55114
20261004-201427,AM,04/10/2026 20:13:34,8157,7323,89.775652814,2798611,2505907,2006023,499884,2006023,1947507,23167,35349
20261004-201427,AP,04/10/2026 20:13:32,1914,1699,88.766980146,576988,498007,410631,87376,410631,400589,3786,6256
20261004-201427,BA,04/10/2026 20:12:13,35476,26113,73.607509302,11312752,8158081,6537878,1620203,6537878,6178523,113429,245926
20261004-201427,BR,04/10/2026 20:14:06,499248,446591,89.452736916,158745502,140966974,111368138,29598413,111368138,106113923,2044739,3209476
20261004-201427,CE,04/10/2026 20:13:10,23765,18089,76.116137177,6996545,5316424,4499138,817286,4499138,4281241,77270,140627
20261004-201427,DF,04/10/2026 20:13:33,6969,6969,100.0,2258320,2258320,1831396,426924,1831396,1772808,25362,33226
20261004-201427,ES,04/10/2026 20:13:34,9844,9797,99.522551808,2991650,2975101,2339808,635293,2339808,2239175,42992,57641
20261004-201427,GO,04/10/2026 20:14:08,15686,14963,95.390794339,5080590,4840951,3788353,1052598,3788353,3651346,43636,93371
20261004-201427,MA,04/10/2026 20:13:38,18093,14685,81.163986072,5183115,4145293,3331826,813467,3331826,3213789,36951,81086
20261004-201427,MG,04/10/2026 20:12:18,52062,44544,85.559525182,16372372,14006548,10819017,3187531,10819017,10258327,230435,330255
20261004-201427,MS,04/10/2026 20:13:34,7106,7100,99.915564312,2024430,2022603,1539879,482724,1539879,1488968,21267,29644
20261004-201427,MT,04/10/2026 20:13:36,8287,8086,97.5745143,2637801,2570525,2001424,569101,2001424,1944153,20254,37017
20261004-201427,PA,04/10/2026 20:13:40,20827,18139,87.093676478,6262397,5448057,4399642,1048415,4399642,4222066,48906,128670
20261004-201427,PB,04/10/2026 20:13:38,10712,10579,98.758401792,3248531,3205820,2649359,556461,2649359,2481409,51663,116287
20261004-201427,PE,04/10/2026 20:13:37,21418,17972,83.910729293,7223450,5961805,4893555,1068250,4893555,4639079,90713,163763
20261004-201427,PI,04/10/2026 20:13:39,10225,9044,88.449877751,2704758,2389574,1977988,411586,1977988,1894843,25166,57979
20261004-201427,PR,04/10/2026 20:13:19,27142,27055,99.679463562,8613657,8584629,6818832,1765797,6818832,6563399,122148,133285
20261004-201427,RJ,04/10/2026 20:13:38,37675,30499,80.95288653,12857648,10123522,7794940,2328582,7794940,7417171,155101,222668
20261004-201427,RN,04/10/2026 20:12:29,8115,7251,89.353049908,2659825,2356978,1925443,431535,1925443,1838072,29223,58148
20261004-201427,RO,04/10/2026 20:13:35,4698,4682,99.659429544,1265893,1261542,987699,273843,987699,964757,9816,13126
20261004-201427,RR,04/10/2026 20:13:35,1519,1508,99.275839368,401521,398054,329757,68297,329757,322599,2608,4550
20261004-201427,RS,04/10/2026 20:13:41,27547,27214,98.791156932,8522545,8434929,6631738,1803191,6631738,6354957,146580,130201
20261004-201427,SC,04/10/2026 20:13:16,17326,16764,96.756319982,5734651,5539824,4491998,1047826,4491998,4349909,66497,75592
20261004-201427,SE,04/10/2026 20:12:27,5923,5648,95.35708256,1740135,1642618,1360365,282253,1360365,1289520,23649,47196
20261004-201427,SP,04/10/2026 20:12:20,103656,96681,93.271011808,34122892,31727796,24592301,7135495,24592301,23154519,585434,852348
20261004-201427,TO,04/10/2026 20:13:38,4384,4350,99.224452555,1182023,1171900,956723,215177,956723,922300,8259,26164
20261004-201427,ZZ,04/10/2026 20:14:08,1351,978,72.390821614,916534,661536,261703,399410,261703,252967,4736,4000
20261004-201756,AC,04/10/2026 20:16:42,2270,2250,99.118942731,613742,607472,483344,124128,483344,464280,5535,13529
20261004-201756,AL,04/10/2026 20:16:44,7101,4931,69.440923814,2442126,1614912,1284939,329973,1284939,1205959,21461,57519
20261004-201756,AM,04/10/2026 20:16:44,8157,7371,90.36410445,2798611,2520765,2017542,503223,2017542,1958749,23237,35556
20261004-201756,AP,04/10/2026 20:17:42,1914,1736,90.700104493,576988,510802,421386,89416,421386,411029,3909,6448
20261004-201756,BA,04/10/2026 20:17:32,35476,27056,76.265644379,11312752,8466743,6782926,1683817,6782926,6410343,117533,255050
20261004-201756,BR,04/10/2026 20:17:23,499248,450016,90.138768708,158745502,142110290,112273360,29836507,112273360,106972404,2061812,3239144
20261004-201756,CE,04/10/2026 20:17:24,23765,18479,77.757205975,6996545,5436839,4600118,836721,4600118,4376346,79591,144181
20261004-201756,DF,04/10/2026 20:16:43,6969,6969,100.0,2258320,2258320,1831396,426924,1831396,1772808,25362,33226
20261004-201756,ES,04/10/2026 20:17:20,9844,9804,99.593661113,2991650,2977246,2341453,635793,2341453,2240749,43015,57689
20261004-201756,GO,04/10/2026 20:17:23,15686,15029,95.811551702,5080590,4861368,3803800,1057568,3803800,3666278,43776,93746
20261004-201756,MA,04/10/2026 20:16:49,18093,14914,82.429668933,5183115,4217902,3390118,827784,3390118,3269914,37652,82552
20261004-201756,MG,04/10/2026 20:16:29,52062,45375,87.155698974,16372372,14265645,11019047,3246598,11019047,10447284,234833,336930
20261004-201756,MS,04/10/2026 20:16:45,7106,7101,99.929636927,2024430,2022952,1540160,482792,1540160,1489248,21267,29645
20261004-201756,MT,04/10/2026 20:16:47,8287,8115,97.924459998,2637801,2580026,2008468,571558,2008468,1950968,20335,37165
20261004-201756,PA,04/10/2026 20:16:19,20827,18258,87.665050175,6262397,5485448,4429647,1055801,4429647,4250906,49154,129587
20261004-201756,PB,04/10/2026 20:16:49,10712,10608,99.029126214,3248531,3215091,2656736,558355,2656736,2488316,51767,116653
20261004-201756,PE,04/10/2026 20:16:47,21418,18256,85.23671678,7223450,6066305,4978794,1087511,4978794,4719542,92392,166860
20261004-201756,PI,04/10/2026 20:16:48,10225,9154,89.525672372,2704758,2419168,2002871,416297,2002871,1918571,25498,58802
20261004-201756,PR,04/10/2026 20:16:57,27142,27066,99.719991158,8613657,8588351,6821617,1766734,6821617,6566059,122201,133357
20261004-201756,RJ,04/10/2026 20:16:48,37675,30924,82.080955541,12857648,10285063,7917369,2367694,7917369,7532979,157820,226570
20261004-201756,RN,04/10/2026 20:16:48,8115,7383,90.979667283,2659825,2401372,1961231,440141,1961231,1872159,29803,59269
20261004-201756,RO,04/10/2026 20:16:46,4698,4682,99.659429544,1265893,1261542,987699,273843,987699,964757,9816,13126
20261004-201756,RR,04/10/2026 20:16:45,1519,1511,99.473337722,401521,398843,330442,68401,330442,323273,2608,4561
20261004-201756,RS,04/10/2026 20:17:33,27547,27262,98.965404581,8522545,8447150,6641758,1805392,6641758,6364555,146819,130384
20261004-201756,SC,04/10/2026 20:16:52,17326,16868,97.356573935,5734651,5576646,4521637,1055009,4521637,4378600,66934,76103
20261004-201756,SE,04/10/2026 20:16:46,5923,5693,96.116832686,1740135,1658269,1373134,285135,1373134,1301659,23820,47655
20261004-201756,SP,04/10/2026 20:14:26,103656,97171,93.743729258,34122892,31892781,24719393,7173388,24719393,23275111,588086,856196
20261004-201756,TO,04/10/2026 20:16:47,4384,4351,99.247262774,1182023,1172189,956973,215216,956973,922536,8261,26176
20261004-201756,ZZ,04/10/2026 20:17:46,1351,978,72.390821614,916534,661536,261703,399410,261703,252967,4736,4000
20261004-202117,AC,04/10/2026 20:20:19,2270,2254,99.295154185,613742,608640,484302,124338,484302,465195,5538,13569
20261004-202117,AL,04/10/2026 20:19:23,7101,5006,70.497113083,2442126,1639859,1304863,334996,1304863,1224541,21863,58459
20261004-202117,AM,04/10/2026 20:20:23,8157,7393,90.63381145,2798611,2528100,2023362,504738,2023362,1964404,23291,35667
20261004-202117,AP,04/10/2026 20:20:21,1914,1757,91.797283177,576988,518678,427852,90826,427852,417381,3961,6510
20261004-202117,BA,04/10/2026 20:20:35,35476,27267,76.860412673,11312752,8538969,6840378,1698591,6840378,6464617,118606,257155
20261004-202117,BR,04/10/2026 20:20:24,499248,451711,90.478279332,158745502,142684883,112723493,29960967,112723493,107399177,2070466,3253850
20261004-202117,CE,04/10/2026 20:20:25,23765,18622,78.358931201,6996545,5480585,4636520,844065,4636520,4410893,80233,145394
20261004-202117,DF,04/10/2026 20:19:52,6969,6969,100.0,2258320,2258320,1831396,426924,1831396,1772808,25362,33226
20261004-202117,ES,04/10/2026 20:19:53,9844,9807,99.62413653,2991650,2978414,2342335,636079,2342335,2241595,43021,57719
20261004-202117,GO,04/10/2026 20:20:26,15686,15070,96.072931276,5080590,4876177,3815016,1061161,3815016,3677101,43913,94002
20261004-202117,MA,04/10/2026 20:20:58,18093,15077,83.330569834,5183115,4268760,3429915,838845,3429915,3308249,38093,83573
20261004-202117,MG,04/10/2026 20:20:09,52062,45587,87.562905766,16372372,14331458,11069867,3261591,11069867,10495427,235907,338533
20261004-202117,MS,04/10/2026 20:19:54,7106,7101,99.929636927,2024430,2022952,1540160,482792,1540160,1489248,21267,29645
20261004-202117,MT,04/10/2026 20:19:54,8287,8130,98.105466393,2637801,2584720,2012139,572581,2012139,1954526,20364,37249
20261004-202117,PA,04/10/2026 20:19:58,20827,18371,88.207615115,6262397,5520563,4457841,1062722,4457841,4278094,49376,130371
20261004-202117,PB,04/10/2026 20:19:57,10712,10610,99.047796863,3248531,3215759,2657284,558475,2657284,2488812,51776,116696
20261004-202117,PE,04/10/2026 20:19:56,21418,18368,85.759641423,7223450,6107498,5012196,1095302,5012196,4751037,93065,168094
20261004-202117,PI,04/10/2026 20:19:57,10225,9178,89.760391198,2704758,2425265,2007865,417400,2007865,1923332,25551,58982
20261004-202117,PR,04/10/2026 20:20:03,27142,27066,99.719991158,8613657,8588351,6821617,1766734,6821617,6566059,122201,133357
20261004-202117,RJ,04/10/2026 20:19:58,37675,31229,82.890510949,12857648,10399432,8004270,2395162,8004270,7614927,159824,229519
20261004-202117,RN,04/10/2026 20:19:28,8115,7420,91.435613062,2659825,2414074,1971543,442531,1971543,1881929,29994,59620
20261004-202117,RO,04/10/2026 20:20:23,4698,4687,99.765857812,1265893,1263045,988862,274183,988862,965897,9827,13138
20261004-202117,RR,04/10/2026 20:20:23,1519,1511,99.473337722,401521,398843,330442,68401,330442,323273,2608,4561
20261004-202117,RS,04/10/2026 20:19:08,27547,27279,99.02711729,8522545,8451556,6645412,1806144,6645412,6368089,146880,130443
20261004-202117,SC,04/10/2026 20:20:29,17326,16950,97.829851091,5734651,5605395,4544167,1061228,4544167,4400305,67373,76489
20261004-202117,SE,04/10/2026 20:19:26,5923,5703,96.285666048,1740135,1661657,1375816,285841,1375816,1304198,23851,47767
20261004-202117,SP,04/10/2026 20:20:14,103656,97887,94.434475573,34122892,32132586,24905326,7227260,24905326,23449276,593099,862951
20261004-202117,TO,04/10/2026 20:20:56,4384,4351,99.247262774,1182023,1172189,956973,215216,956973,922536,8261,26176
20261004-202117,ZZ,04/10/2026 20:20:25,1351,980,72.538860104,916534,663035,262259,400353,262259,253494,4759,4006
20261004-202311,AC,04/10/2026 20:21:29,2270,2255,99.339207048,613742,609005,484592,124413,484592,465460,5541,13591
20261004-202311,AL,04/10/2026 20:22:33,7101,5100,71.8208703,2442126,1675533,1333800,341733,1333800,1251856,22379,59565
20261004-202311,AM,04/10/2026 20:21:32,8157,7396,90.670589678,2798611,2529112,2024172,504940,2024172,1965195,23296,35681
20261004-202311,AP,04/10/2026 20:21:31,1914,1757,91.797283177,576988,518678,427852,90826,427852,417381,3961,6510
20261004-202311,BA,04/10/2026 20:22:43,35476,27426,77.308602999,11312752,8591760,6881650,1710110,6881650,6503473,119325,258852
20261004-202311,BR,04/10/2026 20:22:34,499248,452925,90.721445053,158745502,143096243,113043059,30052761,113043059,107701977,2076513,3264569
20261004-202311,CE,04/10/2026 20:21:35,23765,18662,78.52724595,6996545,5492952,4646984,845968,4646984,4420766,80459,145759
20261004-202311,DF,04/10/2026 20:22:02,6969,6969,100.0,2258320,2258320,1831396,426924,1831396,1772808,25362,33226
20261004-202311,ES,04/10/2026 20:22:03,9844,9807,99.62413653,2991650,2978414,2342335,636079,2342335,2241595,43021,57719
20261004-202311,GO,04/10/2026 20:21:36,15686,15080,96.136682392,5080590,4879200,3817344,1061856,3817344,3679335,43937,94072
20261004-202311,MA,04/10/2026 20:22:07,18093,15130,83.623500801,5183115,4285728,3443800,841928,3443800,3321637,38303,83860
20261004-202311,MG,04/10/2026 20:20:09,52062,45587,87.562905766,16372372,14331458,11069867,3261591,11069867,10495427,235907,338533
20261004-202311,MS,04/10/2026 20:22:03,7106,7101,99.929636927,2024430,2022952,1540160,482792,1540160,1489248,21267,29645
20261004-202311,MT,04/10/2026 20:22:05,8287,8139,98.21407023,2637801,2587590,2014315,573275,2014315,1956650,20379,37286
20261004-202311,PA,04/10/2026 20:21:38,20827,18408,88.385269122,6262397,5532246,4467338,1064908,4467338,4287222,49459,130657
20261004-202311,PB,04/10/2026 20:22:08,10712,10613,99.075802838,3248531,3216826,2658160,558666,2658160,2489625,51795,116740
20261004-202311,PE,04/10/2026 20:22:06,21418,18463,86.203193575,7223450,6141854,5040256,1101598,5040256,4777541,93621,169094
20261004-202311,PI,04/10/2026 20:22:07,10225,9196,89.936430318,2704758,2429732,2011668,418064,2011668,1927001,25586,59081
20261004-202311,PR,04/10/2026 20:21:42,27142,27066,99.719991158,8613657,8588351,6821617,1766734,6821617,6566059,122201,133357
20261004-202311,RJ,04/10/2026 20:22:06,37675,31328,83.153284672,12857648,10435747,8031937,2403810,8031937,7641185,160361,230391
20261004-202311,RN,04/10/2026 20:22:35,8115,7457,91.891558842,2659825,2427193,1982220,444973,1982220,1892031,30179,60010
20261004-202311,RO,04/10/2026 20:21:33,4698,4687,99.765857812,1265893,1263045,988862,274183,988862,965897,9827,13138
20261004-202311,RR,04/10/2026 20:21:33,1519,1511,99.473337722,401521,398843,330442,68401,330442,323273,2608,4561
20261004-202311,RS,04/10/2026 20:21:07,27547,27286,99.052528406,8522545,8453381,6646855,1806526,6646855,6369476,146916,130463
20261004-202311,SC,04/10/2026 20:21:39,17326,16962,97.899111162,5734651,5609591,4547470,1062121,4547470,4403532,67413,76525
20261004-202311,SE,04/10/2026 20:22:35,5923,5709,96.386966064,1740135,1663580,1377341,286239,1377341,1305653,23874,47814
20261004-202311,SP,04/10/2026 20:20:14,103656,97887,94.434475573,34122892,32132586,24905326,7227260,24905326,23449276,593099,862951
20261004-202311,TO,04/10/2026 20:22:06,4384,4351,99.247262774,1182023,1172189,956973,215216,956973,922536,8261,26176
20261004-202311,ZZ,04/10/2026 20:22:36,1351,995,73.649148779,916534,673373,264943,408007,264943,256068,4813,4062
20261004-202641,AC,04/10/2026 20:25:42,2270,2256,99.383259912,613742,609325,484840,124485,484840,465694,5546,13600
20261004-202641,AL,04/10/2026 20:26:20,7101,5190,73.088297423,2442126,1708355,1360393,347962,1360393,1277049,22812,60532
20261004-202641,AM,04/10/2026 20:25:43,8157,7431,91.099668996,2798611,2540949,2033354,507595,2033354,1974153,23349,35852
20261004-202641,AP,04/10/2026 20:25:42,1914,1767,92.319749216,576988,522605,431075,91530,431075,420539,3983,6553
20261004-202641,BA,04/10/2026 20:25:28,35476,27636,77.900552486,11312752,8663373,6938984,1724389,6938984,6557725,120312,260947
20261004-202641,BR,04/10/2026 20:25:44,499248,454625,91.061957184,158745502,143675361,113496911,30178027,113496911,108132305,2085074,3279532
20261004-202641,CE,04/10/2026 20:25:15,23765,18857,79.347780349,6996545,5553734,4698600,855134,4698600,4469644,81454,147502
20261004-202641,DF,04/10/2026 20:25:42,6969,6969,100.0,2258320,2258320,1831396,426924,1831396,1772808,25362,33226
20261004-202641,ES,04/10/2026 20:25:44,9844,9809,99.644453474,2991650,2979146,2342874,636272,2342874,2242106,43026,57742
20261004-202641,GO,04/10/2026 20:25:16,15686,15124,96.417187301,5080590,4894990,3829566,1065424,3829566,3691050,44095,94421
20261004-202641,MA,04/10/2026 20:25:48,18093,15266,84.375172719,5183115,4327726,3477158,850568,3477158,3353868,38631,84659
20261004-202641,MG,04/10/2026 20:22:51,52062,45711,87.801083324,16372372,14370789,11100458,3270331,11100458,10524342,236568,339548
20261004-202641,MS,04/10/2026 20:24:44,7106,7101,99.929636927,2024430,2022952,1540160,482792,1540160,1489248,21267,29645
20261004-202641,MT,04/10/2026 20:24:45,8287,8149,98.334741161,2637801,2591008,2016881,574127,2016881,1959127,20409,37345
20261004-202641,PA,04/10/2026 20:25:18,20827,18475,88.706966918,6262397,5552391,4483678,1068713,4483678,4302920,49598,131160
20261004-202641,PB,04/10/2026 20:25:49,10712,10613,99.075802838,3248531,3216826,2658160,558666,2658160,2489625,51795,116740
20261004-202641,PE,04/10/2026 20:25:47,21418,18624,86.95489775,7223450,6199183,5086885,1112298,5086885,4821560,94520,170805
20261004-202641,PI,04/10/2026 20:25:48,10225,9238,90.347188264,2704758,2442258,2022091,420167,2022091,1936988,25696,59407
20261004-202641,PR,04/10/2026 20:23:42,27142,27066,99.719991158,8613657,8588351,6821617,1766734,6821617,6566059,122201,133357
20261004-202641,RJ,04/10/2026 20:25:48,37675,31593,83.856668879,12857648,10536354,8108806,2427548,8108806,7713999,162039,232768
20261004-202641,RN,04/10/2026 20:25:47,8115,7491,92.310536044,2659825,2439332,1992184,447148,1992184,1901490,30359,60335
20261004-202641,RO,04/10/2026 20:25:45,4698,4695,99.93614304,1265893,1265063,990417,274646,990417,967420,9841,13156
20261004-202641,RR,04/10/2026 20:25:44,1519,1513,99.605003292,401521,399473,331009,68464,331009,323827,2613,4569
20261004-202641,RS,04/10/2026 20:25:58,27547,27304,99.117871275,8522545,8458126,6650814,1807312,6650814,6373276,147002,130536
20261004-202641,SC,04/10/2026 20:25:19,17326,16987,98.043402978,5734651,5618279,4554401,1063878,4554401,4410236,67519,76646
20261004-202641,SE,04/10/2026 20:26:20,5923,5717,96.522032754,1740135,1666391,1379633,286758,1379633,1307814,23910,47909
20261004-202641,SP,04/10/2026 20:22:50,103656,98203,94.739330092,34122892,32236592,24985055,7251537,24985055,23523982,595126,865947
20261004-202641,TO,04/10/2026 20:25:48,4384,4355,99.33850365,1182023,1173446,957992,215454,957992,923504,8270,26218
20261004-202641,ZZ,04/10/2026 20:25:47,1351,1014,75.055514434,916534,686966,270587,415956,270587,261516,4915,4156
20261004-203011,AC,04/10/2026 20:29:20,2270,2256,99.383259912,613742,609325,484840,124485,484840,465694,5546,13600
20261004-203011,AL,04/10/2026 20:29:22,7101,5236,73.736093508,2442126,1725620,1374254,351366,1374254,1290165,23008,61081
20261004-203011,AM,04/10/2026 20:29:52,8157,7469,91.565526542,2798611,2554575,2043747,510828,2043747,1984317,23400,36030
20261004-203011,AP,04/10/2026 20:29:21,1914,1770,92.476489028,576988,523859,432086,91773,432086,421523,3990,6573
20261004-203011,BA,04/10/2026 20:28:35,35476,27804,78.374112076,11312752,8719448,6983814,1735634,6983814,6600144,121111,262559
20261004-203011,BR,04/10/2026 20:29:25,499248,456418,91.42109733,158745502,144279625,113975248,30303954,113975248,108586282,2093806,3295160
20261004-203011,CE,04/10/2026 20:29:26,23765,19108,80.403955397,6996545,5632625,4764992,867633,4764992,4532512,82710,149770
20261004-203011,DF,04/10/2026 20:28:59,6969,6969,100.0,2258320,2258320,1831396,426924,1831396,1772808,25362,33226
20261004-203011,ES,04/10/2026 20:29:23,9844,9810,99.654611946,2991650,2979308,2343015,636293,2343015,2242240,43026,57749
20261004-203011,GO,04/10/2026 20:29:26,15686,15172,96.723192656,5080590,4910863,3841624,1069239,3841624,3702720,44241,94663
20261004-203011,MA,04/10/2026 20:29:05,18093,15387,85.043939645,5183115,4365330,3506987,858343,3506987,3382549,38924,85514
20261004-203011,MG,04/10/2026 20:27:31,52062,46016,88.386923284,16372372,14467779,11175661,3292118,11175661,10594978,238374,342309
20261004-203011,MS,04/10/2026 20:29:01,7106,7101,99.929636927,2024430,2022952,1540160,482792,1540160,1489248,21267,29645
20261004-203011,MT,04/10/2026 20:29:02,8287,8156,98.419210812,2637801,2593448,2018706,574742,2018706,1960896,20431,37379
20261004-203011,PA,04/10/2026 20:29:05,20827,18591,89.263936237,6262397,5588323,4512845,1075478,4512845,4330889,49865,132091
20261004-203011,PB,04/10/2026 20:29:03,10712,10616,99.103808813,3248531,3217936,2659079,558857,2659079,2490481,51819,116779
20261004-203011,PE,04/10/2026 20:29:03,21418,18728,87.440470632,7223450,6237611,5118543,1119068,5118543,4851500,95133,171910
20261004-203011,PI,04/10/2026 20:29:04,10225,9284,90.797066015,2704758,2454543,2032408,422135,2032408,1946782,25861,59765
20261004-203011,PR,04/10/2026 20:29:10,27142,27067,99.723675484,8613657,8588665,6821830,1766835,6821830,6566265,122207,133358
20261004-203011,RJ,04/10/2026 20:29:27,37675,31793,84.387524884,12857648,10611787,8166561,2445226,8166561,7769038,163127,234396
20261004-203011,RN,04/10/2026 20:29:26,8115,7500,92.421441774,2659825,2442614,1994742,447872,1994742,1903893,30412,60437
20261004-203011,RO,04/10/2026 20:28:59,4698,4695,99.93614304,1265893,1265063,990417,274646,990417,967420,9841,13156
20261004-203011,RR,04/10/2026 20:28:23,1519,1513,99.605003292,401521,399473,331009,68464,331009,323827,2613,4569
20261004-203011,RS,04/10/2026 20:29:14,27547,27318,99.168693506,8522545,8461928,6653967,1807961,6653967,6376264,147105,130598
20261004-203011,SC,04/10/2026 20:29:29,17326,17017,98.216553157,5734651,5629583,4563358,1066225,4563358,4418891,67659,76808
20261004-203011,SE,04/10/2026 20:29:25,5923,5719,96.555799426,1740135,1666976,1380142,286834,1380142,1308308,23915,47919
20261004-203011,SP,04/10/2026 20:28:15,103656,98617,95.138728101,34122892,32377852,25093534,7284318,25093534,23625665,597914,869955
20261004-203011,TO,04/10/2026 20:28:26,4384,4357,99.384124088,1182023,1174057,958499,215558,958499,923998,8275,26226
20261004-203011,ZZ,04/10/2026 20:29:26,1351,1025,75.869726129,916534,691221,272542,418256,272542,263396,4948,4198
20261004-203341,AC,04/10/2026 20:31:30,2270,2256,99.383259912,613742,609325,484840,124485,484840,465694,5546,13600
20261004-203341,AL,04/10/2026 20:33:14,7101,5315,74.848612871,2442126,1755883,1398457,357426,1398457,1313055,23433,61969
20261004-203341,AM,04/10/2026 20:31:33,8157,7473,91.614564178,2798611,2556131,2044937,511194,2044937,1985468,23405,36064
20261004-203341,AP,04/10/2026 20:31:32,1914,1774,92.685475444,576988,525442,433373,92069,433373,422755,4006,6612
20261004-203341,BA,04/10/2026 20:30:43,35476,27924,78.712368925,11312752,8761322,7016948,1744374,7016948,6631391,121689,263868
20261004-203341,BR,04/10/2026 20:32:34,499248,457842,91.706326315,158745502,144765066,114356362,30408281,114356362,108947952,2100804,3307606
20261004-203341,CE,04/10/2026 20:32:36,23765,19283,81.140332422,6996545,5685926,4809999,875927,4809999,4575240,83525,151234
20261004-203341,DF,04/10/2026 20:32:32,6969,6969,100.0,2258320,2258320,1831396,426924,1831396,1772808,25362,33226
20261004-203341,ES,04/10/2026 20:31:34,9844,9813,99.685087363,2991650,2980406,2343787,636619,2343787,2242974,43041,57772
20261004-203341,GO,04/10/2026 20:31:38,15686,15195,96.869820222,5080590,4918533,3847572,1070961,3847572,3708442,44314,94816
20261004-203341,MA,04/10/2026 20:32:14,18093,15459,85.441883601,5183115,4386889,3524331,862558,3524331,3399300,39109,85922
20261004-203341,MG,04/10/2026 20:30:11,52062,46122,88.59052668,16372372,14502449,11202444,3300005,11202444,10620192,238980,343272
20261004-203341,MS,04/10/2026 20:32:34,7106,7101,99.929636927,2024430,2022952,1540160,482792,1540160,1489248,21267,29645
20261004-203341,MT,04/10/2026 20:32:35,8287,8167,98.551948836,2637801,2597347,2021681,575666,2021681,1963776,20465,37440
20261004-203341,PA,04/10/2026 20:32:40,20827,18674,89.662457387,6262397,5615127,4534247,1080880,4534247,4351471,50034,132742
20261004-203341,PB,04/10/2026 20:32:37,10712,10620,99.141150112,3248531,3219424,2660268,559156,2660268,2491596,51847,116825
20261004-203341,PE,04/10/2026 20:32:37,21418,18846,87.991409095,7223450,6280679,5153798,1126881,5153798,4884873,95800,173125
20261004-203341,PI,04/10/2026 20:32:37,10225,9320,91.149144254,2704758,2464003,2039996,424007,2039996,1954051,25941,60004
20261004-203341,PR,04/10/2026 20:31:44,27142,27069,99.731044138,8613657,8589440,6822456,1766984,6822456,6566863,122222,133371
20261004-203341,RJ,04/10/2026 20:31:37,37675,31993,84.918380889,12857648,10685665,8222101,2463564,8222101,7821813,164238,236050
20261004-203341,RN,04/10/2026 20:33:18,8115,7528,92.766481824,2659825,2453577,2003560,450017,2003560,1912304,30537,60719
20261004-203341,RO,04/10/2026 20:31:34,4698,4695,99.93614304,1265893,1265063,990417,274646,990417,967420,9841,13156
20261004-203341,RR,04/10/2026 20:31:33,1519,1513,99.605003292,401521,399473,331009,68464,331009,323827,2613,4569
20261004-203341,RS,04/10/2026 20:30:49,27547,27320,99.175953824,8522545,8462389,6654358,1808031,6654358,6376636,147116,130606
20261004-203341,SC,04/10/2026 20:31:40,17326,17025,98.262726538,5734651,5632551,4565653,1066898,4565653,4421107,67702,76844
20261004-203341,SE,04/10/2026 20:31:04,5923,5726,96.673982779,1740135,1669283,1382062,287221,1382062,1310148,23936,47978
20261004-203341,SP,04/10/2026 20:31:49,103656,98861,95.374122096,34122892,32461254,25157772,7303482,25157772,23686072,599513,872187
20261004-203341,TO,04/10/2026 20:32:12,4384,4361,99.475364964,1182023,1175153,959428,215725,959428,924898,8279,26251
20261004-203341,ZZ,04/10/2026 20:32:35,1351,1040,76.980014804,916534,696434,274026,421985,274026,264845,4971,4210
20261004-203702,AC,04/10/2026 20:35:49,2270,2259,99.515418502,613742,610312,485629,124683,485629,466455,5557,13617
20261004-203702,AL,04/10/2026 20:34:40,7101,5347,75.299253626,2442126,1768101,1407976,360125,1407976,1321960,23644,62372
20261004-203702,AM,04/10/2026 20:35:10,8157,7521,92.203015815,2798611,2573079,2058075,515004,2058075,1998278,23466,36331
20261004-203702,AP,04/10/2026 20:35:09,1914,1782,93.103448276,576988,528361,435793,92568,435793,425111,4036,6646
20261004-203702,BA,04/10/2026 20:33:58,35476,28133,79.301499605,11312752,8833932,7075392,1758540,7075392,6686407,122840,266145
20261004-203702,BR,04/10/2026 20:36:24,499248,459759,92.090303817,158745502,145420203,114867363,30552417,114867363,109432500,2110448,3324415
20261004-203702,CE,04/10/2026 20:35:55,23765,19443,81.813591416,6996545,5734086,4850629,883457,4850629,4613676,84281,152672
20261004-203702,DF,04/10/2026 20:35:51,6969,6969,100.0,2258320,2258320,1831396,426924,1831396,1772808,25362,33226
20261004-203702,ES,04/10/2026 20:35:10,9844,9814,99.695245835,2991650,2980736,2344054,636682,2344054,2243233,43043,57778
20261004-203702,GO,04/10/2026 20:35:13,15686,15227,97.073823792,5080590,4929300,3855783,1073517,3855783,3716389,44394,95000
20261004-203702,MA,04/10/2026 20:35:57,18093,15595,86.193555519,5183115,4430844,3559543,871301,3559543,3433392,39442,86709
20261004-203702,MG,04/10/2026 20:33:34,52062,46280,88.894010987,16372372,14554673,11242625,3312048,11242625,10658057,239904,344664
20261004-203702,MS,04/10/2026 20:35:53,7106,7101,99.929636927,2024430,2022952,1540160,482792,1540160,1489248,21267,29645
20261004-203702,MT,04/10/2026 20:35:55,8287,8172,98.612284301,2637801,2598977,2022970,576007,2022970,1965037,20472,37461
20261004-203702,PA,04/10/2026 20:36:29,20827,18755,90.051375618,6262397,5638725,4553413,1085312,4553413,4369944,50219,133250
20261004-203702,PB,04/10/2026 20:35:57,10712,10621,99.150485437,3248531,3219760,2660553,559207,2660553,2491860,51855,116838
20261004-203702,PE,04/10/2026 20:35:13,21418,18941,88.434961248,7223450,6315592,5182271,1133321,5182271,4911776,96362,174133
20261004-203702,PI,04/10/2026 20:35:57,10225,9354,91.481662592,2704758,2473134,2047802,425332,2047802,1961478,26024,60300
20261004-203702,PR,04/10/2026 20:35:19,27142,27070,99.734728465,8613657,8589865,6822805,1767060,6822805,6567191,122236,133378
20261004-203702,RJ,04/10/2026 20:35:13,37675,32180,85.414731254,12857648,10752474,8272760,2479714,8272760,7870063,165233,237464
20261004-203702,RN,04/10/2026 20:34:45,8115,7540,92.914356131,2659825,2458072,2007282,450790,2007282,1915867,30600,60815
20261004-203702,RO,04/10/2026 20:35:11,4698,4695,99.93614304,1265893,1265063,990417,274646,990417,967420,9841,13156
20261004-203702,RR,04/10/2026 20:35:12,1519,1513,99.605003292,401521,399473,331009,68464,331009,323827,2613,4569
20261004-203702,RS,04/10/2026 20:34:30,27547,27335,99.230406215,8522545,8466639,6657917,1808722,6657917,6380078,147172,130667
20261004-203702,SC,04/10/2026 20:35:19,17326,17050,98.407018354,5734651,5641269,4572684,1068585,4572684,4427921,67804,76959
20261004-203702,SE,04/10/2026 20:36:27,5923,5737,96.859699477,1740135,1673110,1385096,288014,1385096,1312982,23998,48116
20261004-203702,SP,04/10/2026 20:35:33,103656,99161,95.663540943,34122892,32562384,25234948,7327436,25234948,23758955,601292,874701
20261004-203702,TO,04/10/2026 20:35:55,4384,4377,99.840328467,1182023,1180108,963577,216531,963577,928893,8324,26360
20261004-203702,ZZ,04/10/2026 20:36:27,1351,1062,78.608438194,916534,709592,277092,432077,277092,267814,5020,4258
20261004-204032,AC,04/10/2026 20:39:32,2270,2260,99.559471366,613742,610647,485906,124741,485906,466728,5559,13619
20261004-204032,AL,04/10/2026 20:39:33,7101,5421,76.341360372,2442126,1796210,1429920,366290,1429920,1342568,24043,63309
20261004-204032,AM,04/10/2026 20:39:33,8157,7555,92.619835724,2798611,2585371,2067674,517697,2067674,2007659,23523,36492
20261004-204032,AP,04/10/2026 20:39:32,1914,1793,93.67816092,576988,532409,439113,93296,439113,428329,4074,6710
20261004-204032,BA,04/10/2026 20:38:13,35476,28433,80.14714173,11312752,8937121,7157363,1779758,7157363,6763761,124272,269330
20261004-204032,BR,04/10/2026 20:39:34,499248,461347,92.408382207,158745502,145951513,115285325,30665765,115285325,109829374,2118121,3337830
20261004-204032,CE,04/10/2026 20:39:36,23765,19663,82.739322533,6996545,5796649,4902789,893860,4902789,4663155,85194,154440
20261004-204032,DF,04/10/2026 20:40:09,6969,6969,100.0,2258320,2258320,1831396,426924,1831396,1772808,25362,33226
20261004-204032,ES,04/10/2026 20:39:34,9844,9816,99.715562779,2991650,2981474,2344627,636847,2344627,2243772,43065,57790
20261004-204032,GO,04/10/2026 20:39:37,15686,15256,97.258702027,5080590,4938784,3863200,1075584,3863200,3723512,44469,95219
20261004-204032,MA,04/10/2026 20:39:39,18093,15731,86.945227436,5183115,4472043,3592700,879343,3592700,3465211,39826,87663
20261004-204032,MG,04/10/2026 20:37:52,52062,46492,89.301217779,16372372,14624537,11297219,3327318,11297219,10709254,241314,346651
20261004-204032,MS,04/10/2026 20:40:10,7106,7102,99.943709541,2024430,2023251,1540348,482903,1540348,1489429,21267,29652
20261004-204032,MT,04/10/2026 20:39:06,8287,8180,98.708821045,2637801,2601818,2025078,576740,2025078,1967088,20494,37496
20261004-204032,PA,04/10/2026 20:39:39,20827,18826,90.392279253,6262397,5660282,4570809,1089473,4570809,4386624,50359,133826
20261004-204032,PB,04/10/2026 20:39:08,10712,10624,99.178491412,3248531,3220745,2661403,559342,2661403,2492660,51871,116872
20261004-204032,PE,04/10/2026 20:39:06,21418,19093,89.144644691,7223450,6372509,5228127,1144382,5228127,4954993,97243,175891
20261004-204032,PI,04/10/2026 20:39:09,10225,9398,91.91198044,2704758,2484686,2057321,427365,2057321,1970570,26143,60608
20261004-204032,PR,04/10/2026 20:39:46,27142,27071,99.738412792,8613657,8590180,6823050,1767130,6823050,6567431,122240,133379
20261004-204032,RJ,04/10/2026 20:39:37,37675,32567,86.441937624,12857648,10897340,8382262,2515078,8382262,7974078,167482,240702
20261004-204032,RN,04/10/2026 20:39:36,8115,7586,93.48120764,2659825,2475892,2021460,454432,2021460,1929406,30820,61234
20261004-204032,RO,04/10/2026 20:39:33,4698,4696,99.957428693,1265893,1265343,990632,274711,990632,967628,9842,13162
20261004-204032,RR,04/10/2026 20:39:34,1519,1513,99.605003292,401521,399473,331009,68464,331009,323827,2613,4569
20261004-204032,RS,04/10/2026 20:39:21,27547,27362,99.328420518,8522545,8473724,6663751,1809973,6663751,6385661,147297,130793
20261004-204032,SC,04/10/2026 20:39:40,17326,17094,98.66097195,5734651,5656665,4584937,1071728,4584937,4439761,68000,77176
20261004-204032,SE,04/10/2026 20:39:35,5923,5746,97.011649502,1740135,1676374,1387679,288695,1387679,1315447,24029,48203
20261004-204032,SP,04/10/2026 20:37:52,103656,99329,95.825615497,34122892,32619344,25278496,7340848,25278496,23799648,602525,876323
20261004-204032,TO,04/10/2026 20:39:36,4384,4380,99.908759124,1182023,1181047,964366,216681,964366,929647,8336,26383
20261004-204032,ZZ,04/10/2026 20:40:12,1351,1064,78.756476684,916534,710814,277351,433040,277351,268062,5026,4263
20261004-204402,AC,04/10/2026 20:42:12,2270,2266,99.823788546,613742,612771,487490,125281,487490,468243,5575,13672
20261004-204402,AL,04/10/2026 20:42:13,7101,5472,77.059569075,2442126,1815406,1445397,370009,1445397,1357180,24286,63931
20261004-204402,AM,04/10/2026 20:42:50,8157,7573,92.840505088,2798611,2591967,2072719,519248,2072719,2012599,23556,36564
20261004-204402,AP,04/10/2026 20:42:12,1914,1806,94.357366771,576988,537261,443152,94109,443152,432253,4132,6767
20261004-204402,BA,04/10/2026 20:43:04,35476,28711,80.930770098,11312752,9031174,7232632,1798542,7232632,6835205,125456,271971
20261004-204402,BR,04/10/2026 20:43:24,499248,463334,92.806380797,158745502,146616869,115809105,30807341,115809105,110325469,2128182,3355454
20261004-204402,CE,04/10/2026 20:42:53,23765,19810,83.357879234,6996545,5839708,4938739,900969,4938739,4696927,85929,155883
20261004-204402,DF,04/10/2026 20:42:49,6969,6969,100.0,2258320,2258320,1831396,426924,1831396,1772808,25362,33226
20261004-204402,ES,04/10/2026 20:43:21,9844,9818,99.735879724,2991650,2982230,2345207,637023,2345207,2244320,43080,57807
20261004-204402,GO,04/10/2026 20:42:54,15686,15279,97.405329593,5080590,4945701,3868548,1077153,3868548,3728696,44512,95340
20261004-204402,MA,04/10/2026 20:42:55,18093,15821,87.442657381,5183115,4500286,3614908,885378,3614908,3486484,40083,88341
20261004-204402,MG,04/10/2026 20:40:35,52062,46608,89.524029042,16372372,14661862,11326430,3335432,11326430,10736800,242010,347620
20261004-204402,MS,04/10/2026 20:42:50,7106,7102,99.943709541,2024430,2023251,1540348,482903,1540348,1489429,21267,29652
20261004-204402,MT,04/10/2026 20:42:52,8287,8181,98.720888138,2637801,2602125,2025318,576807,2025318,1967315,20496,37507
20261004-204402,PA,04/10/2026 20:43:26,20827,18938,90.930042733,6262397,5695953,4599532,1096421,4599532,4414214,50592,134726
20261004-204402,PB,04/10/2026 20:42:54,10712,10632,99.25317401,3248531,3223740,2663906,559834,2663906,2495022,51914,116970
20261004-204402,PE,04/10/2026 20:42:53,21418,19318,90.195162947,7223450,6455346,5294921,1160425,5294921,5018058,98478,178385
20261004-204402,PI,04/10/2026 20:42:54,10225,9438,92.303178484,2704758,2495078,2065966,429112,2065966,1978838,26236,60892
20261004-204402,PR,04/10/2026 20:43:00,27142,27074,99.749465773,8613657,8591357,6824060,1767297,6824060,6568416,122251,133393
20261004-204402,RJ,04/10/2026 20:43:24,37675,32832,87.145321831,12857648,10995476,8455038,2540438,8455038,8042813,169219,243006
20261004-204402,RN,04/10/2026 20:42:17,8115,7605,93.715341959,2659825,2482446,2026815,455631,2026815,1934543,30888,61384
20261004-204402,RO,04/10/2026 20:42:14,4698,4696,99.957428693,1265893,1265343,990632,274711,990632,967628,9842,13162
20261004-204402,RR,04/10/2026 20:42:14,1519,1513,99.605003292,401521,399473,331009,68464,331009,323827,2613,4569
20261004-204402,RS,04/10/2026 20:43:34,27547,27379,99.390133227,8522545,8477195,6666627,1810568,6666627,6388417,147368,130842
20261004-204402,SC,04/10/2026 20:42:20,17326,17111,98.759090384,5734651,5662157,4589550,1072607,4589550,4444224,68081,77245
20261004-204402,SE,04/10/2026 20:42:16,5923,5747,97.028532838,1740135,1676771,1387998,288773,1387998,1315753,24033,48212
20261004-204402,SP,04/10/2026 20:42:39,103656,99809,96.288685653,34122892,32780949,25402736,7378213,25402736,23916490,605577,880669
20261004-204402,TO,04/10/2026 20:42:51,4384,4381,99.931569343,1182023,1181366,964632,216734,964632,929904,8338,26390
20261004-204402,ZZ,04/10/2026 20:43:21,1351,1064,78.756476684,916534,710814,277351,433040,277351,268062,5026,4263
20261004-204733,AC,04/10/2026 20:46:32,2270,2268,99.911894273,613742,613122,487779,125343,487779,468521,5578,13680
20261004-204733,AL,04/10/2026 20:46:34,7101,5556,78.242501056,2442126,1846171,1470233,375938,1470233,1380547,24720,64966
20261004-204733,AM,04/10/2026 20:46:33,8157,7613,93.330881452,2798611,2607160,2084459,522701,2084459,2024077,23635,36747
20261004-204733,AP,04/10/2026 20:46:33,1914,1826,95.402298851,576988,544763,449500,95263,449500,438456,4182,6862
20261004-204733,BA,04/10/2026 20:45:44,35476,28873,81.387416845,11312752,9084824,7275493,1809331,7275493,6875838,126132,273523
20261004-204733,BR,04/10/2026 20:47:04,499248,465853,93.310939653,158745502,147464950,116476302,30988225,116476302,110956831,2141539,3377932
20261004-204733,CE,04/10/2026 20:47:04,23765,20055,84.388807069,6996545,5913181,5000834,912347,5000834,4756050,87018,157766
20261004-204733,DF,04/10/2026 20:46:00,6969,6969,100.0,2258320,2258320,1831396,426924,1831396,1772808,25362,33226
20261004-204733,ES,04/10/2026 20:46:34,9844,9827,99.827305973,2991650,2985646,2347863,637783,2347863,2246833,43145,57885
20261004-204733,GO,04/10/2026 20:46:04,15686,15288,97.462705597,5080590,4948485,3870618,1077867,3870618,3730692,44522,95404
20261004-204733,MA,04/10/2026 20:47:07,18093,15956,88.188802299,5183115,4540302,3646826,893476,3646826,3517081,40436,89309
20261004-204733,MG,04/10/2026 20:45:56,52062,46993,90.263531943,16372372,14783049,11421483,3361566,11421483,10826602,244183,350698
20261004-204733,MS,04/10/2026 20:47:03,7106,7102,99.943709541,2024430,2023251,1540348,482903,1540348,1489429,21267,29652
20261004-204733,MT,04/10/2026 20:46:02,8287,8188,98.805357789,2637801,2604412,2027026,577386,2027026,1968974,20516,37536
20261004-204733,PA,04/10/2026 20:47:10,20827,19045,91.443798915,6262397,5729762,4626472,1103290,4626472,4440009,50833,135630
20261004-204733,PB,04/10/2026 20:47:08,10712,10633,99.262509335,3248531,3224089,2664177,559912,2664177,2495263,51917,116997
20261004-204733,PE,04/10/2026 20:47:07,21418,19525,91.161639742,7223450,6528475,5353776,1174699,5353776,5073744,99495,180537
20261004-204733,PI,04/10/2026 20:46:05,10225,9494,92.850855746,2704758,2510182,2078382,431800,2078382,1990676,26407,61299
20261004-204733,PR,04/10/2026 20:46:11,27142,27078,99.76420308,8613657,8592440,6824941,1767499,6824941,6569270,122263,133408
20261004-204733,RJ,04/10/2026 20:46:38,37675,33106,87.872594559,12857648,11098551,8533372,2565179,8533372,8116813,170962,245597
20261004-204733,RN,04/10/2026 20:46:37,8115,7640,94.146642021,2659825,2494963,2036883,458080,2036883,1944140,31062,61681
20261004-204733,RO,04/10/2026 20:46:35,4698,4696,99.957428693,1265893,1265343,990632,274711,990632,967628,9842,13162
20261004-204733,RR,04/10/2026 20:46:35,1519,1513,99.605003292,401521,399473,331009,68464,331009,323827,2613,4569
20261004-204733,RS,04/10/2026 20:45:09,27547,27382,99.401023705,8522545,8478242,6667481,1810761,6667481,6389239,147387,130855
20261004-204733,SC,04/10/2026 20:46:41,17326,17148,98.972642272,5734651,5674830,4599990,1074840,4599990,4454306,68253,77431
20261004-204733,SE,04/10/2026 20:46:36,5923,5753,97.129832855,1740135,1678667,1389525,289142,1389525,1317202,24049,48274
20261004-204733,SP,04/10/2026 20:45:52,103656,100184,96.650459211,34122892,32909444,25500475,7408969,25500475,24008424,608091,883960
20261004-204733,TO,04/10/2026 20:46:37,4384,4383,99.977189781,1182023,1181722,964925,216797,964925,930182,8342,26401
20261004-204733,ZZ,04/10/2026 20:47:06,1351,1064,78.756476684,916534,710814,277351,433040,277351,268062,5026,4263
20261004-205104,AC,04/10/2026 20:49:12,2270,2268,99.911894273,613742,613122,487779,125343,487779,468521,5578,13680
20261004-205104,AL,04/10/2026 20:49:44,7101,5717,80.509787354,2442126,1905504,1517746,387758,1517746,1425081,25625,67040
20261004-205104,AM,04/10/2026 20:49:14,8157,7665,93.968370725,2798611,2624548,2098126,526422,2098126,2037481,23695,36950
20261004-205104,AP,04/10/2026 20:49:13,1914,1831,95.66353187,576988,546622,451103,95519,451103,440018,4202,6883
20261004-205104,BA,04/10/2026 20:50:03,35476,29682,83.667831774,11312752,9365852,7499929,1865923,7499929,7088538,129815,281576
20261004-205104,BR,04/10/2026 20:50:25,499248,471826,94.507339038,158745502,149485755,118069148,31416184,118069148,112466219,2172095,3430834
20261004-205104,CE,04/10/2026 20:49:48,23765,20557,86.501157164,6996545,6061302,5124340,936962,5124340,4872672,89432,162236
20261004-205104,DF,04/10/2026 20:50:20,6969,6969,100.0,2258320,2258320,1831396,426924,1831396,1772808,25362,33226
20261004-205104,ES,04/10/2026 20:49:45,9844,9829,99.847622918,2991650,2986251,2348321,637930,2348321,2247263,43157,57901
20261004-205104,GO,04/10/2026 20:49:18,15686,15330,97.730460283,5080590,4961597,3880698,1080899,3880698,3740418,44613,95667
20261004-205104,MA,04/10/2026 20:49:50,18093,16209,89.587133145,5183115,4616610,3707678,908932,3707678,3575653,41066,90959
20261004-205104,MG,04/10/2026 20:49:03,52062,47292,90.837847182,16372372,14876532,11494443,3382089,11494443,10895794,245634,353015
20261004-205104,MS,04/10/2026 20:49:15,7106,7103,99.957782156,2024430,2023565,1540586,482979,1540586,1489653,21269,29664
20261004-205104,MT,04/10/2026 20:49:16,8287,8203,98.986364185,2637801,2608953,2030503,578450,2030503,1972327,20555,37621
20261004-205104,PA,04/10/2026 20:49:51,20827,19297,92.653766745,6262397,5809473,4691644,1117829,4691644,4502651,51439,137554
20261004-205104,PB,04/10/2026 20:50:27,10712,10636,99.29051531,3248531,3225102,2665001,560101,2665001,2496025,51934,117042
20261004-205104,PE,04/10/2026 20:49:48,21418,19892,92.875151742,7223450,6664327,5464115,1200212,5464115,5177941,101635,184539
20261004-205104,PI,04/10/2026 20:48:45,10225,9553,93.427872861,2704758,2525566,2091198,434368,2091198,2002939,26567,61692
20261004-205104,PR,04/10/2026 20:48:51,27142,27095,99.826836637,8613657,8598188,6829409,1768779,6829409,6573617,122328,133464
20261004-205104,RJ,04/10/2026 20:49:50,37675,33845,89.834107498,12857648,11374370,8742237,2632133,8742237,8314067,175842,252328
20261004-205104,RN,04/10/2026 20:49:49,8115,7737,95.341959335,2659825,2528859,2064727,464132,2064727,1970790,31443,62494
20261004-205104,RO,04/10/2026 20:49:16,4698,4696,99.957428693,1265893,1265343,990632,274711,990632,967628,9842,13162
20261004-205104,RR,04/10/2026 20:49:15,1519,1514,99.670836076,401521,399839,331330,68509,331330,324145,2613,4572
20261004-205104,RS,04/10/2026 20:46:50,27547,27396,99.451845936,8522545,8481131,6669785,1811346,6669785,6391441,147441,130903
20261004-205104,SC,04/10/2026 20:48:45,17326,17163,99.059217361,5734651,5680537,4604547,1075990,4604547,4458705,68331,77511
20261004-205104,SE,04/10/2026 20:49:17,5923,5772,97.450616242,1740135,1685428,1394916,290512,1394916,1322277,24150,48489
20261004-205104,SP,04/10/2026 20:49:02,103656,100731,97.178166242,34122892,33101800,25648256,7453544,25648256,24147108,612039,889109
20261004-205104,TO,04/10/2026 20:49:18,4384,4383,99.977189781,1182023,1181722,964925,216797,964925,930182,8342,26401
20261004-205104,ZZ,04/10/2026 20:49:49,1351,1064,78.756476684,916534,710814,277351,433040,277351,268062,5026,4263
20261004-205434,AC,04/10/2026 20:53:04,2270,2269,99.955947137,613742,613424,488035,125389,488035,468775,5579,13681
20261004-205434,AL,04/10/2026 20:53:09,7101,5999,84.481059006,2442126,2011921,1602143,409778,1602143,1503958,27390,70795
20261004-205434,AM,04/10/2026 20:53:36,8157,7775,95.316905725,2798611,2664475,2129090,535385,2129090,2067626,23892,37572
20261004-205434,AP,04/10/2026 20:53:04,1914,1881,98.275862069,576988,565212,466729,98483,466729,455289,4330,7110
20261004-205434,BA,04/10/2026 20:53:47,35476,30654,86.407712256,11312752,9701220,7766902,1934318,7766902,7340799,134516,291587
20261004-205434,BR,04/10/2026 20:53:34,499248,478160,95.776047175,158745502,151629729,119754243,31875063,119754243,114061776,2205007,3487460
20261004-205434,CE,04/10/2026 20:53:10,23765,21292,89.593940669,6996545,6283217,5310718,972499,5310718,5048987,93038,168693
20261004-205434,DF,04/10/2026 20:53:04,6969,6969,100.0,2258320,2258320,1831396,426924,1831396,1772808,25362,33226
20261004-205434,ES,04/10/2026 20:53:37,9844,9841,99.969524584,2991650,2990589,2351509,639080,2351509,2250338,43194,57977
20261004-205434,GO,04/10/2026 20:52:34,15686,15457,98.540099452,5080590,5003238,3912695,1090543,3912695,3771259,44956,96480
20261004-205434,MA,04/10/2026 20:52:34,18093,16575,91.610014923,5183115,4725107,3794416,930691,3794416,3658980,42010,93426
20261004-205434,MG,04/10/2026 20:49:03,52062,47292,90.837847182,16372372,14876532,11494443,3382089,11494443,10895794,245634,353015
20261004-205434,MS,04/10/2026 20:53:09,7106,7104,99.971854771,2024430,2023873,1540803,483070,1540803,1489869,21269,29665
20261004-205434,MT,04/10/2026 20:53:08,8287,8253,99.589718837,2637801,2626040,2043154,582886,2043154,1984560,20687,37907
20261004-205434,PA,04/10/2026 20:53:12,20827,19588,94.050991501,6262397,5895791,4762449,1133342,4762449,4570641,52051,139757
20261004-205434,PB,04/10/2026 20:53:10,10712,10649,99.411874533,3248531,3229395,2668517,560878,2668517,2499261,52006,117250
20261004-205434,PE,04/10/2026 20:53:10,21418,20286,94.714725931,7223450,6810153,5580665,1229488,5580665,5288233,103682,188750
20261004-205434,PI,04/10/2026 20:53:11,10225,9727,95.129584352,2704758,2572301,2130186,442115,2130186,2040285,27046,62855
20261004-205434,PR,04/10/2026 20:53:21,27142,27111,99.885785867,8613657,8603194,6833249,1769945,6833249,6577302,122388,133559
20261004-205434,RJ,04/10/2026 20:53:43,37675,35394,93.945587259,12857648,11963538,9185142,2778396,9185142,8733271,185816,266055
20261004-205434,RN,04/10/2026 20:53:14,8115,7821,96.377079482,2659825,2557740,2088119,469621,2088119,1993103,31809,63207
20261004-205434,RO,04/10/2026 20:53:38,4698,4698,100.0,1265893,1265893,991080,274813,991080,968059,9846,13175
20261004-205434,RR,04/10/2026 20:53:38,1519,1514,99.670836076,401521,399839,331330,68509,331330,324145,2613,4572
20261004-205434,RS,04/10/2026 20:53:44,27547,27507,99.854793625,8522545,8511670,6694207,1817463,6694207,6414700,148132,131375
20261004-205434,SC,04/10/2026 20:53:17,17326,17235,99.474777791,5734651,5706666,4625686,1080980,4625686,4479209,68638,77839
20261004-205434,SE,04/10/2026 20:53:08,5923,5817,98.210366368,1740135,1701676,1408144,293532,1408144,1334836,24349,48959
20261004-205434,SP,04/10/2026 20:52:26,103656,101905,98.310758663,34122892,33513136,25963641,7549495,25963641,24442625,620652,900364
20261004-205434,TO,04/10/2026 20:53:41,4384,4383,99.977189781,1182023,1181722,964925,216797,964925,930182,8342,26401
20261004-205434,ZZ,04/10/2026 20:53:41,1351,1069,79.126572909,916534,712701,278106,434172,278106,268783,5037,4286
