horario,coleta_id,uf,nome_uf,regiao,numero,candidato,partido,votos,pct_validos
2026-10-04 18:18:19,20261004-181819,AC,Acre,Norte,13,Lula,PT,61525,29.275592649
2026-10-04 18:18:19,20261004-181819,AC,Acre,Norte,14,Renan Santos,MISSÃO,3703,1.762007632
2026-10-04 18:18:19,20261004-181819,AC,Acre,Norte,16,Hertz Dias,PSTU,36,0.017129969
2026-10-04 18:18:19,20261004-181819,AC,Acre,Norte,21,Edmilson Costa,PCB,63,0.029977446
2026-10-04 18:18:19,20261004-181819,AC,Acre,Norte,22,Flavio Bolsonaro,PL,133682,63.610236108
2026-10-04 18:18:19,20261004-181819,AC,Acre,Norte,27,Clariana Barao,DC,89,0.04234909
2026-10-04 18:18:19,20261004-181819,AC,Acre,Norte,29,Rui Costa Pimenta,PCO,21,0.009992482
2026-10-04 18:18:19,20261004-181819,AC,Acre,Norte,30,Zema,NOVO,287,0.136563919
2026-10-04 18:18:19,20261004-181819,AC,Acre,Norte,35,Veterinário Wilson Grassi,DEMOCRATA,13,0.006185822
2026-10-04 18:18:19,20261004-181819,AC,Acre,Norte,55,Ronaldo Caiado,PSD,4189,1.993262212
2026-10-04 18:18:19,20261004-181819,AC,Acre,Norte,70,Escritor Augusto Cury,AVANTE,6384,3.037714481
2026-10-04 18:18:19,20261004-181819,AC,Acre,Norte,80,Samara,UP,166,0.07898819
2026-10-04 18:18:19,20261004-181819,AL,Alagoas,Nordeste,13,Lula,PT,65996,56.577052328
2026-10-04 18:18:19,20261004-181819,AL,Alagoas,Nordeste,14,Renan Santos,MISSÃO,1605,1.375934435
2026-10-04 18:18:19,20261004-181819,AL,Alagoas,Nordeste,16,Hertz Dias,PSTU,24,0.020574721
2026-10-04 18:18:19,20261004-181819,AL,Alagoas,Nordeste,21,Edmilson Costa,PCB,15,0.0128592
2026-10-04 18:18:19,20261004-181819,AL,Alagoas,Nordeste,22,Flavio Bolsonaro,PL,45122,38.68218915
2026-10-04 18:18:19,20261004-181819,AL,Alagoas,Nordeste,27,Clariana Barao,DC,35,0.030004801
2026-10-04 18:18:19,20261004-181819,AL,Alagoas,Nordeste,29,Rui Costa Pimenta,PCO,9,0.00771552
2026-10-04 18:18:19,20261004-181819,AL,Alagoas,Nordeste,30,Zema,NOVO,84,0.072011522
2026-10-04 18:18:19,20261004-181819,AL,Alagoas,Nordeste,35,Veterinário Wilson Grassi,DEMOCRATA,17,0.01457376
2026-10-04 18:18:19,20261004-181819,AL,Alagoas,Nordeste,55,Ronaldo Caiado,PSD,953,0.816987861
2026-10-04 18:18:19,20261004-181819,AL,Alagoas,Nordeste,70,Escritor Augusto Cury,AVANTE,2704,2.318085179
2026-10-04 18:18:19,20261004-181819,AL,Alagoas,Nordeste,80,Samara,UP,84,0.072011522
2026-10-04 18:18:19,20261004-181819,AM,Amazonas,Norte,13,Lula,PT,310417,41.857457811
2026-10-04 18:18:19,20261004-181819,AM,Amazonas,Norte,14,Renan Santos,MISSÃO,14230,1.918811227
2026-10-04 18:18:19,20261004-181819,AM,Amazonas,Norte,16,Hertz Dias,PSTU,235,0.031688028
2026-10-04 18:18:19,20261004-181819,AM,Amazonas,Norte,21,Edmilson Costa,PCB,99,0.013349425
2026-10-04 18:18:19,20261004-181819,AM,Amazonas,Norte,22,Flavio Bolsonaro,PL,372619,50.244941714
2026-10-04 18:18:19,20261004-181819,AM,Amazonas,Norte,27,Clariana Barao,DC,371,0.050026631
2026-10-04 18:18:19,20261004-181819,AM,Amazonas,Norte,29,Rui Costa Pimenta,PCO,90,0.012135841
2026-10-04 18:18:19,20261004-181819,AM,Amazonas,Norte,30,Zema,NOVO,892,0.120279664
2026-10-04 18:18:19,20261004-181819,AM,Amazonas,Norte,35,Veterinário Wilson Grassi,DEMOCRATA,122,0.016450806
2026-10-04 18:18:19,20261004-181819,AM,Amazonas,Norte,55,Ronaldo Caiado,PSD,11075,1.493382596
2026-10-04 18:18:19,20261004-181819,AM,Amazonas,Norte,70,Escritor Augusto Cury,AVANTE,30621,4.129017469
2026-10-04 18:18:19,20261004-181819,AM,Amazonas,Norte,80,Samara,UP,834,0.112458789
2026-10-04 18:18:19,20261004-181819,AP,Amapá,Norte,13,Lula,PT,41956,51.525273862
2026-10-04 18:18:19,20261004-181819,AP,Amapá,Norte,14,Renan Santos,MISSÃO,1624,1.994399961
2026-10-04 18:18:19,20261004-181819,AP,Amapá,Norte,16,Hertz Dias,PSTU,21,0.025789655
2026-10-04 18:18:19,20261004-181819,AP,Amapá,Norte,21,Edmilson Costa,PCB,10,0.012280788
2026-10-04 18:18:19,20261004-181819,AP,Amapá,Norte,22,Flavio Bolsonaro,PL,33363,40.972392789
2026-10-04 18:18:19,20261004-181819,AP,Amapá,Norte,27,Clariana Barao,DC,31,0.038070443
2026-10-04 18:18:19,20261004-181819,AP,Amapá,Norte,29,Rui Costa Pimenta,PCO,9,0.011052709
2026-10-04 18:18:19,20261004-181819,AP,Amapá,Norte,30,Zema,NOVO,46,0.056491625
2026-10-04 18:18:19,20261004-181819,AP,Amapá,Norte,35,Veterinário Wilson Grassi,DEMOCRATA,5,0.006140394
2026-10-04 18:18:19,20261004-181819,AP,Amapá,Norte,55,Ronaldo Caiado,PSD,1255,1.541238886
2026-10-04 18:18:19,20261004-181819,AP,Amapá,Norte,70,Escritor Augusto Cury,AVANTE,3059,3.756693029
2026-10-04 18:18:19,20261004-181819,AP,Amapá,Norte,80,Samara,UP,49,0.060175861
2026-10-04 18:18:19,20261004-181819,BA,Bahia,Nordeste,13,Lula,PT,411816,64.279459624
2026-10-04 18:18:19,20261004-181819,BA,Bahia,Nordeste,14,Renan Santos,MISSÃO,9989,1.559161184
2026-10-04 18:18:19,20261004-181819,BA,Bahia,Nordeste,16,Hertz Dias,PSTU,175,0.027315368
2026-10-04 18:18:19,20261004-181819,BA,Bahia,Nordeste,21,Edmilson Costa,PCB,95,0.014828342
2026-10-04 18:18:19,20261004-181819,BA,Bahia,Nordeste,22,Flavio Bolsonaro,PL,190597,29.749869276
2026-10-04 18:18:19,20261004-181819,BA,Bahia,Nordeste,27,Clariana Barao,DC,133,0.020759679
2026-10-04 18:18:19,20261004-181819,BA,Bahia,Nordeste,29,Rui Costa Pimenta,PCO,101,0.015764869
2026-10-04 18:18:19,20261004-181819,BA,Bahia,Nordeste,30,Zema,NOVO,689,0.107544505
2026-10-04 18:18:19,20261004-181819,BA,Bahia,Nordeste,35,Veterinário Wilson Grassi,DEMOCRATA,59,0.009209181
2026-10-04 18:18:19,20261004-181819,BA,Bahia,Nordeste,55,Ronaldo Caiado,PSD,11243,1.754895304
2026-10-04 18:18:19,20261004-181819,BA,Bahia,Nordeste,70,Escritor Augusto Cury,AVANTE,15318,2.39095315
2026-10-04 18:18:19,20261004-181819,BA,Bahia,Nordeste,80,Samara,UP,450,0.070239517
2026-10-04 18:18:19,20261004-181819,CE,Ceará,Nordeste,13,Lula,PT,319226,60.179543638
2026-10-04 18:18:19,20261004-181819,CE,Ceará,Nordeste,14,Renan Santos,MISSÃO,11654,2.196977695
2026-10-04 18:18:19,20261004-181819,CE,Ceará,Nordeste,16,Hertz Dias,PSTU,192,0.036195274
2026-10-04 18:18:19,20261004-181819,CE,Ceará,Nordeste,21,Edmilson Costa,PCB,89,0.016778017
2026-10-04 18:18:19,20261004-181819,CE,Ceará,Nordeste,22,Flavio Bolsonaro,PL,178895,33.724757567
2026-10-04 18:18:19,20261004-181819,CE,Ceará,Nordeste,27,Clariana Barao,DC,106,0.019982807
2026-10-04 18:18:19,20261004-181819,CE,Ceará,Nordeste,29,Rui Costa Pimenta,PCO,74,0.013950262
2026-10-04 18:18:19,20261004-181819,CE,Ceará,Nordeste,30,Zema,NOVO,704,0.132716003
2026-10-04 18:18:19,20261004-181819,CE,Ceará,Nordeste,35,Veterinário Wilson Grassi,DEMOCRATA,62,0.011688057
2026-10-04 18:18:19,20261004-181819,CE,Ceará,Nordeste,55,Ronaldo Caiado,PSD,5386,1.015352829
2026-10-04 18:18:19,20261004-181819,CE,Ceará,Nordeste,70,Escritor Augusto Cury,AVANTE,13637,2.570807004
2026-10-04 18:18:19,20261004-181819,CE,Ceará,Nordeste,80,Samara,UP,431,0.081250848
2026-10-04 18:18:19,20261004-181819,DF,Distrito Federal,Centro-Oeste,13,Lula,PT,564024,38.18698096
2026-10-04 18:18:19,20261004-181819,DF,Distrito Federal,Centro-Oeste,14,Renan Santos,MISSÃO,39150,2.650632428
2026-10-04 18:18:19,20261004-181819,DF,Distrito Federal,Centro-Oeste,16,Hertz Dias,PSTU,694,0.046986945
2026-10-04 18:18:19,20261004-181819,DF,Distrito Federal,Centro-Oeste,21,Edmilson Costa,PCB,277,0.018754155
2026-10-04 18:18:19,20261004-181819,DF,Distrito Federal,Centro-Oeste,22,Flavio Bolsonaro,PL,755927,51.179683766
2026-10-04 18:18:19,20261004-181819,DF,Distrito Federal,Centro-Oeste,27,Clariana Barao,DC,579,0.039200924
2026-10-04 18:18:19,20261004-181819,DF,Distrito Federal,Centro-Oeste,29,Rui Costa Pimenta,PCO,329,0.022274791
2026-10-04 18:18:19,20261004-181819,DF,Distrito Federal,Centro-Oeste,30,Zema,NOVO,4296,0.290858669
2026-10-04 18:18:19,20261004-181819,DF,Distrito Federal,Centro-Oeste,35,Veterinário Wilson Grassi,DEMOCRATA,280,0.018957269
2026-10-04 18:18:19,20261004-181819,DF,Distrito Federal,Centro-Oeste,55,Ronaldo Caiado,PSD,71039,4.809662249
2026-10-04 18:18:19,20261004-181819,DF,Distrito Federal,Centro-Oeste,70,Escritor Augusto Cury,AVANTE,38468,2.604457937
2026-10-04 18:18:19,20261004-181819,DF,Distrito Federal,Centro-Oeste,80,Samara,UP,1943,0.131549906
2026-10-04 18:18:19,20261004-181819,ES,Espírito Santo,Sudeste,13,Lula,PT,383488,36.207694211
2026-10-04 18:18:19,20261004-181819,ES,Espírito Santo,Sudeste,14,Renan Santos,MISSÃO,25190,2.378358168
2026-10-04 18:18:19,20261004-181819,ES,Espírito Santo,Sudeste,16,Hertz Dias,PSTU,297,0.028041778
2026-10-04 18:18:19,20261004-181819,ES,Espírito Santo,Sudeste,21,Edmilson Costa,PCB,152,0.014351347
2026-10-04 18:18:19,20261004-181819,ES,Espírito Santo,Sudeste,22,Flavio Bolsonaro,PL,595564,56.231222867
2026-10-04 18:18:19,20261004-181819,ES,Espírito Santo,Sudeste,27,Clariana Barao,DC,446,0.042109875
2026-10-04 18:18:19,20261004-181819,ES,Espírito Santo,Sudeste,29,Rui Costa Pimenta,PCO,144,0.013596013
2026-10-04 18:18:19,20261004-181819,ES,Espírito Santo,Sudeste,30,Zema,NOVO,3214,0.303455465
2026-10-04 18:18:19,20261004-181819,ES,Espírito Santo,Sudeste,35,Veterinário Wilson Grassi,DEMOCRATA,152,0.014351347
2026-10-04 18:18:19,20261004-181819,ES,Espírito Santo,Sudeste,55,Ronaldo Caiado,PSD,18942,1.788442256
2026-10-04 18:18:19,20261004-181819,ES,Espírito Santo,Sudeste,70,Escritor Augusto Cury,AVANTE,30639,2.89283509
2026-10-04 18:18:19,20261004-181819,ES,Espírito Santo,Sudeste,80,Samara,UP,906,0.085541584
2026-10-04 18:18:19,20261004-181819,GO,Goiás,Centro-Oeste,13,Lula,PT,228448,28.329084037
2026-10-04 18:18:19,20261004-181819,GO,Goiás,Centro-Oeste,14,Renan Santos,MISSÃO,12006,1.488824516
2026-10-04 18:18:19,20261004-181819,GO,Goiás,Centro-Oeste,16,Hertz Dias,PSTU,151,0.018725013
2026-10-04 18:18:19,20261004-181819,GO,Goiás,Centro-Oeste,21,Edmilson Costa,PCB,98,0.012152657
2026-10-04 18:18:19,20261004-181819,GO,Goiás,Centro-Oeste,22,Flavio Bolsonaro,PL,458614,56.871211595
2026-10-04 18:18:19,20261004-181819,GO,Goiás,Centro-Oeste,27,Clariana Barao,DC,120,0.014880805
2026-10-04 18:18:19,20261004-181819,GO,Goiás,Centro-Oeste,29,Rui Costa Pimenta,PCO,62,0.007688416
2026-10-04 18:18:19,20261004-181819,GO,Goiás,Centro-Oeste,30,Zema,NOVO,675,0.083704527
2026-10-04 18:18:19,20261004-181819,GO,Goiás,Centro-Oeste,35,Veterinário Wilson Grassi,DEMOCRATA,72,0.008928483
2026-10-04 18:18:19,20261004-181819,GO,Goiás,Centro-Oeste,55,Ronaldo Caiado,PSD,93712,11.620916459
2026-10-04 18:18:19,20261004-181819,GO,Goiás,Centro-Oeste,70,Escritor Augusto Cury,AVANTE,11971,1.484484281
2026-10-04 18:18:19,20261004-181819,GO,Goiás,Centro-Oeste,80,Samara,UP,479,0.059399212
2026-10-04 18:18:19,20261004-181819,MA,Maranhão,Nordeste,13,Lula,PT,369481,60.479638839
2026-10-04 18:18:19,20261004-181819,MA,Maranhão,Nordeste,14,Renan Santos,MISSÃO,9406,1.539650166
2026-10-04 18:18:19,20261004-181819,MA,Maranhão,Nordeste,16,Hertz Dias,PSTU,338,0.055326574
2026-10-04 18:18:19,20261004-181819,MA,Maranhão,Nordeste,21,Edmilson Costa,PCB,73,0.011949231
2026-10-04 18:18:19,20261004-181819,MA,Maranhão,Nordeste,22,Flavio Bolsonaro,PL,207665,33.992287017
2026-10-04 18:18:19,20261004-181819,MA,Maranhão,Nordeste,27,Clariana Barao,DC,169,0.027663287
2026-10-04 18:18:19,20261004-181819,MA,Maranhão,Nordeste,29,Rui Costa Pimenta,PCO,43,0.007038588
2026-10-04 18:18:19,20261004-181819,MA,Maranhão,Nordeste,30,Zema,NOVO,883,0.144536583
2026-10-04 18:18:19,20261004-181819,MA,Maranhão,Nordeste,35,Veterinário Wilson Grassi,DEMOCRATA,52,0.008511781
2026-10-04 18:18:19,20261004-181819,MA,Maranhão,Nordeste,55,Ronaldo Caiado,PSD,8838,1.446675331
2026-10-04 18:18:19,20261004-181819,MA,Maranhão,Nordeste,70,Escritor Augusto Cury,AVANTE,13649,2.234178728
2026-10-04 18:18:19,20261004-181819,MA,Maranhão,Nordeste,80,Samara,UP,321,0.052543877
2026-10-04 18:18:19,20261004-181819,MG,Minas Gerais,Sudeste,13,Lula,PT,687286,41.482412318
2026-10-04 18:18:19,20261004-181819,MG,Minas Gerais,Sudeste,14,Renan Santos,MISSÃO,39160,2.363573922
2026-10-04 18:18:19,20261004-181819,MG,Minas Gerais,Sudeste,16,Hertz Dias,PSTU,873,0.052691523
2026-10-04 18:18:19,20261004-181819,MG,Minas Gerais,Sudeste,21,Edmilson Costa,PCB,333,0.020098828
2026-10-04 18:18:19,20261004-181819,MG,Minas Gerais,Sudeste,22,Flavio Bolsonaro,PL,813759,49.115923161
2026-10-04 18:18:19,20261004-181819,MG,Minas Gerais,Sudeste,27,Clariana Barao,DC,528,0.031868412
2026-10-04 18:18:19,20261004-181819,MG,Minas Gerais,Sudeste,29,Rui Costa Pimenta,PCO,317,0.019133119
2026-10-04 18:18:19,20261004-181819,MG,Minas Gerais,Sudeste,30,Zema,NOVO,17240,1.040551951
2026-10-04 18:18:19,20261004-181819,MG,Minas Gerais,Sudeste,35,Veterinário Wilson Grassi,DEMOCRATA,257,0.015511708
2026-10-04 18:18:19,20261004-181819,MG,Minas Gerais,Sudeste,55,Ronaldo Caiado,PSD,35708,2.155222104
2026-10-04 18:18:19,20261004-181819,MG,Minas Gerais,Sudeste,70,Escritor Augusto Cury,AVANTE,59160,3.570710756
2026-10-04 18:18:19,20261004-181819,MG,Minas Gerais,Sudeste,80,Samara,UP,2192,0.132302197
2026-10-04 18:18:19,20261004-181819,MS,Mato Grosso do Sul,Centro-Oeste,13,Lula,PT,313058,32.714964376
2026-10-04 18:18:19,20261004-181819,MS,Mato Grosso do Sul,Centro-Oeste,14,Renan Santos,MISSÃO,21631,2.260467372
2026-10-04 18:18:19,20261004-181819,MS,Mato Grosso do Sul,Centro-Oeste,16,Hertz Dias,PSTU,254,0.026543327
2026-10-04 18:18:19,20261004-181819,MS,Mato Grosso do Sul,Centro-Oeste,21,Edmilson Costa,PCB,209,0.021840769
2026-10-04 18:18:19,20261004-181819,MS,Mato Grosso do Sul,Centro-Oeste,22,Flavio Bolsonaro,PL,575304,60.12000928
2026-10-04 18:18:19,20261004-181819,MS,Mato Grosso do Sul,Centro-Oeste,27,Clariana Barao,DC,433,0.045249058
2026-10-04 18:18:19,20261004-181819,MS,Mato Grosso do Sul,Centro-Oeste,29,Rui Costa Pimenta,PCO,125,0.013062661
2026-10-04 18:18:19,20261004-181819,MS,Mato Grosso do Sul,Centro-Oeste,30,Zema,NOVO,1992,0.208166567
2026-10-04 18:18:19,20261004-181819,MS,Mato Grosso do Sul,Centro-Oeste,35,Veterinário Wilson Grassi,DEMOCRATA,135,0.014107674
2026-10-04 18:18:19,20261004-181819,MS,Mato Grosso do Sul,Centro-Oeste,55,Ronaldo Caiado,PSD,16397,1.713507628
2026-10-04 18:18:19,20261004-181819,MS,Mato Grosso do Sul,Centro-Oeste,70,Escritor Augusto Cury,AVANTE,26493,2.768552636
2026-10-04 18:18:19,20261004-181819,MS,Mato Grosso do Sul,Centro-Oeste,80,Samara,UP,895,0.093528653
2026-10-04 18:18:19,20261004-181819,MT,Mato Grosso,Centro-Oeste,13,Lula,PT,220000,28.777618338
2026-10-04 18:18:19,20261004-181819,MT,Mato Grosso,Centro-Oeste,14,Renan Santos,MISSÃO,13676,1.788921402
2026-10-04 18:18:19,20261004-181819,MT,Mato Grosso,Centro-Oeste,16,Hertz Dias,PSTU,149,0.019490296
2026-10-04 18:18:19,20261004-181819,MT,Mato Grosso,Centro-Oeste,21,Edmilson Costa,PCB,86,0.011249433
2026-10-04 18:18:19,20261004-181819,MT,Mato Grosso,Centro-Oeste,22,Flavio Bolsonaro,PL,497314,65.052329483
2026-10-04 18:18:19,20261004-181819,MT,Mato Grosso,Centro-Oeste,27,Clariana Barao,DC,940,0.122958915
2026-10-04 18:18:19,20261004-181819,MT,Mato Grosso,Centro-Oeste,29,Rui Costa Pimenta,PCO,48,0.006278753
2026-10-04 18:18:19,20261004-181819,MT,Mato Grosso,Centro-Oeste,30,Zema,NOVO,1119,0.146373431
2026-10-04 18:18:19,20261004-181819,MT,Mato Grosso,Centro-Oeste,35,Veterinário Wilson Grassi,DEMOCRATA,85,0.011118625
2026-10-04 18:18:19,20261004-181819,MT,Mato Grosso,Centro-Oeste,55,Ronaldo Caiado,PSD,13638,1.783950722
2026-10-04 18:18:19,20261004-181819,MT,Mato Grosso,Centro-Oeste,70,Escritor Augusto Cury,AVANTE,16709,2.185660113
2026-10-04 18:18:19,20261004-181819,MT,Mato Grosso,Centro-Oeste,80,Samara,UP,719,0.094050489
2026-10-04 18:18:19,20261004-181819,PA,Pará,Norte,13,Lula,PT,690879,47.372524335
2026-10-04 18:18:19,20261004-181819,PA,Pará,Norte,14,Renan Santos,MISSÃO,31170,2.137279587
2026-10-04 18:18:19,20261004-181819,PA,Pará,Norte,16,Hertz Dias,PSTU,500,0.034284241
2026-10-04 18:18:19,20261004-181819,PA,Pará,Norte,21,Edmilson Costa,PCB,234,0.016045025
2026-10-04 18:18:19,20261004-181819,PA,Pará,Norte,22,Flavio Bolsonaro,PL,667481,45.768158991
2026-10-04 18:18:19,20261004-181819,PA,Pará,Norte,27,Clariana Barao,DC,504,0.034558515
2026-10-04 18:18:19,20261004-181819,PA,Pará,Norte,29,Rui Costa Pimenta,PCO,144,0.009873861
2026-10-04 18:18:19,20261004-181819,PA,Pará,Norte,30,Zema,NOVO,1400,0.095995875
2026-10-04 18:18:19,20261004-181819,PA,Pará,Norte,35,Veterinário Wilson Grassi,DEMOCRATA,227,0.015565045
2026-10-04 18:18:19,20261004-181819,PA,Pará,Norte,55,Ronaldo Caiado,PSD,20438,1.401402637
2026-10-04 18:18:19,20261004-181819,PA,Pará,Norte,70,Escritor Augusto Cury,AVANTE,43581,2.988283018
2026-10-04 18:18:19,20261004-181819,PA,Pará,Norte,80,Samara,UP,1838,0.12602887
2026-10-04 18:18:19,20261004-181819,PB,Paraíba,Nordeste,13,Lula,PT,771958,60.683989796
2026-10-04 18:18:19,20261004-181819,PB,Paraíba,Nordeste,14,Renan Santos,MISSÃO,22571,1.77431717
2026-10-04 18:18:19,20261004-181819,PB,Paraíba,Nordeste,16,Hertz Dias,PSTU,356,0.027985331
2026-10-04 18:18:19,20261004-181819,PB,Paraíba,Nordeste,21,Edmilson Costa,PCB,167,0.01312795
2026-10-04 18:18:19,20261004-181819,PB,Paraíba,Nordeste,22,Flavio Bolsonaro,PL,426064,33.493096034
2026-10-04 18:18:19,20261004-181819,PB,Paraíba,Nordeste,27,Clariana Barao,DC,316,0.024840912
2026-10-04 18:18:19,20261004-181819,PB,Paraíba,Nordeste,29,Rui Costa Pimenta,PCO,156,0.012263235
2026-10-04 18:18:19,20261004-181819,PB,Paraíba,Nordeste,30,Zema,NOVO,1067,0.083877383
2026-10-04 18:18:19,20261004-181819,PB,Paraíba,Nordeste,35,Veterinário Wilson Grassi,DEMOCRATA,122,0.009590479
2026-10-04 18:18:19,20261004-181819,PB,Paraíba,Nordeste,55,Ronaldo Caiado,PSD,10346,0.813304038
2026-10-04 18:18:19,20261004-181819,PB,Paraíba,Nordeste,70,Escritor Augusto Cury,AVANTE,38150,2.998989855
2026-10-04 18:18:19,20261004-181819,PB,Paraíba,Nordeste,80,Samara,UP,822,0.064617815
2026-10-04 18:18:19,20261004-181819,PE,Pernambuco,Nordeste,13,Lula,PT,359980,61.111337462
2026-10-04 18:18:19,20261004-181819,PE,Pernambuco,Nordeste,14,Renan Santos,MISSÃO,9507,1.613938233
2026-10-04 18:18:19,20261004-181819,PE,Pernambuco,Nordeste,16,Hertz Dias,PSTU,149,0.025294709
2026-10-04 18:18:19,20261004-181819,PE,Pernambuco,Nordeste,21,Edmilson Costa,PCB,67,0.011374131
2026-10-04 18:18:19,20261004-181819,PE,Pernambuco,Nordeste,22,Flavio Bolsonaro,PL,194949,33.095155639
2026-10-04 18:18:19,20261004-181819,PE,Pernambuco,Nordeste,27,Clariana Barao,DC,103,0.017485604
2026-10-04 18:18:19,20261004-181819,PE,Pernambuco,Nordeste,29,Rui Costa Pimenta,PCO,60,0.010185789
2026-10-04 18:18:19,20261004-181819,PE,Pernambuco,Nordeste,30,Zema,NOVO,965,0.163821436
2026-10-04 18:18:19,20261004-181819,PE,Pernambuco,Nordeste,35,Veterinário Wilson Grassi,DEMOCRATA,53,0.008997447
2026-10-04 18:18:19,20261004-181819,PE,Pernambuco,Nordeste,55,Ronaldo Caiado,PSD,8426,1.430424272
2026-10-04 18:18:19,20261004-181819,PE,Pernambuco,Nordeste,70,Escritor Augusto Cury,AVANTE,14503,2.462074913
2026-10-04 18:18:19,20261004-181819,PE,Pernambuco,Nordeste,80,Samara,UP,294,0.049910365
2026-10-04 18:18:19,20261004-181819,PI,Piauí,Nordeste,13,Lula,PT,362048,67.351376893
2026-10-04 18:18:19,20261004-181819,PI,Piauí,Nordeste,14,Renan Santos,MISSÃO,9164,1.704768478
2026-10-04 18:18:19,20261004-181819,PI,Piauí,Nordeste,16,Hertz Dias,PSTU,135,0.025113896
2026-10-04 18:18:19,20261004-181819,PI,Piauí,Nordeste,21,Edmilson Costa,PCB,93,0.017300684
2026-10-04 18:18:19,20261004-181819,PI,Piauí,Nordeste,22,Flavio Bolsonaro,PL,145953,27.151470279
2026-10-04 18:18:19,20261004-181819,PI,Piauí,Nordeste,27,Clariana Barao,DC,133,0.024741838
2026-10-04 18:18:19,20261004-181819,PI,Piauí,Nordeste,29,Rui Costa Pimenta,PCO,40,0.007441154
2026-10-04 18:18:19,20261004-181819,PI,Piauí,Nordeste,30,Zema,NOVO,471,0.087619593
2026-10-04 18:18:19,20261004-181819,PI,Piauí,Nordeste,35,Veterinário Wilson Grassi,DEMOCRATA,49,0.009115414
2026-10-04 18:18:19,20261004-181819,PI,Piauí,Nordeste,55,Ronaldo Caiado,PSD,6028,1.121381971
2026-10-04 18:18:19,20261004-181819,PI,Piauí,Nordeste,70,Escritor Augusto Cury,AVANTE,13110,2.438838361
2026-10-04 18:18:19,20261004-181819,PI,Piauí,Nordeste,80,Samara,UP,327,0.060831437
2026-10-04 18:18:19,20261004-181819,PR,Paraná,Sul,13,Lula,PT,1104977,30.666180438
2026-10-04 18:18:19,20261004-181819,PR,Paraná,Sul,14,Renan Santos,MISSÃO,99705,2.767090646
2026-10-04 18:18:19,20261004-181819,PR,Paraná,Sul,16,Hertz Dias,PSTU,1190,0.033025805
2026-10-04 18:18:19,20261004-181819,PR,Paraná,Sul,21,Edmilson Costa,PCB,696,0.019315933
2026-10-04 18:18:19,20261004-181819,PR,Paraná,Sul,22,Flavio Bolsonaro,PL,2170810,60.246006167
2026-10-04 18:18:19,20261004-181819,PR,Paraná,Sul,27,Clariana Barao,DC,1362,0.037799282
2026-10-04 18:18:19,20261004-181819,PR,Paraná,Sul,29,Rui Costa Pimenta,PCO,550,0.015264027
2026-10-04 18:18:19,20261004-181819,PR,Paraná,Sul,30,Zema,NOVO,10472,0.290627082
2026-10-04 18:18:19,20261004-181819,PR,Paraná,Sul,35,Veterinário Wilson Grassi,DEMOCRATA,581,0.016124364
2026-10-04 18:18:19,20261004-181819,PR,Paraná,Sul,55,Ronaldo Caiado,PSD,94597,2.62532946
2026-10-04 18:18:19,20261004-181819,PR,Paraná,Sul,70,Escritor Augusto Cury,AVANTE,114378,3.174307145
2026-10-04 18:18:19,20261004-181819,PR,Paraná,Sul,80,Samara,UP,3925,0.10892965
2026-10-04 18:18:19,20261004-181819,RJ,Rio de Janeiro,Sudeste,13,Lula,PT,188106,40.398777552
2026-10-04 18:18:19,20261004-181819,RJ,Rio de Janeiro,Sudeste,14,Renan Santos,MISSÃO,9975,2.142291081
2026-10-04 18:18:19,20261004-181819,RJ,Rio de Janeiro,Sudeste,16,Hertz Dias,PSTU,207,0.044456567
2026-10-04 18:18:19,20261004-181819,RJ,Rio de Janeiro,Sudeste,21,Edmilson Costa,PCB,136,0.029208179
2026-10-04 18:18:19,20261004-181819,RJ,Rio de Janeiro,Sudeste,22,Flavio Bolsonaro,PL,242181,52.012250254
2026-10-04 18:18:19,20261004-181819,RJ,Rio de Janeiro,Sudeste,27,Clariana Barao,DC,200,0.042953205
2026-10-04 18:18:19,20261004-181819,RJ,Rio de Janeiro,Sudeste,29,Rui Costa Pimenta,PCO,86,0.018469878
2026-10-04 18:18:19,20261004-181819,RJ,Rio de Janeiro,Sudeste,30,Zema,NOVO,1342,0.288216003
2026-10-04 18:18:19,20261004-181819,RJ,Rio de Janeiro,Sudeste,35,Veterinário Wilson Grassi,DEMOCRATA,104,0.022335666
2026-10-04 18:18:19,20261004-181819,RJ,Rio de Janeiro,Sudeste,55,Ronaldo Caiado,PSD,10283,2.208439016
2026-10-04 18:18:19,20261004-181819,RJ,Rio de Janeiro,Sudeste,70,Escritor Augusto Cury,AVANTE,12333,2.648709364
2026-10-04 18:18:19,20261004-181819,RJ,Rio de Janeiro,Sudeste,80,Samara,UP,670,0.143893236
2026-10-04 18:18:19,20261004-181819,RN,Rio Grande do Norte,Nordeste,13,Lula,PT,224290,60.541687361
2026-10-04 18:18:19,20261004-181819,RN,Rio Grande do Norte,Nordeste,14,Renan Santos,MISSÃO,6284,1.696214559
2026-10-04 18:18:19,20261004-181819,RN,Rio Grande do Norte,Nordeste,16,Hertz Dias,PSTU,104,0.028072297
2026-10-04 18:18:19,20261004-181819,RN,Rio Grande do Norte,Nordeste,21,Edmilson Costa,PCB,63,0.017005334
2026-10-04 18:18:19,20261004-181819,RN,Rio Grande do Norte,Nordeste,22,Flavio Bolsonaro,PL,125912,33.986913991
2026-10-04 18:18:19,20261004-181819,RN,Rio Grande do Norte,Nordeste,27,Clariana Barao,DC,60,0.016195556
2026-10-04 18:18:19,20261004-181819,RN,Rio Grande do Norte,Nordeste,29,Rui Costa Pimenta,PCO,36,0.009717334
2026-10-04 18:18:19,20261004-181819,RN,Rio Grande do Norte,Nordeste,30,Zema,NOVO,279,0.075309335
2026-10-04 18:18:19,20261004-181819,RN,Rio Grande do Norte,Nordeste,35,Veterinário Wilson Grassi,DEMOCRATA,26,0.007018074
2026-10-04 18:18:19,20261004-181819,RN,Rio Grande do Norte,Nordeste,55,Ronaldo Caiado,PSD,3043,0.821384612
2026-10-04 18:18:19,20261004-181819,RN,Rio Grande do Norte,Nordeste,70,Escritor Augusto Cury,AVANTE,10152,2.740288065
2026-10-04 18:18:19,20261004-181819,RN,Rio Grande do Norte,Nordeste,80,Samara,UP,223,0.060193483
2026-10-04 18:18:19,20261004-181819,RO,Rondônia,Norte,13,Lula,PT,122311,29.20204181
2026-10-04 18:18:19,20261004-181819,RO,Rondônia,Norte,14,Renan Santos,MISSÃO,9590,2.289635282
2026-10-04 18:18:19,20261004-181819,RO,Rondônia,Norte,16,Hertz Dias,PSTU,104,0.024830247
2026-10-04 18:18:19,20261004-181819,RO,Rondônia,Norte,21,Edmilson Costa,PCB,87,0.020771457
2026-10-04 18:18:19,20261004-181819,RO,Rondônia,Norte,22,Flavio Bolsonaro,PL,264319,63.106789163
2026-10-04 18:18:19,20261004-181819,RO,Rondônia,Norte,27,Clariana Barao,DC,205,0.048944237
2026-10-04 18:18:19,20261004-181819,RO,Rondônia,Norte,29,Rui Costa Pimenta,PCO,28,0.006685067
2026-10-04 18:18:19,20261004-181819,RO,Rondônia,Norte,30,Zema,NOVO,587,0.140147644
2026-10-04 18:18:19,20261004-181819,RO,Rondônia,Norte,35,Veterinário Wilson Grassi,DEMOCRATA,70,0.016712666
2026-10-04 18:18:19,20261004-181819,RO,Rondônia,Norte,55,Ronaldo Caiado,PSD,8087,1.930790461
2026-10-04 18:18:19,20261004-181819,RO,Rondônia,Norte,70,Escritor Augusto Cury,AVANTE,12929,3.086829464
2026-10-04 18:18:19,20261004-181819,RO,Rondônia,Norte,80,Samara,UP,527,0.125822502
2026-10-04 18:18:19,20261004-181819,RR,Roraima,Norte,13,Lula,PT,13749,27.633403678
2026-10-04 18:18:19,20261004-181819,RR,Roraima,Norte,14,Renan Santos,MISSÃO,649,1.304391518
2026-10-04 18:18:19,20261004-181819,RR,Roraima,Norte,16,Hertz Dias,PSTU,6,0.01205909
2026-10-04 18:18:19,20261004-181819,RR,Roraima,Norte,21,Edmilson Costa,PCB,5,0.010049241
2026-10-04 18:18:19,20261004-181819,RR,Roraima,Norte,22,Flavio Bolsonaro,PL,33737,67.806250628
2026-10-04 18:18:19,20261004-181819,RR,Roraima,Norte,27,Clariana Barao,DC,12,0.024118179
2026-10-04 18:18:19,20261004-181819,RR,Roraima,Norte,29,Rui Costa Pimenta,PCO,4,0.008039393
2026-10-04 18:18:19,20261004-181819,RR,Roraima,Norte,30,Zema,NOVO,40,0.08039393
2026-10-04 18:18:19,20261004-181819,RR,Roraima,Norte,35,Veterinário Wilson Grassi,DEMOCRATA,2,0.004019697
2026-10-04 18:18:19,20261004-181819,RR,Roraima,Norte,55,Ronaldo Caiado,PSD,501,1.006933976
2026-10-04 18:18:19,20261004-181819,RR,Roraima,Norte,70,Escritor Augusto Cury,AVANTE,1021,2.05205507
2026-10-04 18:18:19,20261004-181819,RR,Roraima,Norte,80,Samara,UP,29,0.058285599
2026-10-04 18:18:19,20261004-181819,RS,Rio Grande do Sul,Sul,13,Lula,PT,713593,33.833603983
2026-10-04 18:18:19,20261004-181819,RS,Rio Grande do Sul,Sul,14,Renan Santos,MISSÃO,53693,2.545747644
2026-10-04 18:18:19,20261004-181819,RS,Rio Grande do Sul,Sul,16,Hertz Dias,PSTU,643,0.030486576
2026-10-04 18:18:19,20261004-181819,RS,Rio Grande do Sul,Sul,21,Edmilson Costa,PCB,328,0.015551473
2026-10-04 18:18:19,20261004-181819,RS,Rio Grande do Sul,Sul,22,Flavio Bolsonaro,PL,1215340,57.622947905
2026-10-04 18:18:19,20261004-181819,RS,Rio Grande do Sul,Sul,27,Clariana Barao,DC,625,0.029633142
2026-10-04 18:18:19,20261004-181819,RS,Rio Grande do Sul,Sul,29,Rui Costa Pimenta,PCO,316,0.014982516
2026-10-04 18:18:19,20261004-181819,RS,Rio Grande do Sul,Sul,30,Zema,NOVO,6307,0.29903396
2026-10-04 18:18:19,20261004-181819,RS,Rio Grande do Sul,Sul,35,Veterinário Wilson Grassi,DEMOCRATA,285,0.013512713
2026-10-04 18:18:19,20261004-181819,RS,Rio Grande do Sul,Sul,55,Ronaldo Caiado,PSD,50844,2.410667931
2026-10-04 18:18:19,20261004-181819,RS,Rio Grande do Sul,Sul,70,Escritor Augusto Cury,AVANTE,65197,3.091187104
2026-10-04 18:18:19,20261004-181819,RS,Rio Grande do Sul,Sul,80,Samara,UP,1954,0.092645054
2026-10-04 18:18:19,20261004-181819,SC,Santa Catarina,Sul,13,Lula,PT,212853,29.380350434
2026-10-04 18:18:19,20261004-181819,SC,Santa Catarina,Sul,14,Renan Santos,MISSÃO,21236,2.931230106
2026-10-04 18:18:19,20261004-181819,SC,Santa Catarina,Sul,16,Hertz Dias,PSTU,281,0.038786761
2026-10-04 18:18:19,20261004-181819,SC,Santa Catarina,Sul,21,Edmilson Costa,PCB,117,0.016149648
2026-10-04 18:18:19,20261004-181819,SC,Santa Catarina,Sul,22,Flavio Bolsonaro,PL,448900,61.962196021
2026-10-04 18:18:19,20261004-181819,SC,Santa Catarina,Sul,27,Clariana Barao,DC,253,0.034921888
2026-10-04 18:18:19,20261004-181819,SC,Santa Catarina,Sul,29,Rui Costa Pimenta,PCO,128,0.017667991
2026-10-04 18:18:19,20261004-181819,SC,Santa Catarina,Sul,30,Zema,NOVO,3071,0.423893749
2026-10-04 18:18:19,20261004-181819,SC,Santa Catarina,Sul,35,Veterinário Wilson Grassi,DEMOCRATA,107,0.014769336
2026-10-04 18:18:19,20261004-181819,SC,Santa Catarina,Sul,55,Ronaldo Caiado,PSD,14041,1.938095777
2026-10-04 18:18:19,20261004-181819,SC,Santa Catarina,Sul,70,Escritor Augusto Cury,AVANTE,22495,3.10501136
2026-10-04 18:18:19,20261004-181819,SC,Santa Catarina,Sul,80,Samara,UP,992,0.136926929
2026-10-04 18:18:19,20261004-181819,SE,Sergipe,Nordeste,13,Lula,PT,91603,57.94797505
2026-10-04 18:18:19,20261004-181819,SE,Sergipe,Nordeste,14,Renan Santos,MISSÃO,2857,1.807335619
2026-10-04 18:18:19,20261004-181819,SE,Sergipe,Nordeste,16,Hertz Dias,PSTU,51,0.032262554
2026-10-04 18:18:19,20261004-181819,SE,Sergipe,Nordeste,21,Edmilson Costa,PCB,28,0.017712775
2026-10-04 18:18:19,20261004-181819,SE,Sergipe,Nordeste,22,Flavio Bolsonaro,PL,55170,34.900492162
2026-10-04 18:18:19,20261004-181819,SE,Sergipe,Nordeste,27,Clariana Barao,DC,70,0.044281937
2026-10-04 18:18:19,20261004-181819,SE,Sergipe,Nordeste,29,Rui Costa Pimenta,PCO,19,0.012019383
2026-10-04 18:18:19,20261004-181819,SE,Sergipe,Nordeste,30,Zema,NOVO,188,0.11892863
2026-10-04 18:18:19,20261004-181819,SE,Sergipe,Nordeste,35,Veterinário Wilson Grassi,DEMOCRATA,9,0.005693392
2026-10-04 18:18:19,20261004-181819,SE,Sergipe,Nordeste,55,Ronaldo Caiado,PSD,3170,2.005339136
2026-10-04 18:18:19,20261004-181819,SE,Sergipe,Nordeste,70,Escritor Augusto Cury,AVANTE,4793,3.03204747
2026-10-04 18:18:19,20261004-181819,SE,Sergipe,Nordeste,80,Samara,UP,120,0.075911892
2026-10-04 18:18:19,20261004-181819,SP,São Paulo,Sudeste,13,Lula,PT,571478,32.810130826
2026-10-04 18:18:19,20261004-181819,SP,São Paulo,Sudeste,14,Renan Santos,MISSÃO,48121,2.762759556
2026-10-04 18:18:19,20261004-181819,SP,São Paulo,Sudeste,16,Hertz Dias,PSTU,874,0.050178755
2026-10-04 18:18:19,20261004-181819,SP,São Paulo,Sudeste,21,Edmilson Costa,PCB,410,0.023539233
2026-10-04 18:18:19,20261004-181819,SP,São Paulo,Sudeste,22,Flavio Bolsonaro,PL,1015436,58.298986148
2026-10-04 18:18:19,20261004-181819,SP,São Paulo,Sudeste,27,Clariana Barao,DC,592,0.033988356
2026-10-04 18:18:19,20261004-181819,SP,São Paulo,Sudeste,29,Rui Costa Pimenta,PCO,248,0.014238365
2026-10-04 18:18:19,20261004-181819,SP,São Paulo,Sudeste,30,Zema,NOVO,5545,0.318353769
2026-10-04 18:18:19,20261004-181819,SP,São Paulo,Sudeste,35,Veterinário Wilson Grassi,DEMOCRATA,310,0.017797956
2026-10-04 18:18:19,20261004-181819,SP,São Paulo,Sudeste,55,Ronaldo Caiado,PSD,38664,2.219807059
2026-10-04 18:18:19,20261004-181819,SP,São Paulo,Sudeste,70,Escritor Augusto Cury,AVANTE,57872,3.322591405
2026-10-04 18:18:19,20261004-181819,SP,São Paulo,Sudeste,80,Samara,UP,2223,0.127628572
2026-10-04 18:18:19,20261004-181819,TO,Tocantins,Norte,13,Lula,PT,257545,43.166691529
2026-10-04 18:18:19,20261004-181819,TO,Tocantins,Norte,14,Renan Santos,MISSÃO,8457,1.417463784
2026-10-04 18:18:19,20261004-181819,TO,Tocantins,Norte,16,Hertz Dias,PSTU,77,0.012905843
2026-10-04 18:18:19,20261004-181819,TO,Tocantins,Norte,21,Edmilson Costa,PCB,71,0.011900193
2026-10-04 18:18:19,20261004-181819,TO,Tocantins,Norte,22,Flavio Bolsonaro,PL,301856,50.593584958
2026-10-04 18:18:19,20261004-181819,TO,Tocantins,Norte,27,Clariana Barao,DC,100,0.016760835
2026-10-04 18:18:19,20261004-181819,TO,Tocantins,Norte,29,Rui Costa Pimenta,PCO,37,0.006201509
2026-10-04 18:18:19,20261004-181819,TO,Tocantins,Norte,30,Zema,NOVO,412,0.069054639
2026-10-04 18:18:19,20261004-181819,TO,Tocantins,Norte,35,Veterinário Wilson Grassi,DEMOCRATA,35,0.005866292
2026-10-04 18:18:19,20261004-181819,TO,Tocantins,Norte,55,Ronaldo Caiado,PSD,13411,2.247795531
2026-10-04 18:18:19,20261004-181819,TO,Tocantins,Norte,70,Escritor Augusto Cury,AVANTE,14362,2.407191068
2026-10-04 18:18:19,20261004-181819,TO,Tocantins,Norte,80,Samara,UP,266,0.04458382
2026-10-04 18:18:19,20261004-181819,ZZ,Exterior,Exterior,13,Lula,PT,114684,52.291193609
2026-10-04 18:18:19,20261004-181819,ZZ,Exterior,Exterior,14,Renan Santos,MISSÃO,6111,2.786365004
2026-10-04 18:18:19,20261004-181819,ZZ,Exterior,Exterior,16,Hertz Dias,PSTU,293,0.133595966
2026-10-04 18:18:19,20261004-181819,ZZ,Exterior,Exterior,21,Edmilson Costa,PCB,333,0.151834323
2026-10-04 18:18:19,20261004-181819,ZZ,Exterior,Exterior,22,Flavio Bolsonaro,PL,83591,38.114062685
2026-10-04 18:18:19,20261004-181819,ZZ,Exterior,Exterior,27,Clariana Barao,DC,691,0.315067619
2026-10-04 18:18:19,20261004-181819,ZZ,Exterior,Exterior,29,Rui Costa Pimenta,PCO,141,0.064290209
2026-10-04 18:18:19,20261004-181819,ZZ,Exterior,Exterior,30,Zema,NOVO,2176,0.992166626
2026-10-04 18:18:19,20261004-181819,ZZ,Exterior,Exterior,35,Veterinário Wilson Grassi,DEMOCRATA,255,0.116269526
2026-10-04 18:18:19,20261004-181819,ZZ,Exterior,Exterior,55,Ronaldo Caiado,PSD,3115,1.420312058
2026-10-04 18:18:19,20261004-181819,ZZ,Exterior,Exterior,70,Escritor Augusto Cury,AVANTE,7068,3.222717698
2026-10-04 18:18:19,20261004-181819,ZZ,Exterior,Exterior,80,Samara,UP,860,0.392124677
2026-10-04 18:22:15,20261004-182215,AC,Acre,Norte,13,Lula,PT,68495,29.11088444
2026-10-04 18:22:15,20261004-182215,AC,Acre,Norte,14,Renan Santos,MISSÃO,4184,1.778231119
2026-10-04 18:22:15,20261004-182215,AC,Acre,Norte,16,Hertz Dias,PSTU,38,0.016150283
2026-10-04 18:22:15,20261004-182215,AC,Acre,Norte,21,Edmilson Costa,PCB,71,0.030175528
2026-10-04 18:22:15,20261004-182215,AC,Acre,Norte,22,Flavio Bolsonaro,PL,150040,63.768115942
2026-10-04 18:22:15,20261004-182215,AC,Acre,Norte,27,Clariana Barao,DC,103,0.043775766
2026-10-04 18:22:15,20261004-182215,AC,Acre,Norte,29,Rui Costa Pimenta,PCO,23,0.009775171
2026-10-04 18:22:15,20261004-182215,AC,Acre,Norte,30,Zema,NOVO,318,0.135152365
2026-10-04 18:22:15,20261004-182215,AC,Acre,Norte,35,Veterinário Wilson Grassi,DEMOCRATA,16,0.006800119
2026-10-04 18:22:15,20261004-182215,AC,Acre,Norte,55,Ronaldo Caiado,PSD,4700,1.997534957
2026-10-04 18:22:15,20261004-182215,AC,Acre,Norte,70,Escritor Augusto Cury,AVANTE,7116,3.024352926
2026-10-04 18:22:15,20261004-182215,AC,Acre,Norte,80,Samara,UP,186,0.079051383
2026-10-04 18:22:15,20261004-182215,AL,Alagoas,Nordeste,13,Lula,PT,82873,56.775161509
2026-10-04 18:22:15,20261004-182215,AL,Alagoas,Nordeste,14,Renan Santos,MISSÃO,1890,1.294813211
2026-10-04 18:22:15,20261004-182215,AL,Alagoas,Nordeste,16,Hertz Dias,PSTU,31,0.021237677
2026-10-04 18:22:15,20261004-182215,AL,Alagoas,Nordeste,21,Edmilson Costa,PCB,20,0.013701727
2026-10-04 18:22:15,20261004-182215,AL,Alagoas,Nordeste,22,Flavio Bolsonaro,PL,56452,38.67449492
2026-10-04 18:22:15,20261004-182215,AL,Alagoas,Nordeste,27,Clariana Barao,DC,50,0.034254318
2026-10-04 18:22:15,20261004-182215,AL,Alagoas,Nordeste,29,Rui Costa Pimenta,PCO,11,0.00753595
2026-10-04 18:22:15,20261004-182215,AL,Alagoas,Nordeste,30,Zema,NOVO,103,0.070563895
2026-10-04 18:22:15,20261004-182215,AL,Alagoas,Nordeste,35,Veterinário Wilson Grassi,DEMOCRATA,20,0.013701727
2026-10-04 18:22:15,20261004-182215,AL,Alagoas,Nordeste,55,Ronaldo Caiado,PSD,1118,0.765926545
2026-10-04 18:22:15,20261004-182215,AL,Alagoas,Nordeste,70,Escritor Augusto Cury,AVANTE,3299,2.260099886
2026-10-04 18:22:15,20261004-182215,AL,Alagoas,Nordeste,80,Samara,UP,100,0.068508636
2026-10-04 18:22:15,20261004-182215,AM,Amazonas,Norte,13,Lula,PT,332708,41.810040955
2026-10-04 18:22:15,20261004-182215,AM,Amazonas,Norte,14,Renan Santos,MISSÃO,15360,1.930227795
2026-10-04 18:22:15,20261004-182215,AM,Amazonas,Norte,16,Hertz Dias,PSTU,247,0.03103947
2026-10-04 18:22:15,20261004-182215,AM,Amazonas,Norte,21,Edmilson Costa,PCB,106,0.013320582
2026-10-04 18:22:15,20261004-182215,AM,Amazonas,Norte,22,Flavio Bolsonaro,PL,400115,50.280800391
2026-10-04 18:22:15,20261004-182215,AM,Amazonas,Norte,27,Clariana Barao,DC,401,0.050392015
2026-10-04 18:22:15,20261004-182215,AM,Amazonas,Norte,29,Rui Costa Pimenta,PCO,99,0.012440921
2026-10-04 18:22:15,20261004-182215,AM,Amazonas,Norte,30,Zema,NOVO,956,0.120136574
2026-10-04 18:22:15,20261004-182215,AM,Amazonas,Norte,35,Veterinário Wilson Grassi,DEMOCRATA,135,0.016964893
2026-10-04 18:22:15,20261004-182215,AM,Amazonas,Norte,55,Ronaldo Caiado,PSD,11824,1.485873271
2026-10-04 18:22:15,20261004-182215,AM,Amazonas,Norte,70,Escritor Augusto Cury,AVANTE,32913,4.136040846
2026-10-04 18:22:15,20261004-182215,AM,Amazonas,Norte,80,Samara,UP,897,0.112722287
2026-10-04 18:22:15,20261004-182215,AP,Amapá,Norte,13,Lula,PT,49913,50.348006779
2026-10-04 18:22:15,20261004-182215,AP,Amapá,Norte,14,Renan Santos,MISSÃO,1948,1.964977405
2026-10-04 18:22:15,20261004-182215,AP,Amapá,Norte,16,Hertz Dias,PSTU,23,0.023200452
2026-10-04 18:22:15,20261004-182215,AP,Amapá,Norte,21,Edmilson Costa,PCB,13,0.013113299
2026-10-04 18:22:15,20261004-182215,AP,Amapá,Norte,22,Flavio Bolsonaro,PL,41705,42.068471595
2026-10-04 18:22:15,20261004-182215,AP,Amapá,Norte,27,Clariana Barao,DC,36,0.036313751
2026-10-04 18:22:15,20261004-182215,AP,Amapá,Norte,29,Rui Costa Pimenta,PCO,12,0.012104584
2026-10-04 18:22:15,20261004-182215,AP,Amapá,Norte,30,Zema,NOVO,63,0.063549064
2026-10-04 18:22:15,20261004-182215,AP,Amapá,Norte,35,Veterinário Wilson Grassi,DEMOCRATA,7,0.007061007
2026-10-04 18:22:15,20261004-182215,AP,Amapá,Norte,55,Ronaldo Caiado,PSD,1570,1.583683021
2026-10-04 18:22:15,20261004-182215,AP,Amapá,Norte,70,Escritor Augusto Cury,AVANTE,3782,3.814961265
2026-10-04 18:22:15,20261004-182215,AP,Amapá,Norte,80,Samara,UP,64,0.064557779
2026-10-04 18:22:15,20261004-182215,BA,Bahia,Nordeste,13,Lula,PT,558694,64.348987878
2026-10-04 18:22:15,20261004-182215,BA,Bahia,Nordeste,14,Renan Santos,MISSÃO,13535,1.558927697
2026-10-04 18:22:15,20261004-182215,BA,Bahia,Nordeste,16,Hertz Dias,PSTU,252,0.029024734
2026-10-04 18:22:15,20261004-182215,BA,Bahia,Nordeste,21,Edmilson Costa,PCB,145,0.01670074
2026-10-04 18:22:15,20261004-182215,BA,Bahia,Nordeste,22,Flavio Bolsonaro,PL,257925,29.707161162
2026-10-04 18:22:15,20261004-182215,BA,Bahia,Nordeste,27,Clariana Barao,DC,186,0.021423018
2026-10-04 18:22:15,20261004-182215,BA,Bahia,Nordeste,29,Rui Costa Pimenta,PCO,130,0.014973077
2026-10-04 18:22:15,20261004-182215,BA,Bahia,Nordeste,30,Zema,NOVO,966,0.111261482
2026-10-04 18:22:15,20261004-182215,BA,Bahia,Nordeste,35,Veterinário Wilson Grassi,DEMOCRATA,78,0.008983846
2026-10-04 18:22:15,20261004-182215,BA,Bahia,Nordeste,55,Ronaldo Caiado,PSD,15131,1.742751015
2026-10-04 18:22:15,20261004-182215,BA,Bahia,Nordeste,70,Escritor Augusto Cury,AVANTE,20575,2.369777419
2026-10-04 18:22:15,20261004-182215,BA,Bahia,Nordeste,80,Samara,UP,608,0.070027931
2026-10-04 18:22:15,20261004-182215,CE,Ceará,Nordeste,13,Lula,PT,382066,60.371997921
2026-10-04 18:22:15,20261004-182215,CE,Ceará,Nordeste,14,Renan Santos,MISSÃO,13812,2.182497357
2026-10-04 18:22:15,20261004-182215,CE,Ceará,Nordeste,16,Hertz Dias,PSTU,221,0.034921222
2026-10-04 18:22:15,20261004-182215,CE,Ceará,Nordeste,21,Edmilson Costa,PCB,107,0.01690756
2026-10-04 18:22:15,20261004-182215,CE,Ceará,Nordeste,22,Flavio Bolsonaro,PL,212500,33.578097915
2026-10-04 18:22:15,20261004-182215,CE,Ceará,Nordeste,27,Clariana Barao,DC,121,0.019119764
2026-10-04 18:22:15,20261004-182215,CE,Ceará,Nordeste,29,Rui Costa Pimenta,PCO,84,0.013273225
2026-10-04 18:22:15,20261004-182215,CE,Ceará,Nordeste,30,Zema,NOVO,834,0.131784158
2026-10-04 18:22:15,20261004-182215,CE,Ceará,Nordeste,35,Veterinário Wilson Grassi,DEMOCRATA,75,0.011851093
2026-10-04 18:22:15,20261004-182215,CE,Ceará,Nordeste,55,Ronaldo Caiado,PSD,6383,1.008607054
2026-10-04 18:22:15,20261004-182215,CE,Ceará,Nordeste,70,Escritor Augusto Cury,AVANTE,16147,2.551461398
2026-10-04 18:22:15,20261004-182215,CE,Ceará,Nordeste,80,Samara,UP,503,0.079481333
2026-10-04 18:22:15,20261004-182215,DF,Distrito Federal,Centro-Oeste,13,Lula,PT,580327,38.184809035
2026-10-04 18:22:15,20261004-182215,DF,Distrito Federal,Centro-Oeste,14,Renan Santos,MISSÃO,40227,2.646887553
2026-10-04 18:22:15,20261004-182215,DF,Distrito Federal,Centro-Oeste,16,Hertz Dias,PSTU,712,0.046848732
2026-10-04 18:22:15,20261004-182215,DF,Distrito Federal,Centro-Oeste,21,Edmilson Costa,PCB,284,0.018686854
2026-10-04 18:22:15,20261004-182215,DF,Distrito Federal,Centro-Oeste,22,Flavio Bolsonaro,PL,778076,51.19645213
2026-10-04 18:22:15,20261004-182215,DF,Distrito Federal,Centro-Oeste,27,Clariana Barao,DC,600,0.039479268
2026-10-04 18:22:15,20261004-182215,DF,Distrito Federal,Centro-Oeste,29,Rui Costa Pimenta,PCO,337,0.022174189
2026-10-04 18:22:15,20261004-182215,DF,Distrito Federal,Centro-Oeste,30,Zema,NOVO,4379,0.288132861
2026-10-04 18:22:15,20261004-182215,DF,Distrito Federal,Centro-Oeste,35,Veterinário Wilson Grassi,DEMOCRATA,285,0.018752653
2026-10-04 18:22:15,20261004-182215,DF,Distrito Federal,Centro-Oeste,55,Ronaldo Caiado,PSD,73024,4.804890165
2026-10-04 18:22:15,20261004-182215,DF,Distrito Federal,Centro-Oeste,70,Escritor Augusto Cury,AVANTE,39550,2.602341779
2026-10-04 18:22:15,20261004-182215,DF,Distrito Federal,Centro-Oeste,80,Samara,UP,1984,0.130544781
2026-10-04 18:22:15,20261004-182215,ES,Espírito Santo,Sudeste,13,Lula,PT,419327,36.121663505
2026-10-04 18:22:15,20261004-182215,ES,Espírito Santo,Sudeste,14,Renan Santos,MISSÃO,27356,2.356500361
2026-10-04 18:22:15,20261004-182215,ES,Espírito Santo,Sudeste,16,Hertz Dias,PSTU,330,0.028426858
2026-10-04 18:22:15,20261004-182215,ES,Espírito Santo,Sudeste,21,Edmilson Costa,PCB,181,0.015591701
2026-10-04 18:22:15,20261004-182215,ES,Espírito Santo,Sudeste,22,Flavio Bolsonaro,PL,654145,56.349354021
2026-10-04 18:22:15,20261004-182215,ES,Espírito Santo,Sudeste,27,Clariana Barao,DC,491,0.042295719
2026-10-04 18:22:15,20261004-182215,ES,Espírito Santo,Sudeste,29,Rui Costa Pimenta,PCO,149,0.012835157
2026-10-04 18:22:15,20261004-182215,ES,Espírito Santo,Sudeste,30,Zema,NOVO,3446,0.296845308
2026-10-04 18:22:15,20261004-182215,ES,Espírito Santo,Sudeste,35,Veterinário Wilson Grassi,DEMOCRATA,166,0.014299571
2026-10-04 18:22:15,20261004-182215,ES,Espírito Santo,Sudeste,55,Ronaldo Caiado,PSD,20772,1.789341479
2026-10-04 18:22:15,20261004-182215,ES,Espírito Santo,Sudeste,70,Escritor Augusto Cury,AVANTE,33544,2.889547014
2026-10-04 18:22:15,20261004-182215,ES,Espírito Santo,Sudeste,80,Samara,UP,967,0.083299307
2026-10-04 18:22:15,20261004-182215,GO,Goiás,Centro-Oeste,13,Lula,PT,273320,28.514942385
2026-10-04 18:22:15,20261004-182215,GO,Goiás,Centro-Oeste,14,Renan Santos,MISSÃO,14194,1.480832329
2026-10-04 18:22:15,20261004-182215,GO,Goiás,Centro-Oeste,16,Hertz Dias,PSTU,170,0.017735768
2026-10-04 18:22:15,20261004-182215,GO,Goiás,Centro-Oeste,21,Edmilson Costa,PCB,117,0.012206382
2026-10-04 18:22:15,20261004-182215,GO,Goiás,Centro-Oeste,22,Flavio Bolsonaro,PL,543214,56.672456873
2026-10-04 18:22:15,20261004-182215,GO,Goiás,Centro-Oeste,27,Clariana Barao,DC,145,0.015127567
2026-10-04 18:22:15,20261004-182215,GO,Goiás,Centro-Oeste,29,Rui Costa Pimenta,PCO,72,0.00751162
2026-10-04 18:22:15,20261004-182215,GO,Goiás,Centro-Oeste,30,Zema,NOVO,783,0.081688862
2026-10-04 18:22:15,20261004-182215,GO,Goiás,Centro-Oeste,35,Veterinário Wilson Grassi,DEMOCRATA,88,0.009180868
2026-10-04 18:22:15,20261004-182215,GO,Goiás,Centro-Oeste,55,Ronaldo Caiado,PSD,111530,11.635707318
2026-10-04 18:22:15,20261004-182215,GO,Goiás,Centro-Oeste,70,Escritor Augusto Cury,AVANTE,14300,1.491891102
2026-10-04 18:22:15,20261004-182215,GO,Goiás,Centro-Oeste,80,Samara,UP,582,0.060718925
2026-10-04 18:22:15,20261004-182215,MA,Maranhão,Nordeste,13,Lula,PT,443291,60.310716016
2026-10-04 18:22:15,20261004-182215,MA,Maranhão,Nordeste,14,Renan Santos,MISSÃO,11480,1.561879262
2026-10-04 18:22:15,20261004-182215,MA,Maranhão,Nordeste,16,Hertz Dias,PSTU,384,0.052244045
2026-10-04 18:22:15,20261004-182215,MA,Maranhão,Nordeste,21,Edmilson Costa,PCB,89,0.012108646
2026-10-04 18:22:15,20261004-182215,MA,Maranhão,Nordeste,22,Flavio Bolsonaro,PL,251214,34.178217498
2026-10-04 18:22:15,20261004-182215,MA,Maranhão,Nordeste,27,Clariana Barao,DC,194,0.026394127
2026-10-04 18:22:15,20261004-182215,MA,Maranhão,Nordeste,29,Rui Costa Pimenta,PCO,54,0.007346819
2026-10-04 18:22:15,20261004-182215,MA,Maranhão,Nordeste,30,Zema,NOVO,1024,0.139317453
2026-10-04 18:22:15,20261004-182215,MA,Maranhão,Nordeste,35,Veterinário Wilson Grassi,DEMOCRATA,58,0.007891028
2026-10-04 18:22:15,20261004-182215,MA,Maranhão,Nordeste,55,Ronaldo Caiado,PSD,10481,1.425963114
2026-10-04 18:22:15,20261004-182215,MA,Maranhão,Nordeste,70,Escritor Augusto Cury,AVANTE,16358,2.225541896
2026-10-04 18:22:15,20261004-182215,MA,Maranhão,Nordeste,80,Samara,UP,385,0.052380097
2026-10-04 18:22:15,20261004-182215,MG,Minas Gerais,Sudeste,13,Lula,PT,929639,41.772985749
2026-10-04 18:22:15,20261004-182215,MG,Minas Gerais,Sudeste,14,Renan Santos,MISSÃO,51218,2.301461948
2026-10-04 18:22:15,20261004-182215,MG,Minas Gerais,Sudeste,16,Hertz Dias,PSTU,1067,0.047945252
2026-10-04 18:22:15,20261004-182215,MG,Minas Gerais,Sudeste,21,Edmilson Costa,PCB,430,0.019321891
2026-10-04 18:22:15,20261004-182215,MG,Minas Gerais,Sudeste,22,Flavio Bolsonaro,PL,1091705,49.055361713
2026-10-04 18:22:15,20261004-182215,MG,Minas Gerais,Sudeste,27,Clariana Barao,DC,698,0.031364373
2026-10-04 18:22:15,20261004-182215,MG,Minas Gerais,Sudeste,29,Rui Costa Pimenta,PCO,389,0.017479572
2026-10-04 18:22:15,20261004-182215,MG,Minas Gerais,Sudeste,30,Zema,NOVO,21915,0.984742446
2026-10-04 18:22:15,20261004-182215,MG,Minas Gerais,Sudeste,35,Veterinário Wilson Grassi,DEMOCRATA,349,0.015682186
2026-10-04 18:22:15,20261004-182215,MG,Minas Gerais,Sudeste,55,Ronaldo Caiado,PSD,46940,2.109231595
2026-10-04 18:22:15,20261004-182215,MG,Minas Gerais,Sudeste,70,Escritor Augusto Cury,AVANTE,78357,3.520942908
2026-10-04 18:22:15,20261004-182215,MG,Minas Gerais,Sudeste,80,Samara,UP,2748,0.123480367
2026-10-04 18:22:15,20261004-182215,MS,Mato Grosso do Sul,Centro-Oeste,13,Lula,PT,343072,33.056538907
2026-10-04 18:22:15,20261004-182215,MS,Mato Grosso do Sul,Centro-Oeste,14,Renan Santos,MISSÃO,23279,2.24303694
2026-10-04 18:22:15,20261004-182215,MS,Mato Grosso do Sul,Centro-Oeste,16,Hertz Dias,PSTU,272,0.02620843
2026-10-04 18:22:15,20261004-182215,MS,Mato Grosso do Sul,Centro-Oeste,21,Edmilson Costa,PCB,218,0.021005286
2026-10-04 18:22:15,20261004-182215,MS,Mato Grosso do Sul,Centro-Oeste,22,Flavio Bolsonaro,PL,621116,59.847335894
2026-10-04 18:22:15,20261004-182215,MS,Mato Grosso do Sul,Centro-Oeste,27,Clariana Barao,DC,453,0.043648599
2026-10-04 18:22:15,20261004-182215,MS,Mato Grosso do Sul,Centro-Oeste,29,Rui Costa Pimenta,PCO,143,0.013778697
2026-10-04 18:22:15,20261004-182215,MS,Mato Grosso do Sul,Centro-Oeste,30,Zema,NOVO,2112,0.203500753
2026-10-04 18:22:15,20261004-182215,MS,Mato Grosso do Sul,Centro-Oeste,35,Veterinário Wilson Grassi,DEMOCRATA,141,0.013585988
2026-10-04 18:22:15,20261004-182215,MS,Mato Grosso do Sul,Centro-Oeste,55,Ronaldo Caiado,PSD,17542,1.690251042
2026-10-04 18:22:15,20261004-182215,MS,Mato Grosso do Sul,Centro-Oeste,70,Escritor Augusto Cury,AVANTE,28531,2.749090895
2026-10-04 18:22:15,20261004-182215,MS,Mato Grosso do Sul,Centro-Oeste,80,Samara,UP,955,0.092018569
2026-10-04 18:22:15,20261004-182215,MT,Mato Grosso,Centro-Oeste,13,Lula,PT,242954,28.810050089
2026-10-04 18:22:15,20261004-182215,MT,Mato Grosso,Centro-Oeste,14,Renan Santos,MISSÃO,14997,1.778379122
2026-10-04 18:22:15,20261004-182215,MT,Mato Grosso,Centro-Oeste,16,Hertz Dias,PSTU,158,0.018736007
2026-10-04 18:22:15,20261004-182215,MT,Mato Grosso,Centro-Oeste,21,Edmilson Costa,PCB,96,0.011383903
2026-10-04 18:22:15,20261004-182215,MT,Mato Grosso,Centro-Oeste,22,Flavio Bolsonaro,PL,548666,65.062089705
2026-10-04 18:22:15,20261004-182215,MT,Mato Grosso,Centro-Oeste,27,Clariana Barao,DC,1010,0.119768148
2026-10-04 18:22:15,20261004-182215,MT,Mato Grosso,Centro-Oeste,29,Rui Costa Pimenta,PCO,56,0.00664061
2026-10-04 18:22:15,20261004-182215,MT,Mato Grosso,Centro-Oeste,30,Zema,NOVO,1205,0.142891701
2026-10-04 18:22:15,20261004-182215,MT,Mato Grosso,Centro-Oeste,35,Veterinário Wilson Grassi,DEMOCRATA,96,0.011383903
2026-10-04 18:22:15,20261004-182215,MT,Mato Grosso,Centro-Oeste,55,Ronaldo Caiado,PSD,15004,1.779209198
2026-10-04 18:22:15,20261004-182215,MT,Mato Grosso,Centro-Oeste,70,Escritor Augusto Cury,AVANTE,18273,2.166854817
2026-10-04 18:22:15,20261004-182215,MT,Mato Grosso,Centro-Oeste,80,Samara,UP,781,0.092612796
2026-10-04 18:22:15,20261004-182215,PA,Pará,Norte,13,Lula,PT,776700,47.141382268
2026-10-04 18:22:15,20261004-182215,PA,Pará,Norte,14,Renan Santos,MISSÃO,34954,2.121513938
2026-10-04 18:22:15,20261004-182215,PA,Pará,Norte,16,Hertz Dias,PSTU,552,0.033503338
2026-10-04 18:22:15,20261004-182215,PA,Pará,Norte,21,Edmilson Costa,PCB,255,0.015477086
2026-10-04 18:22:15,20261004-182215,PA,Pará,Norte,22,Flavio Bolsonaro,PL,759394,46.09100405
2026-10-04 18:22:15,20261004-182215,PA,Pará,Norte,27,Clariana Barao,DC,561,0.034049589
2026-10-04 18:22:15,20261004-182215,PA,Pará,Norte,29,Rui Costa Pimenta,PCO,153,0.009286251
2026-10-04 18:22:15,20261004-182215,PA,Pará,Norte,30,Zema,NOVO,1517,0.092073486
2026-10-04 18:22:15,20261004-182215,PA,Pará,Norte,35,Veterinário Wilson Grassi,DEMOCRATA,251,0.015234308
2026-10-04 18:22:15,20261004-182215,PA,Pará,Norte,55,Ronaldo Caiado,PSD,22550,1.368659933
2026-10-04 18:22:15,20261004-182215,PA,Pará,Norte,70,Escritor Augusto Cury,AVANTE,48731,2.957701428
2026-10-04 18:22:15,20261004-182215,PA,Pará,Norte,80,Samara,UP,1979,0.120114324
2026-10-04 18:22:15,20261004-182215,PB,Paraíba,Nordeste,13,Lula,PT,875518,60.789011961
2026-10-04 18:22:15,20261004-182215,PB,Paraíba,Nordeste,14,Renan Santos,MISSÃO,25521,1.771975418
2026-10-04 18:22:15,20261004-182215,PB,Paraíba,Nordeste,16,Hertz Dias,PSTU,392,0.027217365
2026-10-04 18:22:15,20261004-182215,PB,Paraíba,Nordeste,21,Edmilson Costa,PCB,194,0.013469818
2026-10-04 18:22:15,20261004-182215,PB,Paraíba,Nordeste,22,Flavio Bolsonaro,PL,481284,33.416536077
2026-10-04 18:22:15,20261004-182215,PB,Paraíba,Nordeste,27,Clariana Barao,DC,360,0.024995539
2026-10-04 18:22:15,20261004-182215,PB,Paraíba,Nordeste,29,Rui Costa Pimenta,PCO,173,0.012011745
2026-10-04 18:22:15,20261004-182215,PB,Paraíba,Nordeste,30,Zema,NOVO,1183,0.082138118
2026-10-04 18:22:15,20261004-182215,PB,Paraíba,Nordeste,35,Veterinário Wilson Grassi,DEMOCRATA,133,0.009234463
2026-10-04 18:22:15,20261004-182215,PB,Paraíba,Nordeste,55,Ronaldo Caiado,PSD,11545,0.801593049
2026-10-04 18:22:15,20261004-182215,PB,Paraíba,Nordeste,70,Escritor Augusto Cury,AVANTE,43042,2.988494415
2026-10-04 18:22:15,20261004-182215,PB,Paraíba,Nordeste,80,Samara,UP,912,0.063322032
2026-10-04 18:22:15,20261004-182215,PE,Pernambuco,Nordeste,13,Lula,PT,457416,60.807593372
2026-10-04 18:22:15,20261004-182215,PE,Pernambuco,Nordeste,14,Renan Santos,MISSÃO,12492,1.660651259
2026-10-04 18:22:15,20261004-182215,PE,Pernambuco,Nordeste,16,Hertz Dias,PSTU,188,0.02499219
2026-10-04 18:22:15,20261004-182215,PE,Pernambuco,Nordeste,21,Edmilson Costa,PCB,96,0.012761969
2026-10-04 18:22:15,20261004-182215,PE,Pernambuco,Nordeste,22,Flavio Bolsonaro,PL,250748,33.333732145
2026-10-04 18:22:15,20261004-182215,PE,Pernambuco,Nordeste,27,Clariana Barao,DC,127,0.016883022
2026-10-04 18:22:15,20261004-182215,PE,Pernambuco,Nordeste,29,Rui Costa Pimenta,PCO,87,0.011565535
2026-10-04 18:22:15,20261004-182215,PE,Pernambuco,Nordeste,30,Zema,NOVO,1236,0.164310355
2026-10-04 18:22:15,20261004-182215,PE,Pernambuco,Nordeste,35,Veterinário Wilson Grassi,DEMOCRATA,70,0.009305603
2026-10-04 18:22:15,20261004-182215,PE,Pernambuco,Nordeste,55,Ronaldo Caiado,PSD,10765,1.431068748
2026-10-04 18:22:15,20261004-182215,PE,Pernambuco,Nordeste,70,Escritor Augusto Cury,AVANTE,18632,2.476885548
2026-10-04 18:22:15,20261004-182215,PE,Pernambuco,Nordeste,80,Samara,UP,378,0.050250254
2026-10-04 18:22:15,20261004-182215,PI,Piauí,Nordeste,13,Lula,PT,440214,67.645305239
2026-10-04 18:22:15,20261004-182215,PI,Piauí,Nordeste,14,Renan Santos,MISSÃO,11082,1.702911022
2026-10-04 18:22:15,20261004-182215,PI,Piauí,Nordeste,16,Hertz Dias,PSTU,156,0.023971677
2026-10-04 18:22:15,20261004-182215,PI,Piauí,Nordeste,21,Edmilson Costa,PCB,104,0.015981118
2026-10-04 18:22:15,20261004-182215,PI,Piauí,Nordeste,22,Flavio Bolsonaro,PL,174986,26.889152509
2026-10-04 18:22:15,20261004-182215,PI,Piauí,Nordeste,27,Clariana Barao,DC,161,0.02474
2026-10-04 18:22:15,20261004-182215,PI,Piauí,Nordeste,29,Rui Costa Pimenta,PCO,45,0.006914907
2026-10-04 18:22:15,20261004-182215,PI,Piauí,Nordeste,30,Zema,NOVO,545,0.083747203
2026-10-04 18:22:15,20261004-182215,PI,Piauí,Nordeste,35,Veterinário Wilson Grassi,DEMOCRATA,57,0.008758882
2026-10-04 18:22:15,20261004-182215,PI,Piauí,Nordeste,55,Ronaldo Caiado,PSD,7175,1.102543456
2026-10-04 18:22:15,20261004-182215,PI,Piauí,Nordeste,70,Escritor Augusto Cury,AVANTE,15854,2.436198461
2026-10-04 18:22:15,20261004-182215,PI,Piauí,Nordeste,80,Samara,UP,389,0.059775527
2026-10-04 18:22:15,20261004-182215,PR,Paraná,Sul,13,Lula,PT,1188040,30.674572591
2026-10-04 18:22:15,20261004-182215,PR,Paraná,Sul,14,Renan Santos,MISSÃO,107315,2.770817277
2026-10-04 18:22:15,20261004-182215,PR,Paraná,Sul,16,Hertz Dias,PSTU,1276,0.032945654
2026-10-04 18:22:15,20261004-182215,PR,Paraná,Sul,21,Edmilson Costa,PCB,741,0.019132233
2026-10-04 18:22:15,20261004-182215,PR,Paraná,Sul,22,Flavio Bolsonaro,PL,2332759,60.230619577
2026-10-04 18:22:15,20261004-182215,PR,Paraná,Sul,27,Clariana Barao,DC,1455,0.03756734
2026-10-04 18:22:15,20261004-182215,PR,Paraná,Sul,29,Rui Costa Pimenta,PCO,588,0.015181853
2026-10-04 18:22:15,20261004-182215,PR,Paraná,Sul,30,Zema,NOVO,11164,0.288248652
2026-10-04 18:22:15,20261004-182215,PR,Paraná,Sul,35,Veterinário Wilson Grassi,DEMOCRATA,610,0.015749882
2026-10-04 18:22:15,20261004-182215,PR,Paraná,Sul,55,Ronaldo Caiado,PSD,101833,2.629274899
2026-10-04 18:22:15,20261004-182215,PR,Paraná,Sul,70,Escritor Augusto Cury,AVANTE,123046,3.176983485
2026-10-04 18:22:15,20261004-182215,PR,Paraná,Sul,80,Samara,UP,4218,0.108906558
2026-10-04 18:22:15,20261004-182215,RJ,Rio de Janeiro,Sudeste,13,Lula,PT,227085,40.251094083
2026-10-04 18:22:15,20261004-182215,RJ,Rio de Janeiro,Sudeste,14,Renan Santos,MISSÃO,12094,2.143676297
2026-10-04 18:22:15,20261004-182215,RJ,Rio de Janeiro,Sudeste,16,Hertz Dias,PSTU,249,0.044135555
2026-10-04 18:22:15,20261004-182215,RJ,Rio de Janeiro,Sudeste,21,Edmilson Costa,PCB,173,0.030664462
2026-10-04 18:22:15,20261004-182215,RJ,Rio de Janeiro,Sudeste,22,Flavio Bolsonaro,PL,294473,52.195699531
2026-10-04 18:22:15,20261004-182215,RJ,Rio de Janeiro,Sudeste,27,Clariana Barao,DC,242,0.042894796
2026-10-04 18:22:15,20261004-182215,RJ,Rio de Janeiro,Sudeste,29,Rui Costa Pimenta,PCO,111,0.019674886
2026-10-04 18:22:15,20261004-182215,RJ,Rio de Janeiro,Sudeste,30,Zema,NOVO,1587,0.281297692
2026-10-04 18:22:15,20261004-182215,RJ,Rio de Janeiro,Sudeste,35,Veterinário Wilson Grassi,DEMOCRATA,123,0.0218019
2026-10-04 18:22:15,20261004-182215,RJ,Rio de Janeiro,Sudeste,55,Ronaldo Caiado,PSD,12292,2.178772039
2026-10-04 18:22:15,20261004-182215,RJ,Rio de Janeiro,Sudeste,70,Escritor Augusto Cury,AVANTE,14951,2.650083042
2026-10-04 18:22:15,20261004-182215,RJ,Rio de Janeiro,Sudeste,80,Samara,UP,791,0.140205718
2026-10-04 18:22:15,20261004-182215,RN,Rio Grande do Norte,Nordeste,13,Lula,PT,259408,60.799129995
2026-10-04 18:22:15,20261004-182215,RN,Rio Grande do Norte,Nordeste,14,Renan Santos,MISSÃO,7167,1.679776124
2026-10-04 18:22:15,20261004-182215,RN,Rio Grande do Norte,Nordeste,16,Hertz Dias,PSTU,116,0.02718767
2026-10-04 18:22:15,20261004-182215,RN,Rio Grande do Norte,Nordeste,21,Edmilson Costa,PCB,73,0.017109482
2026-10-04 18:22:15,20261004-182215,RN,Rio Grande do Norte,Nordeste,22,Flavio Bolsonaro,PL,143872,33.720210751
2026-10-04 18:22:15,20261004-182215,RN,Rio Grande do Norte,Nordeste,27,Clariana Barao,DC,68,0.0159376
2026-10-04 18:22:15,20261004-182215,RN,Rio Grande do Norte,Nordeste,29,Rui Costa Pimenta,PCO,41,0.009609435
2026-10-04 18:22:15,20261004-182215,RN,Rio Grande do Norte,Nordeste,30,Zema,NOVO,312,0.073125457
2026-10-04 18:22:15,20261004-182215,RN,Rio Grande do Norte,Nordeste,35,Veterinário Wilson Grassi,DEMOCRATA,30,0.007031294
2026-10-04 18:22:15,20261004-182215,RN,Rio Grande do Norte,Nordeste,55,Ronaldo Caiado,PSD,3457,0.810239439
2026-10-04 18:22:15,20261004-182215,RN,Rio Grande do Norte,Nordeste,70,Escritor Augusto Cury,AVANTE,11864,2.780642379
2026-10-04 18:22:15,20261004-182215,RN,Rio Grande do Norte,Nordeste,80,Samara,UP,256,0.060000375
2026-10-04 18:22:15,20261004-182215,RO,Rondônia,Norte,13,Lula,PT,132347,28.699525314
2026-10-04 18:22:15,20261004-182215,RO,Rondônia,Norte,14,Renan Santos,MISSÃO,10289,2.231175742
2026-10-04 18:22:15,20261004-182215,RO,Rondônia,Norte,16,Hertz Dias,PSTU,109,0.023636715
2026-10-04 18:22:15,20261004-182215,RO,Rondônia,Norte,21,Edmilson Costa,PCB,94,0.020383956
2026-10-04 18:22:15,20261004-182215,RO,Rondônia,Norte,22,Flavio Bolsonaro,PL,294140,63.784433163
2026-10-04 18:22:15,20261004-182215,RO,Rondônia,Norte,27,Clariana Barao,DC,215,0.046622877
2026-10-04 18:22:15,20261004-182215,RO,Rondônia,Norte,29,Rui Costa Pimenta,PCO,31,0.006722368
2026-10-04 18:22:15,20261004-182215,RO,Rondônia,Norte,30,Zema,NOVO,639,0.138567528
2026-10-04 18:22:15,20261004-182215,RO,Rondônia,Norte,35,Veterinário Wilson Grassi,DEMOCRATA,71,0.015396392
2026-10-04 18:22:15,20261004-182215,RO,Rondônia,Norte,55,Ronaldo Caiado,PSD,8705,1.887684404
2026-10-04 18:22:15,20261004-182215,RO,Rondônia,Norte,70,Escritor Augusto Cury,AVANTE,13954,3.025933162
2026-10-04 18:22:15,20261004-182215,RO,Rondônia,Norte,80,Samara,UP,553,0.119918377
2026-10-04 18:22:15,20261004-182215,RR,Roraima,Norte,13,Lula,PT,14649,27.35216685
2026-10-04 18:22:15,20261004-182215,RR,Roraima,Norte,14,Renan Santos,MISSÃO,699,1.305151521
2026-10-04 18:22:15,20261004-182215,RR,Roraima,Norte,16,Hertz Dias,PSTU,7,0.013070187
2026-10-04 18:22:15,20261004-182215,RR,Roraima,Norte,21,Edmilson Costa,PCB,6,0.011203017
2026-10-04 18:22:15,20261004-182215,RR,Roraima,Norte,22,Flavio Bolsonaro,PL,36483,68.119946972
2026-10-04 18:22:15,20261004-182215,RR,Roraima,Norte,27,Clariana Barao,DC,13,0.024273204
2026-10-04 18:22:15,20261004-182215,RR,Roraima,Norte,29,Rui Costa Pimenta,PCO,4,0.007468678
2026-10-04 18:22:15,20261004-182215,RR,Roraima,Norte,30,Zema,NOVO,42,0.078421121
2026-10-04 18:22:15,20261004-182215,RR,Roraima,Norte,35,Veterinário Wilson Grassi,DEMOCRATA,3,0.005601509
2026-10-04 18:22:15,20261004-182215,RR,Roraima,Norte,55,Ronaldo Caiado,PSD,542,1.0120059
2026-10-04 18:22:15,20261004-182215,RR,Roraima,Norte,70,Escritor Augusto Cury,AVANTE,1075,2.007207274
2026-10-04 18:22:15,20261004-182215,RR,Roraima,Norte,80,Samara,UP,34,0.063483765
2026-10-04 18:22:15,20261004-182215,RS,Rio Grande do Sul,Sul,13,Lula,PT,878584,34.176028032
2026-10-04 18:22:15,20261004-182215,RS,Rio Grande do Sul,Sul,14,Renan Santos,MISSÃO,66303,2.579119568
2026-10-04 18:22:15,20261004-182215,RS,Rio Grande do Sul,Sul,16,Hertz Dias,PSTU,807,0.031391483
2026-10-04 18:22:15,20261004-182215,RS,Rio Grande do Sul,Sul,21,Edmilson Costa,PCB,404,0.015715191
2026-10-04 18:22:15,20261004-182215,RS,Rio Grande do Sul,Sul,22,Flavio Bolsonaro,PL,1471544,57.241571659
2026-10-04 18:22:15,20261004-182215,RS,Rio Grande do Sul,Sul,27,Clariana Barao,DC,792,0.030807998
2026-10-04 18:22:15,20261004-182215,RS,Rio Grande do Sul,Sul,29,Rui Costa Pimenta,PCO,404,0.015715191
2026-10-04 18:22:15,20261004-182215,RS,Rio Grande do Sul,Sul,30,Zema,NOVO,7748,0.301389355
2026-10-04 18:22:15,20261004-182215,RS,Rio Grande do Sul,Sul,35,Veterinário Wilson Grassi,DEMOCRATA,368,0.014314827
2026-10-04 18:22:15,20261004-182215,RS,Rio Grande do Sul,Sul,55,Ronaldo Caiado,PSD,61849,2.405863478
2026-10-04 18:22:15,20261004-182215,RS,Rio Grande do Sul,Sul,70,Escritor Augusto Cury,AVANTE,79481,3.091730425
2026-10-04 18:22:15,20261004-182215,RS,Rio Grande do Sul,Sul,80,Samara,UP,2477,0.096352792
2026-10-04 18:22:15,20261004-182215,SC,Santa Catarina,Sul,13,Lula,PT,249177,28.418229034
2026-10-04 18:22:15,20261004-182215,SC,Santa Catarina,Sul,14,Renan Santos,MISSÃO,25541,2.912909248
2026-10-04 18:22:15,20261004-182215,SC,Santa Catarina,Sul,16,Hertz Dias,PSTU,320,0.036495476
2026-10-04 18:22:15,20261004-182215,SC,Santa Catarina,Sul,21,Edmilson Costa,PCB,142,0.016194868
2026-10-04 18:22:15,20261004-182215,SC,Santa Catarina,Sul,22,Flavio Bolsonaro,PL,552424,63.003053075
2026-10-04 18:22:15,20261004-182215,SC,Santa Catarina,Sul,27,Clariana Barao,DC,284,0.032389735
2026-10-04 18:22:15,20261004-182215,SC,Santa Catarina,Sul,29,Rui Costa Pimenta,PCO,145,0.016537013
2026-10-04 18:22:15,20261004-182215,SC,Santa Catarina,Sul,30,Zema,NOVO,3654,0.41673272
2026-10-04 18:22:15,20261004-182215,SC,Santa Catarina,Sul,35,Veterinário Wilson Grassi,DEMOCRATA,134,0.015282481
2026-10-04 18:22:15,20261004-182215,SC,Santa Catarina,Sul,55,Ronaldo Caiado,PSD,16838,1.920346342
2026-10-04 18:22:15,20261004-182215,SC,Santa Catarina,Sul,70,Escritor Augusto Cury,AVANTE,27012,3.080674391
2026-10-04 18:22:15,20261004-182215,SC,Santa Catarina,Sul,80,Samara,UP,1150,0.131155618
2026-10-04 18:22:15,20261004-182215,SE,Sergipe,Nordeste,13,Lula,PT,136694,57.906709763
2026-10-04 18:22:15,20261004-182215,SE,Sergipe,Nordeste,14,Renan Santos,MISSÃO,4276,1.811411554
2026-10-04 18:22:15,20261004-182215,SE,Sergipe,Nordeste,16,Hertz Dias,PSTU,75,0.031771718
2026-10-04 18:22:15,20261004-182215,SE,Sergipe,Nordeste,21,Edmilson Costa,PCB,46,0.019486654
2026-10-04 18:22:15,20261004-182215,SE,Sergipe,Nordeste,22,Flavio Bolsonaro,PL,82253,34.844255038
2026-10-04 18:22:15,20261004-182215,SE,Sergipe,Nordeste,27,Clariana Barao,DC,102,0.043209537
2026-10-04 18:22:15,20261004-182215,SE,Sergipe,Nordeste,29,Rui Costa Pimenta,PCO,26,0.011014196
2026-10-04 18:22:15,20261004-182215,SE,Sergipe,Nordeste,30,Zema,NOVO,307,0.130052233
2026-10-04 18:22:15,20261004-182215,SE,Sergipe,Nordeste,35,Veterinário Wilson Grassi,DEMOCRATA,14,0.005930721
2026-10-04 18:22:15,20261004-182215,SE,Sergipe,Nordeste,55,Ronaldo Caiado,PSD,4881,2.067703413
2026-10-04 18:22:15,20261004-182215,SE,Sergipe,Nordeste,70,Escritor Augusto Cury,AVANTE,7203,3.051355805
2026-10-04 18:22:15,20261004-182215,SE,Sergipe,Nordeste,80,Samara,UP,182,0.077099369
2026-10-04 18:22:15,20261004-182215,SP,São Paulo,Sudeste,13,Lula,PT,929766,33.810361229
2026-10-04 18:22:15,20261004-182215,SP,São Paulo,Sudeste,14,Renan Santos,MISSÃO,79336,2.885004204
2026-10-04 18:22:15,20261004-182215,SP,São Paulo,Sudeste,16,Hertz Dias,PSTU,1479,0.053782913
2026-10-04 18:22:15,20261004-182215,SP,São Paulo,Sudeste,21,Edmilson Costa,PCB,659,0.023964124
2026-10-04 18:22:15,20261004-182215,SP,São Paulo,Sudeste,22,Flavio Bolsonaro,PL,1569040,57.057161891
2026-10-04 18:22:15,20261004-182215,SP,São Paulo,Sudeste,27,Clariana Barao,DC,965,0.035091624
2026-10-04 18:22:15,20261004-182215,SP,São Paulo,Sudeste,29,Rui Costa Pimenta,PCO,427,0.015527589
2026-10-04 18:22:15,20261004-182215,SP,São Paulo,Sudeste,30,Zema,NOVO,9035,0.328552145
2026-10-04 18:22:15,20261004-182215,SP,São Paulo,Sudeste,35,Veterinário Wilson Grassi,DEMOCRATA,521,0.01894584
2026-10-04 18:22:15,20261004-182215,SP,São Paulo,Sudeste,55,Ronaldo Caiado,PSD,61502,2.236481907
2026-10-04 18:22:15,20261004-182215,SP,São Paulo,Sudeste,70,Escritor Augusto Cury,AVANTE,93426,3.397378274
2026-10-04 18:22:15,20261004-182215,SP,São Paulo,Sudeste,80,Samara,UP,3788,0.13774826
2026-10-04 18:22:15,20261004-182215,TO,Tocantins,Norte,13,Lula,PT,257545,43.166691529
2026-10-04 18:22:15,20261004-182215,TO,Tocantins,Norte,14,Renan Santos,MISSÃO,8457,1.417463784
2026-10-04 18:22:15,20261004-182215,TO,Tocantins,Norte,16,Hertz Dias,PSTU,77,0.012905843
2026-10-04 18:22:15,20261004-182215,TO,Tocantins,Norte,21,Edmilson Costa,PCB,71,0.011900193
2026-10-04 18:22:15,20261004-182215,TO,Tocantins,Norte,22,Flavio Bolsonaro,PL,301856,50.593584958
2026-10-04 18:22:15,20261004-182215,TO,Tocantins,Norte,27,Clariana Barao,DC,100,0.016760835
2026-10-04 18:22:15,20261004-182215,TO,Tocantins,Norte,29,Rui Costa Pimenta,PCO,37,0.006201509
2026-10-04 18:22:15,20261004-182215,TO,Tocantins,Norte,30,Zema,NOVO,412,0.069054639
2026-10-04 18:22:15,20261004-182215,TO,Tocantins,Norte,35,Veterinário Wilson Grassi,DEMOCRATA,35,0.005866292
2026-10-04 18:22:15,20261004-182215,TO,Tocantins,Norte,55,Ronaldo Caiado,PSD,13411,2.247795531
2026-10-04 18:22:15,20261004-182215,TO,Tocantins,Norte,70,Escritor Augusto Cury,AVANTE,14362,2.407191068
2026-10-04 18:22:15,20261004-182215,TO,Tocantins,Norte,80,Samara,UP,266,0.04458382
2026-10-04 18:22:15,20261004-182215,ZZ,Exterior,Exterior,13,Lula,PT,114684,52.291193609
2026-10-04 18:22:15,20261004-182215,ZZ,Exterior,Exterior,14,Renan Santos,MISSÃO,6111,2.786365004
2026-10-04 18:22:15,20261004-182215,ZZ,Exterior,Exterior,16,Hertz Dias,PSTU,293,0.133595966
2026-10-04 18:22:15,20261004-182215,ZZ,Exterior,Exterior,21,Edmilson Costa,PCB,333,0.151834323
2026-10-04 18:22:15,20261004-182215,ZZ,Exterior,Exterior,22,Flavio Bolsonaro,PL,83591,38.114062685
2026-10-04 18:22:15,20261004-182215,ZZ,Exterior,Exterior,27,Clariana Barao,DC,691,0.315067619
2026-10-04 18:22:15,20261004-182215,ZZ,Exterior,Exterior,29,Rui Costa Pimenta,PCO,141,0.064290209
2026-10-04 18:22:15,20261004-182215,ZZ,Exterior,Exterior,30,Zema,NOVO,2176,0.992166626
2026-10-04 18:22:15,20261004-182215,ZZ,Exterior,Exterior,35,Veterinário Wilson Grassi,DEMOCRATA,255,0.116269526
2026-10-04 18:22:15,20261004-182215,ZZ,Exterior,Exterior,55,Ronaldo Caiado,PSD,3115,1.420312058
2026-10-04 18:22:15,20261004-182215,ZZ,Exterior,Exterior,70,Escritor Augusto Cury,AVANTE,7068,3.222717698
2026-10-04 18:22:15,20261004-182215,ZZ,Exterior,Exterior,80,Samara,UP,860,0.392124677
2026-10-04 18:27:47,20261004-182747,AC,Acre,Norte,13,Lula,PT,83517,28.721615236
2026-10-04 18:27:47,20261004-182747,AC,Acre,Norte,14,Renan Santos,MISSÃO,5076,1.745643629
2026-10-04 18:27:47,20261004-182747,AC,Acre,Norte,16,Hertz Dias,PSTU,47,0.016163367
2026-10-04 18:27:47,20261004-182747,AC,Acre,Norte,21,Edmilson Costa,PCB,83,0.028543818
2026-10-04 18:27:47,20261004-182747,AC,Acre,Norte,22,Flavio Bolsonaro,PL,186889,64.271393248
2026-10-04 18:27:47,20261004-182747,AC,Acre,Norte,27,Clariana Barao,DC,126,0.043331579
2026-10-04 18:27:47,20261004-182747,AC,Acre,Norte,29,Rui Costa Pimenta,PCO,24,0.008253634
2026-10-04 18:27:47,20261004-182747,AC,Acre,Norte,30,Zema,NOVO,392,0.134809358
2026-10-04 18:27:47,20261004-182747,AC,Acre,Norte,35,Veterinário Wilson Grassi,DEMOCRATA,19,0.006534127
2026-10-04 18:27:47,20261004-182747,AC,Acre,Norte,55,Ronaldo Caiado,PSD,5677,1.952328385
2026-10-04 18:27:47,20261004-182747,AC,Acre,Norte,70,Escritor Augusto Cury,AVANTE,8717,2.997788714
2026-10-04 18:27:47,20261004-182747,AC,Acre,Norte,80,Samara,UP,214,0.073594905
2026-10-04 18:27:47,20261004-182747,AL,Alagoas,Nordeste,13,Lula,PT,107473,57.382896135
2026-10-04 18:27:47,20261004-182747,AL,Alagoas,Nordeste,14,Renan Santos,MISSÃO,2480,1.324142644
2026-10-04 18:27:47,20261004-182747,AL,Alagoas,Nordeste,16,Hertz Dias,PSTU,41,0.021891068
2026-10-04 18:27:47,20261004-182747,AL,Alagoas,Nordeste,21,Edmilson Costa,PCB,27,0.014416069
2026-10-04 18:27:47,20261004-182747,AL,Alagoas,Nordeste,22,Flavio Bolsonaro,PL,71227,38.030124245
2026-10-04 18:27:47,20261004-182747,AL,Alagoas,Nordeste,27,Clariana Barao,DC,62,0.033103566
2026-10-04 18:27:47,20261004-182747,AL,Alagoas,Nordeste,29,Rui Costa Pimenta,PCO,12,0.006407142
2026-10-04 18:27:47,20261004-182747,AL,Alagoas,Nordeste,30,Zema,NOVO,124,0.066207132
2026-10-04 18:27:47,20261004-182747,AL,Alagoas,Nordeste,35,Veterinário Wilson Grassi,DEMOCRATA,22,0.011746427
2026-10-04 18:27:47,20261004-182747,AL,Alagoas,Nordeste,55,Ronaldo Caiado,PSD,1420,0.75817845
2026-10-04 18:27:47,20261004-182747,AL,Alagoas,Nordeste,70,Escritor Augusto Cury,AVANTE,4266,2.27773892
2026-10-04 18:27:47,20261004-182747,AL,Alagoas,Nordeste,80,Samara,UP,137,0.073148203
2026-10-04 18:27:47,20261004-182747,AM,Amazonas,Norte,13,Lula,PT,391246,42.003746826
2026-10-04 18:27:47,20261004-182747,AM,Amazonas,Norte,14,Renan Santos,MISSÃO,18008,1.933319377
2026-10-04 18:27:47,20261004-182747,AM,Amazonas,Norte,16,Hertz Dias,PSTU,280,0.030060497
2026-10-04 18:27:47,20261004-182747,AM,Amazonas,Norte,21,Edmilson Costa,PCB,130,0.013956659
2026-10-04 18:27:47,20261004-182747,AM,Amazonas,Norte,22,Flavio Bolsonaro,PL,466827,50.118041129
2026-10-04 18:27:47,20261004-182747,AM,Amazonas,Norte,27,Clariana Barao,DC,467,0.050136614
2026-10-04 18:27:47,20261004-182747,AM,Amazonas,Norte,29,Rui Costa Pimenta,PCO,111,0.01191684
2026-10-04 18:27:47,20261004-182747,AM,Amazonas,Norte,30,Zema,NOVO,1101,0.118202168
2026-10-04 18:27:47,20261004-182747,AM,Amazonas,Norte,35,Veterinário Wilson Grassi,DEMOCRATA,156,0.016747991
2026-10-04 18:27:47,20261004-182747,AM,Amazonas,Norte,55,Ronaldo Caiado,PSD,13680,1.468669984
2026-10-04 18:27:47,20261004-182747,AM,Amazonas,Norte,70,Escritor Augusto Cury,AVANTE,38402,4.122797129
2026-10-04 18:27:47,20261004-182747,AM,Amazonas,Norte,80,Samara,UP,1047,0.112404786
2026-10-04 18:27:47,20261004-182747,AP,Amapá,Norte,13,Lula,PT,55730,49.983855923
2026-10-04 18:27:47,20261004-182747,AP,Amapá,Norte,14,Renan Santos,MISSÃO,2250,2.018009615
2026-10-04 18:27:47,20261004-182747,AP,Amapá,Norte,16,Hertz Dias,PSTU,25,0.022422329
2026-10-04 18:27:47,20261004-182747,AP,Amapá,Norte,21,Edmilson Costa,PCB,14,0.012556504
2026-10-04 18:27:47,20261004-182747,AP,Amapá,Norte,22,Flavio Bolsonaro,PL,47260,42.38717084
2026-10-04 18:27:47,20261004-182747,AP,Amapá,Norte,27,Clariana Barao,DC,39,0.034978833
2026-10-04 18:27:47,20261004-182747,AP,Amapá,Norte,29,Rui Costa Pimenta,PCO,12,0.010762718
2026-10-04 18:27:47,20261004-182747,AP,Amapá,Norte,30,Zema,NOVO,68,0.060988735
2026-10-04 18:27:47,20261004-182747,AP,Amapá,Norte,35,Veterinário Wilson Grassi,DEMOCRATA,7,0.006278252
2026-10-04 18:27:47,20261004-182747,AP,Amapá,Norte,55,Ronaldo Caiado,PSD,1776,1.592882256
2026-10-04 18:27:47,20261004-182747,AP,Amapá,Norte,70,Escritor Augusto Cury,AVANTE,4242,3.804620794
2026-10-04 18:27:47,20261004-182747,AP,Amapá,Norte,80,Samara,UP,73,0.065473201
2026-10-04 18:27:47,20261004-182747,BA,Bahia,Nordeste,13,Lula,PT,749548,64.500273216
2026-10-04 18:27:47,20261004-182747,BA,Bahia,Nordeste,14,Renan Santos,MISSÃO,17937,1.543518762
2026-10-04 18:27:47,20261004-182747,BA,Bahia,Nordeste,16,Hertz Dias,PSTU,316,0.027192503
2026-10-04 18:27:47,20261004-182747,BA,Bahia,Nordeste,21,Edmilson Costa,PCB,188,0.016177818
2026-10-04 18:27:47,20261004-182747,BA,Bahia,Nordeste,22,Flavio Bolsonaro,PL,343940,29.596802299
2026-10-04 18:27:47,20261004-182747,BA,Bahia,Nordeste,27,Clariana Barao,DC,244,0.020996743
2026-10-04 18:27:47,20261004-182747,BA,Bahia,Nordeste,29,Rui Costa Pimenta,PCO,163,0.014026513
2026-10-04 18:27:47,20261004-182747,BA,Bahia,Nordeste,30,Zema,NOVO,1212,0.104295297
2026-10-04 18:27:47,20261004-182747,BA,Bahia,Nordeste,35,Veterinário Wilson Grassi,DEMOCRATA,108,0.00929364
2026-10-04 18:27:47,20261004-182747,BA,Bahia,Nordeste,55,Ronaldo Caiado,PSD,19976,1.718979249
2026-10-04 18:27:47,20261004-182747,BA,Bahia,Nordeste,70,Escritor Augusto Cury,AVANTE,27657,2.379946389
2026-10-04 18:27:47,20261004-182747,BA,Bahia,Nordeste,80,Samara,UP,796,0.068497571
2026-10-04 18:27:47,20261004-182747,CE,Ceará,Nordeste,13,Lula,PT,489203,60.633324327
2026-10-04 18:27:47,20261004-182747,CE,Ceará,Nordeste,14,Renan Santos,MISSÃO,17554,2.175696746
2026-10-04 18:27:47,20261004-182747,CE,Ceará,Nordeste,16,Hertz Dias,PSTU,263,0.032597029
2026-10-04 18:27:47,20261004-182747,CE,Ceará,Nordeste,21,Edmilson Costa,PCB,140,0.017352031
2026-10-04 18:27:47,20261004-182747,CE,Ceará,Nordeste,22,Flavio Bolsonaro,PL,268953,33.334861965
2026-10-04 18:27:47,20261004-182747,CE,Ceará,Nordeste,27,Clariana Barao,DC,156,0.01933512
2026-10-04 18:27:47,20261004-182747,CE,Ceará,Nordeste,29,Rui Costa Pimenta,PCO,103,0.012766137
2026-10-04 18:27:47,20261004-182747,CE,Ceará,Nordeste,30,Zema,NOVO,1008,0.12493462
2026-10-04 18:27:47,20261004-182747,CE,Ceará,Nordeste,35,Veterinário Wilson Grassi,DEMOCRATA,85,0.010535161
2026-10-04 18:27:47,20261004-182747,CE,Ceará,Nordeste,55,Ronaldo Caiado,PSD,8051,0.9978657
2026-10-04 18:27:47,20261004-182747,CE,Ceará,Nordeste,70,Escritor Augusto Cury,AVANTE,20668,2.561655483
2026-10-04 18:27:47,20261004-182747,CE,Ceará,Nordeste,80,Samara,UP,638,0.079075682
2026-10-04 18:27:47,20261004-182747,DF,Distrito Federal,Centro-Oeste,13,Lula,PT,596859,38.150021892
2026-10-04 18:27:47,20261004-182747,DF,Distrito Federal,Centro-Oeste,14,Renan Santos,MISSÃO,41366,2.644031179
2026-10-04 18:27:47,20261004-182747,DF,Distrito Federal,Centro-Oeste,16,Hertz Dias,PSTU,730,0.046660126
2026-10-04 18:27:47,20261004-182747,DF,Distrito Federal,Centro-Oeste,21,Edmilson Costa,PCB,292,0.01866405
2026-10-04 18:27:47,20261004-182747,DF,Distrito Federal,Centro-Oeste,22,Flavio Bolsonaro,PL,801690,51.242405745
2026-10-04 18:27:47,20261004-182747,DF,Distrito Federal,Centro-Oeste,27,Clariana Barao,DC,628,0.040140492
2026-10-04 18:27:47,20261004-182747,DF,Distrito Federal,Centro-Oeste,29,Rui Costa Pimenta,PCO,345,0.022051703
2026-10-04 18:27:47,20261004-182747,DF,Distrito Federal,Centro-Oeste,30,Zema,NOVO,4483,0.286544306
2026-10-04 18:27:47,20261004-182747,DF,Distrito Federal,Centro-Oeste,35,Veterinário Wilson Grassi,DEMOCRATA,291,0.018600132
2026-10-04 18:27:47,20261004-182747,DF,Distrito Federal,Centro-Oeste,55,Ronaldo Caiado,PSD,75098,4.800112496
2026-10-04 18:27:47,20261004-182747,DF,Distrito Federal,Centro-Oeste,70,Escritor Augusto Cury,AVANTE,40688,2.600694788
2026-10-04 18:27:47,20261004-182747,DF,Distrito Federal,Centro-Oeste,80,Samara,UP,2035,0.13007309
2026-10-04 18:27:47,20261004-182747,ES,Espírito Santo,Sudeste,13,Lula,PT,517976,36.378551111
2026-10-04 18:27:47,20261004-182747,ES,Espírito Santo,Sudeste,14,Renan Santos,MISSÃO,33534,2.355163816
2026-10-04 18:27:47,20261004-182747,ES,Espírito Santo,Sudeste,16,Hertz Dias,PSTU,405,0.028444007
2026-10-04 18:27:47,20261004-182747,ES,Espírito Santo,Sudeste,21,Edmilson Costa,PCB,230,0.016153387
2026-10-04 18:27:47,20261004-182747,ES,Espírito Santo,Sudeste,22,Flavio Bolsonaro,PL,799068,56.120237385
2026-10-04 18:27:47,20261004-182747,ES,Espírito Santo,Sudeste,27,Clariana Barao,DC,617,0.043333216
2026-10-04 18:27:47,20261004-182747,ES,Espírito Santo,Sudeste,29,Rui Costa Pimenta,PCO,184,0.01292271
2026-10-04 18:27:47,20261004-182747,ES,Espírito Santo,Sudeste,30,Zema,NOVO,4082,0.286687502
2026-10-04 18:27:47,20261004-182747,ES,Espírito Santo,Sudeste,35,Veterinário Wilson Grassi,DEMOCRATA,205,0.014397584
2026-10-04 18:27:47,20261004-182747,ES,Espírito Santo,Sudeste,55,Ronaldo Caiado,PSD,25303,1.77708326
2026-10-04 18:27:47,20261004-182747,ES,Espírito Santo,Sudeste,70,Escritor Augusto Cury,AVANTE,41059,2.883660498
2026-10-04 18:27:47,20261004-182747,ES,Espírito Santo,Sudeste,80,Samara,UP,1187,0.083365523
2026-10-04 18:27:47,20261004-182747,GO,Goiás,Centro-Oeste,13,Lula,PT,362163,28.810479749
2026-10-04 18:27:47,20261004-182747,GO,Goiás,Centro-Oeste,14,Renan Santos,MISSÃO,18517,1.473048471
2026-10-04 18:27:47,20261004-182747,GO,Goiás,Centro-Oeste,16,Hertz Dias,PSTU,228,0.01813766
2026-10-04 18:27:47,20261004-182747,GO,Goiás,Centro-Oeste,21,Edmilson Costa,PCB,159,0.012648631
2026-10-04 18:27:47,20261004-182747,GO,Goiás,Centro-Oeste,22,Flavio Bolsonaro,PL,708060,56.326980644
2026-10-04 18:27:47,20261004-182747,GO,Goiás,Centro-Oeste,27,Clariana Barao,DC,192,0.015273819
2026-10-04 18:27:47,20261004-182747,GO,Goiás,Centro-Oeste,29,Rui Costa Pimenta,PCO,101,0.008034665
2026-10-04 18:27:47,20261004-182747,GO,Goiás,Centro-Oeste,30,Zema,NOVO,1011,0.080426203
2026-10-04 18:27:47,20261004-182747,GO,Goiás,Centro-Oeste,35,Veterinário Wilson Grassi,DEMOCRATA,121,0.009625688
2026-10-04 18:27:47,20261004-182747,GO,Goiás,Centro-Oeste,55,Ronaldo Caiado,PSD,147167,11.707302715
2026-10-04 18:27:47,20261004-182747,GO,Goiás,Centro-Oeste,70,Escritor Augusto Cury,AVANTE,18580,1.478060193
2026-10-04 18:27:47,20261004-182747,GO,Goiás,Centro-Oeste,80,Samara,UP,754,0.05998156
2026-10-04 18:27:47,20261004-182747,MA,Maranhão,Nordeste,13,Lula,PT,553537,60.491351462
2026-10-04 18:27:47,20261004-182747,MA,Maranhão,Nordeste,14,Renan Santos,MISSÃO,14398,1.57343498
2026-10-04 18:27:47,20261004-182747,MA,Maranhão,Nordeste,16,Hertz Dias,PSTU,472,0.051580866
2026-10-04 18:27:47,20261004-182747,MA,Maranhão,Nordeste,21,Edmilson Costa,PCB,103,0.011255994
2026-10-04 18:27:47,20261004-182747,MA,Maranhão,Nordeste,22,Flavio Bolsonaro,PL,310884,33.973868609
2026-10-04 18:27:47,20261004-182747,MA,Maranhão,Nordeste,27,Clariana Barao,DC,226,0.024697618
2026-10-04 18:27:47,20261004-182747,MA,Maranhão,Nordeste,29,Rui Costa Pimenta,PCO,69,0.007540423
2026-10-04 18:27:47,20261004-182747,MA,Maranhão,Nordeste,30,Zema,NOVO,1245,0.136055463
2026-10-04 18:27:47,20261004-182747,MA,Maranhão,Nordeste,35,Veterinário Wilson Grassi,DEMOCRATA,73,0.007977549
2026-10-04 18:27:47,20261004-182747,MA,Maranhão,Nordeste,55,Ronaldo Caiado,PSD,12970,1.417381003
2026-10-04 18:27:47,20261004-182747,MA,Maranhão,Nordeste,70,Escritor Augusto Cury,AVANTE,20619,2.253275166
2026-10-04 18:27:47,20261004-182747,MA,Maranhão,Nordeste,80,Samara,UP,472,0.051580866
2026-10-04 18:27:47,20261004-182747,MG,Minas Gerais,Sudeste,13,Lula,PT,1238383,41.625409865
2026-10-04 18:27:47,20261004-182747,MG,Minas Gerais,Sudeste,14,Renan Santos,MISSÃO,67267,2.26102623
2026-10-04 18:27:47,20261004-182747,MG,Minas Gerais,Sudeste,16,Hertz Dias,PSTU,1357,0.045612449
2026-10-04 18:27:47,20261004-182747,MG,Minas Gerais,Sudeste,21,Edmilson Costa,PCB,572,0.019226471
2026-10-04 18:27:47,20261004-182747,MG,Minas Gerais,Sudeste,22,Flavio Bolsonaro,PL,1466820,49.303796724
2026-10-04 18:27:47,20261004-182747,MG,Minas Gerais,Sudeste,27,Clariana Barao,DC,901,0.030285053
2026-10-04 18:27:47,20261004-182747,MG,Minas Gerais,Sudeste,29,Rui Costa Pimenta,PCO,472,0.0158652
2026-10-04 18:27:47,20261004-182747,MG,Minas Gerais,Sudeste,30,Zema,NOVO,28561,0.960012638
2026-10-04 18:27:47,20261004-182747,MG,Minas Gerais,Sudeste,35,Veterinário Wilson Grassi,DEMOCRATA,463,0.015562685
2026-10-04 18:27:47,20261004-182747,MG,Minas Gerais,Sudeste,55,Ronaldo Caiado,PSD,62076,2.086542647
2026-10-04 18:27:47,20261004-182747,MG,Minas Gerais,Sudeste,70,Escritor Augusto Cury,AVANTE,104759,3.52123399
2026-10-04 18:27:47,20261004-182747,MG,Minas Gerais,Sudeste,80,Samara,UP,3434,0.11542605
2026-10-04 18:27:47,20261004-182747,MS,Mato Grosso do Sul,Centro-Oeste,13,Lula,PT,376302,33.043295004
2026-10-04 18:27:47,20261004-182747,MS,Mato Grosso do Sul,Centro-Oeste,14,Renan Santos,MISSÃO,25580,2.246194509
2026-10-04 18:27:47,20261004-182747,MS,Mato Grosso do Sul,Centro-Oeste,16,Hertz Dias,PSTU,296,0.02599193
2026-10-04 18:27:47,20261004-182747,MS,Mato Grosso do Sul,Centro-Oeste,21,Edmilson Costa,PCB,246,0.021601401
2026-10-04 18:27:47,20261004-182747,MS,Mato Grosso do Sul,Centro-Oeste,22,Flavio Bolsonaro,PL,681818,59.870830644
2026-10-04 18:27:47,20261004-182747,MS,Mato Grosso do Sul,Centro-Oeste,27,Clariana Barao,DC,504,0.04425653
2026-10-04 18:27:47,20261004-182747,MS,Mato Grosso do Sul,Centro-Oeste,29,Rui Costa Pimenta,PCO,150,0.013171586
2026-10-04 18:27:47,20261004-182747,MS,Mato Grosso do Sul,Centro-Oeste,30,Zema,NOVO,2341,0.205564556
2026-10-04 18:27:47,20261004-182747,MS,Mato Grosso do Sul,Centro-Oeste,35,Veterinário Wilson Grassi,DEMOCRATA,164,0.014400934
2026-10-04 18:27:47,20261004-182747,MS,Mato Grosso do Sul,Centro-Oeste,55,Ronaldo Caiado,PSD,19040,1.671913349
2026-10-04 18:27:47,20261004-182747,MS,Mato Grosso do Sul,Centro-Oeste,70,Escritor Augusto Cury,AVANTE,31320,2.75022721
2026-10-04 18:27:47,20261004-182747,MS,Mato Grosso do Sul,Centro-Oeste,80,Samara,UP,1054,0.092552346
2026-10-04 18:27:47,20261004-182747,MT,Mato Grosso,Centro-Oeste,13,Lula,PT,286589,28.57560212
2026-10-04 18:27:47,20261004-182747,MT,Mato Grosso,Centro-Oeste,14,Renan Santos,MISSÃO,17719,1.766749924
2026-10-04 18:27:47,20261004-182747,MT,Mato Grosso,Centro-Oeste,16,Hertz Dias,PSTU,185,0.018446229
2026-10-04 18:27:47,20261004-182747,MT,Mato Grosso,Centro-Oeste,21,Edmilson Costa,PCB,121,0.012064831
2026-10-04 18:27:47,20261004-182747,MT,Mato Grosso,Centro-Oeste,22,Flavio Bolsonaro,PL,655898,65.399161444
2026-10-04 18:27:47,20261004-182747,MT,Mato Grosso,Centro-Oeste,27,Clariana Barao,DC,1135,0.113170109
2026-10-04 18:27:47,20261004-182747,MT,Mato Grosso,Centro-Oeste,29,Rui Costa Pimenta,PCO,63,0.006281689
2026-10-04 18:27:47,20261004-182747,MT,Mato Grosso,Centro-Oeste,30,Zema,NOVO,1370,0.136601806
2026-10-04 18:27:47,20261004-182747,MT,Mato Grosso,Centro-Oeste,35,Veterinário Wilson Grassi,DEMOCRATA,108,0.01076861
2026-10-04 18:27:47,20261004-182747,MT,Mato Grosso,Centro-Oeste,55,Ronaldo Caiado,PSD,17564,1.751294975
2026-10-04 18:27:47,20261004-182747,MT,Mato Grosso,Centro-Oeste,70,Escritor Augusto Cury,AVANTE,21266,2.120418979
2026-10-04 18:27:47,20261004-182747,MT,Mato Grosso,Centro-Oeste,80,Samara,UP,897,0.089439284
2026-10-04 18:27:47,20261004-182747,PA,Pará,Norte,13,Lula,PT,848264,47.287421948
2026-10-04 18:27:47,20261004-182747,PA,Pará,Norte,14,Renan Santos,MISSÃO,37542,2.092820625
2026-10-04 18:27:47,20261004-182747,PA,Pará,Norte,16,Hertz Dias,PSTU,587,0.032722969
2026-10-04 18:27:47,20261004-182747,PA,Pará,Norte,21,Edmilson Costa,PCB,280,0.015608912
2026-10-04 18:27:47,20261004-182747,PA,Pará,Norte,22,Flavio Bolsonaro,PL,825862,46.038597495
2026-10-04 18:27:47,20261004-182747,PA,Pará,Norte,27,Clariana Barao,DC,585,0.032611477
2026-10-04 18:27:47,20261004-182747,PA,Pará,Norte,29,Rui Costa Pimenta,PCO,162,0.009030871
2026-10-04 18:27:47,20261004-182747,PA,Pará,Norte,30,Zema,NOVO,1588,0.08852483
2026-10-04 18:27:47,20261004-182747,PA,Pará,Norte,35,Veterinário Wilson Grassi,DEMOCRATA,258,0.014382498
2026-10-04 18:27:47,20261004-182747,PA,Pará,Norte,55,Ronaldo Caiado,PSD,24005,1.338185475
2026-10-04 18:27:47,20261004-182747,PA,Pará,Norte,70,Escritor Augusto Cury,AVANTE,52633,2.934085237
2026-10-04 18:27:47,20261004-182747,PA,Pará,Norte,80,Samara,UP,2081,0.116007664
2026-10-04 18:27:47,20261004-182747,PB,Paraíba,Nordeste,13,Lula,PT,976198,60.972019145
2026-10-04 18:27:47,20261004-182747,PB,Paraíba,Nordeste,14,Renan Santos,MISSÃO,28001,1.748904944
2026-10-04 18:27:47,20261004-182747,PB,Paraíba,Nordeste,16,Hertz Dias,PSTU,431,0.026919683
2026-10-04 18:27:47,20261004-182747,PB,Paraíba,Nordeste,21,Edmilson Costa,PCB,213,0.013303695
2026-10-04 18:27:47,20261004-182747,PB,Paraíba,Nordeste,22,Flavio Bolsonaro,PL,532989,33.289778828
2026-10-04 18:27:47,20261004-182747,PB,Paraíba,Nordeste,27,Clariana Barao,DC,399,0.024921005
2026-10-04 18:27:47,20261004-182747,PB,Paraíba,Nordeste,29,Rui Costa Pimenta,PCO,193,0.012054521
2026-10-04 18:27:47,20261004-182747,PB,Paraíba,Nordeste,30,Zema,NOVO,1316,0.082195597
2026-10-04 18:27:47,20261004-182747,PB,Paraíba,Nordeste,35,Veterinário Wilson Grassi,DEMOCRATA,147,0.009181423
2026-10-04 18:27:47,20261004-182747,PB,Paraíba,Nordeste,55,Ronaldo Caiado,PSD,12645,0.789789758
2026-10-04 18:27:47,20261004-182747,PB,Paraíba,Nordeste,70,Escritor Augusto Cury,AVANTE,47510,2.967410945
2026-10-04 18:27:47,20261004-182747,PB,Paraíba,Nordeste,80,Samara,UP,1017,0.063520457
2026-10-04 18:27:47,20261004-182747,PE,Pernambuco,Nordeste,13,Lula,PT,606219,61.207533682
2026-10-04 18:27:47,20261004-182747,PE,Pernambuco,Nordeste,14,Renan Santos,MISSÃO,16310,1.646756163
2026-10-04 18:27:47,20261004-182747,PE,Pernambuco,Nordeste,16,Hertz Dias,PSTU,245,0.024736681
2026-10-04 18:27:47,20261004-182747,PE,Pernambuco,Nordeste,21,Edmilson Costa,PCB,125,0.012620755
2026-10-04 18:27:47,20261004-182747,PE,Pernambuco,Nordeste,22,Flavio Bolsonaro,PL,326736,32.989241058
2026-10-04 18:27:47,20261004-182747,PE,Pernambuco,Nordeste,27,Clariana Barao,DC,179,0.018072922
2026-10-04 18:27:47,20261004-182747,PE,Pernambuco,Nordeste,29,Rui Costa Pimenta,PCO,114,0.011510129
2026-10-04 18:27:47,20261004-182747,PE,Pernambuco,Nordeste,30,Zema,NOVO,1528,0.154276114
2026-10-04 18:27:47,20261004-182747,PE,Pernambuco,Nordeste,35,Veterinário Wilson Grassi,DEMOCRATA,98,0.009894672
2026-10-04 18:27:47,20261004-182747,PE,Pernambuco,Nordeste,55,Ronaldo Caiado,PSD,13970,1.410495622
2026-10-04 18:27:47,20261004-182747,PE,Pernambuco,Nordeste,70,Escritor Augusto Cury,AVANTE,24421,2.465691739
2026-10-04 18:27:47,20261004-182747,PE,Pernambuco,Nordeste,80,Samara,UP,487,0.049170463
2026-10-04 18:27:47,20261004-182747,PI,Piauí,Nordeste,13,Lula,PT,536930,67.905052061
2026-10-04 18:27:47,20261004-182747,PI,Piauí,Nordeste,14,Renan Santos,MISSÃO,13420,1.697215277
2026-10-04 18:27:47,20261004-182747,PI,Piauí,Nordeste,16,Hertz Dias,PSTU,185,0.023396783
2026-10-04 18:27:47,20261004-182747,PI,Piauí,Nordeste,21,Edmilson Costa,PCB,115,0.014543946
2026-10-04 18:27:47,20261004-182747,PI,Piauí,Nordeste,22,Flavio Bolsonaro,PL,210773,26.656270907
2026-10-04 18:27:47,20261004-182747,PI,Piauí,Nordeste,27,Clariana Barao,DC,200,0.025293819
2026-10-04 18:27:47,20261004-182747,PI,Piauí,Nordeste,29,Rui Costa Pimenta,PCO,57,0.007208739
2026-10-04 18:27:47,20261004-182747,PI,Piauí,Nordeste,30,Zema,NOVO,633,0.080054938
2026-10-04 18:27:47,20261004-182747,PI,Piauí,Nordeste,35,Veterinário Wilson Grassi,DEMOCRATA,71,0.008979306
2026-10-04 18:27:47,20261004-182747,PI,Piauí,Nordeste,55,Ronaldo Caiado,PSD,8709,1.101419363
2026-10-04 18:27:47,20261004-182747,PI,Piauí,Nordeste,70,Escritor Augusto Cury,AVANTE,19146,2.421377324
2026-10-04 18:27:47,20261004-182747,PI,Piauí,Nordeste,80,Samara,UP,468,0.059187537
2026-10-04 18:27:47,20261004-182747,PR,Paraná,Sul,13,Lula,PT,1355117,30.639380754
2026-10-04 18:27:47,20261004-182747,PR,Paraná,Sul,14,Renan Santos,MISSÃO,122237,2.763795292
2026-10-04 18:27:47,20261004-182747,PR,Paraná,Sul,16,Hertz Dias,PSTU,1453,0.032852529
2026-10-04 18:27:47,20261004-182747,PR,Paraná,Sul,21,Edmilson Costa,PCB,839,0.018969905
2026-10-04 18:27:47,20261004-182747,PR,Paraná,Sul,22,Flavio Bolsonaro,PL,2665466,60.266550903
2026-10-04 18:27:47,20261004-182747,PR,Paraná,Sul,27,Clariana Barao,DC,1654,0.037397166
2026-10-04 18:27:47,20261004-182747,PR,Paraná,Sul,29,Rui Costa Pimenta,PCO,665,0.015035741
2026-10-04 18:27:47,20261004-182747,PR,Paraná,Sul,30,Zema,NOVO,12507,0.282784981
2026-10-04 18:27:47,20261004-182747,PR,Paraná,Sul,35,Veterinário Wilson Grassi,DEMOCRATA,684,0.015465334
2026-10-04 18:27:47,20261004-182747,PR,Paraná,Sul,55,Ronaldo Caiado,PSD,116861,2.642243197
2026-10-04 18:27:47,20261004-182747,PR,Paraná,Sul,70,Escritor Augusto Cury,AVANTE,140538,3.177583406
2026-10-04 18:27:47,20261004-182747,PR,Paraná,Sul,80,Samara,UP,4774,0.107940793
2026-10-04 18:27:47,20261004-182747,RJ,Rio de Janeiro,Sudeste,13,Lula,PT,318711,39.401079753
2026-10-04 18:27:47,20261004-182747,RJ,Rio de Janeiro,Sudeste,14,Renan Santos,MISSÃO,17149,2.12006839
2026-10-04 18:27:47,20261004-182747,RJ,Rio de Janeiro,Sudeste,16,Hertz Dias,PSTU,349,0.043145598
2026-10-04 18:27:47,20261004-182747,RJ,Rio de Janeiro,Sudeste,21,Edmilson Costa,PCB,245,0.030288457
2026-10-04 18:27:47,20261004-182747,RJ,Rio de Janeiro,Sudeste,22,Flavio Bolsonaro,PL,429653,53.116435011
2026-10-04 18:27:47,20261004-182747,RJ,Rio de Janeiro,Sudeste,27,Clariana Barao,DC,331,0.040920324
2026-10-04 18:27:47,20261004-182747,RJ,Rio de Janeiro,Sudeste,29,Rui Costa Pimenta,PCO,161,0.019903843
2026-10-04 18:27:47,20261004-182747,RJ,Rio de Janeiro,Sudeste,30,Zema,NOVO,2182,0.26975271
2026-10-04 18:27:47,20261004-182747,RJ,Rio de Janeiro,Sudeste,35,Veterinário Wilson Grassi,DEMOCRATA,166,0.020521975
2026-10-04 18:27:47,20261004-182747,RJ,Rio de Janeiro,Sudeste,55,Ronaldo Caiado,PSD,17517,2.165562889
2026-10-04 18:27:47,20261004-182747,RJ,Rio de Janeiro,Sudeste,70,Escritor Augusto Cury,AVANTE,21355,2.640040846
2026-10-04 18:27:47,20261004-182747,RJ,Rio de Janeiro,Sudeste,80,Samara,UP,1070,0.132280202
2026-10-04 18:27:47,20261004-182747,RN,Rio Grande do Norte,Nordeste,13,Lula,PT,316815,61.104574911
2026-10-04 18:27:47,20261004-182747,RN,Rio Grande do Norte,Nordeste,14,Renan Santos,MISSÃO,8669,1.672002777
2026-10-04 18:27:47,20261004-182747,RN,Rio Grande do Norte,Nordeste,16,Hertz Dias,PSTU,133,0.025651906
2026-10-04 18:27:47,20261004-182747,RN,Rio Grande do Norte,Nordeste,21,Edmilson Costa,PCB,83,0.016008332
2026-10-04 18:27:47,20261004-182747,RN,Rio Grande do Norte,Nordeste,22,Flavio Bolsonaro,PL,173499,33.463007252
2026-10-04 18:27:47,20261004-182747,RN,Rio Grande do Norte,Nordeste,27,Clariana Barao,DC,85,0.016394075
2026-10-04 18:27:47,20261004-182747,RN,Rio Grande do Norte,Nordeste,29,Rui Costa Pimenta,PCO,48,0.009257831
2026-10-04 18:27:47,20261004-182747,RN,Rio Grande do Norte,Nordeste,30,Zema,NOVO,362,0.069819472
2026-10-04 18:27:47,20261004-182747,RN,Rio Grande do Norte,Nordeste,35,Veterinário Wilson Grassi,DEMOCRATA,40,0.007714859
2026-10-04 18:27:47,20261004-182747,RN,Rio Grande do Norte,Nordeste,55,Ronaldo Caiado,PSD,4117,0.794051844
2026-10-04 18:27:47,20261004-182747,RN,Rio Grande do Norte,Nordeste,70,Escritor Augusto Cury,AVANTE,14319,2.761726585
2026-10-04 18:27:47,20261004-182747,RN,Rio Grande do Norte,Nordeste,80,Samara,UP,310,0.059790156
2026-10-04 18:27:47,20261004-182747,RO,Rondônia,Norte,13,Lula,PT,150748,27.953775061
2026-10-04 18:27:47,20261004-182747,RO,Rondônia,Norte,14,Renan Santos,MISSÃO,11564,2.144356508
2026-10-04 18:27:47,20261004-182747,RO,Rondônia,Norte,16,Hertz Dias,PSTU,122,0.022622924
2026-10-04 18:27:47,20261004-182747,RO,Rondônia,Norte,21,Edmilson Costa,PCB,105,0.019470549
2026-10-04 18:27:47,20261004-182747,RO,Rondônia,Norte,22,Flavio Bolsonaro,PL,349574,64.822836544
2026-10-04 18:27:47,20261004-182747,RO,Rondônia,Norte,27,Clariana Barao,DC,240,0.044504113
2026-10-04 18:27:47,20261004-182747,RO,Rondônia,Norte,29,Rui Costa Pimenta,PCO,34,0.006304749
2026-10-04 18:27:47,20261004-182747,RO,Rondônia,Norte,30,Zema,NOVO,726,0.134624942
2026-10-04 18:27:47,20261004-182747,RO,Rondônia,Norte,35,Veterinário Wilson Grassi,DEMOCRATA,75,0.013907535
2026-10-04 18:27:47,20261004-182747,RO,Rondônia,Norte,55,Ronaldo Caiado,PSD,9874,1.830973379
2026-10-04 18:27:47,20261004-182747,RO,Rondônia,Norte,70,Escritor Augusto Cury,AVANTE,15606,2.893879943
2026-10-04 18:27:47,20261004-182747,RO,Rondônia,Norte,80,Samara,UP,608,0.112743753
2026-10-04 18:27:47,20261004-182747,RR,Roraima,Norte,13,Lula,PT,20551,25.938407169
2026-10-04 18:27:47,20261004-182747,RR,Roraima,Norte,14,Renan Santos,MISSÃO,1149,1.450208254
2026-10-04 18:27:47,20261004-182747,RR,Roraima,Norte,16,Hertz Dias,PSTU,7,0.008835037
2026-10-04 18:27:47,20261004-182747,RR,Roraima,Norte,21,Edmilson Costa,PCB,10,0.012621482
2026-10-04 18:27:47,20261004-182747,RR,Roraima,Norte,22,Flavio Bolsonaro,PL,54822,69.193487315
2026-10-04 18:27:47,20261004-182747,RR,Roraima,Norte,27,Clariana Barao,DC,25,0.031553704
2026-10-04 18:27:47,20261004-182747,RR,Roraima,Norte,29,Rui Costa Pimenta,PCO,6,0.007572889
2026-10-04 18:27:47,20261004-182747,RR,Roraima,Norte,30,Zema,NOVO,70,0.088350372
2026-10-04 18:27:47,20261004-182747,RR,Roraima,Norte,35,Veterinário Wilson Grassi,DEMOCRATA,3,0.003786445
2026-10-04 18:27:47,20261004-182747,RR,Roraima,Norte,55,Ronaldo Caiado,PSD,812,1.024864319
2026-10-04 18:27:47,20261004-182747,RR,Roraima,Norte,70,Escritor Augusto Cury,AVANTE,1723,2.174681308
2026-10-04 18:27:47,20261004-182747,RR,Roraima,Norte,80,Samara,UP,52,0.065631705
2026-10-04 18:27:47,20261004-182747,RS,Rio Grande do Sul,Sul,13,Lula,PT,1058312,34.619322617
2026-10-04 18:27:47,20261004-182747,RS,Rio Grande do Sul,Sul,14,Renan Santos,MISSÃO,79135,2.588650696
2026-10-04 18:27:47,20261004-182747,RS,Rio Grande do Sul,Sul,16,Hertz Dias,PSTU,985,0.032221153
2026-10-04 18:27:47,20261004-182747,RS,Rio Grande do Sul,Sul,21,Edmilson Costa,PCB,469,0.015341848
2026-10-04 18:27:47,20261004-182747,RS,Rio Grande do Sul,Sul,22,Flavio Bolsonaro,PL,1736020,56.788391749
2026-10-04 18:27:47,20261004-182747,RS,Rio Grande do Sul,Sul,27,Clariana Barao,DC,953,0.031174374
2026-10-04 18:27:47,20261004-182747,RS,Rio Grande do Sul,Sul,29,Rui Costa Pimenta,PCO,476,0.015570831
2026-10-04 18:27:47,20261004-182747,RS,Rio Grande do Sul,Sul,30,Zema,NOVO,9102,0.29774308
2026-10-04 18:27:47,20261004-182747,RS,Rio Grande do Sul,Sul,35,Veterinário Wilson Grassi,DEMOCRATA,438,0.014327782
2026-10-04 18:27:47,20261004-182747,RS,Rio Grande do Sul,Sul,55,Ronaldo Caiado,PSD,73650,2.409226306
2026-10-04 18:27:47,20261004-182747,RS,Rio Grande do Sul,Sul,70,Escritor Augusto Cury,AVANTE,94466,3.090155767
2026-10-04 18:27:47,20261004-182747,RS,Rio Grande do Sul,Sul,80,Samara,UP,2992,0.097873796
2026-10-04 18:27:47,20261004-182747,SC,Santa Catarina,Sul,13,Lula,PT,333323,28.679854072
2026-10-04 18:27:47,20261004-182747,SC,Santa Catarina,Sul,14,Renan Santos,MISSÃO,34343,2.954948289
2026-10-04 18:27:47,20261004-182747,SC,Santa Catarina,Sul,16,Hertz Dias,PSTU,456,0.039235257
2026-10-04 18:27:47,20261004-182747,SC,Santa Catarina,Sul,21,Edmilson Costa,PCB,199,0.017122404
2026-10-04 18:27:47,20261004-182747,SC,Santa Catarina,Sul,22,Flavio Bolsonaro,PL,728193,62.655349245
2026-10-04 18:27:47,20261004-182747,SC,Santa Catarina,Sul,27,Clariana Barao,DC,396,0.034072723
2026-10-04 18:27:47,20261004-182747,SC,Santa Catarina,Sul,29,Rui Costa Pimenta,PCO,222,0.019101375
2026-10-04 18:27:47,20261004-182747,SC,Santa Catarina,Sul,30,Zema,NOVO,4826,0.4152398
2026-10-04 18:27:47,20261004-182747,SC,Santa Catarina,Sul,35,Veterinário Wilson Grassi,DEMOCRATA,181,0.015573644
2026-10-04 18:27:47,20261004-182747,SC,Santa Catarina,Sul,55,Ronaldo Caiado,PSD,22180,1.908416651
2026-10-04 18:27:47,20261004-182747,SC,Santa Catarina,Sul,70,Escritor Augusto Cury,AVANTE,36318,3.124881692
2026-10-04 18:27:47,20261004-182747,SC,Santa Catarina,Sul,80,Samara,UP,1583,0.136204849
2026-10-04 18:27:47,20261004-182747,SE,Sergipe,Nordeste,13,Lula,PT,210063,58.580599462
2026-10-04 18:27:47,20261004-182747,SE,Sergipe,Nordeste,14,Renan Santos,MISSÃO,6285,1.752707843
2026-10-04 18:27:47,20261004-182747,SE,Sergipe,Nordeste,16,Hertz Dias,PSTU,115,0.032070231
2026-10-04 18:27:47,20261004-182747,SE,Sergipe,Nordeste,21,Edmilson Costa,PCB,67,0.018684395
2026-10-04 18:27:47,20261004-182747,SE,Sergipe,Nordeste,22,Flavio Bolsonaro,PL,122791,34.242919451
2026-10-04 18:27:47,20261004-182747,SE,Sergipe,Nordeste,27,Clariana Barao,DC,147,0.040994121
2026-10-04 18:27:47,20261004-182747,SE,Sergipe,Nordeste,29,Rui Costa Pimenta,PCO,37,0.010318248
2026-10-04 18:27:47,20261004-182747,SE,Sergipe,Nordeste,30,Zema,NOVO,443,0.123540107
2026-10-04 18:27:47,20261004-182747,SE,Sergipe,Nordeste,35,Veterinário Wilson Grassi,DEMOCRATA,34,0.009481634
2026-10-04 18:27:47,20261004-182747,SE,Sergipe,Nordeste,55,Ronaldo Caiado,PSD,7402,2.064207391
2026-10-04 18:27:47,20261004-182747,SE,Sergipe,Nordeste,70,Escritor Augusto Cury,AVANTE,10946,3.05252825
2026-10-04 18:27:47,20261004-182747,SE,Sergipe,Nordeste,80,Samara,UP,258,0.071948866
2026-10-04 18:27:47,20261004-182747,SP,São Paulo,Sudeste,13,Lula,PT,1357845,34.511667699
2026-10-04 18:27:47,20261004-182747,SP,São Paulo,Sudeste,14,Renan Santos,MISSÃO,116202,2.953448155
2026-10-04 18:27:47,20261004-182747,SP,São Paulo,Sudeste,16,Hertz Dias,PSTU,2260,0.05744129
2026-10-04 18:27:47,20261004-182747,SP,São Paulo,Sudeste,21,Edmilson Costa,PCB,939,0.023866094
2026-10-04 18:27:47,20261004-182747,SP,São Paulo,Sudeste,22,Flavio Bolsonaro,PL,2211082,56.19796607
2026-10-04 18:27:47,20261004-182747,SP,São Paulo,Sudeste,27,Clariana Barao,DC,1492,0.037921418
2026-10-04 18:27:47,20261004-182747,SP,São Paulo,Sudeste,29,Rui Costa Pimenta,PCO,652,0.016571558
2026-10-04 18:27:47,20261004-182747,SP,São Paulo,Sudeste,30,Zema,NOVO,13214,0.335853633
2026-10-04 18:27:47,20261004-182747,SP,São Paulo,Sudeste,35,Veterinário Wilson Grassi,DEMOCRATA,772,0.019621538
2026-10-04 18:27:47,20261004-182747,SP,São Paulo,Sudeste,55,Ronaldo Caiado,PSD,88926,2.260187696
2026-10-04 18:27:47,20261004-182747,SP,São Paulo,Sudeste,70,Escritor Augusto Cury,AVANTE,135398,3.441343293
2026-10-04 18:27:47,20261004-182747,SP,São Paulo,Sudeste,80,Samara,UP,5670,0.144111556
2026-10-04 18:27:47,20261004-182747,TO,Tocantins,Norte,13,Lula,PT,307407,43.357461009
2026-10-04 18:27:47,20261004-182747,TO,Tocantins,Norte,14,Renan Santos,MISSÃO,9980,1.407604449
2026-10-04 18:27:47,20261004-182747,TO,Tocantins,Norte,16,Hertz Dias,PSTU,83,0.01170653
2026-10-04 18:27:47,20261004-182747,TO,Tocantins,Norte,21,Edmilson Costa,PCB,90,0.012693828
2026-10-04 18:27:47,20261004-182747,TO,Tocantins,Norte,22,Flavio Bolsonaro,PL,357763,50.459798648
2026-10-04 18:27:47,20261004-182747,TO,Tocantins,Norte,27,Clariana Barao,DC,123,0.017348231
2026-10-04 18:27:47,20261004-182747,TO,Tocantins,Norte,29,Rui Costa Pimenta,PCO,43,0.006064829
2026-10-04 18:27:47,20261004-182747,TO,Tocantins,Norte,30,Zema,NOVO,471,0.066431032
2026-10-04 18:27:47,20261004-182747,TO,Tocantins,Norte,35,Veterinário Wilson Grassi,DEMOCRATA,48,0.006770041
2026-10-04 18:27:47,20261004-182747,TO,Tocantins,Norte,55,Ronaldo Caiado,PSD,15686,2.212393125
2026-10-04 18:27:47,20261004-182747,TO,Tocantins,Norte,70,Escritor Augusto Cury,AVANTE,17008,2.39885135
2026-10-04 18:27:47,20261004-182747,TO,Tocantins,Norte,80,Samara,UP,304,0.042876929
2026-10-04 18:27:47,20261004-182747,ZZ,Exterior,Exterior,13,Lula,PT,114684,52.291193609
2026-10-04 18:27:47,20261004-182747,ZZ,Exterior,Exterior,14,Renan Santos,MISSÃO,6111,2.786365004
2026-10-04 18:27:47,20261004-182747,ZZ,Exterior,Exterior,16,Hertz Dias,PSTU,293,0.133595966
2026-10-04 18:27:47,20261004-182747,ZZ,Exterior,Exterior,21,Edmilson Costa,PCB,333,0.151834323
2026-10-04 18:27:47,20261004-182747,ZZ,Exterior,Exterior,22,Flavio Bolsonaro,PL,83591,38.114062685
2026-10-04 18:27:47,20261004-182747,ZZ,Exterior,Exterior,27,Clariana Barao,DC,691,0.315067619
2026-10-04 18:27:47,20261004-182747,ZZ,Exterior,Exterior,29,Rui Costa Pimenta,PCO,141,0.064290209
2026-10-04 18:27:47,20261004-182747,ZZ,Exterior,Exterior,30,Zema,NOVO,2176,0.992166626
2026-10-04 18:27:47,20261004-182747,ZZ,Exterior,Exterior,35,Veterinário Wilson Grassi,DEMOCRATA,255,0.116269526
2026-10-04 18:27:47,20261004-182747,ZZ,Exterior,Exterior,55,Ronaldo Caiado,PSD,3115,1.420312058
2026-10-04 18:27:47,20261004-182747,ZZ,Exterior,Exterior,70,Escritor Augusto Cury,AVANTE,7068,3.222717698
2026-10-04 18:27:47,20261004-182747,ZZ,Exterior,Exterior,80,Samara,UP,860,0.392124677
2026-10-04 18:28:35,20261004-182835,AC,Acre,Norte,13,Lula,PT,83517,28.721615236
2026-10-04 18:28:35,20261004-182835,AC,Acre,Norte,14,Renan Santos,MISSÃO,5076,1.745643629
2026-10-04 18:28:35,20261004-182835,AC,Acre,Norte,16,Hertz Dias,PSTU,47,0.016163367
2026-10-04 18:28:35,20261004-182835,AC,Acre,Norte,21,Edmilson Costa,PCB,83,0.028543818
2026-10-04 18:28:35,20261004-182835,AC,Acre,Norte,22,Flavio Bolsonaro,PL,186889,64.271393248
2026-10-04 18:28:35,20261004-182835,AC,Acre,Norte,27,Clariana Barao,DC,126,0.043331579
2026-10-04 18:28:35,20261004-182835,AC,Acre,Norte,29,Rui Costa Pimenta,PCO,24,0.008253634
2026-10-04 18:28:35,20261004-182835,AC,Acre,Norte,30,Zema,NOVO,392,0.134809358
2026-10-04 18:28:35,20261004-182835,AC,Acre,Norte,35,Veterinário Wilson Grassi,DEMOCRATA,19,0.006534127
2026-10-04 18:28:35,20261004-182835,AC,Acre,Norte,55,Ronaldo Caiado,PSD,5677,1.952328385
2026-10-04 18:28:35,20261004-182835,AC,Acre,Norte,70,Escritor Augusto Cury,AVANTE,8717,2.997788714
2026-10-04 18:28:35,20261004-182835,AC,Acre,Norte,80,Samara,UP,214,0.073594905
2026-10-04 18:28:35,20261004-182835,AL,Alagoas,Nordeste,13,Lula,PT,107473,57.382896135
2026-10-04 18:28:35,20261004-182835,AL,Alagoas,Nordeste,14,Renan Santos,MISSÃO,2480,1.324142644
2026-10-04 18:28:35,20261004-182835,AL,Alagoas,Nordeste,16,Hertz Dias,PSTU,41,0.021891068
2026-10-04 18:28:35,20261004-182835,AL,Alagoas,Nordeste,21,Edmilson Costa,PCB,27,0.014416069
2026-10-04 18:28:35,20261004-182835,AL,Alagoas,Nordeste,22,Flavio Bolsonaro,PL,71227,38.030124245
2026-10-04 18:28:35,20261004-182835,AL,Alagoas,Nordeste,27,Clariana Barao,DC,62,0.033103566
2026-10-04 18:28:35,20261004-182835,AL,Alagoas,Nordeste,29,Rui Costa Pimenta,PCO,12,0.006407142
2026-10-04 18:28:35,20261004-182835,AL,Alagoas,Nordeste,30,Zema,NOVO,124,0.066207132
2026-10-04 18:28:35,20261004-182835,AL,Alagoas,Nordeste,35,Veterinário Wilson Grassi,DEMOCRATA,22,0.011746427
2026-10-04 18:28:35,20261004-182835,AL,Alagoas,Nordeste,55,Ronaldo Caiado,PSD,1420,0.75817845
2026-10-04 18:28:35,20261004-182835,AL,Alagoas,Nordeste,70,Escritor Augusto Cury,AVANTE,4266,2.27773892
2026-10-04 18:28:35,20261004-182835,AL,Alagoas,Nordeste,80,Samara,UP,137,0.073148203
2026-10-04 18:28:35,20261004-182835,AM,Amazonas,Norte,13,Lula,PT,401775,42.131340936
2026-10-04 18:28:35,20261004-182835,AM,Amazonas,Norte,14,Renan Santos,MISSÃO,18324,1.921510028
2026-10-04 18:28:35,20261004-182835,AM,Amazonas,Norte,16,Hertz Dias,PSTU,287,0.030095688
2026-10-04 18:28:35,20261004-182835,AM,Amazonas,Norte,21,Edmilson Costa,PCB,133,0.013946782
2026-10-04 18:28:35,20261004-182835,AM,Amazonas,Norte,22,Flavio Bolsonaro,PL,477001,50.01976668
2026-10-04 18:28:35,20261004-182835,AM,Amazonas,Norte,27,Clariana Barao,DC,477,0.050019662
2026-10-04 18:28:35,20261004-182835,AM,Amazonas,Norte,29,Rui Costa Pimenta,PCO,111,0.011639796
2026-10-04 18:28:35,20261004-182835,AM,Amazonas,Norte,30,Zema,NOVO,1115,0.11692227
2026-10-04 18:28:35,20261004-182835,AM,Amazonas,Norte,35,Veterinário Wilson Grassi,DEMOCRATA,157,0.016463495
2026-10-04 18:28:35,20261004-182835,AM,Amazonas,Norte,55,Ronaldo Caiado,PSD,13947,1.462524577
2026-10-04 18:28:35,20261004-182835,AM,Amazonas,Norte,70,Escritor Augusto Cury,AVANTE,39224,4.113147201
2026-10-04 18:28:35,20261004-182835,AM,Amazonas,Norte,80,Samara,UP,1074,0.112622886
2026-10-04 18:28:35,20261004-182835,AP,Amapá,Norte,13,Lula,PT,55730,49.983855923
2026-10-04 18:28:35,20261004-182835,AP,Amapá,Norte,14,Renan Santos,MISSÃO,2250,2.018009615
2026-10-04 18:28:35,20261004-182835,AP,Amapá,Norte,16,Hertz Dias,PSTU,25,0.022422329
2026-10-04 18:28:35,20261004-182835,AP,Amapá,Norte,21,Edmilson Costa,PCB,14,0.012556504
2026-10-04 18:28:35,20261004-182835,AP,Amapá,Norte,22,Flavio Bolsonaro,PL,47260,42.38717084
2026-10-04 18:28:35,20261004-182835,AP,Amapá,Norte,27,Clariana Barao,DC,39,0.034978833
2026-10-04 18:28:35,20261004-182835,AP,Amapá,Norte,29,Rui Costa Pimenta,PCO,12,0.010762718
2026-10-04 18:28:35,20261004-182835,AP,Amapá,Norte,30,Zema,NOVO,68,0.060988735
2026-10-04 18:28:35,20261004-182835,AP,Amapá,Norte,35,Veterinário Wilson Grassi,DEMOCRATA,7,0.006278252
2026-10-04 18:28:35,20261004-182835,AP,Amapá,Norte,55,Ronaldo Caiado,PSD,1776,1.592882256
2026-10-04 18:28:35,20261004-182835,AP,Amapá,Norte,70,Escritor Augusto Cury,AVANTE,4242,3.804620794
2026-10-04 18:28:35,20261004-182835,AP,Amapá,Norte,80,Samara,UP,73,0.065473201
2026-10-04 18:28:35,20261004-182835,BA,Bahia,Nordeste,13,Lula,PT,849681,64.314812796
2026-10-04 18:28:35,20261004-182835,BA,Bahia,Nordeste,14,Renan Santos,MISSÃO,20618,1.560636063
2026-10-04 18:28:35,20261004-182835,BA,Bahia,Nordeste,16,Hertz Dias,PSTU,357,0.027022363
2026-10-04 18:28:35,20261004-182835,BA,Bahia,Nordeste,21,Edmilson Costa,PCB,216,0.016349665
2026-10-04 18:28:35,20261004-182835,BA,Bahia,Nordeste,22,Flavio Bolsonaro,PL,392878,29.738072314
2026-10-04 18:28:35,20261004-182835,BA,Bahia,Nordeste,27,Clariana Barao,DC,284,0.021496782
2026-10-04 18:28:35,20261004-182835,BA,Bahia,Nordeste,29,Rui Costa Pimenta,PCO,179,0.013549028
2026-10-04 18:28:35,20261004-182835,BA,Bahia,Nordeste,30,Zema,NOVO,1395,0.105591585
2026-10-04 18:28:35,20261004-182835,BA,Bahia,Nordeste,35,Veterinário Wilson Grassi,DEMOCRATA,121,0.00915884
2026-10-04 18:28:35,20261004-182835,BA,Bahia,Nordeste,55,Ronaldo Caiado,PSD,22903,1.733594322
2026-10-04 18:28:35,20261004-182835,BA,Bahia,Nordeste,70,Escritor Augusto Cury,AVANTE,31571,2.389700317
2026-10-04 18:28:35,20261004-182835,BA,Bahia,Nordeste,80,Samara,UP,925,0.070015926
2026-10-04 18:28:35,20261004-182835,CE,Ceará,Nordeste,13,Lula,PT,489203,60.633324327
2026-10-04 18:28:35,20261004-182835,CE,Ceará,Nordeste,14,Renan Santos,MISSÃO,17554,2.175696746
2026-10-04 18:28:35,20261004-182835,CE,Ceará,Nordeste,16,Hertz Dias,PSTU,263,0.032597029
2026-10-04 18:28:35,20261004-182835,CE,Ceará,Nordeste,21,Edmilson Costa,PCB,140,0.017352031
2026-10-04 18:28:35,20261004-182835,CE,Ceará,Nordeste,22,Flavio Bolsonaro,PL,268953,33.334861965
2026-10-04 18:28:35,20261004-182835,CE,Ceará,Nordeste,27,Clariana Barao,DC,156,0.01933512
2026-10-04 18:28:35,20261004-182835,CE,Ceará,Nordeste,29,Rui Costa Pimenta,PCO,103,0.012766137
2026-10-04 18:28:35,20261004-182835,CE,Ceará,Nordeste,30,Zema,NOVO,1008,0.12493462
2026-10-04 18:28:35,20261004-182835,CE,Ceará,Nordeste,35,Veterinário Wilson Grassi,DEMOCRATA,85,0.010535161
2026-10-04 18:28:35,20261004-182835,CE,Ceará,Nordeste,55,Ronaldo Caiado,PSD,8051,0.9978657
2026-10-04 18:28:35,20261004-182835,CE,Ceará,Nordeste,70,Escritor Augusto Cury,AVANTE,20668,2.561655483
2026-10-04 18:28:35,20261004-182835,CE,Ceará,Nordeste,80,Samara,UP,638,0.079075682
2026-10-04 18:28:35,20261004-182835,DF,Distrito Federal,Centro-Oeste,13,Lula,PT,604392,38.154904397
2026-10-04 18:28:35,20261004-182835,DF,Distrito Federal,Centro-Oeste,14,Renan Santos,MISSÃO,41849,2.641902266
2026-10-04 18:28:35,20261004-182835,DF,Distrito Federal,Centro-Oeste,16,Hertz Dias,PSTU,740,0.046715756
2026-10-04 18:28:35,20261004-182835,DF,Distrito Federal,Centro-Oeste,21,Edmilson Costa,PCB,295,0.018623173
2026-10-04 18:28:35,20261004-182835,DF,Distrito Federal,Centro-Oeste,22,Flavio Bolsonaro,PL,811623,51.237273113
2026-10-04 18:28:35,20261004-182835,DF,Distrito Federal,Centro-Oeste,27,Clariana Barao,DC,635,0.040087169
2026-10-04 18:28:35,20261004-182835,DF,Distrito Federal,Centro-Oeste,29,Rui Costa Pimenta,PCO,348,0.021969031
2026-10-04 18:28:35,20261004-182835,DF,Distrito Federal,Centro-Oeste,30,Zema,NOVO,4531,0.286039312
2026-10-04 18:28:35,20261004-182835,DF,Distrito Federal,Centro-Oeste,35,Veterinário Wilson Grassi,DEMOCRATA,294,0.018560044
2026-10-04 18:28:35,20261004-182835,DF,Distrito Federal,Centro-Oeste,55,Ronaldo Caiado,PSD,76105,4.804462996
2026-10-04 18:28:35,20261004-182835,DF,Distrito Federal,Centro-Oeste,70,Escritor Augusto Cury,AVANTE,41179,2.599605568
2026-10-04 18:28:35,20261004-182835,DF,Distrito Federal,Centro-Oeste,80,Samara,UP,2057,0.129857176
2026-10-04 18:28:35,20261004-182835,ES,Espírito Santo,Sudeste,13,Lula,PT,517976,36.378551111
2026-10-04 18:28:35,20261004-182835,ES,Espírito Santo,Sudeste,14,Renan Santos,MISSÃO,33534,2.355163816
2026-10-04 18:28:35,20261004-182835,ES,Espírito Santo,Sudeste,16,Hertz Dias,PSTU,405,0.028444007
2026-10-04 18:28:35,20261004-182835,ES,Espírito Santo,Sudeste,21,Edmilson Costa,PCB,230,0.016153387
2026-10-04 18:28:35,20261004-182835,ES,Espírito Santo,Sudeste,22,Flavio Bolsonaro,PL,799068,56.120237385
2026-10-04 18:28:35,20261004-182835,ES,Espírito Santo,Sudeste,27,Clariana Barao,DC,617,0.043333216
2026-10-04 18:28:35,20261004-182835,ES,Espírito Santo,Sudeste,29,Rui Costa Pimenta,PCO,184,0.01292271
2026-10-04 18:28:35,20261004-182835,ES,Espírito Santo,Sudeste,30,Zema,NOVO,4082,0.286687502
2026-10-04 18:28:35,20261004-182835,ES,Espírito Santo,Sudeste,35,Veterinário Wilson Grassi,DEMOCRATA,205,0.014397584
2026-10-04 18:28:35,20261004-182835,ES,Espírito Santo,Sudeste,55,Ronaldo Caiado,PSD,25303,1.77708326
2026-10-04 18:28:35,20261004-182835,ES,Espírito Santo,Sudeste,70,Escritor Augusto Cury,AVANTE,41059,2.883660498
2026-10-04 18:28:35,20261004-182835,ES,Espírito Santo,Sudeste,80,Samara,UP,1187,0.083365523
2026-10-04 18:28:35,20261004-182835,GO,Goiás,Centro-Oeste,13,Lula,PT,362163,28.810479749
2026-10-04 18:28:35,20261004-182835,GO,Goiás,Centro-Oeste,14,Renan Santos,MISSÃO,18517,1.473048471
2026-10-04 18:28:35,20261004-182835,GO,Goiás,Centro-Oeste,16,Hertz Dias,PSTU,228,0.01813766
2026-10-04 18:28:35,20261004-182835,GO,Goiás,Centro-Oeste,21,Edmilson Costa,PCB,159,0.012648631
2026-10-04 18:28:35,20261004-182835,GO,Goiás,Centro-Oeste,22,Flavio Bolsonaro,PL,708060,56.326980644
2026-10-04 18:28:35,20261004-182835,GO,Goiás,Centro-Oeste,27,Clariana Barao,DC,192,0.015273819
2026-10-04 18:28:35,20261004-182835,GO,Goiás,Centro-Oeste,29,Rui Costa Pimenta,PCO,101,0.008034665
2026-10-04 18:28:35,20261004-182835,GO,Goiás,Centro-Oeste,30,Zema,NOVO,1011,0.080426203
2026-10-04 18:28:35,20261004-182835,GO,Goiás,Centro-Oeste,35,Veterinário Wilson Grassi,DEMOCRATA,121,0.009625688
2026-10-04 18:28:35,20261004-182835,GO,Goiás,Centro-Oeste,55,Ronaldo Caiado,PSD,147167,11.707302715
2026-10-04 18:28:35,20261004-182835,GO,Goiás,Centro-Oeste,70,Escritor Augusto Cury,AVANTE,18580,1.478060193
2026-10-04 18:28:35,20261004-182835,GO,Goiás,Centro-Oeste,80,Samara,UP,754,0.05998156
2026-10-04 18:28:35,20261004-182835,MA,Maranhão,Nordeste,13,Lula,PT,576555,60.586365428
2026-10-04 18:28:35,20261004-182835,MA,Maranhão,Nordeste,14,Renan Santos,MISSÃO,14951,1.571102062
2026-10-04 18:28:35,20261004-182835,MA,Maranhão,Nordeste,16,Hertz Dias,PSTU,478,0.05022987
2026-10-04 18:28:35,20261004-182835,MA,Maranhão,Nordeste,21,Edmilson Costa,PCB,108,0.011349008
2026-10-04 18:28:35,20261004-182835,MA,Maranhão,Nordeste,22,Flavio Bolsonaro,PL,322646,33.904741889
2026-10-04 18:28:35,20261004-182835,MA,Maranhão,Nordeste,27,Clariana Barao,DC,235,0.024694601
2026-10-04 18:28:35,20261004-182835,MA,Maranhão,Nordeste,29,Rui Costa Pimenta,PCO,70,0.007355839
2026-10-04 18:28:35,20261004-182835,MA,Maranhão,Nordeste,30,Zema,NOVO,1278,0.134296598
2026-10-04 18:28:35,20261004-182835,MA,Maranhão,Nordeste,35,Veterinário Wilson Grassi,DEMOCRATA,76,0.007986339
2026-10-04 18:28:35,20261004-182835,MA,Maranhão,Nordeste,55,Ronaldo Caiado,PSD,13408,1.408958361
2026-10-04 18:28:35,20261004-182835,MA,Maranhão,Nordeste,70,Escritor Augusto Cury,AVANTE,21337,2.242164718
2026-10-04 18:28:35,20261004-182835,MA,Maranhão,Nordeste,80,Samara,UP,483,0.050755287
2026-10-04 18:28:35,20261004-182835,MG,Minas Gerais,Sudeste,13,Lula,PT,1238383,41.625409865
2026-10-04 18:28:35,20261004-182835,MG,Minas Gerais,Sudeste,14,Renan Santos,MISSÃO,67267,2.26102623
2026-10-04 18:28:35,20261004-182835,MG,Minas Gerais,Sudeste,16,Hertz Dias,PSTU,1357,0.045612449
2026-10-04 18:28:35,20261004-182835,MG,Minas Gerais,Sudeste,21,Edmilson Costa,PCB,572,0.019226471
2026-10-04 18:28:35,20261004-182835,MG,Minas Gerais,Sudeste,22,Flavio Bolsonaro,PL,1466820,49.303796724
2026-10-04 18:28:35,20261004-182835,MG,Minas Gerais,Sudeste,27,Clariana Barao,DC,901,0.030285053
2026-10-04 18:28:35,20261004-182835,MG,Minas Gerais,Sudeste,29,Rui Costa Pimenta,PCO,472,0.0158652
2026-10-04 18:28:35,20261004-182835,MG,Minas Gerais,Sudeste,30,Zema,NOVO,28561,0.960012638
2026-10-04 18:28:35,20261004-182835,MG,Minas Gerais,Sudeste,35,Veterinário Wilson Grassi,DEMOCRATA,463,0.015562685
2026-10-04 18:28:35,20261004-182835,MG,Minas Gerais,Sudeste,55,Ronaldo Caiado,PSD,62076,2.086542647
2026-10-04 18:28:35,20261004-182835,MG,Minas Gerais,Sudeste,70,Escritor Augusto Cury,AVANTE,104759,3.52123399
2026-10-04 18:28:35,20261004-182835,MG,Minas Gerais,Sudeste,80,Samara,UP,3434,0.11542605
2026-10-04 18:28:35,20261004-182835,MS,Mato Grosso do Sul,Centro-Oeste,13,Lula,PT,384419,33.097255836
2026-10-04 18:28:35,20261004-182835,MS,Mato Grosso do Sul,Centro-Oeste,14,Renan Santos,MISSÃO,26096,2.246782777
2026-10-04 18:28:35,20261004-182835,MS,Mato Grosso do Sul,Centro-Oeste,16,Hertz Dias,PSTU,303,0.026087338
2026-10-04 18:28:35,20261004-182835,MS,Mato Grosso do Sul,Centro-Oeste,21,Edmilson Costa,PCB,251,0.021610303
2026-10-04 18:28:35,20261004-182835,MS,Mato Grosso do Sul,Centro-Oeste,22,Flavio Bolsonaro,PL,694832,59.822829951
2026-10-04 18:28:35,20261004-182835,MS,Mato Grosso do Sul,Centro-Oeste,27,Clariana Barao,DC,510,0.043909381
2026-10-04 18:28:35,20261004-182835,MS,Mato Grosso do Sul,Centro-Oeste,29,Rui Costa Pimenta,PCO,152,0.013086718
2026-10-04 18:28:35,20261004-182835,MS,Mato Grosso do Sul,Centro-Oeste,30,Zema,NOVO,2374,0.204393865
2026-10-04 18:28:35,20261004-182835,MS,Mato Grosso do Sul,Centro-Oeste,35,Veterinário Wilson Grassi,DEMOCRATA,169,0.014550364
2026-10-04 18:28:35,20261004-182835,MS,Mato Grosso do Sul,Centro-Oeste,55,Ronaldo Caiado,PSD,19402,1.670450622
2026-10-04 18:28:35,20261004-182835,MS,Mato Grosso do Sul,Centro-Oeste,70,Escritor Augusto Cury,AVANTE,31892,2.745799982
2026-10-04 18:28:35,20261004-182835,MS,Mato Grosso do Sul,Centro-Oeste,80,Samara,UP,1083,0.093242863
2026-10-04 18:28:35,20261004-182835,MT,Mato Grosso,Centro-Oeste,13,Lula,PT,286589,28.57560212
2026-10-04 18:28:35,20261004-182835,MT,Mato Grosso,Centro-Oeste,14,Renan Santos,MISSÃO,17719,1.766749924
2026-10-04 18:28:35,20261004-182835,MT,Mato Grosso,Centro-Oeste,16,Hertz Dias,PSTU,185,0.018446229
2026-10-04 18:28:35,20261004-182835,MT,Mato Grosso,Centro-Oeste,21,Edmilson Costa,PCB,121,0.012064831
2026-10-04 18:28:35,20261004-182835,MT,Mato Grosso,Centro-Oeste,22,Flavio Bolsonaro,PL,655898,65.399161444
2026-10-04 18:28:35,20261004-182835,MT,Mato Grosso,Centro-Oeste,27,Clariana Barao,DC,1135,0.113170109
2026-10-04 18:28:35,20261004-182835,MT,Mato Grosso,Centro-Oeste,29,Rui Costa Pimenta,PCO,63,0.006281689
2026-10-04 18:28:35,20261004-182835,MT,Mato Grosso,Centro-Oeste,30,Zema,NOVO,1370,0.136601806
2026-10-04 18:28:35,20261004-182835,MT,Mato Grosso,Centro-Oeste,35,Veterinário Wilson Grassi,DEMOCRATA,108,0.01076861
2026-10-04 18:28:35,20261004-182835,MT,Mato Grosso,Centro-Oeste,55,Ronaldo Caiado,PSD,17564,1.751294975
2026-10-04 18:28:35,20261004-182835,MT,Mato Grosso,Centro-Oeste,70,Escritor Augusto Cury,AVANTE,21266,2.120418979
2026-10-04 18:28:35,20261004-182835,MT,Mato Grosso,Centro-Oeste,80,Samara,UP,897,0.089439284
2026-10-04 18:28:35,20261004-182835,PA,Pará,Norte,13,Lula,PT,877814,47.351962745
2026-10-04 18:28:35,20261004-182835,PA,Pará,Norte,14,Renan Santos,MISSÃO,38688,2.086948641
2026-10-04 18:28:35,20261004-182835,PA,Pará,Norte,16,Hertz Dias,PSTU,605,0.032635544
2026-10-04 18:28:35,20261004-182835,PA,Pará,Norte,21,Edmilson Costa,PCB,289,0.015589541
2026-10-04 18:28:35,20261004-182835,PA,Pará,Norte,22,Flavio Bolsonaro,PL,852547,45.988983751
2026-10-04 18:28:35,20261004-182835,PA,Pará,Norte,27,Clariana Barao,DC,605,0.032635544
2026-10-04 18:28:35,20261004-182835,PA,Pará,Norte,29,Rui Costa Pimenta,PCO,165,0.008900603
2026-10-04 18:28:35,20261004-182835,PA,Pará,Norte,30,Zema,NOVO,1634,0.08814294
2026-10-04 18:28:35,20261004-182835,PA,Pará,Norte,35,Veterinário Wilson Grassi,DEMOCRATA,267,0.014402794
2026-10-04 18:28:35,20261004-182835,PA,Pará,Norte,55,Ronaldo Caiado,PSD,24730,1.334011577
2026-10-04 18:28:35,20261004-182835,PA,Pará,Norte,70,Escritor Augusto Cury,AVANTE,54328,2.930617912
2026-10-04 18:28:35,20261004-182835,PA,Pará,Norte,80,Samara,UP,2135,0.115168407
2026-10-04 18:28:35,20261004-182835,PB,Paraíba,Nordeste,13,Lula,PT,999810,60.818431
2026-10-04 18:28:35,20261004-182835,PB,Paraíba,Nordeste,14,Renan Santos,MISSÃO,28778,1.750565415
2026-10-04 18:28:35,20261004-182835,PB,Paraíba,Nordeste,16,Hertz Dias,PSTU,443,0.026947685
2026-10-04 18:28:35,20261004-182835,PB,Paraíba,Nordeste,21,Edmilson Costa,PCB,221,0.013443428
2026-10-04 18:28:35,20261004-182835,PB,Paraíba,Nordeste,22,Flavio Bolsonaro,PL,549497,33.425896299
2026-10-04 18:28:35,20261004-182835,PB,Paraíba,Nordeste,27,Clariana Barao,DC,406,0.024696975
2026-10-04 18:28:35,20261004-182835,PB,Paraíba,Nordeste,29,Rui Costa Pimenta,PCO,196,0.011922678
2026-10-04 18:28:35,20261004-182835,PB,Paraíba,Nordeste,30,Zema,NOVO,1360,0.082728785
2026-10-04 18:28:35,20261004-182835,PB,Paraíba,Nordeste,35,Veterinário Wilson Grassi,DEMOCRATA,152,0.009246158
2026-10-04 18:28:35,20261004-182835,PB,Paraíba,Nordeste,55,Ronaldo Caiado,PSD,13094,0.796507872
2026-10-04 18:28:35,20261004-182835,PB,Paraíba,Nordeste,70,Escritor Augusto Cury,AVANTE,48912,2.975316407
2026-10-04 18:28:35,20261004-182835,PB,Paraíba,Nordeste,80,Samara,UP,1057,0.064297298
2026-10-04 18:28:35,20261004-182835,PE,Pernambuco,Nordeste,13,Lula,PT,629246,61.25568876
2026-10-04 18:28:35,20261004-182835,PE,Pernambuco,Nordeste,14,Renan Santos,MISSÃO,16869,1.642159368
2026-10-04 18:28:35,20261004-182835,PE,Pernambuco,Nordeste,16,Hertz Dias,PSTU,251,0.024434288
2026-10-04 18:28:35,20261004-182835,PE,Pernambuco,Nordeste,21,Edmilson Costa,PCB,131,0.012752557
2026-10-04 18:28:35,20261004-182835,PE,Pernambuco,Nordeste,22,Flavio Bolsonaro,PL,338416,32.94403964
2026-10-04 18:28:35,20261004-182835,PE,Pernambuco,Nordeste,27,Clariana Barao,DC,191,0.018593422
2026-10-04 18:28:35,20261004-182835,PE,Pernambuco,Nordeste,29,Rui Costa Pimenta,PCO,115,0.011194992
2026-10-04 18:28:35,20261004-182835,PE,Pernambuco,Nordeste,30,Zema,NOVO,1598,0.155561721
2026-10-04 18:28:35,20261004-182835,PE,Pernambuco,Nordeste,35,Veterinário Wilson Grassi,DEMOCRATA,102,0.009929472
2026-10-04 18:28:35,20261004-182835,PE,Pernambuco,Nordeste,55,Ronaldo Caiado,PSD,14546,1.416020521
2026-10-04 18:28:35,20261004-182835,PE,Pernambuco,Nordeste,70,Escritor Augusto Cury,AVANTE,25273,2.460269945
2026-10-04 18:28:35,20261004-182835,PE,Pernambuco,Nordeste,80,Samara,UP,507,0.049355314
2026-10-04 18:28:35,20261004-182835,PI,Piauí,Nordeste,13,Lula,PT,553876,67.939071749
2026-10-04 18:28:35,20261004-182835,PI,Piauí,Nordeste,14,Renan Santos,MISSÃO,13859,1.699960994
2026-10-04 18:28:35,20261004-182835,PI,Piauí,Nordeste,16,Hertz Dias,PSTU,192,0.023550942
2026-10-04 18:28:35,20261004-182835,PI,Piauí,Nordeste,21,Edmilson Costa,PCB,118,0.014474017
2026-10-04 18:28:35,20261004-182835,PI,Piauí,Nordeste,22,Flavio Bolsonaro,PL,216991,26.616367414
2026-10-04 18:28:35,20261004-182835,PI,Piauí,Nordeste,27,Clariana Barao,DC,207,0.02539086
2026-10-04 18:28:35,20261004-182835,PI,Piauí,Nordeste,29,Rui Costa Pimenta,PCO,58,0.007114347
2026-10-04 18:28:35,20261004-182835,PI,Piauí,Nordeste,30,Zema,NOVO,652,0.079975075
2026-10-04 18:28:35,20261004-182835,PI,Piauí,Nordeste,35,Veterinário Wilson Grassi,DEMOCRATA,79,0.009690232
2026-10-04 18:28:35,20261004-182835,PI,Piauí,Nordeste,55,Ronaldo Caiado,PSD,8999,1.103827764
2026-10-04 18:28:35,20261004-182835,PI,Piauí,Nordeste,70,Escritor Augusto Cury,AVANTE,19743,2.42169925
2026-10-04 18:28:35,20261004-182835,PI,Piauí,Nordeste,80,Samara,UP,480,0.058877356
2026-10-04 18:28:35,20261004-182835,PR,Paraná,Sul,13,Lula,PT,1355117,30.639380754
2026-10-04 18:28:35,20261004-182835,PR,Paraná,Sul,14,Renan Santos,MISSÃO,122237,2.763795292
2026-10-04 18:28:35,20261004-182835,PR,Paraná,Sul,16,Hertz Dias,PSTU,1453,0.032852529
2026-10-04 18:28:35,20261004-182835,PR,Paraná,Sul,21,Edmilson Costa,PCB,839,0.018969905
2026-10-04 18:28:35,20261004-182835,PR,Paraná,Sul,22,Flavio Bolsonaro,PL,2665466,60.266550903
2026-10-04 18:28:35,20261004-182835,PR,Paraná,Sul,27,Clariana Barao,DC,1654,0.037397166
2026-10-04 18:28:35,20261004-182835,PR,Paraná,Sul,29,Rui Costa Pimenta,PCO,665,0.015035741
2026-10-04 18:28:35,20261004-182835,PR,Paraná,Sul,30,Zema,NOVO,12507,0.282784981
2026-10-04 18:28:35,20261004-182835,PR,Paraná,Sul,35,Veterinário Wilson Grassi,DEMOCRATA,684,0.015465334
2026-10-04 18:28:35,20261004-182835,PR,Paraná,Sul,55,Ronaldo Caiado,PSD,116861,2.642243197
2026-10-04 18:28:35,20261004-182835,PR,Paraná,Sul,70,Escritor Augusto Cury,AVANTE,140538,3.177583406
2026-10-04 18:28:35,20261004-182835,PR,Paraná,Sul,80,Samara,UP,4774,0.107940793
2026-10-04 18:28:35,20261004-182835,RJ,Rio de Janeiro,Sudeste,13,Lula,PT,351047,39.308949371
2026-10-04 18:28:35,20261004-182835,RJ,Rio de Janeiro,Sudeste,14,Renan Santos,MISSÃO,18865,2.112433178
2026-10-04 18:28:35,20261004-182835,RJ,Rio de Janeiro,Sudeste,16,Hertz Dias,PSTU,382,0.042774952
2026-10-04 18:28:35,20261004-182835,RJ,Rio de Janeiro,Sudeste,21,Edmilson Costa,PCB,276,0.030905463
2026-10-04 18:28:35,20261004-182835,RJ,Rio de Janeiro,Sudeste,22,Flavio Bolsonaro,PL,475168,53.207561537
2026-10-04 18:28:35,20261004-182835,RJ,Rio de Janeiro,Sudeste,27,Clariana Barao,DC,374,0.041879142
2026-10-04 18:28:35,20261004-182835,RJ,Rio de Janeiro,Sudeste,29,Rui Costa Pimenta,PCO,181,0.020267713
2026-10-04 18:28:35,20261004-182835,RJ,Rio de Janeiro,Sudeste,30,Zema,NOVO,2413,0.270198848
2026-10-04 18:28:35,20261004-182835,RJ,Rio de Janeiro,Sudeste,35,Veterinário Wilson Grassi,DEMOCRATA,188,0.021051547
2026-10-04 18:28:35,20261004-182835,RJ,Rio de Janeiro,Sudeste,55,Ronaldo Caiado,PSD,19416,2.174132128
2026-10-04 18:28:35,20261004-182835,RJ,Rio de Janeiro,Sudeste,70,Escritor Augusto Cury,AVANTE,23559,2.63805
2026-10-04 18:28:35,20261004-182835,RJ,Rio de Janeiro,Sudeste,80,Samara,UP,1177,0.131796122
2026-10-04 18:28:35,20261004-182835,RN,Rio Grande do Norte,Nordeste,13,Lula,PT,316815,61.104574911
2026-10-04 18:28:35,20261004-182835,RN,Rio Grande do Norte,Nordeste,14,Renan Santos,MISSÃO,8669,1.672002777
2026-10-04 18:28:35,20261004-182835,RN,Rio Grande do Norte,Nordeste,16,Hertz Dias,PSTU,133,0.025651906
2026-10-04 18:28:35,20261004-182835,RN,Rio Grande do Norte,Nordeste,21,Edmilson Costa,PCB,83,0.016008332
2026-10-04 18:28:35,20261004-182835,RN,Rio Grande do Norte,Nordeste,22,Flavio Bolsonaro,PL,173499,33.463007252
2026-10-04 18:28:35,20261004-182835,RN,Rio Grande do Norte,Nordeste,27,Clariana Barao,DC,85,0.016394075
2026-10-04 18:28:35,20261004-182835,RN,Rio Grande do Norte,Nordeste,29,Rui Costa Pimenta,PCO,48,0.009257831
2026-10-04 18:28:35,20261004-182835,RN,Rio Grande do Norte,Nordeste,30,Zema,NOVO,362,0.069819472
2026-10-04 18:28:35,20261004-182835,RN,Rio Grande do Norte,Nordeste,35,Veterinário Wilson Grassi,DEMOCRATA,40,0.007714859
2026-10-04 18:28:35,20261004-182835,RN,Rio Grande do Norte,Nordeste,55,Ronaldo Caiado,PSD,4117,0.794051844
2026-10-04 18:28:35,20261004-182835,RN,Rio Grande do Norte,Nordeste,70,Escritor Augusto Cury,AVANTE,14319,2.761726585
2026-10-04 18:28:35,20261004-182835,RN,Rio Grande do Norte,Nordeste,80,Samara,UP,310,0.059790156
2026-10-04 18:28:35,20261004-182835,RO,Rondônia,Norte,13,Lula,PT,156263,27.761877098
2026-10-04 18:28:35,20261004-182835,RO,Rondônia,Norte,14,Renan Santos,MISSÃO,11993,2.130691155
2026-10-04 18:28:35,20261004-182835,RO,Rondônia,Norte,16,Hertz Dias,PSTU,128,0.022740638
2026-10-04 18:28:35,20261004-182835,RO,Rondônia,Norte,21,Edmilson Costa,PCB,109,0.019365074
2026-10-04 18:28:35,20261004-182835,RO,Rondônia,Norte,22,Flavio Bolsonaro,PL,366144,65.049594133
2026-10-04 18:28:35,20261004-182835,RO,Rondônia,Norte,27,Clariana Barao,DC,251,0.044592969
2026-10-04 18:28:35,20261004-182835,RO,Rondônia,Norte,29,Rui Costa Pimenta,PCO,35,0.006218143
2026-10-04 18:28:35,20261004-182835,RO,Rondônia,Norte,30,Zema,NOVO,764,0.135733181
2026-10-04 18:28:35,20261004-182835,RO,Rondônia,Norte,35,Veterinário Wilson Grassi,DEMOCRATA,76,0.013502254
2026-10-04 18:28:35,20261004-182835,RO,Rondônia,Norte,55,Ronaldo Caiado,PSD,10275,1.825469159
2026-10-04 18:28:35,20261004-182835,RO,Rondônia,Norte,70,Escritor Augusto Cury,AVANTE,16212,2.880243893
2026-10-04 18:28:35,20261004-182835,RO,Rondônia,Norte,80,Samara,UP,619,0.109972303
2026-10-04 18:28:35,20261004-182835,RR,Roraima,Norte,13,Lula,PT,20551,25.938407169
2026-10-04 18:28:35,20261004-182835,RR,Roraima,Norte,14,Renan Santos,MISSÃO,1149,1.450208254
2026-10-04 18:28:35,20261004-182835,RR,Roraima,Norte,16,Hertz Dias,PSTU,7,0.008835037
2026-10-04 18:28:35,20261004-182835,RR,Roraima,Norte,21,Edmilson Costa,PCB,10,0.012621482
2026-10-04 18:28:35,20261004-182835,RR,Roraima,Norte,22,Flavio Bolsonaro,PL,54822,69.193487315
2026-10-04 18:28:35,20261004-182835,RR,Roraima,Norte,27,Clariana Barao,DC,25,0.031553704
2026-10-04 18:28:35,20261004-182835,RR,Roraima,Norte,29,Rui Costa Pimenta,PCO,6,0.007572889
2026-10-04 18:28:35,20261004-182835,RR,Roraima,Norte,30,Zema,NOVO,70,0.088350372
2026-10-04 18:28:35,20261004-182835,RR,Roraima,Norte,35,Veterinário Wilson Grassi,DEMOCRATA,3,0.003786445
2026-10-04 18:28:35,20261004-182835,RR,Roraima,Norte,55,Ronaldo Caiado,PSD,812,1.024864319
2026-10-04 18:28:35,20261004-182835,RR,Roraima,Norte,70,Escritor Augusto Cury,AVANTE,1723,2.174681308
2026-10-04 18:28:35,20261004-182835,RR,Roraima,Norte,80,Samara,UP,52,0.065631705
2026-10-04 18:28:35,20261004-182835,RS,Rio Grande do Sul,Sul,13,Lula,PT,1058312,34.619322617
2026-10-04 18:28:35,20261004-182835,RS,Rio Grande do Sul,Sul,14,Renan Santos,MISSÃO,79135,2.588650696
2026-10-04 18:28:35,20261004-182835,RS,Rio Grande do Sul,Sul,16,Hertz Dias,PSTU,985,0.032221153
2026-10-04 18:28:35,20261004-182835,RS,Rio Grande do Sul,Sul,21,Edmilson Costa,PCB,469,0.015341848
2026-10-04 18:28:35,20261004-182835,RS,Rio Grande do Sul,Sul,22,Flavio Bolsonaro,PL,1736020,56.788391749
2026-10-04 18:28:35,20261004-182835,RS,Rio Grande do Sul,Sul,27,Clariana Barao,DC,953,0.031174374
2026-10-04 18:28:35,20261004-182835,RS,Rio Grande do Sul,Sul,29,Rui Costa Pimenta,PCO,476,0.015570831
2026-10-04 18:28:35,20261004-182835,RS,Rio Grande do Sul,Sul,30,Zema,NOVO,9102,0.29774308
2026-10-04 18:28:35,20261004-182835,RS,Rio Grande do Sul,Sul,35,Veterinário Wilson Grassi,DEMOCRATA,438,0.014327782
2026-10-04 18:28:35,20261004-182835,RS,Rio Grande do Sul,Sul,55,Ronaldo Caiado,PSD,73650,2.409226306
2026-10-04 18:28:35,20261004-182835,RS,Rio Grande do Sul,Sul,70,Escritor Augusto Cury,AVANTE,94466,3.090155767
2026-10-04 18:28:35,20261004-182835,RS,Rio Grande do Sul,Sul,80,Samara,UP,2992,0.097873796
2026-10-04 18:28:35,20261004-182835,SC,Santa Catarina,Sul,13,Lula,PT,349183,28.483366356
2026-10-04 18:28:35,20261004-182835,SC,Santa Catarina,Sul,14,Renan Santos,MISSÃO,36132,2.947339914
2026-10-04 18:28:35,20261004-182835,SC,Santa Catarina,Sul,16,Hertz Dias,PSTU,470,0.038338585
2026-10-04 18:28:35,20261004-182835,SC,Santa Catarina,Sul,21,Edmilson Costa,PCB,210,0.017130006
2026-10-04 18:28:35,20261004-182835,SC,Santa Catarina,Sul,22,Flavio Bolsonaro,PL,770742,62.870548544
2026-10-04 18:28:35,20261004-182835,SC,Santa Catarina,Sul,27,Clariana Barao,DC,428,0.034912584
2026-10-04 18:28:35,20261004-182835,SC,Santa Catarina,Sul,29,Rui Costa Pimenta,PCO,229,0.018679864
2026-10-04 18:28:35,20261004-182835,SC,Santa Catarina,Sul,30,Zema,NOVO,5066,0.413241005
2026-10-04 18:28:35,20261004-182835,SC,Santa Catarina,Sul,35,Veterinário Wilson Grassi,DEMOCRATA,191,0.015580148
2026-10-04 18:28:35,20261004-182835,SC,Santa Catarina,Sul,55,Ronaldo Caiado,PSD,23452,1.913013829
2026-10-04 18:28:35,20261004-182835,SC,Santa Catarina,Sul,70,Escritor Augusto Cury,AVANTE,38175,3.113990402
2026-10-04 18:28:35,20261004-182835,SC,Santa Catarina,Sul,80,Samara,UP,1641,0.133858762
2026-10-04 18:28:35,20261004-182835,SE,Sergipe,Nordeste,13,Lula,PT,230364,58.60784613
2026-10-04 18:28:35,20261004-182835,SE,Sergipe,Nordeste,14,Renan Santos,MISSÃO,6906,1.756983667
2026-10-04 18:28:35,20261004-182835,SE,Sergipe,Nordeste,16,Hertz Dias,PSTU,129,0.032819417
2026-10-04 18:28:35,20261004-182835,SE,Sergipe,Nordeste,21,Edmilson Costa,PCB,71,0.0180634
2026-10-04 18:28:35,20261004-182835,SE,Sergipe,Nordeste,22,Flavio Bolsonaro,PL,134501,34.218948761
2026-10-04 18:28:35,20261004-182835,SE,Sergipe,Nordeste,27,Clariana Barao,DC,159,0.040451839
2026-10-04 18:28:35,20261004-182835,SE,Sergipe,Nordeste,29,Rui Costa Pimenta,PCO,40,0.010176563
2026-10-04 18:28:35,20261004-182835,SE,Sergipe,Nordeste,30,Zema,NOVO,487,0.123899659
2026-10-04 18:28:35,20261004-182835,SE,Sergipe,Nordeste,35,Veterinário Wilson Grassi,DEMOCRATA,40,0.010176563
2026-10-04 18:28:35,20261004-182835,SE,Sergipe,Nordeste,55,Ronaldo Caiado,PSD,8148,2.072965959
2026-10-04 18:28:35,20261004-182835,SE,Sergipe,Nordeste,70,Escritor Augusto Cury,AVANTE,11930,3.035160026
2026-10-04 18:28:35,20261004-182835,SE,Sergipe,Nordeste,80,Samara,UP,285,0.072508014
2026-10-04 18:28:35,20261004-182835,SP,São Paulo,Sudeste,13,Lula,PT,1357845,34.511667699
2026-10-04 18:28:35,20261004-182835,SP,São Paulo,Sudeste,14,Renan Santos,MISSÃO,116202,2.953448155
2026-10-04 18:28:35,20261004-182835,SP,São Paulo,Sudeste,16,Hertz Dias,PSTU,2260,0.05744129
2026-10-04 18:28:35,20261004-182835,SP,São Paulo,Sudeste,21,Edmilson Costa,PCB,939,0.023866094
2026-10-04 18:28:35,20261004-182835,SP,São Paulo,Sudeste,22,Flavio Bolsonaro,PL,2211082,56.19796607
2026-10-04 18:28:35,20261004-182835,SP,São Paulo,Sudeste,27,Clariana Barao,DC,1492,0.037921418
2026-10-04 18:28:35,20261004-182835,SP,São Paulo,Sudeste,29,Rui Costa Pimenta,PCO,652,0.016571558
2026-10-04 18:28:35,20261004-182835,SP,São Paulo,Sudeste,30,Zema,NOVO,13214,0.335853633
2026-10-04 18:28:35,20261004-182835,SP,São Paulo,Sudeste,35,Veterinário Wilson Grassi,DEMOCRATA,772,0.019621538
2026-10-04 18:28:35,20261004-182835,SP,São Paulo,Sudeste,55,Ronaldo Caiado,PSD,88926,2.260187696
2026-10-04 18:28:35,20261004-182835,SP,São Paulo,Sudeste,70,Escritor Augusto Cury,AVANTE,135398,3.441343293
2026-10-04 18:28:35,20261004-182835,SP,São Paulo,Sudeste,80,Samara,UP,5670,0.144111556
2026-10-04 18:28:35,20261004-182835,TO,Tocantins,Norte,13,Lula,PT,313526,43.145166284
2026-10-04 18:28:35,20261004-182835,TO,Tocantins,Norte,14,Renan Santos,MISSÃO,10317,1.419750453
2026-10-04 18:28:35,20261004-182835,TO,Tocantins,Norte,16,Hertz Dias,PSTU,83,0.011421856
2026-10-04 18:28:35,20261004-182835,TO,Tocantins,Norte,21,Edmilson Costa,PCB,94,0.012935596
2026-10-04 18:28:35,20261004-182835,TO,Tocantins,Norte,22,Flavio Bolsonaro,PL,368090,50.653866849
2026-10-04 18:28:35,20261004-182835,TO,Tocantins,Norte,27,Clariana Barao,DC,133,0.018302492
2026-10-04 18:28:35,20261004-182835,TO,Tocantins,Norte,29,Rui Costa Pimenta,PCO,46,0.006330185
2026-10-04 18:28:35,20261004-182835,TO,Tocantins,Norte,30,Zema,NOVO,488,0.067155008
2026-10-04 18:28:35,20261004-182835,TO,Tocantins,Norte,35,Veterinário Wilson Grassi,DEMOCRATA,49,0.006743023
2026-10-04 18:28:35,20261004-182835,TO,Tocantins,Norte,55,Ronaldo Caiado,PSD,16084,2.213363021
2026-10-04 18:28:35,20261004-182835,TO,Tocantins,Norte,70,Escritor Augusto Cury,AVANTE,17454,2.40189245
2026-10-04 18:28:35,20261004-182835,TO,Tocantins,Norte,80,Samara,UP,313,0.043072782
2026-10-04 18:28:35,20261004-182835,ZZ,Exterior,Exterior,13,Lula,PT,114684,52.291193609
2026-10-04 18:28:35,20261004-182835,ZZ,Exterior,Exterior,14,Renan Santos,MISSÃO,6111,2.786365004
2026-10-04 18:28:35,20261004-182835,ZZ,Exterior,Exterior,16,Hertz Dias,PSTU,293,0.133595966
2026-10-04 18:28:35,20261004-182835,ZZ,Exterior,Exterior,21,Edmilson Costa,PCB,333,0.151834323
2026-10-04 18:28:35,20261004-182835,ZZ,Exterior,Exterior,22,Flavio Bolsonaro,PL,83591,38.114062685
2026-10-04 18:28:35,20261004-182835,ZZ,Exterior,Exterior,27,Clariana Barao,DC,691,0.315067619
2026-10-04 18:28:35,20261004-182835,ZZ,Exterior,Exterior,29,Rui Costa Pimenta,PCO,141,0.064290209
2026-10-04 18:28:35,20261004-182835,ZZ,Exterior,Exterior,30,Zema,NOVO,2176,0.992166626
2026-10-04 18:28:35,20261004-182835,ZZ,Exterior,Exterior,35,Veterinário Wilson Grassi,DEMOCRATA,255,0.116269526
2026-10-04 18:28:35,20261004-182835,ZZ,Exterior,Exterior,55,Ronaldo Caiado,PSD,3115,1.420312058
2026-10-04 18:28:35,20261004-182835,ZZ,Exterior,Exterior,70,Escritor Augusto Cury,AVANTE,7068,3.222717698
2026-10-04 18:28:35,20261004-182835,ZZ,Exterior,Exterior,80,Samara,UP,860,0.392124677
2026-10-04 18:35:03,20261004-183503,AC,Acre,Norte,13,Lula,PT,93295,28.551973191
2026-10-04 18:35:03,20261004-183503,AC,Acre,Norte,14,Renan Santos,MISSÃO,5774,1.767073189
2026-10-04 18:35:03,20261004-183503,AC,Acre,Norte,16,Hertz Dias,PSTU,55,0.016832183
2026-10-04 18:35:03,20261004-183503,AC,Acre,Norte,21,Edmilson Costa,PCB,101,0.030910009
2026-10-04 18:35:03,20261004-183503,AC,Acre,Norte,22,Flavio Bolsonaro,PL,210550,64.436657434
2026-10-04 18:35:03,20261004-183503,AC,Acre,Norte,27,Clariana Barao,DC,146,0.044681795
2026-10-04 18:35:03,20261004-183503,AC,Acre,Norte,29,Rui Costa Pimenta,PCO,30,0.009181191
2026-10-04 18:35:03,20261004-183503,AC,Acre,Norte,30,Zema,NOVO,435,0.133127267
2026-10-04 18:35:03,20261004-183503,AC,Acre,Norte,35,Veterinário Wilson Grassi,DEMOCRATA,26,0.007957032
2026-10-04 18:35:03,20261004-183503,AC,Acre,Norte,55,Ronaldo Caiado,PSD,6303,1.928968187
2026-10-04 18:35:03,20261004-183503,AC,Acre,Norte,70,Escritor Augusto Cury,AVANTE,9804,3.000413154
2026-10-04 18:35:03,20261004-183503,AC,Acre,Norte,80,Samara,UP,236,0.072225368
2026-10-04 18:35:03,20261004-183503,AL,Alagoas,Nordeste,13,Lula,PT,139845,56.964500295
2026-10-04 18:35:03,20261004-183503,AL,Alagoas,Nordeste,14,Renan Santos,MISSÃO,3252,1.324670564
2026-10-04 18:35:03,20261004-183503,AL,Alagoas,Nordeste,16,Hertz Dias,PSTU,54,0.021996375
2026-10-04 18:35:03,20261004-183503,AL,Alagoas,Nordeste,21,Edmilson Costa,PCB,39,0.015886271
2026-10-04 18:35:03,20261004-183503,AL,Alagoas,Nordeste,22,Flavio Bolsonaro,PL,94338,38.427666551
2026-10-04 18:35:03,20261004-183503,AL,Alagoas,Nordeste,27,Clariana Barao,DC,92,0.037475305
2026-10-04 18:35:03,20261004-183503,AL,Alagoas,Nordeste,29,Rui Costa Pimenta,PCO,16,0.006517444
2026-10-04 18:35:03,20261004-183503,AL,Alagoas,Nordeste,30,Zema,NOVO,175,0.071284548
2026-10-04 18:35:03,20261004-183503,AL,Alagoas,Nordeste,35,Veterinário Wilson Grassi,DEMOCRATA,23,0.009368826
2026-10-04 18:35:03,20261004-183503,AL,Alagoas,Nordeste,55,Ronaldo Caiado,PSD,1859,0.757245565
2026-10-04 18:35:03,20261004-183503,AL,Alagoas,Nordeste,70,Escritor Augusto Cury,AVANTE,5641,2.297806473
2026-10-04 18:35:03,20261004-183503,AL,Alagoas,Nordeste,80,Samara,UP,161,0.065581784
2026-10-04 18:35:03,20261004-183503,AM,Amazonas,Norte,13,Lula,PT,442092,42.322788664
2026-10-04 18:35:03,20261004-183503,AM,Amazonas,Norte,14,Renan Santos,MISSÃO,20064,1.920786695
2026-10-04 18:35:03,20261004-183503,AM,Amazonas,Norte,16,Hertz Dias,PSTU,305,0.029198562
2026-10-04 18:35:03,20261004-183503,AM,Amazonas,Norte,21,Edmilson Costa,PCB,149,0.014264215
2026-10-04 18:35:03,20261004-183503,AM,Amazonas,Norte,22,Flavio Bolsonaro,PL,520783,49.856113317
2026-10-04 18:35:03,20261004-183503,AM,Amazonas,Norte,27,Clariana Barao,DC,530,0.050738484
2026-10-04 18:35:03,20261004-183503,AM,Amazonas,Norte,29,Rui Costa Pimenta,PCO,113,0.010817828
2026-10-04 18:35:03,20261004-183503,AM,Amazonas,Norte,30,Zema,NOVO,1205,0.115358252
2026-10-04 18:35:03,20261004-183503,AM,Amazonas,Norte,35,Veterinário Wilson Grassi,DEMOCRATA,180,0.017231938
2026-10-04 18:35:03,20261004-183503,AM,Amazonas,Norte,55,Ronaldo Caiado,PSD,15144,1.449780389
2026-10-04 18:35:03,20261004-183503,AM,Amazonas,Norte,70,Escritor Augusto Cury,AVANTE,42834,4.10062686
2026-10-04 18:35:03,20261004-183503,AM,Amazonas,Norte,80,Samara,UP,1173,0.112294796
2026-10-04 18:35:03,20261004-183503,AP,Amapá,Norte,13,Lula,PT,72540,48.965871044
2026-10-04 18:35:03,20261004-183503,AP,Amapá,Norte,14,Renan Santos,MISSÃO,3211,2.16748569
2026-10-04 18:35:03,20261004-183503,AP,Amapá,Norte,16,Hertz Dias,PSTU,31,0.020925586
2026-10-04 18:35:03,20261004-183503,AP,Amapá,Norte,21,Edmilson Costa,PCB,21,0.014175397
2026-10-04 18:35:03,20261004-183503,AP,Amapá,Norte,22,Flavio Bolsonaro,PL,63796,43.063505778
2026-10-04 18:35:03,20261004-183503,AP,Amapá,Norte,27,Clariana Barao,DC,54,0.036451021
2026-10-04 18:35:03,20261004-183503,AP,Amapá,Norte,29,Rui Costa Pimenta,PCO,19,0.012825359
2026-10-04 18:35:03,20261004-183503,AP,Amapá,Norte,30,Zema,NOVO,104,0.070201966
2026-10-04 18:35:03,20261004-183503,AP,Amapá,Norte,35,Veterinário Wilson Grassi,DEMOCRATA,14,0.009450265
2026-10-04 18:35:03,20261004-183503,AP,Amapá,Norte,55,Ronaldo Caiado,PSD,2416,1.630845664
2026-10-04 18:35:03,20261004-183503,AP,Amapá,Norte,70,Escritor Augusto Cury,AVANTE,5829,3.934685171
2026-10-04 18:35:03,20261004-183503,AP,Amapá,Norte,80,Samara,UP,109,0.07357706
2026-10-04 18:35:03,20261004-183503,BA,Bahia,Nordeste,13,Lula,PT,1089533,64.427282753
2026-10-04 18:35:03,20261004-183503,BA,Bahia,Nordeste,14,Renan Santos,MISSÃO,26445,1.563770434
2026-10-04 18:35:03,20261004-183503,BA,Bahia,Nordeste,16,Hertz Dias,PSTU,442,0.026136757
2026-10-04 18:35:03,20261004-183503,BA,Bahia,Nordeste,21,Edmilson Costa,PCB,274,0.016202424
2026-10-04 18:35:03,20261004-183503,BA,Bahia,Nordeste,22,Flavio Bolsonaro,PL,501462,29.652919245
2026-10-04 18:35:03,20261004-183503,BA,Bahia,Nordeste,27,Clariana Barao,DC,362,0.021406122
2026-10-04 18:35:03,20261004-183503,BA,Bahia,Nordeste,29,Rui Costa Pimenta,PCO,218,0.01289098
2026-10-04 18:35:03,20261004-183503,BA,Bahia,Nordeste,30,Zema,NOVO,1745,0.103186969
2026-10-04 18:35:03,20261004-183503,BA,Bahia,Nordeste,35,Veterinário Wilson Grassi,DEMOCRATA,158,0.009343004
2026-10-04 18:35:03,20261004-183503,BA,Bahia,Nordeste,55,Ronaldo Caiado,PSD,28658,1.694631617
2026-10-04 18:35:03,20261004-183503,BA,Bahia,Nordeste,70,Escritor Augusto Cury,AVANTE,40629,2.402511967
2026-10-04 18:35:03,20261004-183503,BA,Bahia,Nordeste,80,Samara,UP,1179,0.069717729
2026-10-04 18:35:03,20261004-183503,CE,Ceará,Nordeste,13,Lula,PT,629851,60.582227126
2026-10-04 18:35:03,20261004-183503,CE,Ceará,Nordeste,14,Renan Santos,MISSÃO,22435,2.157910785
2026-10-04 18:35:03,20261004-183503,CE,Ceará,Nordeste,16,Hertz Dias,PSTU,335,0.03222198
2026-10-04 18:35:03,20261004-183503,CE,Ceará,Nordeste,21,Edmilson Costa,PCB,178,0.017120932
2026-10-04 18:35:03,20261004-183503,CE,Ceará,Nordeste,22,Flavio Bolsonaro,PL,347442,33.418713564
2026-10-04 18:35:03,20261004-183503,CE,Ceará,Nordeste,27,Clariana Barao,DC,200,0.019237003
2026-10-04 18:35:03,20261004-183503,CE,Ceará,Nordeste,29,Rui Costa Pimenta,PCO,124,0.011926942
2026-10-04 18:35:03,20261004-183503,CE,Ceará,Nordeste,30,Zema,NOVO,1278,0.122924448
2026-10-04 18:35:03,20261004-183503,CE,Ceará,Nordeste,35,Veterinário Wilson Grassi,DEMOCRATA,104,0.010003241
2026-10-04 18:35:03,20261004-183503,CE,Ceará,Nordeste,55,Ronaldo Caiado,PSD,10254,0.986281131
2026-10-04 18:35:03,20261004-183503,CE,Ceará,Nordeste,70,Escritor Augusto Cury,AVANTE,26676,2.565831428
2026-10-04 18:35:03,20261004-183503,CE,Ceará,Nordeste,80,Samara,UP,786,0.075601421
2026-10-04 18:35:03,20261004-183503,DF,Distrito Federal,Centro-Oeste,13,Lula,PT,616473,38.115556094
2026-10-04 18:35:03,20261004-183503,DF,Distrito Federal,Centro-Oeste,14,Renan Santos,MISSÃO,42576,2.632407123
2026-10-04 18:35:03,20261004-183503,DF,Distrito Federal,Centro-Oeste,16,Hertz Dias,PSTU,751,0.046433149
2026-10-04 18:35:03,20261004-183503,DF,Distrito Federal,Centro-Oeste,21,Edmilson Costa,PCB,302,0.018672185
2026-10-04 18:35:03,20261004-183503,DF,Distrito Federal,Centro-Oeste,22,Flavio Bolsonaro,PL,829444,51.283218095
2026-10-04 18:35:03,20261004-183503,DF,Distrito Federal,Centro-Oeste,27,Clariana Barao,DC,647,0.040002992
2026-10-04 18:35:03,20261004-183503,DF,Distrito Federal,Centro-Oeste,29,Rui Costa Pimenta,PCO,350,0.02163995
2026-10-04 18:35:03,20261004-183503,DF,Distrito Federal,Centro-Oeste,30,Zema,NOVO,4606,0.284781736
2026-10-04 18:35:03,20261004-183503,DF,Distrito Federal,Centro-Oeste,35,Veterinário Wilson Grassi,DEMOCRATA,300,0.018548528
2026-10-04 18:35:03,20261004-183503,DF,Distrito Federal,Centro-Oeste,55,Ronaldo Caiado,PSD,77809,4.810808104
2026-10-04 18:35:03,20261004-183503,DF,Distrito Federal,Centro-Oeste,70,Escritor Augusto Cury,AVANTE,42020,2.598030517
2026-10-04 18:35:03,20261004-183503,DF,Distrito Federal,Centro-Oeste,80,Samara,UP,2101,0.129901526
2026-10-04 18:35:03,20261004-183503,ES,Espírito Santo,Sudeste,13,Lula,PT,599853,36.602202528
2026-10-04 18:35:03,20261004-183503,ES,Espírito Santo,Sudeste,14,Renan Santos,MISSÃO,38564,2.353122079
2026-10-04 18:35:03,20261004-183503,ES,Espírito Santo,Sudeste,16,Hertz Dias,PSTU,465,0.028373659
2026-10-04 18:35:03,20261004-183503,ES,Espírito Santo,Sudeste,21,Edmilson Costa,PCB,263,0.016047897
2026-10-04 18:35:03,20261004-183503,ES,Espírito Santo,Sudeste,22,Flavio Bolsonaro,PL,916488,55.922833412
2026-10-04 18:35:03,20261004-183503,ES,Espírito Santo,Sudeste,27,Clariana Barao,DC,700,0.042713034
2026-10-04 18:35:03,20261004-183503,ES,Espírito Santo,Sudeste,29,Rui Costa Pimenta,PCO,197,0.012020668
2026-10-04 18:35:03,20261004-183503,ES,Espírito Santo,Sudeste,30,Zema,NOVO,4597,0.280502598
2026-10-04 18:35:03,20261004-183503,ES,Espírito Santo,Sudeste,35,Veterinário Wilson Grassi,DEMOCRATA,238,0.014522432
2026-10-04 18:35:03,20261004-183503,ES,Espírito Santo,Sudeste,55,Ronaldo Caiado,PSD,29027,1.771187496
2026-10-04 18:35:03,20261004-183503,ES,Espírito Santo,Sudeste,70,Escritor Augusto Cury,AVANTE,47070,2.872146464
2026-10-04 18:35:03,20261004-183503,ES,Espírito Santo,Sudeste,80,Samara,UP,1382,0.084327733
2026-10-04 18:35:03,20261004-183503,GO,Goiás,Centro-Oeste,13,Lula,PT,458898,28.940540772
2026-10-04 18:35:03,20261004-183503,GO,Goiás,Centro-Oeste,14,Renan Santos,MISSÃO,23430,1.477620016
2026-10-04 18:35:03,20261004-183503,GO,Goiás,Centro-Oeste,16,Hertz Dias,PSTU,285,0.017973611
2026-10-04 18:35:03,20261004-183503,GO,Goiás,Centro-Oeste,21,Edmilson Costa,PCB,204,0.012865322
2026-10-04 18:35:03,20261004-183503,GO,Goiás,Centro-Oeste,22,Flavio Bolsonaro,PL,889431,56.092234265
2026-10-04 18:35:03,20261004-183503,GO,Goiás,Centro-Oeste,27,Clariana Barao,DC,242,0.015261803
2026-10-04 18:35:03,20261004-183503,GO,Goiás,Centro-Oeste,29,Rui Costa Pimenta,PCO,123,0.007757032
2026-10-04 18:35:03,20261004-183503,GO,Goiás,Centro-Oeste,30,Zema,NOVO,1254,0.079083888
2026-10-04 18:35:03,20261004-183503,GO,Goiás,Centro-Oeste,35,Veterinário Wilson Grassi,DEMOCRATA,148,0.009333665
2026-10-04 18:35:03,20261004-183503,GO,Goiás,Centro-Oeste,55,Ronaldo Caiado,PSD,187408,11.818942042
2026-10-04 18:35:03,20261004-183503,GO,Goiás,Centro-Oeste,70,Escritor Augusto Cury,AVANTE,23267,1.467340372
2026-10-04 18:35:03,20261004-183503,GO,Goiás,Centro-Oeste,80,Samara,UP,968,0.061047212
2026-10-04 18:35:03,20261004-183503,MA,Maranhão,Nordeste,13,Lula,PT,691709,60.844564699
2026-10-04 18:35:03,20261004-183503,MA,Maranhão,Nordeste,14,Renan Santos,MISSÃO,17929,1.57708256
2026-10-04 18:35:03,20261004-183503,MA,Maranhão,Nordeste,16,Hertz Dias,PSTU,571,0.05022668
2026-10-04 18:35:03,20261004-183503,MA,Maranhão,Nordeste,21,Edmilson Costa,PCB,127,0.011171258
2026-10-04 18:35:03,20261004-183503,MA,Maranhão,Nordeste,22,Flavio Bolsonaro,PL,382650,33.658912465
2026-10-04 18:35:03,20261004-183503,MA,Maranhão,Nordeste,27,Clariana Barao,DC,274,0.024101769
2026-10-04 18:35:03,20261004-183503,MA,Maranhão,Nordeste,29,Rui Costa Pimenta,PCO,83,0.007300901
2026-10-04 18:35:03,20261004-183503,MA,Maranhão,Nordeste,30,Zema,NOVO,1519,0.133615283
2026-10-04 18:35:03,20261004-183503,MA,Maranhão,Nordeste,35,Veterinário Wilson Grassi,DEMOCRATA,90,0.00791664
2026-10-04 18:35:03,20261004-183503,MA,Maranhão,Nordeste,55,Ronaldo Caiado,PSD,15873,1.396231328
2026-10-04 18:35:03,20261004-183503,MA,Maranhão,Nordeste,70,Escritor Augusto Cury,AVANTE,25458,2.239353439
2026-10-04 18:35:03,20261004-183503,MA,Maranhão,Nordeste,80,Samara,UP,563,0.049522978
2026-10-04 18:35:03,20261004-183503,MG,Minas Gerais,Sudeste,13,Lula,PT,1555231,41.662373803
2026-10-04 18:35:03,20261004-183503,MG,Minas Gerais,Sudeste,14,Renan Santos,MISSÃO,83444,2.235343251
2026-10-04 18:35:03,20261004-183503,MG,Minas Gerais,Sudeste,16,Hertz Dias,PSTU,1630,0.043665326
2026-10-04 18:35:03,20261004-183503,MG,Minas Gerais,Sudeste,21,Edmilson Costa,PCB,713,0.019100232
2026-10-04 18:35:03,20261004-183503,MG,Minas Gerais,Sudeste,22,Flavio Bolsonaro,PL,1843496,49.384573388
2026-10-04 18:35:03,20261004-183503,MG,Minas Gerais,Sudeste,27,Clariana Barao,DC,1109,0.029708495
2026-10-04 18:35:03,20261004-183503,MG,Minas Gerais,Sudeste,29,Rui Costa Pimenta,PCO,570,0.01526947
2026-10-04 18:35:03,20261004-183503,MG,Minas Gerais,Sudeste,30,Zema,NOVO,35037,0.93859021
2026-10-04 18:35:03,20261004-183503,MG,Minas Gerais,Sudeste,35,Veterinário Wilson Grassi,DEMOCRATA,575,0.015403413
2026-10-04 18:35:03,20261004-183503,MG,Minas Gerais,Sudeste,55,Ronaldo Caiado,PSD,76566,2.051091647
2026-10-04 18:35:03,20261004-183503,MG,Minas Gerais,Sudeste,70,Escritor Augusto Cury,AVANTE,130395,3.493092172
2026-10-04 18:35:03,20261004-183503,MG,Minas Gerais,Sudeste,80,Samara,UP,4173,0.111788593
2026-10-04 18:35:03,20261004-183503,MS,Mato Grosso do Sul,Centro-Oeste,13,Lula,PT,412474,33.224698502
2026-10-04 18:35:03,20261004-183503,MS,Mato Grosso do Sul,Centro-Oeste,14,Renan Santos,MISSÃO,27707,2.231793329
2026-10-04 18:35:03,20261004-183503,MS,Mato Grosso do Sul,Centro-Oeste,16,Hertz Dias,PSTU,316,0.025453737
2026-10-04 18:35:03,20261004-183503,MS,Mato Grosso do Sul,Centro-Oeste,21,Edmilson Costa,PCB,271,0.021828996
2026-10-04 18:35:03,20261004-183503,MS,Mato Grosso do Sul,Centro-Oeste,22,Flavio Bolsonaro,PL,741729,59.746123138
2026-10-04 18:35:03,20261004-183503,MS,Mato Grosso do Sul,Centro-Oeste,27,Clariana Barao,DC,531,0.042771944
2026-10-04 18:35:03,20261004-183503,MS,Mato Grosso do Sul,Centro-Oeste,29,Rui Costa Pimenta,PCO,167,0.013451817
2026-10-04 18:35:03,20261004-183503,MS,Mato Grosso do Sul,Centro-Oeste,30,Zema,NOVO,2507,0.20193835
2026-10-04 18:35:03,20261004-183503,MS,Mato Grosso do Sul,Centro-Oeste,35,Veterinário Wilson Grassi,DEMOCRATA,181,0.014579514
2026-10-04 18:35:03,20261004-183503,MS,Mato Grosso do Sul,Centro-Oeste,55,Ronaldo Caiado,PSD,20473,1.64909607
2026-10-04 18:35:03,20261004-183503,MS,Mato Grosso do Sul,Centro-Oeste,70,Escritor Augusto Cury,AVANTE,33964,2.735793432
2026-10-04 18:35:03,20261004-183503,MS,Mato Grosso do Sul,Centro-Oeste,80,Samara,UP,1148,0.092471171
2026-10-04 18:35:03,20261004-183503,MT,Mato Grosso,Centro-Oeste,13,Lula,PT,338121,28.339513271
2026-10-04 18:35:03,20261004-183503,MT,Mato Grosso,Centro-Oeste,14,Renan Santos,MISSÃO,20782,1.741837285
2026-10-04 18:35:03,20261004-183503,MT,Mato Grosso,Centro-Oeste,16,Hertz Dias,PSTU,216,0.018103977
2026-10-04 18:35:03,20261004-183503,MT,Mato Grosso,Centro-Oeste,21,Edmilson Costa,PCB,147,0.012320762
2026-10-04 18:35:03,20261004-183503,MT,Mato Grosso,Centro-Oeste,22,Flavio Bolsonaro,PL,784226,65.729674095
2026-10-04 18:35:03,20261004-183503,MT,Mato Grosso,Centro-Oeste,27,Clariana Barao,DC,1285,0.107701901
2026-10-04 18:35:03,20261004-183503,MT,Mato Grosso,Centro-Oeste,29,Rui Costa Pimenta,PCO,74,0.006202288
2026-10-04 18:35:03,20261004-183503,MT,Mato Grosso,Centro-Oeste,30,Zema,NOVO,1572,0.131756723
2026-10-04 18:35:03,20261004-183503,MT,Mato Grosso,Centro-Oeste,35,Veterinário Wilson Grassi,DEMOCRATA,117,0.009806321
2026-10-04 18:35:03,20261004-183503,MT,Mato Grosso,Centro-Oeste,55,Ronaldo Caiado,PSD,20625,1.728678376
2026-10-04 18:35:03,20261004-183503,MT,Mato Grosso,Centro-Oeste,70,Escritor Augusto Cury,AVANTE,24907,2.087572961
2026-10-04 18:35:03,20261004-183503,MT,Mato Grosso,Centro-Oeste,80,Samara,UP,1036,0.086832039
2026-10-04 18:35:03,20261004-183503,PA,Pará,Norte,13,Lula,PT,986196,47.413337615
2026-10-04 18:35:03,20261004-183503,PA,Pará,Norte,14,Renan Santos,MISSÃO,42754,2.055483734
2026-10-04 18:35:03,20261004-183503,PA,Pará,Norte,16,Hertz Dias,PSTU,657,0.031586584
2026-10-04 18:35:03,20261004-183503,PA,Pará,Norte,21,Edmilson Costa,PCB,310,0.014903868
2026-10-04 18:35:03,20261004-183503,PA,Pará,Norte,22,Flavio Bolsonaro,PL,957334,46.02573946
2026-10-04 18:35:03,20261004-183503,PA,Pará,Norte,27,Clariana Barao,DC,672,0.032307739
2026-10-04 18:35:03,20261004-183503,PA,Pará,Norte,29,Rui Costa Pimenta,PCO,177,0.008509628
2026-10-04 18:35:03,20261004-183503,PA,Pará,Norte,30,Zema,NOVO,1767,0.084952046
2026-10-04 18:35:03,20261004-183503,PA,Pará,Norte,35,Veterinário Wilson Grassi,DEMOCRATA,288,0.013846174
2026-10-04 18:35:03,20261004-183503,PA,Pará,Norte,55,Ronaldo Caiado,PSD,27126,1.304136496
2026-10-04 18:35:03,20261004-183503,PA,Pará,Norte,70,Escritor Augusto Cury,AVANTE,60418,2.904715728
2026-10-04 18:35:03,20261004-183503,PA,Pará,Norte,80,Samara,UP,2298,0.110480929
2026-10-04 18:35:03,20261004-183503,PB,Paraíba,Nordeste,13,Lula,PT,1052843,60.660986461
2026-10-04 18:35:03,20261004-183503,PB,Paraíba,Nordeste,14,Renan Santos,MISSÃO,30677,1.767497226
2026-10-04 18:35:03,20261004-183503,PB,Paraíba,Nordeste,16,Hertz Dias,PSTU,462,0.026618761
2026-10-04 18:35:03,20261004-183503,PB,Paraíba,Nordeste,21,Edmilson Costa,PCB,235,0.013539846
2026-10-04 18:35:03,20261004-183503,PB,Paraíba,Nordeste,22,Flavio Bolsonaro,PL,582273,33.548453634
2026-10-04 18:35:03,20261004-183503,PB,Paraíba,Nordeste,27,Clariana Barao,DC,427,0.024602188
2026-10-04 18:35:03,20261004-183503,PB,Paraíba,Nordeste,29,Rui Costa Pimenta,PCO,206,0.011868971
2026-10-04 18:35:03,20261004-183503,PB,Paraíba,Nordeste,30,Zema,NOVO,1464,0.084350358
2026-10-04 18:35:03,20261004-183503,PB,Paraíba,Nordeste,35,Veterinário Wilson Grassi,DEMOCRATA,157,0.009045769
2026-10-04 18:35:03,20261004-183503,PB,Paraíba,Nordeste,55,Ronaldo Caiado,PSD,13902,0.800982705
2026-10-04 18:35:03,20261004-183503,PB,Paraíba,Nordeste,70,Escritor Augusto Cury,AVANTE,51837,2.986659507
2026-10-04 18:35:03,20261004-183503,PB,Paraíba,Nordeste,80,Samara,UP,1135,0.065394574
2026-10-04 18:35:03,20261004-183503,PE,Pernambuco,Nordeste,13,Lula,PT,726372,61.253123279
2026-10-04 18:35:03,20261004-183503,PE,Pernambuco,Nordeste,14,Renan Santos,MISSÃO,19383,1.634519624
2026-10-04 18:35:03,20261004-183503,PE,Pernambuco,Nordeste,16,Hertz Dias,PSTU,288,0.024286315
2026-10-04 18:35:03,20261004-183503,PE,Pernambuco,Nordeste,21,Edmilson Costa,PCB,148,0.012480468
2026-10-04 18:35:03,20261004-183503,PE,Pernambuco,Nordeste,22,Flavio Bolsonaro,PL,390888,32.962601604
2026-10-04 18:35:03,20261004-183503,PE,Pernambuco,Nordeste,27,Clariana Barao,DC,209,0.017624444
2026-10-04 18:35:03,20261004-183503,PE,Pernambuco,Nordeste,29,Rui Costa Pimenta,PCO,129,0.010878245
2026-10-04 18:35:03,20261004-183503,PE,Pernambuco,Nordeste,30,Zema,NOVO,1818,0.153307366
2026-10-04 18:35:03,20261004-183503,PE,Pernambuco,Nordeste,35,Veterinário Wilson Grassi,DEMOCRATA,121,0.010203626
2026-10-04 18:35:03,20261004-183503,PE,Pernambuco,Nordeste,55,Ronaldo Caiado,PSD,16659,1.404811558
2026-10-04 18:35:03,20261004-183503,PE,Pernambuco,Nordeste,70,Escritor Augusto Cury,AVANTE,29263,2.467675167
2026-10-04 18:35:03,20261004-183503,PE,Pernambuco,Nordeste,80,Samara,UP,575,0.048488303
2026-10-04 18:35:03,20261004-183503,PI,Piauí,Nordeste,13,Lula,PT,634528,68.387653044
2026-10-04 18:35:03,20261004-183503,PI,Piauí,Nordeste,14,Renan Santos,MISSÃO,15598,1.681108812
2026-10-04 18:35:03,20261004-183503,PI,Piauí,Nordeste,16,Hertz Dias,PSTU,204,0.021986549
2026-10-04 18:35:03,20261004-183503,PI,Piauí,Nordeste,21,Edmilson Costa,PCB,125,0.01347215
2026-10-04 18:35:03,20261004-183503,PI,Piauí,Nordeste,22,Flavio Bolsonaro,PL,243446,26.237928953
2026-10-04 18:35:03,20261004-183503,PI,Piauí,Nordeste,27,Clariana Barao,DC,236,0.02543542
2026-10-04 18:35:03,20261004-183503,PI,Piauí,Nordeste,29,Rui Costa Pimenta,PCO,69,0.007436627
2026-10-04 18:35:03,20261004-183503,PI,Piauí,Nordeste,30,Zema,NOVO,718,0.077384032
2026-10-04 18:35:03,20261004-183503,PI,Piauí,Nordeste,35,Veterinário Wilson Grassi,DEMOCRATA,86,0.009268839
2026-10-04 18:35:03,20261004-183503,PI,Piauí,Nordeste,55,Ronaldo Caiado,PSD,10108,1.089411968
2026-10-04 18:35:03,20261004-183503,PI,Piauí,Nordeste,70,Escritor Augusto Cury,AVANTE,22181,2.390606139
2026-10-04 18:35:03,20261004-183503,PI,Piauí,Nordeste,80,Samara,UP,541,0.058307467
2026-10-04 18:35:03,20261004-183503,PR,Paraná,Sul,13,Lula,PT,1585836,30.831498352
2026-10-04 18:35:03,20261004-183503,PR,Paraná,Sul,14,Renan Santos,MISSÃO,141588,2.752724865
2026-10-04 18:35:03,20261004-183503,PR,Paraná,Sul,16,Hertz Dias,PSTU,1657,0.032215054
2026-10-04 18:35:03,20261004-183503,PR,Paraná,Sul,21,Edmilson Costa,PCB,954,0.018547472
2026-10-04 18:35:03,20261004-183503,PR,Paraná,Sul,22,Flavio Bolsonaro,PL,3091506,60.104425769
2026-10-04 18:35:03,20261004-183503,PR,Paraná,Sul,27,Clariana Barao,DC,1934,0.037600431
2026-10-04 18:35:03,20261004-183503,PR,Paraná,Sul,29,Rui Costa Pimenta,PCO,764,0.014853531
2026-10-04 18:35:03,20261004-183503,PR,Paraná,Sul,30,Zema,NOVO,14339,0.278775898
2026-10-04 18:35:03,20261004-183503,PR,Paraná,Sul,35,Veterinário Wilson Grassi,DEMOCRATA,783,0.015222925
2026-10-04 18:35:03,20261004-183503,PR,Paraná,Sul,55,Ronaldo Caiado,PSD,135669,2.63764888
2026-10-04 18:35:03,20261004-183503,PR,Paraná,Sul,70,Escritor Augusto Cury,AVANTE,163036,3.169712483
2026-10-04 18:35:03,20261004-183503,PR,Paraná,Sul,80,Samara,UP,5492,0.106774338
2026-10-04 18:35:03,20261004-183503,RJ,Rio de Janeiro,Sudeste,13,Lula,PT,499953,39.446544513
2026-10-04 18:35:03,20261004-183503,RJ,Rio de Janeiro,Sudeste,14,Renan Santos,MISSÃO,26927,2.124553916
2026-10-04 18:35:03,20261004-183503,RJ,Rio de Janeiro,Sudeste,16,Hertz Dias,PSTU,576,0.045446691
2026-10-04 18:35:03,20261004-183503,RJ,Rio de Janeiro,Sudeste,21,Edmilson Costa,PCB,382,0.030139993
2026-10-04 18:35:03,20261004-183503,RJ,Rio de Janeiro,Sudeste,22,Flavio Bolsonaro,PL,672246,53.040549337
2026-10-04 18:35:03,20261004-183503,RJ,Rio de Janeiro,Sudeste,27,Clariana Barao,DC,531,0.041896169
2026-10-04 18:35:03,20261004-183503,RJ,Rio de Janeiro,Sudeste,29,Rui Costa Pimenta,PCO,243,0.019172823
2026-10-04 18:35:03,20261004-183503,RJ,Rio de Janeiro,Sudeste,30,Zema,NOVO,3418,0.269681928
2026-10-04 18:35:03,20261004-183503,RJ,Rio de Janeiro,Sudeste,35,Veterinário Wilson Grassi,DEMOCRATA,264,0.020829733
2026-10-04 18:35:03,20261004-183503,RJ,Rio de Janeiro,Sudeste,55,Ronaldo Caiado,PSD,27622,2.179389768
2026-10-04 18:35:03,20261004-183503,RJ,Rio de Janeiro,Sudeste,70,Escritor Augusto Cury,AVANTE,33567,2.648453274
2026-10-04 18:35:03,20261004-183503,RJ,Rio de Janeiro,Sudeste,80,Samara,UP,1690,0.133341855
2026-10-04 18:35:03,20261004-183503,RN,Rio Grande do Norte,Nordeste,13,Lula,PT,384920,60.906701604
2026-10-04 18:35:03,20261004-183503,RN,Rio Grande do Norte,Nordeste,14,Renan Santos,MISSÃO,10551,1.669506933
2026-10-04 18:35:03,20261004-183503,RN,Rio Grande do Norte,Nordeste,16,Hertz Dias,PSTU,167,0.026424761
2026-10-04 18:35:03,20261004-183503,RN,Rio Grande do Norte,Nordeste,21,Edmilson Costa,PCB,98,0.015506746
2026-10-04 18:35:03,20261004-183503,RN,Rio Grande do Norte,Nordeste,22,Flavio Bolsonaro,PL,212933,33.692836674
2026-10-04 18:35:03,20261004-183503,RN,Rio Grande do Norte,Nordeste,27,Clariana Barao,DC,106,0.016772603
2026-10-04 18:35:03,20261004-183503,RN,Rio Grande do Norte,Nordeste,29,Rui Costa Pimenta,PCO,61,0.009652158
2026-10-04 18:35:03,20261004-183503,RN,Rio Grande do Norte,Nordeste,30,Zema,NOVO,470,0.074369089
2026-10-04 18:35:03,20261004-183503,RN,Rio Grande do Norte,Nordeste,35,Veterinário Wilson Grassi,DEMOCRATA,53,0.008386302
2026-10-04 18:35:03,20261004-183503,RN,Rio Grande do Norte,Nordeste,55,Ronaldo Caiado,PSD,5053,0.799546823
2026-10-04 18:35:03,20261004-183503,RN,Rio Grande do Norte,Nordeste,70,Escritor Augusto Cury,AVANTE,17194,2.720642802
2026-10-04 18:35:03,20261004-183503,RN,Rio Grande do Norte,Nordeste,80,Samara,UP,377,0.059653503
2026-10-04 18:35:03,20261004-183503,RO,Rondônia,Norte,13,Lula,PT,169069,27.385049978
2026-10-04 18:35:03,20261004-183503,RO,Rondônia,Norte,14,Renan Santos,MISSÃO,12922,2.093048494
2026-10-04 18:35:03,20261004-183503,RO,Rondônia,Norte,16,Hertz Dias,PSTU,134,0.021704728
2026-10-04 18:35:03,20261004-183503,RO,Rondônia,Norte,21,Edmilson Costa,PCB,119,0.019275094
2026-10-04 18:35:03,20261004-183503,RO,Rondônia,Norte,22,Flavio Bolsonaro,PL,404820,65.570955834
2026-10-04 18:35:03,20261004-183503,RO,Rondônia,Norte,27,Clariana Barao,DC,271,0.043895383
2026-10-04 18:35:03,20261004-183503,RO,Rondônia,Norte,29,Rui Costa Pimenta,PCO,40,0.006479023
2026-10-04 18:35:03,20261004-183503,RO,Rondônia,Norte,30,Zema,NOVO,846,0.137031344
2026-10-04 18:35:03,20261004-183503,RO,Rondônia,Norte,35,Veterinário Wilson Grassi,DEMOCRATA,79,0.012796071
2026-10-04 18:35:03,20261004-183503,RO,Rondônia,Norte,55,Ronaldo Caiado,PSD,11087,1.795823298
2026-10-04 18:35:03,20261004-183503,RO,Rondônia,Norte,70,Escritor Augusto Cury,AVANTE,17338,2.808332672
2026-10-04 18:35:03,20261004-183503,RO,Rondônia,Norte,80,Samara,UP,652,0.105608081
2026-10-04 18:35:03,20261004-183503,RR,Roraima,Norte,13,Lula,PT,27871,24.984088566
2026-10-04 18:35:03,20261004-183503,RR,Roraima,Norte,14,Renan Santos,MISSÃO,1769,1.585764869
2026-10-04 18:35:03,20261004-183503,RR,Roraima,Norte,16,Hertz Dias,PSTU,13,0.011653444
2026-10-04 18:35:03,20261004-183503,RR,Roraima,Norte,21,Edmilson Costa,PCB,15,0.013446282
2026-10-04 18:35:03,20261004-183503,RR,Roraima,Norte,22,Flavio Bolsonaro,PL,77932,69.859710457
2026-10-04 18:35:03,20261004-183503,RR,Roraima,Norte,27,Clariana Barao,DC,41,0.036753171
2026-10-04 18:35:03,20261004-183503,RR,Roraima,Norte,29,Rui Costa Pimenta,PCO,10,0.008964188
2026-10-04 18:35:03,20261004-183503,RR,Roraima,Norte,30,Zema,NOVO,106,0.095020394
2026-10-04 18:35:03,20261004-183503,RR,Roraima,Norte,35,Veterinário Wilson Grassi,DEMOCRATA,5,0.004482094
2026-10-04 18:35:03,20261004-183503,RR,Roraima,Norte,55,Ronaldo Caiado,PSD,1161,1.040742235
2026-10-04 18:35:03,20261004-183503,RR,Roraima,Norte,70,Escritor Augusto Cury,AVANTE,2556,2.29124647
2026-10-04 18:35:03,20261004-183503,RR,Roraima,Norte,80,Samara,UP,76,0.068127829
2026-10-04 18:35:03,20261004-183503,RS,Rio Grande do Sul,Sul,13,Lula,PT,1203515,34.89237135
2026-10-04 18:35:03,20261004-183503,RS,Rio Grande do Sul,Sul,14,Renan Santos,MISSÃO,89453,2.593426168
2026-10-04 18:35:03,20261004-183503,RS,Rio Grande do Sul,Sul,16,Hertz Dias,PSTU,1134,0.032876989
2026-10-04 18:35:03,20261004-183503,RS,Rio Grande do Sul,Sul,21,Edmilson Costa,PCB,529,0.015336796
2026-10-04 18:35:03,20261004-183503,RS,Rio Grande do Sul,Sul,22,Flavio Bolsonaro,PL,1949084,56.507947737
2026-10-04 18:35:03,20261004-183503,RS,Rio Grande do Sul,Sul,27,Clariana Barao,DC,1088,0.031543354
2026-10-04 18:35:03,20261004-183503,RS,Rio Grande do Sul,Sul,29,Rui Costa Pimenta,PCO,536,0.015539741
2026-10-04 18:35:03,20261004-183503,RS,Rio Grande do Sul,Sul,30,Zema,NOVO,10293,0.298415207
2026-10-04 18:35:03,20261004-183503,RS,Rio Grande do Sul,Sul,35,Veterinário Wilson Grassi,DEMOCRATA,494,0.014322074
2026-10-04 18:35:03,20261004-183503,RS,Rio Grande do Sul,Sul,55,Ronaldo Caiado,PSD,83228,2.412950634
2026-10-04 18:35:03,20261004-183503,RS,Rio Grande do Sul,Sul,70,Escritor Augusto Cury,AVANTE,106407,3.084957444
2026-10-04 18:35:03,20261004-183503,RS,Rio Grande do Sul,Sul,80,Samara,UP,3460,0.100312505
2026-10-04 18:35:03,20261004-183503,SC,Santa Catarina,Sul,13,Lula,PT,405128,27.829847802
2026-10-04 18:35:03,20261004-183503,SC,Santa Catarina,Sul,14,Renan Santos,MISSÃO,43051,2.957343797
2026-10-04 18:35:03,20261004-183503,SC,Santa Catarina,Sul,16,Hertz Dias,PSTU,553,0.037987761
2026-10-04 18:35:03,20261004-183503,SC,Santa Catarina,Sul,21,Edmilson Costa,PCB,252,0.017310879
2026-10-04 18:35:03,20261004-183503,SC,Santa Catarina,Sul,22,Flavio Bolsonaro,PL,925075,63.547067729
2026-10-04 18:35:03,20261004-183503,SC,Santa Catarina,Sul,27,Clariana Barao,DC,489,0.033591348
2026-10-04 18:35:03,20261004-183503,SC,Santa Catarina,Sul,29,Rui Costa Pimenta,PCO,270,0.01854737
2026-10-04 18:35:03,20261004-183503,SC,Santa Catarina,Sul,30,Zema,NOVO,6079,0.4175906
2026-10-04 18:35:03,20261004-183503,SC,Santa Catarina,Sul,35,Veterinário Wilson Grassi,DEMOCRATA,226,0.015524836
2026-10-04 18:35:03,20261004-183503,SC,Santa Catarina,Sul,55,Ronaldo Caiado,PSD,27591,1.89533513
2026-10-04 18:35:03,20261004-183503,SC,Santa Catarina,Sul,70,Escritor Augusto Cury,AVANTE,45114,3.099059442
2026-10-04 18:35:03,20261004-183503,SC,Santa Catarina,Sul,80,Samara,UP,1904,0.130793305
2026-10-04 18:35:03,20261004-183503,SE,Sergipe,Nordeste,13,Lula,PT,283921,59.114001008
2026-10-04 18:35:03,20261004-183503,SE,Sergipe,Nordeste,14,Renan Santos,MISSÃO,8240,1.715615852
2026-10-04 18:35:03,20261004-183503,SE,Sergipe,Nordeste,16,Hertz Dias,PSTU,152,0.031647283
2026-10-04 18:35:03,20261004-183503,SE,Sergipe,Nordeste,21,Edmilson Costa,PCB,76,0.015823641
2026-10-04 18:35:03,20261004-183503,SE,Sergipe,Nordeste,22,Flavio Bolsonaro,PL,162284,33.788471228
2026-10-04 18:35:03,20261004-183503,SE,Sergipe,Nordeste,27,Clariana Barao,DC,182,0.037893457
2026-10-04 18:35:03,20261004-183503,SE,Sergipe,Nordeste,29,Rui Costa Pimenta,PCO,44,0.009161056
2026-10-04 18:35:03,20261004-183503,SE,Sergipe,Nordeste,30,Zema,NOVO,555,0.115554223
2026-10-04 18:35:03,20261004-183503,SE,Sergipe,Nordeste,35,Veterinário Wilson Grassi,DEMOCRATA,49,0.010202085
2026-10-04 18:35:03,20261004-183503,SE,Sergipe,Nordeste,55,Ronaldo Caiado,PSD,9901,2.061445698
2026-10-04 18:35:03,20261004-183503,SE,Sergipe,Nordeste,70,Escritor Augusto Cury,AVANTE,14550,3.029394496
2026-10-04 18:35:03,20261004-183503,SE,Sergipe,Nordeste,80,Samara,UP,340,0.070789974
2026-10-04 18:35:03,20261004-183503,SP,São Paulo,Sudeste,13,Lula,PT,2056803,35.098086963
2026-10-04 18:35:03,20261004-183503,SP,São Paulo,Sudeste,14,Renan Santos,MISSÃO,178461,3.045327966
2026-10-04 18:35:03,20261004-183503,SP,São Paulo,Sudeste,16,Hertz Dias,PSTU,3496,0.059657105
2026-10-04 18:35:03,20261004-183503,SP,São Paulo,Sudeste,21,Edmilson Costa,PCB,1426,0.024333819
2026-10-04 18:35:03,20261004-183503,SP,São Paulo,Sudeste,22,Flavio Bolsonaro,PL,3246801,55.404676018
2026-10-04 18:35:03,20261004-183503,SP,São Paulo,Sudeste,27,Clariana Barao,DC,2305,0.039333417
2026-10-04 18:35:03,20261004-183503,SP,São Paulo,Sudeste,29,Rui Costa Pimenta,PCO,987,0.016842552
2026-10-04 18:35:03,20261004-183503,SP,São Paulo,Sudeste,30,Zema,NOVO,20574,0.351082744
2026-10-04 18:35:03,20261004-183503,SP,São Paulo,Sudeste,35,Veterinário Wilson Grassi,DEMOCRATA,1170,0.019965335
2026-10-04 18:35:03,20261004-183503,SP,São Paulo,Sudeste,55,Ronaldo Caiado,PSD,134458,2.294443647
2026-10-04 18:35:03,20261004-183503,SP,São Paulo,Sudeste,70,Escritor Augusto Cury,AVANTE,204768,3.494240854
2026-10-04 18:35:03,20261004-183503,SP,São Paulo,Sudeste,80,Samara,UP,8908,0.152009579
2026-10-04 18:35:03,20261004-183503,TO,Tocantins,Norte,13,Lula,PT,328609,43.087955502
2026-10-04 18:35:03,20261004-183503,TO,Tocantins,Norte,14,Renan Santos,MISSÃO,10763,1.411268909
2026-10-04 18:35:03,20261004-183503,TO,Tocantins,Norte,16,Hertz Dias,PSTU,86,0.011276515
2026-10-04 18:35:03,20261004-183503,TO,Tocantins,Norte,21,Edmilson Costa,PCB,98,0.012849982
2026-10-04 18:35:03,20261004-183503,TO,Tocantins,Norte,22,Flavio Bolsonaro,PL,386792,50.717042092
2026-10-04 18:35:03,20261004-183503,TO,Tocantins,Norte,27,Clariana Barao,DC,140,0.018357117
2026-10-04 18:35:03,20261004-183503,TO,Tocantins,Norte,29,Rui Costa Pimenta,PCO,48,0.006293869
2026-10-04 18:35:03,20261004-183503,TO,Tocantins,Norte,30,Zema,NOVO,513,0.067265721
2026-10-04 18:35:03,20261004-183503,TO,Tocantins,Norte,35,Veterinário Wilson Grassi,DEMOCRATA,54,0.007080602
2026-10-04 18:35:03,20261004-183503,TO,Tocantins,Norte,55,Ronaldo Caiado,PSD,16897,2.215572867
2026-10-04 18:35:03,20261004-183503,TO,Tocantins,Norte,70,Escritor Augusto Cury,AVANTE,18318,2.401897601
2026-10-04 18:35:03,20261004-183503,TO,Tocantins,Norte,80,Samara,UP,329,0.043139224
2026-10-04 18:35:03,20261004-183503,ZZ,Exterior,Exterior,13,Lula,PT,114684,52.291193609
2026-10-04 18:35:03,20261004-183503,ZZ,Exterior,Exterior,14,Renan Santos,MISSÃO,6111,2.786365004
2026-10-04 18:35:03,20261004-183503,ZZ,Exterior,Exterior,16,Hertz Dias,PSTU,293,0.133595966
2026-10-04 18:35:03,20261004-183503,ZZ,Exterior,Exterior,21,Edmilson Costa,PCB,333,0.151834323
2026-10-04 18:35:03,20261004-183503,ZZ,Exterior,Exterior,22,Flavio Bolsonaro,PL,83591,38.114062685
2026-10-04 18:35:03,20261004-183503,ZZ,Exterior,Exterior,27,Clariana Barao,DC,691,0.315067619
2026-10-04 18:35:03,20261004-183503,ZZ,Exterior,Exterior,29,Rui Costa Pimenta,PCO,141,0.064290209
2026-10-04 18:35:03,20261004-183503,ZZ,Exterior,Exterior,30,Zema,NOVO,2176,0.992166626
2026-10-04 18:35:03,20261004-183503,ZZ,Exterior,Exterior,35,Veterinário Wilson Grassi,DEMOCRATA,255,0.116269526
2026-10-04 18:35:03,20261004-183503,ZZ,Exterior,Exterior,55,Ronaldo Caiado,PSD,3115,1.420312058
2026-10-04 18:35:03,20261004-183503,ZZ,Exterior,Exterior,70,Escritor Augusto Cury,AVANTE,7068,3.222717698
2026-10-04 18:35:03,20261004-183503,ZZ,Exterior,Exterior,80,Samara,UP,860,0.392124677
2026-10-04 18:41:51,20261004-184151,AC,Acre,Norte,13,Lula,PT,104544,28.499848701
2026-10-04 18:41:51,20261004-184151,AC,Acre,Norte,14,Renan Santos,MISSÃO,6549,1.785329709
2026-10-04 18:41:51,20261004-184151,AC,Acre,Norte,16,Hertz Dias,PSTU,59,0.016084051
2026-10-04 18:41:51,20261004-184151,AC,Acre,Norte,21,Edmilson Costa,PCB,110,0.029987215
2026-10-04 18:41:51,20261004-184151,AC,Acre,Norte,22,Flavio Bolsonaro,PL,236658,64.51558381
2026-10-04 18:41:51,20261004-184151,AC,Acre,Norte,27,Clariana Barao,DC,158,0.043072545
2026-10-04 18:41:51,20261004-184151,AC,Acre,Norte,29,Rui Costa Pimenta,PCO,33,0.008996164
2026-10-04 18:41:51,20261004-184151,AC,Acre,Norte,30,Zema,NOVO,471,0.1283998
2026-10-04 18:41:51,20261004-184151,AC,Acre,Norte,35,Veterinário Wilson Grassi,DEMOCRATA,30,0.008178331
2026-10-04 18:41:51,20261004-184151,AC,Acre,Norte,55,Ronaldo Caiado,PSD,7028,1.915910398
2026-10-04 18:41:51,20261004-184151,AC,Acre,Norte,70,Escritor Augusto Cury,AVANTE,10918,2.976367349
2026-10-04 18:41:51,20261004-184151,AC,Acre,Norte,80,Samara,UP,265,0.072241926
2026-10-04 18:41:51,20261004-184151,AL,Alagoas,Nordeste,13,Lula,PT,164276,57.98167469
2026-10-04 18:41:51,20261004-184151,AL,Alagoas,Nordeste,14,Renan Santos,MISSÃO,3632,1.281924581
2026-10-04 18:41:51,20261004-184151,AL,Alagoas,Nordeste,16,Hertz Dias,PSTU,63,0.022236027
2026-10-04 18:41:51,20261004-184151,AL,Alagoas,Nordeste,21,Edmilson Costa,PCB,46,0.016235829
2026-10-04 18:41:51,20261004-184151,AL,Alagoas,Nordeste,22,Flavio Bolsonaro,PL,106291,37.5157064
2026-10-04 18:41:51,20261004-184151,AL,Alagoas,Nordeste,27,Clariana Barao,DC,97,0.034236422
2026-10-04 18:41:51,20261004-184151,AL,Alagoas,Nordeste,29,Rui Costa Pimenta,PCO,17,0.006000198
2026-10-04 18:41:51,20261004-184151,AL,Alagoas,Nordeste,30,Zema,NOVO,191,0.067413985
2026-10-04 18:41:51,20261004-184151,AL,Alagoas,Nordeste,35,Veterinário Wilson Grassi,DEMOCRATA,26,0.009176773
2026-10-04 18:41:51,20261004-184151,AL,Alagoas,Nordeste,55,Ronaldo Caiado,PSD,2073,0.731671161
2026-10-04 18:41:51,20261004-184151,AL,Alagoas,Nordeste,70,Escritor Augusto Cury,AVANTE,6428,2.268780619
2026-10-04 18:41:51,20261004-184151,AL,Alagoas,Nordeste,80,Samara,UP,184,0.064943316
2026-10-04 18:41:51,20261004-184151,AM,Amazonas,Norte,13,Lula,PT,492491,42.505001441
2026-10-04 18:41:51,20261004-184151,AM,Amazonas,Norte,14,Renan Santos,MISSÃO,22248,1.920139195
2026-10-04 18:41:51,20261004-184151,AM,Amazonas,Norte,16,Hertz Dias,PSTU,334,0.028826254
2026-10-04 18:41:51,20261004-184151,AM,Amazonas,Norte,21,Edmilson Costa,PCB,162,0.013981596
2026-10-04 18:41:51,20261004-184151,AM,Amazonas,Norte,22,Flavio Bolsonaro,PL,575919,49.705350809
2026-10-04 18:41:51,20261004-184151,AM,Amazonas,Norte,27,Clariana Barao,DC,579,0.04997126
2026-10-04 18:41:51,20261004-184151,AM,Amazonas,Norte,29,Rui Costa Pimenta,PCO,123,0.010615656
2026-10-04 18:41:51,20261004-184151,AM,Amazonas,Norte,30,Zema,NOVO,1295,0.111766462
2026-10-04 18:41:51,20261004-184151,AM,Amazonas,Norte,35,Veterinário Wilson Grassi,DEMOCRATA,202,0.017433842
2026-10-04 18:41:51,20261004-184151,AM,Amazonas,Norte,55,Ronaldo Caiado,PSD,16669,1.438637191
2026-10-04 18:41:51,20261004-184151,AM,Amazonas,Norte,70,Escritor Augusto Cury,AVANTE,47362,4.087631811
2026-10-04 18:41:51,20261004-184151,AM,Amazonas,Norte,80,Samara,UP,1282,0.110644483
2026-10-04 18:41:51,20261004-184151,AP,Amapá,Norte,13,Lula,PT,87092,48.896224932
2026-10-04 18:41:51,20261004-184151,AP,Amapá,Norte,14,Renan Santos,MISSÃO,3860,2.167127041
2026-10-04 18:41:51,20261004-184151,AP,Amapá,Norte,16,Hertz Dias,PSTU,42,0.023580139
2026-10-04 18:41:51,20261004-184151,AP,Amapá,Norte,21,Edmilson Costa,PCB,25,0.014035797
2026-10-04 18:41:51,20261004-184151,AP,Amapá,Norte,22,Flavio Bolsonaro,PL,76648,43.032630421
2026-10-04 18:41:51,20261004-184151,AP,Amapá,Norte,27,Clariana Barao,DC,71,0.039861663
2026-10-04 18:41:51,20261004-184151,AP,Amapá,Norte,29,Rui Costa Pimenta,PCO,21,0.011790069
2026-10-04 18:41:51,20261004-184151,AP,Amapá,Norte,30,Zema,NOVO,133,0.074670439
2026-10-04 18:41:51,20261004-184151,AP,Amapá,Norte,35,Veterinário Wilson Grassi,DEMOCRATA,16,0.00898291
2026-10-04 18:41:51,20261004-184151,AP,Amapá,Norte,55,Ronaldo Caiado,PSD,3011,1.690471378
2026-10-04 18:41:51,20261004-184151,AP,Amapá,Norte,70,Escritor Augusto Cury,AVANTE,7051,3.958656157
2026-10-04 18:41:51,20261004-184151,AP,Amapá,Norte,80,Samara,UP,146,0.081969054
2026-10-04 18:41:51,20261004-184151,BA,Bahia,Nordeste,13,Lula,PT,1265179,64.348826067
2026-10-04 18:41:51,20261004-184151,BA,Bahia,Nordeste,14,Renan Santos,MISSÃO,30559,1.554274751
2026-10-04 18:41:51,20261004-184151,BA,Bahia,Nordeste,16,Hertz Dias,PSTU,498,0.025328997
2026-10-04 18:41:51,20261004-184151,BA,Bahia,Nordeste,21,Edmilson Costa,PCB,327,0.016631691
2026-10-04 18:41:51,20261004-184151,BA,Bahia,Nordeste,22,Flavio Bolsonaro,PL,585816,29.79544546
2026-10-04 18:41:51,20261004-184151,BA,Bahia,Nordeste,27,Clariana Barao,DC,430,0.021870419
2026-10-04 18:41:51,20261004-184151,BA,Bahia,Nordeste,29,Rui Costa Pimenta,PCO,240,0.012206746
2026-10-04 18:41:51,20261004-184151,BA,Bahia,Nordeste,30,Zema,NOVO,1977,0.100553067
2026-10-04 18:41:51,20261004-184151,BA,Bahia,Nordeste,35,Veterinário Wilson Grassi,DEMOCRATA,186,0.009460228
2026-10-04 18:41:51,20261004-184151,BA,Bahia,Nordeste,55,Ronaldo Caiado,PSD,32717,1.664033739
2026-10-04 18:41:51,20261004-184151,BA,Bahia,Nordeste,70,Escritor Augusto Cury,AVANTE,46863,2.383519673
2026-10-04 18:41:51,20261004-184151,BA,Bahia,Nordeste,80,Samara,UP,1334,0.067849161
2026-10-04 18:41:51,20261004-184151,CE,Ceará,Nordeste,13,Lula,PT,754724,60.533515348
2026-10-04 18:41:51,20261004-184151,CE,Ceará,Nordeste,14,Renan Santos,MISSÃO,26674,2.139419163
2026-10-04 18:41:51,20261004-184151,CE,Ceará,Nordeste,16,Hertz Dias,PSTU,396,0.03176164
2026-10-04 18:41:51,20261004-184151,CE,Ceará,Nordeste,21,Edmilson Costa,PCB,213,0.017083912
2026-10-04 18:41:51,20261004-184151,CE,Ceará,Nordeste,22,Flavio Bolsonaro,PL,417510,33.486874663
2026-10-04 18:41:51,20261004-184151,CE,Ceará,Nordeste,27,Clariana Barao,DC,240,0.019249479
2026-10-04 18:41:51,20261004-184151,CE,Ceará,Nordeste,29,Rui Costa Pimenta,PCO,151,0.01211113
2026-10-04 18:41:51,20261004-184151,CE,Ceará,Nordeste,30,Zema,NOVO,1531,0.122795634
2026-10-04 18:41:51,20261004-184151,CE,Ceará,Nordeste,35,Veterinário Wilson Grassi,DEMOCRATA,126,0.010105976
2026-10-04 18:41:51,20261004-184151,CE,Ceará,Nordeste,55,Ronaldo Caiado,PSD,12202,0.978675588
2026-10-04 18:41:51,20261004-184151,CE,Ceará,Nordeste,70,Escritor Augusto Cury,AVANTE,32102,2.57477821
2026-10-04 18:41:51,20261004-184151,CE,Ceará,Nordeste,80,Samara,UP,918,0.073629257
2026-10-04 18:41:51,20261004-184151,DF,Distrito Federal,Centro-Oeste,13,Lula,PT,636824,38.182582372
2026-10-04 18:41:51,20261004-184151,DF,Distrito Federal,Centro-Oeste,14,Renan Santos,MISSÃO,43935,2.634247071
2026-10-04 18:41:51,20261004-184151,DF,Distrito Federal,Centro-Oeste,16,Hertz Dias,PSTU,774,0.046407357
2026-10-04 18:41:51,20261004-184151,DF,Distrito Federal,Centro-Oeste,21,Edmilson Costa,PCB,315,0.018886715
2026-10-04 18:41:51,20261004-184151,DF,Distrito Federal,Centro-Oeste,22,Flavio Bolsonaro,PL,854304,51.222210297
2026-10-04 18:41:51,20261004-184151,DF,Distrito Federal,Centro-Oeste,27,Clariana Barao,DC,666,0.039931912
2026-10-04 18:41:51,20261004-184151,DF,Distrito Federal,Centro-Oeste,29,Rui Costa Pimenta,PCO,364,0.021824649
2026-10-04 18:41:51,20261004-184151,DF,Distrito Federal,Centro-Oeste,30,Zema,NOVO,4737,0.28402022
2026-10-04 18:41:51,20261004-184151,DF,Distrito Federal,Centro-Oeste,35,Veterinário Wilson Grassi,DEMOCRATA,307,0.018407052
2026-10-04 18:41:51,20261004-184151,DF,Distrito Federal,Centro-Oeste,55,Ronaldo Caiado,PSD,80194,4.808257871
2026-10-04 18:41:51,20261004-184151,DF,Distrito Federal,Centro-Oeste,70,Escritor Augusto Cury,AVANTE,43249,2.593116002
2026-10-04 18:41:51,20261004-184151,DF,Distrito Federal,Centro-Oeste,80,Samara,UP,2170,0.130108482
2026-10-04 18:41:51,20261004-184151,ES,Espírito Santo,Sudeste,13,Lula,PT,658533,36.808635986
2026-10-04 18:41:51,20261004-184151,ES,Espírito Santo,Sudeste,14,Renan Santos,MISSÃO,42130,2.354852124
2026-10-04 18:41:51,20261004-184151,ES,Espírito Santo,Sudeste,16,Hertz Dias,PSTU,512,0.028618189
2026-10-04 18:41:51,20261004-184151,ES,Espírito Santo,Sudeste,21,Edmilson Costa,PCB,290,0.016209521
2026-10-04 18:41:51,20261004-184151,ES,Espírito Santo,Sudeste,22,Flavio Bolsonaro,PL,997055,55.730289223
2026-10-04 18:41:51,20261004-184151,ES,Espírito Santo,Sudeste,27,Clariana Barao,DC,755,0.042200649
2026-10-04 18:41:51,20261004-184151,ES,Espírito Santo,Sudeste,29,Rui Costa Pimenta,PCO,209,0.011682034
2026-10-04 18:41:51,20261004-184151,ES,Espírito Santo,Sudeste,30,Zema,NOVO,4934,0.275785435
2026-10-04 18:41:51,20261004-184151,ES,Espírito Santo,Sudeste,35,Veterinário Wilson Grassi,DEMOCRATA,250,0.013973725
2026-10-04 18:41:51,20261004-184151,ES,Espírito Santo,Sudeste,55,Ronaldo Caiado,PSD,31472,1.759124283
2026-10-04 18:41:51,20261004-184151,ES,Espírito Santo,Sudeste,70,Escritor Augusto Cury,AVANTE,51412,2.873668583
2026-10-04 18:41:51,20261004-184151,ES,Espírito Santo,Sudeste,80,Samara,UP,1520,0.084960248
2026-10-04 18:41:51,20261004-184151,GO,Goiás,Centro-Oeste,13,Lula,PT,550907,29.22733955
2026-10-04 18:41:51,20261004-184151,GO,Goiás,Centro-Oeste,14,Renan Santos,MISSÃO,27783,1.473975053
2026-10-04 18:41:51,20261004-184151,GO,Goiás,Centro-Oeste,16,Hertz Dias,PSTU,350,0.018568595
2026-10-04 18:41:51,20261004-184151,GO,Goiás,Centro-Oeste,21,Edmilson Costa,PCB,235,0.012467485
2026-10-04 18:41:51,20261004-184151,GO,Goiás,Centro-Oeste,22,Flavio Bolsonaro,PL,1050006,55.706102648
2026-10-04 18:41:51,20261004-184151,GO,Goiás,Centro-Oeste,27,Clariana Barao,DC,294,0.01559762
2026-10-04 18:41:51,20261004-184151,GO,Goiás,Centro-Oeste,29,Rui Costa Pimenta,PCO,140,0.007427438
2026-10-04 18:41:51,20261004-184151,GO,Goiás,Centro-Oeste,30,Zema,NOVO,1463,0.077616726
2026-10-04 18:41:51,20261004-184151,GO,Goiás,Centro-Oeste,35,Veterinário Wilson Grassi,DEMOCRATA,178,0.009443457
2026-10-04 18:41:51,20261004-184151,GO,Goiás,Centro-Oeste,55,Ronaldo Caiado,PSD,224683,11.920135943
2026-10-04 18:41:51,20261004-184151,GO,Goiás,Centro-Oeste,70,Escritor Augusto Cury,AVANTE,27703,1.469730803
2026-10-04 18:41:51,20261004-184151,GO,Goiás,Centro-Oeste,80,Samara,UP,1161,0.061594682
2026-10-04 18:41:51,20261004-184151,MA,Maranhão,Nordeste,13,Lula,PT,817115,61.260254213
2026-10-04 18:41:51,20261004-184151,MA,Maranhão,Nordeste,14,Renan Santos,MISSÃO,20843,1.562628857
2026-10-04 18:41:51,20261004-184151,MA,Maranhão,Nordeste,16,Hertz Dias,PSTU,627,0.047007067
2026-10-04 18:41:51,20261004-184151,MA,Maranhão,Nordeste,21,Edmilson Costa,PCB,145,0.010870853
2026-10-04 18:41:51,20261004-184151,MA,Maranhão,Nordeste,22,Flavio Bolsonaro,PL,444330,33.312041456
2026-10-04 18:41:51,20261004-184151,MA,Maranhão,Nordeste,27,Clariana Barao,DC,325,0.024365704
2026-10-04 18:41:51,20261004-184151,MA,Maranhão,Nordeste,29,Rui Costa Pimenta,PCO,90,0.006747426
2026-10-04 18:41:51,20261004-184151,MA,Maranhão,Nordeste,30,Zema,NOVO,1757,0.131724747
2026-10-04 18:41:51,20261004-184151,MA,Maranhão,Nordeste,35,Veterinário Wilson Grassi,DEMOCRATA,104,0.007797025
2026-10-04 18:41:51,20261004-184151,MA,Maranhão,Nordeste,55,Ronaldo Caiado,PSD,18338,1.374825504
2026-10-04 18:41:51,20261004-184151,MA,Maranhão,Nordeste,70,Escritor Augusto Cury,AVANTE,29516,2.212855796
2026-10-04 18:41:51,20261004-184151,MA,Maranhão,Nordeste,80,Samara,UP,652,0.048881352
2026-10-04 18:41:51,20261004-184151,MG,Minas Gerais,Sudeste,13,Lula,PT,1759886,41.616144705
2026-10-04 18:41:51,20261004-184151,MG,Minas Gerais,Sudeste,14,Renan Santos,MISSÃO,93825,2.218686197
2026-10-04 18:41:51,20261004-184151,MG,Minas Gerais,Sudeste,16,Hertz Dias,PSTU,1801,0.04258837
2026-10-04 18:41:51,20261004-184151,MG,Minas Gerais,Sudeste,21,Edmilson Costa,PCB,802,0.018964949
2026-10-04 18:41:51,20261004-184151,MG,Minas Gerais,Sudeste,22,Flavio Bolsonaro,PL,2093614,49.507833564
2026-10-04 18:41:51,20261004-184151,MG,Minas Gerais,Sudeste,27,Clariana Barao,DC,1250,0.029558836
2026-10-04 18:41:51,20261004-184151,MG,Minas Gerais,Sudeste,29,Rui Costa Pimenta,PCO,630,0.014897653
2026-10-04 18:41:51,20261004-184151,MG,Minas Gerais,Sudeste,30,Zema,NOVO,39078,0.924080141
2026-10-04 18:41:51,20261004-184151,MG,Minas Gerais,Sudeste,35,Veterinário Wilson Grassi,DEMOCRATA,661,0.015630712
2026-10-04 18:41:51,20261004-184151,MG,Minas Gerais,Sudeste,55,Ronaldo Caiado,PSD,85698,2.026506472
2026-10-04 18:41:51,20261004-184151,MG,Minas Gerais,Sudeste,70,Escritor Augusto Cury,AVANTE,146992,3.475929885
2026-10-04 18:41:51,20261004-184151,MG,Minas Gerais,Sudeste,80,Samara,UP,4617,0.109178515
2026-10-04 18:41:51,20261004-184151,MS,Mato Grosso do Sul,Centro-Oeste,13,Lula,PT,442488,33.61783275
2026-10-04 18:41:51,20261004-184151,MS,Mato Grosso do Sul,Centro-Oeste,14,Renan Santos,MISSÃO,29054,2.207364974
2026-10-04 18:41:51,20261004-184151,MS,Mato Grosso do Sul,Centro-Oeste,16,Hertz Dias,PSTU,331,0.025147581
2026-10-04 18:41:51,20261004-184151,MS,Mato Grosso do Sul,Centro-Oeste,21,Edmilson Costa,PCB,289,0.021956649
2026-10-04 18:41:51,20261004-184151,MS,Mato Grosso do Sul,Centro-Oeste,22,Flavio Bolsonaro,PL,782460,59.447057125
2026-10-04 18:41:51,20261004-184151,MS,Mato Grosso do Sul,Centro-Oeste,27,Clariana Barao,DC,553,0.042013934
2026-10-04 18:41:51,20261004-184151,MS,Mato Grosso do Sul,Centro-Oeste,29,Rui Costa Pimenta,PCO,175,0.013295549
2026-10-04 18:41:51,20261004-184151,MS,Mato Grosso do Sul,Centro-Oeste,30,Zema,NOVO,2595,0.197153993
2026-10-04 18:41:51,20261004-184151,MS,Mato Grosso do Sul,Centro-Oeste,35,Veterinário Wilson Grassi,DEMOCRATA,189,0.014359193
2026-10-04 18:41:51,20261004-184151,MS,Mato Grosso do Sul,Centro-Oeste,55,Ronaldo Caiado,PSD,21278,1.616586767
2026-10-04 18:41:51,20261004-184151,MS,Mato Grosso do Sul,Centro-Oeste,70,Escritor Augusto Cury,AVANTE,35623,2.706441883
2026-10-04 18:41:51,20261004-184151,MS,Mato Grosso do Sul,Centro-Oeste,80,Samara,UP,1195,0.090789604
2026-10-04 18:41:51,20261004-184151,MT,Mato Grosso,Centro-Oeste,13,Lula,PT,375738,28.383397732
2026-10-04 18:41:51,20261004-184151,MT,Mato Grosso,Centro-Oeste,14,Renan Santos,MISSÃO,23126,1.746947224
2026-10-04 18:41:51,20261004-184151,MT,Mato Grosso,Centro-Oeste,16,Hertz Dias,PSTU,233,0.017600913
2026-10-04 18:41:51,20261004-184151,MT,Mato Grosso,Centro-Oeste,21,Edmilson Costa,PCB,160,0.012086464
2026-10-04 18:41:51,20261004-184151,MT,Mato Grosso,Centro-Oeste,22,Flavio Bolsonaro,PL,869755,65.701638094
2026-10-04 18:41:51,20261004-184151,MT,Mato Grosso,Centro-Oeste,27,Clariana Barao,DC,1374,0.103792506
2026-10-04 18:41:51,20261004-184151,MT,Mato Grosso,Centro-Oeste,29,Rui Costa Pimenta,PCO,82,0.006194313
2026-10-04 18:41:51,20261004-184151,MT,Mato Grosso,Centro-Oeste,30,Zema,NOVO,1738,0.13128921
2026-10-04 18:41:51,20261004-184151,MT,Mato Grosso,Centro-Oeste,35,Veterinário Wilson Grassi,DEMOCRATA,126,0.00951809
2026-10-04 18:41:51,20261004-184151,MT,Mato Grosso,Centro-Oeste,55,Ronaldo Caiado,PSD,22746,1.718241873
2026-10-04 18:41:51,20261004-184151,MT,Mato Grosso,Centro-Oeste,70,Escritor Augusto Cury,AVANTE,27581,2.083479693
2026-10-04 18:41:51,20261004-184151,MT,Mato Grosso,Centro-Oeste,80,Samara,UP,1136,0.085813891
2026-10-04 18:41:51,20261004-184151,PA,Pará,Norte,13,Lula,PT,1100695,47.60140915
2026-10-04 18:41:51,20261004-184151,PA,Pará,Norte,14,Renan Santos,MISSÃO,46660,2.017890288
2026-10-04 18:41:51,20261004-184151,PA,Pará,Norte,16,Hertz Dias,PSTU,708,0.030618652
2026-10-04 18:41:51,20261004-184151,PA,Pará,Norte,21,Edmilson Costa,PCB,347,0.015006599
2026-10-04 18:41:51,20261004-184151,PA,Pará,Norte,22,Flavio Bolsonaro,PL,1062620,45.954791646
2026-10-04 18:41:51,20261004-184151,PA,Pará,Norte,27,Clariana Barao,DC,737,0.031872806
2026-10-04 18:41:51,20261004-184151,PA,Pará,Norte,29,Rui Costa Pimenta,PCO,190,0.00821687
2026-10-04 18:41:51,20261004-184151,PA,Pará,Norte,30,Zema,NOVO,1903,0.08229844
2026-10-04 18:41:51,20261004-184151,PA,Pará,Norte,35,Veterinário Wilson Grassi,DEMOCRATA,306,0.013233485
2026-10-04 18:41:51,20261004-184151,PA,Pará,Norte,55,Ronaldo Caiado,PSD,29479,1.274869006
2026-10-04 18:41:51,20261004-184151,PA,Pará,Norte,70,Escritor Augusto Cury,AVANTE,66239,2.86461712
2026-10-04 18:41:51,20261004-184151,PA,Pará,Norte,80,Samara,UP,2432,0.105175936
2026-10-04 18:41:51,20261004-184151,PB,Paraíba,Nordeste,13,Lula,PT,1140031,60.608353093
2026-10-04 18:41:51,20261004-184151,PB,Paraíba,Nordeste,14,Renan Santos,MISSÃO,33146,1.76216653
2026-10-04 18:41:51,20261004-184151,PB,Paraíba,Nordeste,16,Hertz Dias,PSTU,492,0.026156578
2026-10-04 18:41:51,20261004-184151,PB,Paraíba,Nordeste,21,Edmilson Costa,PCB,252,0.013397272
2026-10-04 18:41:51,20261004-184151,PB,Paraíba,Nordeste,22,Flavio Bolsonaro,PL,631879,33.593073823
2026-10-04 18:41:51,20261004-184151,PB,Paraíba,Nordeste,27,Clariana Barao,DC,470,0.024986975
2026-10-04 18:41:51,20261004-184151,PB,Paraíba,Nordeste,29,Rui Costa Pimenta,PCO,229,0.012174505
2026-10-04 18:41:51,20261004-184151,PB,Paraíba,Nordeste,30,Zema,NOVO,1591,0.084583568
2026-10-04 18:41:51,20261004-184151,PB,Paraíba,Nordeste,35,Veterinário Wilson Grassi,DEMOCRATA,167,0.008878351
2026-10-04 18:41:51,20261004-184151,PB,Paraíba,Nordeste,55,Ronaldo Caiado,PSD,15151,0.805484375
2026-10-04 18:41:51,20261004-184151,PB,Paraíba,Nordeste,70,Escritor Augusto Cury,AVANTE,56325,2.994449702
2026-10-04 18:41:51,20261004-184151,PB,Paraíba,Nordeste,80,Samara,UP,1247,0.066295229
2026-10-04 18:41:51,20261004-184151,PE,Pernambuco,Nordeste,13,Lula,PT,942752,61.306596712
2026-10-04 18:41:51,20261004-184151,PE,Pernambuco,Nordeste,14,Renan Santos,MISSÃO,25131,1.634253846
2026-10-04 18:41:51,20261004-184151,PE,Pernambuco,Nordeste,16,Hertz Dias,PSTU,369,0.023995849
2026-10-04 18:41:51,20261004-184151,PE,Pernambuco,Nordeste,21,Edmilson Costa,PCB,181,0.011770321
2026-10-04 18:41:51,20261004-184151,PE,Pernambuco,Nordeste,22,Flavio Bolsonaro,PL,505859,32.895707149
2026-10-04 18:41:51,20261004-184151,PE,Pernambuco,Nordeste,27,Clariana Barao,DC,276,0.017948114
2026-10-04 18:41:51,20261004-184151,PE,Pernambuco,Nordeste,29,Rui Costa Pimenta,PCO,163,0.010599792
2026-10-04 18:41:51,20261004-184151,PE,Pernambuco,Nordeste,30,Zema,NOVO,2290,0.148917326
2026-10-04 18:41:51,20261004-184151,PE,Pernambuco,Nordeste,35,Veterinário Wilson Grassi,DEMOCRATA,155,0.010079557
2026-10-04 18:41:51,20261004-184151,PE,Pernambuco,Nordeste,55,Ronaldo Caiado,PSD,21609,1.4052203
2026-10-04 18:41:51,20261004-184151,PE,Pernambuco,Nordeste,70,Escritor Augusto Cury,AVANTE,38224,2.485683778
2026-10-04 18:41:51,20261004-184151,PE,Pernambuco,Nordeste,80,Samara,UP,757,0.049227256
2026-10-04 18:41:51,20261004-184151,PI,Piauí,Nordeste,13,Lula,PT,720612,68.604689908
2026-10-04 18:41:51,20261004-184151,PI,Piauí,Nordeste,14,Renan Santos,MISSÃO,17651,1.680434661
2026-10-04 18:41:51,20261004-184151,PI,Piauí,Nordeste,16,Hertz Dias,PSTU,231,0.021991978
2026-10-04 18:41:51,20261004-184151,PI,Piauí,Nordeste,21,Edmilson Costa,PCB,145,0.013804488
2026-10-04 18:41:51,20261004-184151,PI,Piauí,Nordeste,22,Flavio Bolsonaro,PL,273533,26.041263044
2026-10-04 18:41:51,20261004-184151,PI,Piauí,Nordeste,27,Clariana Barao,DC,270,0.02570491
2026-10-04 18:41:51,20261004-184151,PI,Piauí,Nordeste,29,Rui Costa Pimenta,PCO,76,0.007235456
2026-10-04 18:41:51,20261004-184151,PI,Piauí,Nordeste,30,Zema,NOVO,807,0.076829119
2026-10-04 18:41:51,20261004-184151,PI,Piauí,Nordeste,35,Veterinário Wilson Grassi,DEMOCRATA,96,0.009139523
2026-10-04 18:41:51,20261004-184151,PI,Piauí,Nordeste,55,Ronaldo Caiado,PSD,11242,1.070276271
2026-10-04 18:41:51,20261004-184151,PI,Piauí,Nordeste,70,Escritor Augusto Cury,AVANTE,25120,2.391508621
2026-10-04 18:41:51,20261004-184151,PI,Piauí,Nordeste,80,Samara,UP,600,0.057122021
2026-10-04 18:41:51,20261004-184151,PR,Paraná,Sul,13,Lula,PT,1692588,30.906759929
2026-10-04 18:41:51,20261004-184151,PR,Paraná,Sul,14,Renan Santos,MISSÃO,150015,2.739283033
2026-10-04 18:41:51,20261004-184151,PR,Paraná,Sul,16,Hertz Dias,PSTU,1757,0.032082927
2026-10-04 18:41:51,20261004-184151,PR,Paraná,Sul,21,Edmilson Costa,PCB,1005,0.018351361
2026-10-04 18:41:51,20261004-184151,PR,Paraná,Sul,22,Flavio Bolsonaro,PL,3288707,60.051990045
2026-10-04 18:41:51,20261004-184151,PR,Paraná,Sul,27,Clariana Barao,DC,2073,0.037853106
2026-10-04 18:41:51,20261004-184151,PR,Paraná,Sul,29,Rui Costa Pimenta,PCO,802,0.014644569
2026-10-04 18:41:51,20261004-184151,PR,Paraná,Sul,30,Zema,NOVO,15028,0.274412195
2026-10-04 18:41:51,20261004-184151,PR,Paraná,Sul,35,Veterinário Wilson Grassi,DEMOCRATA,828,0.01511933
2026-10-04 18:41:51,20261004-184151,PR,Paraná,Sul,55,Ronaldo Caiado,PSD,144306,2.635036346
2026-10-04 18:41:51,20261004-184151,PR,Paraná,Sul,70,Escritor Augusto Cury,AVANTE,173508,3.168266644
2026-10-04 18:41:51,20261004-184151,PR,Paraná,Sul,80,Samara,UP,5816,0.106200514
2026-10-04 18:41:51,20261004-184151,RJ,Rio de Janeiro,Sudeste,13,Lula,PT,742143,39.340489944
2026-10-04 18:41:51,20261004-184151,RJ,Rio de Janeiro,Sudeste,14,Renan Santos,MISSÃO,39967,2.118623179
2026-10-04 18:41:51,20261004-184151,RJ,Rio de Janeiro,Sudeste,16,Hertz Dias,PSTU,822,0.043573655
2026-10-04 18:41:51,20261004-184151,RJ,Rio de Janeiro,Sudeste,21,Edmilson Costa,PCB,576,0.030533364
2026-10-04 18:41:51,20261004-184151,RJ,Rio de Janeiro,Sudeste,22,Flavio Bolsonaro,PL,1003816,53.211595681
2026-10-04 18:41:51,20261004-184151,RJ,Rio de Janeiro,Sudeste,27,Clariana Barao,DC,798,0.042301431
2026-10-04 18:41:51,20261004-184151,RJ,Rio de Janeiro,Sudeste,29,Rui Costa Pimenta,PCO,371,0.019666455
2026-10-04 18:41:51,20261004-184151,RJ,Rio de Janeiro,Sudeste,30,Zema,NOVO,4957,0.26276716
2026-10-04 18:41:51,20261004-184151,RJ,Rio de Janeiro,Sudeste,35,Veterinário Wilson Grassi,DEMOCRATA,388,0.020567613
2026-10-04 18:41:51,20261004-184151,RJ,Rio de Janeiro,Sudeste,55,Ronaldo Caiado,PSD,40450,2.144226676
2026-10-04 18:41:51,20261004-184151,RJ,Rio de Janeiro,Sudeste,70,Escritor Augusto Cury,AVANTE,49573,2.627830631
2026-10-04 18:41:51,20261004-184151,RJ,Rio de Janeiro,Sudeste,80,Samara,UP,2600,0.137824212
2026-10-04 18:41:51,20261004-184151,RN,Rio Grande do Norte,Nordeste,13,Lula,PT,445336,60.557058141
2026-10-04 18:41:51,20261004-184151,RN,Rio Grande do Norte,Nordeste,14,Renan Santos,MISSÃO,12264,1.667666124
2026-10-04 18:41:51,20261004-184151,RN,Rio Grande do Norte,Nordeste,16,Hertz Dias,PSTU,199,0.02706014
2026-10-04 18:41:51,20261004-184151,RN,Rio Grande do Norte,Nordeste,21,Edmilson Costa,PCB,112,0.015229828
2026-10-04 18:41:51,20261004-184151,RN,Rio Grande do Norte,Nordeste,22,Flavio Bolsonaro,PL,250228,34.026154509
2026-10-04 18:41:51,20261004-184151,RN,Rio Grande do Norte,Nordeste,27,Clariana Barao,DC,131,0.017813459
2026-10-04 18:41:51,20261004-184151,RN,Rio Grande do Norte,Nordeste,29,Rui Costa Pimenta,PCO,70,0.009518642
2026-10-04 18:41:51,20261004-184151,RN,Rio Grande do Norte,Nordeste,30,Zema,NOVO,548,0.074517371
2026-10-04 18:41:51,20261004-184151,RN,Rio Grande do Norte,Nordeste,35,Veterinário Wilson Grassi,DEMOCRATA,67,0.0091107
2026-10-04 18:41:51,20261004-184151,RN,Rio Grande do Norte,Nordeste,55,Ronaldo Caiado,PSD,5913,0.80405331
2026-10-04 18:41:51,20261004-184151,RN,Rio Grande do Norte,Nordeste,70,Escritor Augusto Cury,AVANTE,20097,2.732802193
2026-10-04 18:41:51,20261004-184151,RN,Rio Grande do Norte,Nordeste,80,Samara,UP,434,0.059015582
2026-10-04 18:41:51,20261004-184151,RO,Rondônia,Norte,13,Lula,PT,184257,26.919817785
2026-10-04 18:41:51,20261004-184151,RO,Rondônia,Norte,14,Renan Santos,MISSÃO,14116,2.062337647
2026-10-04 18:41:51,20261004-184151,RO,Rondônia,Norte,16,Hertz Dias,PSTU,142,0.0207461
2026-10-04 18:41:51,20261004-184151,RO,Rondônia,Norte,21,Edmilson Costa,PCB,132,0.019285107
2026-10-04 18:41:51,20261004-184151,RO,Rondônia,Norte,22,Flavio Bolsonaro,PL,452674,66.135352231
2026-10-04 18:41:51,20261004-184151,RO,Rondônia,Norte,27,Clariana Barao,DC,285,0.041638299
2026-10-04 18:41:51,20261004-184151,RO,Rondônia,Norte,29,Rui Costa Pimenta,PCO,43,0.00628227
2026-10-04 18:41:51,20261004-184151,RO,Rondônia,Norte,30,Zema,NOVO,934,0.136456741
2026-10-04 18:41:51,20261004-184151,RO,Rondônia,Norte,35,Veterinário Wilson Grassi,DEMOCRATA,82,0.011980142
2026-10-04 18:41:51,20261004-184151,RO,Rondônia,Norte,55,Ronaldo Caiado,PSD,12127,1.77174615
2026-10-04 18:41:51,20261004-184151,RO,Rondônia,Norte,70,Escritor Augusto Cury,AVANTE,18990,2.774425611
2026-10-04 18:41:51,20261004-184151,RO,Rondônia,Norte,80,Samara,UP,684,0.099931918
2026-10-04 18:41:51,20261004-184151,RR,Roraima,Norte,13,Lula,PT,36786,23.967319069
2026-10-04 18:41:51,20261004-184151,RR,Roraima,Norte,14,Renan Santos,MISSÃO,2587,1.685517709
2026-10-04 18:41:51,20261004-184151,RR,Roraima,Norte,16,Hertz Dias,PSTU,24,0.015636809
2026-10-04 18:41:51,20261004-184151,RR,Roraima,Norte,21,Edmilson Costa,PCB,19,0.01237914
2026-10-04 18:41:51,20261004-184151,RR,Roraima,Norte,22,Flavio Bolsonaro,PL,108385,70.616481197
2026-10-04 18:41:51,20261004-184151,RR,Roraima,Norte,27,Clariana Barao,DC,66,0.043001225
2026-10-04 18:41:51,20261004-184151,RR,Roraima,Norte,29,Rui Costa Pimenta,PCO,14,0.009121472
2026-10-04 18:41:51,20261004-184151,RR,Roraima,Norte,30,Zema,NOVO,147,0.095775455
2026-10-04 18:41:51,20261004-184151,RR,Roraima,Norte,35,Veterinário Wilson Grassi,DEMOCRATA,12,0.007818405
2026-10-04 18:41:51,20261004-184151,RR,Roraima,Norte,55,Ronaldo Caiado,PSD,1653,1.076985223
2026-10-04 18:41:51,20261004-184151,RR,Roraima,Norte,70,Escritor Augusto Cury,AVANTE,3683,2.399598655
2026-10-04 18:41:51,20261004-184151,RR,Roraima,Norte,80,Samara,UP,108,0.070365641
2026-10-04 18:41:51,20261004-184151,RS,Rio Grande do Sul,Sul,13,Lula,PT,1421786,35.333233597
2026-10-04 18:41:51,20261004-184151,RS,Rio Grande do Sul,Sul,14,Renan Santos,MISSÃO,105514,2.622160304
2026-10-04 18:41:51,20261004-184151,RS,Rio Grande do Sul,Sul,16,Hertz Dias,PSTU,1343,0.033375299
2026-10-04 18:41:51,20261004-184151,RS,Rio Grande do Sul,Sul,21,Edmilson Costa,PCB,620,0.015407807
2026-10-04 18:41:51,20261004-184151,RS,Rio Grande do Sul,Sul,22,Flavio Bolsonaro,PL,2254320,56.02278765
2026-10-04 18:41:51,20261004-184151,RS,Rio Grande do Sul,Sul,27,Clariana Barao,DC,1282,0.031859369
2026-10-04 18:41:51,20261004-184151,RS,Rio Grande do Sul,Sul,29,Rui Costa Pimenta,PCO,666,0.016550967
2026-10-04 18:41:51,20261004-184151,RS,Rio Grande do Sul,Sul,30,Zema,NOVO,12037,0.299135125
2026-10-04 18:41:51,20261004-184151,RS,Rio Grande do Sul,Sul,35,Veterinário Wilson Grassi,DEMOCRATA,585,0.014538012
2026-10-04 18:41:51,20261004-184151,RS,Rio Grande do Sul,Sul,55,Ronaldo Caiado,PSD,97318,2.418479031
2026-10-04 18:41:51,20261004-184151,RS,Rio Grande do Sul,Sul,70,Escritor Augusto Cury,AVANTE,124354,3.090358838
2026-10-04 18:41:51,20261004-184151,RS,Rio Grande do Sul,Sul,80,Samara,UP,4109,0.102114001
2026-10-04 18:41:51,20261004-184151,SC,Santa Catarina,Sul,13,Lula,PT,487944,26.995324515
2026-10-04 18:41:51,20261004-184151,SC,Santa Catarina,Sul,14,Renan Santos,MISSÃO,53514,2.960642607
2026-10-04 18:41:51,20261004-184151,SC,Santa Catarina,Sul,16,Hertz Dias,PSTU,647,0.03579504
2026-10-04 18:41:51,20261004-184151,SC,Santa Catarina,Sul,21,Edmilson Costa,PCB,336,0.018589078
2026-10-04 18:41:51,20261004-184151,SC,Santa Catarina,Sul,22,Flavio Bolsonaro,PL,1164664,64.434612642
2026-10-04 18:41:51,20261004-184151,SC,Santa Catarina,Sul,27,Clariana Barao,DC,593,0.03280751
2026-10-04 18:41:51,20261004-184151,SC,Santa Catarina,Sul,29,Rui Costa Pimenta,PCO,315,0.017427261
2026-10-04 18:41:51,20261004-184151,SC,Santa Catarina,Sul,30,Zema,NOVO,7409,0.409900233
2026-10-04 18:41:51,20261004-184151,SC,Santa Catarina,Sul,35,Veterinário Wilson Grassi,DEMOCRATA,275,0.015214275
2026-10-04 18:41:51,20261004-184151,SC,Santa Catarina,Sul,55,Ronaldo Caiado,PSD,34004,1.881258945
2026-10-04 18:41:51,20261004-184151,SC,Santa Catarina,Sul,70,Escritor Augusto Cury,AVANTE,55529,3.07212175
2026-10-04 18:41:51,20261004-184151,SC,Santa Catarina,Sul,80,Samara,UP,2283,0.126306146
2026-10-04 18:41:51,20261004-184151,SE,Sergipe,Nordeste,13,Lula,PT,336372,60.166347685
2026-10-04 18:41:51,20261004-184151,SE,Sergipe,Nordeste,14,Renan Santos,MISSÃO,9278,1.659541739
2026-10-04 18:41:51,20261004-184151,SE,Sergipe,Nordeste,16,Hertz Dias,PSTU,173,0.030944247
2026-10-04 18:41:51,20261004-184151,SE,Sergipe,Nordeste,21,Edmilson Costa,PCB,89,0.015919295
2026-10-04 18:41:51,20261004-184151,SE,Sergipe,Nordeste,22,Flavio Bolsonaro,PL,183751,32.867261702
2026-10-04 18:41:51,20261004-184151,SE,Sergipe,Nordeste,27,Clariana Barao,DC,210,0.03756238
2026-10-04 18:41:51,20261004-184151,SE,Sergipe,Nordeste,29,Rui Costa Pimenta,PCO,52,0.009301161
2026-10-04 18:41:51,20261004-184151,SE,Sergipe,Nordeste,30,Zema,NOVO,607,0.108573166
2026-10-04 18:41:51,20261004-184151,SE,Sergipe,Nordeste,35,Veterinário Wilson Grassi,DEMOCRATA,58,0.010374372
2026-10-04 18:41:51,20261004-184151,SE,Sergipe,Nordeste,55,Ronaldo Caiado,PSD,11429,2.044287835
2026-10-04 18:41:51,20261004-184151,SE,Sergipe,Nordeste,70,Escritor Augusto Cury,AVANTE,16668,2.981379791
2026-10-04 18:41:51,20261004-184151,SE,Sergipe,Nordeste,80,Samara,UP,383,0.068506627
2026-10-04 18:41:51,20261004-184151,SP,São Paulo,Sudeste,13,Lula,PT,2879866,35.740510825
2026-10-04 18:41:51,20261004-184151,SP,São Paulo,Sudeste,14,Renan Santos,MISSÃO,249916,3.101576776
2026-10-04 18:41:51,20261004-184151,SP,São Paulo,Sudeste,16,Hertz Dias,PSTU,4969,0.06166766
2026-10-04 18:41:51,20261004-184151,SP,São Paulo,Sudeste,21,Edmilson Costa,PCB,1949,0.02418802
2026-10-04 18:41:51,20261004-184151,SP,São Paulo,Sudeste,22,Flavio Bolsonaro,PL,4402949,54.642697402
2026-10-04 18:41:51,20261004-184151,SP,São Paulo,Sudeste,27,Clariana Barao,DC,3160,0.039217107
2026-10-04 18:41:51,20261004-184151,SP,São Paulo,Sudeste,29,Rui Costa Pimenta,PCO,1423,0.017660109
2026-10-04 18:41:51,20261004-184151,SP,São Paulo,Sudeste,30,Zema,NOVO,29028,0.360251327
2026-10-04 18:41:51,20261004-184151,SP,São Paulo,Sudeste,35,Veterinário Wilson Grassi,DEMOCRATA,1654,0.020526929
2026-10-04 18:41:51,20261004-184151,SP,São Paulo,Sudeste,55,Ronaldo Caiado,PSD,186036,2.308795504
2026-10-04 18:41:51,20261004-184151,SP,São Paulo,Sudeste,70,Escritor Augusto Cury,AVANTE,284016,3.524774042
2026-10-04 18:41:51,20261004-184151,SP,São Paulo,Sudeste,80,Samara,UP,12742,0.158134298
2026-10-04 18:41:51,20261004-184151,TO,Tocantins,Norte,13,Lula,PT,346733,43.219745318
2026-10-04 18:41:51,20261004-184151,TO,Tocantins,Norte,14,Renan Santos,MISSÃO,11285,1.406658224
2026-10-04 18:41:51,20261004-184151,TO,Tocantins,Norte,16,Hertz Dias,PSTU,86,0.01071977
2026-10-04 18:41:51,20261004-184151,TO,Tocantins,Norte,21,Edmilson Costa,PCB,105,0.013088092
2026-10-04 18:41:51,20261004-184151,TO,Tocantins,Norte,22,Flavio Bolsonaro,PL,405849,50.588465527
2026-10-04 18:41:51,20261004-184151,TO,Tocantins,Norte,27,Clariana Barao,DC,147,0.018323328
2026-10-04 18:41:51,20261004-184151,TO,Tocantins,Norte,29,Rui Costa Pimenta,PCO,50,0.006232425
2026-10-04 18:41:51,20261004-184151,TO,Tocantins,Norte,30,Zema,NOVO,534,0.066562294
2026-10-04 18:41:51,20261004-184151,TO,Tocantins,Norte,35,Veterinário Wilson Grassi,DEMOCRATA,57,0.007104964
2026-10-04 18:41:51,20261004-184151,TO,Tocantins,Norte,55,Ronaldo Caiado,PSD,17723,2.209145211
2026-10-04 18:41:51,20261004-184151,TO,Tocantins,Norte,70,Escritor Augusto Cury,AVANTE,19342,2.410951118
2026-10-04 18:41:51,20261004-184151,TO,Tocantins,Norte,80,Samara,UP,345,0.043003729
2026-10-04 18:41:51,20261004-184151,ZZ,Exterior,Exterior,13,Lula,PT,114806,52.257944112
2026-10-04 18:41:51,20261004-184151,ZZ,Exterior,Exterior,14,Renan Santos,MISSÃO,6118,2.784820498
2026-10-04 18:41:51,20261004-184151,ZZ,Exterior,Exterior,16,Hertz Dias,PSTU,294,0.133824326
2026-10-04 18:41:51,20261004-184151,ZZ,Exterior,Exterior,21,Edmilson Costa,PCB,334,0.152031717
2026-10-04 18:41:51,20261004-184151,ZZ,Exterior,Exterior,22,Flavio Bolsonaro,PL,83816,38.15176771
2026-10-04 18:41:51,20261004-184151,ZZ,Exterior,Exterior,27,Clariana Barao,DC,693,0.315443054
2026-10-04 18:41:51,20261004-184151,ZZ,Exterior,Exterior,29,Rui Costa Pimenta,PCO,141,0.064181054
2026-10-04 18:41:51,20261004-184151,ZZ,Exterior,Exterior,30,Zema,NOVO,2179,0.991847641
2026-10-04 18:41:51,20261004-184151,ZZ,Exterior,Exterior,35,Veterinário Wilson Grassi,DEMOCRATA,256,0.116527304
2026-10-04 18:41:51,20261004-184151,ZZ,Exterior,Exterior,55,Ronaldo Caiado,PSD,3118,1.419266151
2026-10-04 18:41:51,20261004-184151,ZZ,Exterior,Exterior,70,Escritor Augusto Cury,AVANTE,7074,3.21997715
2026-10-04 18:41:51,20261004-184151,ZZ,Exterior,Exterior,80,Samara,UP,862,0.392369282
2026-10-04 18:46:28,20261004-184628,AC,Acre,Norte,13,Lula,PT,109640,28.552752538
2026-10-04 18:46:28,20261004-184628,AC,Acre,Norte,14,Renan Santos,MISSÃO,6818,1.775562448
2026-10-04 18:46:28,20261004-184628,AC,Acre,Norte,16,Hertz Dias,PSTU,62,0.016146212
2026-10-04 18:46:28,20261004-184628,AC,Acre,Norte,21,Edmilson Costa,PCB,115,0.029948619
2026-10-04 18:46:28,20261004-184628,AC,Acre,Norte,22,Flavio Bolsonaro,PL,247749,64.519480925
2026-10-04 18:46:28,20261004-184628,AC,Acre,Norte,27,Clariana Barao,DC,163,0.042448912
2026-10-04 18:46:28,20261004-184628,AC,Acre,Norte,29,Rui Costa Pimenta,PCO,33,0.008593951
2026-10-04 18:46:28,20261004-184628,AC,Acre,Norte,30,Zema,NOVO,484,0.126044621
2026-10-04 18:46:28,20261004-184628,AC,Acre,Norte,35,Veterinário Wilson Grassi,DEMOCRATA,30,0.007812683
2026-10-04 18:46:28,20261004-184628,AC,Acre,Norte,55,Ronaldo Caiado,PSD,7284,1.896919459
2026-10-04 18:46:28,20261004-184628,AC,Acre,Norte,70,Escritor Augusto Cury,AVANTE,11334,2.951631679
2026-10-04 18:46:28,20261004-184628,AC,Acre,Norte,80,Samara,UP,279,0.072657953
2026-10-04 18:46:28,20261004-184628,AL,Alagoas,Nordeste,13,Lula,PT,189132,58.345261599
2026-10-04 18:46:28,20261004-184628,AL,Alagoas,Nordeste,14,Renan Santos,MISSÃO,4125,1.272519743
2026-10-04 18:46:28,20261004-184628,AL,Alagoas,Nordeste,16,Hertz Dias,PSTU,70,0.021594274
2026-10-04 18:46:28,20261004-184628,AL,Alagoas,Nordeste,21,Edmilson Costa,PCB,53,0.016349951
2026-10-04 18:46:28,20261004-184628,AL,Alagoas,Nordeste,22,Flavio Bolsonaro,PL,120641,37.216498026
2026-10-04 18:46:28,20261004-184628,AL,Alagoas,Nordeste,27,Clariana Barao,DC,107,0.033008391
2026-10-04 18:46:28,20261004-184628,AL,Alagoas,Nordeste,29,Rui Costa Pimenta,PCO,19,0.005861303
2026-10-04 18:46:28,20261004-184628,AL,Alagoas,Nordeste,30,Zema,NOVO,211,0.065091313
2026-10-04 18:46:28,20261004-184628,AL,Alagoas,Nordeste,35,Veterinário Wilson Grassi,DEMOCRATA,40,0.012339585
2026-10-04 18:46:28,20261004-184628,AL,Alagoas,Nordeste,55,Ronaldo Caiado,PSD,2284,0.704590326
2026-10-04 18:46:28,20261004-184628,AL,Alagoas,Nordeste,70,Escritor Augusto Cury,AVANTE,7272,2.243336624
2026-10-04 18:46:28,20261004-184628,AL,Alagoas,Nordeste,80,Samara,UP,206,0.063548865
2026-10-04 18:46:28,20261004-184628,AM,Amazonas,Norte,13,Lula,PT,530781,42.771874632
2026-10-04 18:46:28,20261004-184628,AM,Amazonas,Norte,14,Renan Santos,MISSÃO,23653,1.90602744
2026-10-04 18:46:28,20261004-184628,AM,Amazonas,Norte,16,Hertz Dias,PSTU,349,0.028123434
2026-10-04 18:46:28,20261004-184628,AM,Amazonas,Norte,21,Edmilson Costa,PCB,171,0.013779677
2026-10-04 18:46:28,20261004-184628,AM,Amazonas,Norte,22,Flavio Bolsonaro,PL,614190,49.493214114
2026-10-04 18:46:28,20261004-184628,AM,Amazonas,Norte,27,Clariana Barao,DC,625,0.050364315
2026-10-04 18:46:28,20261004-184628,AM,Amazonas,Norte,29,Rui Costa Pimenta,PCO,130,0.010475778
2026-10-04 18:46:28,20261004-184628,AM,Amazonas,Norte,30,Zema,NOVO,1349,0.108706338
2026-10-04 18:46:28,20261004-184628,AM,Amazonas,Norte,35,Veterinário Wilson Grassi,DEMOCRATA,211,0.017002993
2026-10-04 18:46:28,20261004-184628,AM,Amazonas,Norte,55,Ronaldo Caiado,PSD,17799,1.434295117
2026-10-04 18:46:28,20261004-184628,AM,Amazonas,Norte,70,Escritor Augusto Cury,AVANTE,50358,4.057993905
2026-10-04 18:46:28,20261004-184628,AM,Amazonas,Norte,80,Samara,UP,1342,0.108142258
2026-10-04 18:46:28,20261004-184628,AP,Amapá,Norte,13,Lula,PT,96100,48.657981479
2026-10-04 18:46:28,20261004-184628,AP,Amapá,Norte,14,Renan Santos,MISSÃO,4306,2.180242125
2026-10-04 18:46:28,20261004-184628,AP,Amapá,Norte,16,Hertz Dias,PSTU,48,0.024303674
2026-10-04 18:46:28,20261004-184628,AP,Amapá,Norte,21,Edmilson Costa,PCB,25,0.012658164
2026-10-04 18:46:28,20261004-184628,AP,Amapá,Norte,22,Flavio Bolsonaro,PL,85454,43.267629025
2026-10-04 18:46:28,20261004-184628,AP,Amapá,Norte,27,Clariana Barao,DC,79,0.039999797
2026-10-04 18:46:28,20261004-184628,AP,Amapá,Norte,29,Rui Costa Pimenta,PCO,24,0.012151837
2026-10-04 18:46:28,20261004-184628,AP,Amapá,Norte,30,Zema,NOVO,135,0.068354084
2026-10-04 18:46:28,20261004-184628,AP,Amapá,Norte,35,Veterinário Wilson Grassi,DEMOCRATA,21,0.010632858
2026-10-04 18:46:28,20261004-184628,AP,Amapá,Norte,55,Ronaldo Caiado,PSD,3366,1.704295168
2026-10-04 18:46:28,20261004-184628,AP,Amapá,Norte,70,Escritor Augusto Cury,AVANTE,7771,3.934663622
2026-10-04 18:46:28,20261004-184628,AP,Amapá,Norte,80,Samara,UP,172,0.087088167
2026-10-04 18:46:28,20261004-184628,BA,Bahia,Nordeste,13,Lula,PT,1464479,64.320737795
2026-10-04 18:46:28,20261004-184628,BA,Bahia,Nordeste,14,Renan Santos,MISSÃO,35211,1.546486838
2026-10-04 18:46:28,20261004-184628,BA,Bahia,Nordeste,16,Hertz Dias,PSTU,556,0.024419831
2026-10-04 18:46:28,20261004-184628,BA,Bahia,Nordeste,21,Edmilson Costa,PCB,375,0.01647021
2026-10-04 18:46:28,20261004-184628,BA,Bahia,Nordeste,22,Flavio Bolsonaro,PL,680170,29.873447298
2026-10-04 18:46:28,20261004-184628,BA,Bahia,Nordeste,27,Clariana Barao,DC,492,0.021608916
2026-10-04 18:46:28,20261004-184628,BA,Bahia,Nordeste,29,Rui Costa Pimenta,PCO,276,0.012122075
2026-10-04 18:46:28,20261004-184628,BA,Bahia,Nordeste,30,Zema,NOVO,2280,0.100138877
2026-10-04 18:46:28,20261004-184628,BA,Bahia,Nordeste,35,Veterinário Wilson Grassi,DEMOCRATA,207,0.009091556
2026-10-04 18:46:28,20261004-184628,BA,Bahia,Nordeste,55,Ronaldo Caiado,PSD,37346,1.640257234
2026-10-04 18:46:28,20261004-184628,BA,Bahia,Nordeste,70,Escritor Augusto Cury,AVANTE,53939,2.369031086
2026-10-04 18:46:28,20261004-184628,BA,Bahia,Nordeste,80,Samara,UP,1507,0.066188284
2026-10-04 18:46:28,20261004-184628,CE,Ceará,Nordeste,13,Lula,PT,873458,60.814882016
2026-10-04 18:46:28,20261004-184628,CE,Ceará,Nordeste,14,Renan Santos,MISSÃO,30532,2.12580339
2026-10-04 18:46:28,20261004-184628,CE,Ceará,Nordeste,16,Hertz Dias,PSTU,443,0.030844062
2026-10-04 18:46:28,20261004-184628,CE,Ceará,Nordeste,21,Edmilson Costa,PCB,247,0.017197479
2026-10-04 18:46:28,20261004-184628,CE,Ceará,Nordeste,22,Flavio Bolsonaro,PL,477494,33.245721344
2026-10-04 18:46:28,20261004-184628,CE,Ceará,Nordeste,27,Clariana Barao,DC,286,0.019912871
2026-10-04 18:46:28,20261004-184628,CE,Ceará,Nordeste,29,Rui Costa Pimenta,PCO,170,0.011836322
2026-10-04 18:46:28,20261004-184628,CE,Ceará,Nordeste,30,Zema,NOVO,1661,0.115647826
2026-10-04 18:46:28,20261004-184628,CE,Ceará,Nordeste,35,Veterinário Wilson Grassi,DEMOCRATA,137,0.009538683
2026-10-04 18:46:28,20261004-184628,CE,Ceará,Nordeste,55,Ronaldo Caiado,PSD,13782,0.959577569
2026-10-04 18:46:28,20261004-184628,CE,Ceará,Nordeste,70,Escritor Augusto Cury,AVANTE,37027,2.578020507
2026-10-04 18:46:28,20261004-184628,CE,Ceará,Nordeste,80,Samara,UP,1020,0.071017931
2026-10-04 18:46:28,20261004-184628,DF,Distrito Federal,Centro-Oeste,13,Lula,PT,642793,38.16550639
2026-10-04 18:46:28,20261004-184628,DF,Distrito Federal,Centro-Oeste,14,Renan Santos,MISSÃO,44398,2.636108596
2026-10-04 18:46:28,20261004-184628,DF,Distrito Federal,Centro-Oeste,16,Hertz Dias,PSTU,783,0.046490225
2026-10-04 18:46:28,20261004-184628,DF,Distrito Federal,Centro-Oeste,21,Edmilson Costa,PCB,320,0.018999837
2026-10-04 18:46:28,20261004-184628,DF,Distrito Federal,Centro-Oeste,22,Flavio Bolsonaro,PL,862976,51.238759667
2026-10-04 18:46:28,20261004-184628,DF,Distrito Federal,Centro-Oeste,27,Clariana Barao,DC,680,0.040374653
2026-10-04 18:46:28,20261004-184628,DF,Distrito Federal,Centro-Oeste,29,Rui Costa Pimenta,PCO,367,0.021790438
2026-10-04 18:46:28,20261004-184628,DF,Distrito Federal,Centro-Oeste,30,Zema,NOVO,4765,0.282919444
2026-10-04 18:46:28,20261004-184628,DF,Distrito Federal,Centro-Oeste,35,Veterinário Wilson Grassi,DEMOCRATA,309,0.018346717
2026-10-04 18:46:28,20261004-184628,DF,Distrito Federal,Centro-Oeste,55,Ronaldo Caiado,PSD,80964,4.807196188
2026-10-04 18:46:28,20261004-184628,DF,Distrito Federal,Centro-Oeste,70,Escritor Augusto Cury,AVANTE,43684,2.59371521
2026-10-04 18:46:28,20261004-184628,DF,Distrito Federal,Centro-Oeste,80,Samara,UP,2186,0.129792635
2026-10-04 18:46:28,20261004-184628,ES,Espírito Santo,Sudeste,13,Lula,PT,685541,36.949615704
2026-10-04 18:46:28,20261004-184628,ES,Espírito Santo,Sudeste,14,Renan Santos,MISSÃO,43738,2.35741158
2026-10-04 18:46:28,20261004-184628,ES,Espírito Santo,Sudeste,16,Hertz Dias,PSTU,528,0.028458396
2026-10-04 18:46:28,20261004-184628,ES,Espírito Santo,Sudeste,21,Edmilson Costa,PCB,300,0.016169543
2026-10-04 18:46:28,20261004-184628,ES,Espírito Santo,Sudeste,22,Flavio Bolsonaro,PL,1031401,55.5909429
2026-10-04 18:46:28,20261004-184628,ES,Espírito Santo,Sudeste,27,Clariana Barao,DC,790,0.042579797
2026-10-04 18:46:28,20261004-184628,ES,Espírito Santo,Sudeste,29,Rui Costa Pimenta,PCO,213,0.011480376
2026-10-04 18:46:28,20261004-184628,ES,Espírito Santo,Sudeste,30,Zema,NOVO,5075,0.27353477
2026-10-04 18:46:28,20261004-184628,ES,Espírito Santo,Sudeste,35,Veterinário Wilson Grassi,DEMOCRATA,258,0.013905807
2026-10-04 18:46:28,20261004-184628,ES,Espírito Santo,Sudeste,55,Ronaldo Caiado,PSD,32566,1.755257796
2026-10-04 18:46:28,20261004-184628,ES,Espírito Santo,Sudeste,70,Escritor Augusto Cury,AVANTE,53354,2.875699333
2026-10-04 18:46:28,20261004-184628,ES,Espírito Santo,Sudeste,80,Samara,UP,1576,0.084943999
2026-10-04 18:46:28,20261004-184628,GO,Goiás,Centro-Oeste,13,Lula,PT,615540,29.321383879
2026-10-04 18:46:28,20261004-184628,GO,Goiás,Centro-Oeste,14,Renan Santos,MISSÃO,30987,1.47607259
2026-10-04 18:46:28,20261004-184628,GO,Goiás,Centro-Oeste,16,Hertz Dias,PSTU,380,0.018101384
2026-10-04 18:46:28,20261004-184628,GO,Goiás,Centro-Oeste,21,Edmilson Costa,PCB,263,0.012528063
2026-10-04 18:46:28,20261004-184628,GO,Goiás,Centro-Oeste,22,Flavio Bolsonaro,PL,1166392,55.561340588
2026-10-04 18:46:28,20261004-184628,GO,Goiás,Centro-Oeste,27,Clariana Barao,DC,321,0.015290906
2026-10-04 18:46:28,20261004-184628,GO,Goiás,Centro-Oeste,29,Rui Costa Pimenta,PCO,157,0.00747873
2026-10-04 18:46:28,20261004-184628,GO,Goiás,Centro-Oeste,30,Zema,NOVO,1620,0.077169058
2026-10-04 18:46:28,20261004-184628,GO,Goiás,Centro-Oeste,35,Veterinário Wilson Grassi,DEMOCRATA,202,0.009622315
2026-10-04 18:46:28,20261004-184628,GO,Goiás,Centro-Oeste,55,Ronaldo Caiado,PSD,251387,11.974875279
2026-10-04 18:46:28,20261004-184628,GO,Goiás,Centro-Oeste,70,Escritor Augusto Cury,AVANTE,30764,1.465449936
2026-10-04 18:46:28,20261004-184628,GO,Goiás,Centro-Oeste,80,Samara,UP,1274,0.060687271
2026-10-04 18:46:28,20261004-184628,MA,Maranhão,Nordeste,13,Lula,PT,895719,61.399062822
2026-10-04 18:46:28,20261004-184628,MA,Maranhão,Nordeste,14,Renan Santos,MISSÃO,22688,1.555199719
2026-10-04 18:46:28,20261004-184628,MA,Maranhão,Nordeste,16,Hertz Dias,PSTU,668,0.045789554
2026-10-04 18:46:28,20261004-184628,MA,Maranhão,Nordeste,21,Edmilson Costa,PCB,159,0.010899011
2026-10-04 18:46:28,20261004-184628,MA,Maranhão,Nordeste,22,Flavio Bolsonaro,PL,484441,33.207092171
2026-10-04 18:46:28,20261004-184628,MA,Maranhão,Nordeste,27,Clariana Barao,DC,354,0.024265722
2026-10-04 18:46:28,20261004-184628,MA,Maranhão,Nordeste,29,Rui Costa Pimenta,PCO,97,0.006649082
2026-10-04 18:46:28,20261004-184628,MA,Maranhão,Nordeste,30,Zema,NOVO,1887,0.129348637
2026-10-04 18:46:28,20261004-184628,MA,Maranhão,Nordeste,35,Veterinário Wilson Grassi,DEMOCRATA,109,0.007471649
2026-10-04 18:46:28,20261004-184628,MA,Maranhão,Nordeste,55,Ronaldo Caiado,PSD,19856,1.361073943
2026-10-04 18:46:28,20261004-184628,MA,Maranhão,Nordeste,70,Escritor Augusto Cury,AVANTE,32179,2.205781548
2026-10-04 18:46:28,20261004-184628,MA,Maranhão,Nordeste,80,Samara,UP,691,0.047366141
2026-10-04 18:46:28,20261004-184628,MG,Minas Gerais,Sudeste,13,Lula,PT,1879777,41.655400277
2026-10-04 18:46:28,20261004-184628,MG,Minas Gerais,Sudeste,14,Renan Santos,MISSÃO,100096,2.21810297
2026-10-04 18:46:28,20261004-184628,MG,Minas Gerais,Sudeste,16,Hertz Dias,PSTU,1899,0.042081377
2026-10-04 18:46:28,20261004-184628,MG,Minas Gerais,Sudeste,21,Edmilson Costa,PCB,847,0.018769314
2026-10-04 18:46:28,20261004-184628,MG,Minas Gerais,Sudeste,22,Flavio Bolsonaro,PL,2232252,49.46616039
2026-10-04 18:46:28,20261004-184628,MG,Minas Gerais,Sudeste,27,Clariana Barao,DC,1325,0.029361677
2026-10-04 18:46:28,20261004-184628,MG,Minas Gerais,Sudeste,29,Rui Costa Pimenta,PCO,680,0.015068634
2026-10-04 18:46:28,20261004-184628,MG,Minas Gerais,Sudeste,30,Zema,NOVO,41495,0.919519089
2026-10-04 18:46:28,20261004-184628,MG,Minas Gerais,Sudeste,35,Veterinário Wilson Grassi,DEMOCRATA,691,0.015312392
2026-10-04 18:46:28,20261004-184628,MG,Minas Gerais,Sudeste,55,Ronaldo Caiado,PSD,91364,2.024603977
2026-10-04 18:46:28,20261004-184628,MG,Minas Gerais,Sudeste,70,Escritor Augusto Cury,AVANTE,157371,3.487303014
2026-10-04 18:46:28,20261004-184628,MG,Minas Gerais,Sudeste,80,Samara,UP,4888,0.108316889
2026-10-04 18:46:28,20261004-184628,MS,Mato Grosso do Sul,Centro-Oeste,13,Lula,PT,454762,33.70754703
2026-10-04 18:46:28,20261004-184628,MS,Mato Grosso do Sul,Centro-Oeste,14,Renan Santos,MISSÃO,29656,2.198141038
2026-10-04 18:46:28,20261004-184628,MS,Mato Grosso do Sul,Centro-Oeste,16,Hertz Dias,PSTU,338,0.025052997
2026-10-04 18:46:28,20261004-184628,MS,Mato Grosso do Sul,Centro-Oeste,21,Edmilson Costa,PCB,295,0.021865781
2026-10-04 18:46:28,20261004-184628,MS,Mato Grosso do Sul,Centro-Oeste,22,Flavio Bolsonaro,PL,801158,59.382866122
2026-10-04 18:46:28,20261004-184628,MS,Mato Grosso do Sul,Centro-Oeste,27,Clariana Barao,DC,578,0.042842107
2026-10-04 18:46:28,20261004-184628,MS,Mato Grosso do Sul,Centro-Oeste,29,Rui Costa Pimenta,PCO,176,0.013045347
2026-10-04 18:46:28,20261004-184628,MS,Mato Grosso do Sul,Centro-Oeste,30,Zema,NOVO,2634,0.195235483
2026-10-04 18:46:28,20261004-184628,MS,Mato Grosso do Sul,Centro-Oeste,35,Veterinário Wilson Grassi,DEMOCRATA,195,0.014453652
2026-10-04 18:46:28,20261004-184628,MS,Mato Grosso do Sul,Centro-Oeste,55,Ronaldo Caiado,PSD,21751,1.612212224
2026-10-04 18:46:28,20261004-184628,MS,Mato Grosso do Sul,Centro-Oeste,70,Escritor Augusto Cury,AVANTE,36381,2.696606727
2026-10-04 18:46:28,20261004-184628,MS,Mato Grosso do Sul,Centro-Oeste,80,Samara,UP,1216,0.090131491
2026-10-04 18:46:28,20261004-184628,MT,Mato Grosso,Centro-Oeste,13,Lula,PT,403480,28.363449757
2026-10-04 18:46:28,20261004-184628,MT,Mato Grosso,Centro-Oeste,14,Renan Santos,MISSÃO,24742,1.739289367
2026-10-04 18:46:28,20261004-184628,MT,Mato Grosso,Centro-Oeste,16,Hertz Dias,PSTU,252,0.017714854
2026-10-04 18:46:28,20261004-184628,MT,Mato Grosso,Centro-Oeste,21,Edmilson Costa,PCB,171,0.012020794
2026-10-04 18:46:28,20261004-184628,MT,Mato Grosso,Centro-Oeste,22,Flavio Bolsonaro,PL,935336,65.751352339
2026-10-04 18:46:28,20261004-184628,MT,Mato Grosso,Centro-Oeste,27,Clariana Barao,DC,1455,0.102282193
2026-10-04 18:46:28,20261004-184628,MT,Mato Grosso,Centro-Oeste,29,Rui Costa Pimenta,PCO,92,0.006467328
2026-10-04 18:46:28,20261004-184628,MT,Mato Grosso,Centro-Oeste,30,Zema,NOVO,1850,0.130049524
2026-10-04 18:46:28,20261004-184628,MT,Mato Grosso,Centro-Oeste,35,Veterinário Wilson Grassi,DEMOCRATA,129,0.009068318
2026-10-04 18:46:28,20261004-184628,MT,Mato Grosso,Centro-Oeste,55,Ronaldo Caiado,PSD,24278,1.706671541
2026-10-04 18:46:28,20261004-184628,MT,Mato Grosso,Centro-Oeste,70,Escritor Augusto Cury,AVANTE,29538,2.076433972
2026-10-04 18:46:28,20261004-184628,MT,Mato Grosso,Centro-Oeste,80,Samara,UP,1212,0.085200013
2026-10-04 18:46:28,20261004-184628,PA,Pará,Norte,13,Lula,PT,1175966,47.790615781
2026-10-04 18:46:28,20261004-184628,PA,Pará,Norte,14,Renan Santos,MISSÃO,49197,1.999339202
2026-10-04 18:46:28,20261004-184628,PA,Pará,Norte,16,Hertz Dias,PSTU,729,0.029626162
2026-10-04 18:46:28,20261004-184628,PA,Pará,Norte,21,Edmilson Costa,PCB,367,0.014914679
2026-10-04 18:46:28,20261004-184628,PA,Pará,Norte,22,Flavio Bolsonaro,PL,1127634,45.826429706
2026-10-04 18:46:28,20261004-184628,PA,Pará,Norte,27,Clariana Barao,DC,791,0.032145808
2026-10-04 18:46:28,20261004-184628,PA,Pará,Norte,29,Rui Costa Pimenta,PCO,200,0.008127891
2026-10-04 18:46:28,20261004-184628,PA,Pará,Norte,30,Zema,NOVO,1974,0.080222282
2026-10-04 18:46:28,20261004-184628,PA,Pará,Norte,35,Veterinário Wilson Grassi,DEMOCRATA,315,0.012801428
2026-10-04 18:46:28,20261004-184628,PA,Pará,Norte,55,Ronaldo Caiado,PSD,30957,1.258075567
2026-10-04 18:46:28,20261004-184628,PA,Pará,Norte,70,Escritor Augusto Cury,AVANTE,70010,2.845168152
2026-10-04 18:46:28,20261004-184628,PA,Pará,Norte,80,Samara,UP,2523,0.102533342
2026-10-04 18:46:28,20261004-184628,PB,Paraíba,Nordeste,13,Lula,PT,1196961,60.779742675
2026-10-04 18:46:28,20261004-184628,PB,Paraíba,Nordeste,14,Renan Santos,MISSÃO,34390,1.746268551
2026-10-04 18:46:28,20261004-184628,PB,Paraíba,Nordeste,16,Hertz Dias,PSTU,514,0.026100088
2026-10-04 18:46:28,20261004-184628,PB,Paraíba,Nordeste,21,Edmilson Costa,PCB,262,0.013303936
2026-10-04 18:46:28,20261004-184628,PB,Paraíba,Nordeste,22,Flavio Bolsonaro,PL,658865,33.456098534
2026-10-04 18:46:28,20261004-184628,PB,Paraíba,Nordeste,27,Clariana Barao,DC,493,0.025033742
2026-10-04 18:46:28,20261004-184628,PB,Paraíba,Nordeste,29,Rui Costa Pimenta,PCO,233,0.011831363
2026-10-04 18:46:28,20261004-184628,PB,Paraíba,Nordeste,30,Zema,NOVO,1652,0.083885887
2026-10-04 18:46:28,20261004-184628,PB,Paraíba,Nordeste,35,Veterinário Wilson Grassi,DEMOCRATA,173,0.00878466
2026-10-04 18:46:28,20261004-184628,PB,Paraíba,Nordeste,55,Ronaldo Caiado,PSD,15744,0.799454843
2026-10-04 18:46:28,20261004-184628,PB,Paraíba,Nordeste,70,Escritor Augusto Cury,AVANTE,58752,2.983331488
2026-10-04 18:46:28,20261004-184628,PB,Paraíba,Nordeste,80,Samara,UP,1303,0.066164232
2026-10-04 18:46:28,20261004-184628,PE,Pernambuco,Nordeste,13,Lula,PT,1067569,61.362863009
2026-10-04 18:46:28,20261004-184628,PE,Pernambuco,Nordeste,14,Renan Santos,MISSÃO,28386,1.631600608
2026-10-04 18:46:28,20261004-184628,PE,Pernambuco,Nordeste,16,Hertz Dias,PSTU,413,0.023738852
2026-10-04 18:46:28,20261004-184628,PE,Pernambuco,Nordeste,21,Edmilson Costa,PCB,211,0.012128082
2026-10-04 18:46:28,20261004-184628,PE,Pernambuco,Nordeste,22,Flavio Bolsonaro,PL,571245,32.834625846
2026-10-04 18:46:28,20261004-184628,PE,Pernambuco,Nordeste,27,Clariana Barao,DC,308,0.017703551
2026-10-04 18:46:28,20261004-184628,PE,Pernambuco,Nordeste,29,Rui Costa Pimenta,PCO,186,0.010691105
2026-10-04 18:46:28,20261004-184628,PE,Pernambuco,Nordeste,30,Zema,NOVO,2550,0.146571604
2026-10-04 18:46:28,20261004-184628,PE,Pernambuco,Nordeste,35,Veterinário Wilson Grassi,DEMOCRATA,171,0.009828919
2026-10-04 18:46:28,20261004-184628,PE,Pernambuco,Nordeste,55,Ronaldo Caiado,PSD,24413,1.403236301
2026-10-04 18:46:28,20261004-184628,PE,Pernambuco,Nordeste,70,Escritor Augusto Cury,AVANTE,43446,2.497235257
2026-10-04 18:46:28,20261004-184628,PE,Pernambuco,Nordeste,80,Samara,UP,866,0.049776866
2026-10-04 18:46:28,20261004-184628,PI,Piauí,Nordeste,13,Lula,PT,775853,68.783001706
2026-10-04 18:46:28,20261004-184628,PI,Piauí,Nordeste,14,Renan Santos,MISSÃO,18795,1.666264765
2026-10-04 18:46:28,20261004-184628,PI,Piauí,Nordeste,16,Hertz Dias,PSTU,245,0.021720397
2026-10-04 18:46:28,20261004-184628,PI,Piauí,Nordeste,21,Edmilson Costa,PCB,161,0.014273404
2026-10-04 18:46:28,20261004-184628,PI,Piauí,Nordeste,22,Flavio Bolsonaro,PL,292049,25.891511491
2026-10-04 18:46:28,20261004-184628,PI,Piauí,Nordeste,27,Clariana Barao,DC,281,0.024911966
2026-10-04 18:46:28,20261004-184628,PI,Piauí,Nordeste,29,Rui Costa Pimenta,PCO,79,0.00700372
2026-10-04 18:46:28,20261004-184628,PI,Piauí,Nordeste,30,Zema,NOVO,851,0.075445135
2026-10-04 18:46:28,20261004-184628,PI,Piauí,Nordeste,35,Veterinário Wilson Grassi,DEMOCRATA,102,0.009042778
2026-10-04 18:46:28,20261004-184628,PI,Piauí,Nordeste,55,Ronaldo Caiado,PSD,12004,1.064210814
2026-10-04 18:46:28,20261004-184628,PI,Piauí,Nordeste,70,Escritor Augusto Cury,AVANTE,26921,2.386672719
2026-10-04 18:46:28,20261004-184628,PI,Piauí,Nordeste,80,Samara,UP,631,0.055941105
2026-10-04 18:46:28,20261004-184628,PR,Paraná,Sul,13,Lula,PT,1754185,30.930800778
2026-10-04 18:46:28,20261004-184628,PR,Paraná,Sul,14,Renan Santos,MISSÃO,154739,2.728447217
2026-10-04 18:46:28,20261004-184628,PR,Paraná,Sul,16,Hertz Dias,PSTU,1802,0.031773902
2026-10-04 18:46:28,20261004-184628,PR,Paraná,Sul,21,Edmilson Costa,PCB,1046,0.018443675
2026-10-04 18:46:28,20261004-184628,PR,Paraná,Sul,22,Flavio Bolsonaro,PL,3406018,60.056872111
2026-10-04 18:46:28,20261004-184628,PR,Paraná,Sul,27,Clariana Barao,DC,2135,0.03764555
2026-10-04 18:46:28,20261004-184628,PR,Paraná,Sul,29,Rui Costa Pimenta,PCO,825,0.014546875
2026-10-04 18:46:28,20261004-184628,PR,Paraná,Sul,30,Zema,NOVO,15373,0.271065595
2026-10-04 18:46:28,20261004-184628,PR,Paraná,Sul,35,Veterinário Wilson Grassi,DEMOCRATA,848,0.014952425
2026-10-04 18:46:28,20261004-184628,PR,Paraná,Sul,55,Ronaldo Caiado,PSD,149222,2.631168294
2026-10-04 18:46:28,20261004-184628,PR,Paraná,Sul,70,Escritor Augusto Cury,AVANTE,179183,3.159457911
2026-10-04 18:46:28,20261004-184628,PR,Paraná,Sul,80,Samara,UP,5945,0.104825666
2026-10-04 18:46:28,20261004-184628,RJ,Rio de Janeiro,Sudeste,13,Lula,PT,879473,39.233130463
2026-10-04 18:46:28,20261004-184628,RJ,Rio de Janeiro,Sudeste,14,Renan Santos,MISSÃO,48028,2.142520339
2026-10-04 18:46:28,20261004-184628,RJ,Rio de Janeiro,Sudeste,16,Hertz Dias,PSTU,963,0.042959255
2026-10-04 18:46:28,20261004-184628,RJ,Rio de Janeiro,Sudeste,21,Edmilson Costa,PCB,681,0.030379286
2026-10-04 18:46:28,20261004-184628,RJ,Rio de Janeiro,Sudeste,22,Flavio Bolsonaro,PL,1194553,53.288791917
2026-10-04 18:46:28,20261004-184628,RJ,Rio de Janeiro,Sudeste,27,Clariana Barao,DC,965,0.043048474
2026-10-04 18:46:28,20261004-184628,RJ,Rio de Janeiro,Sudeste,29,Rui Costa Pimenta,PCO,433,0.019316051
2026-10-04 18:46:28,20261004-184628,RJ,Rio de Janeiro,Sudeste,30,Zema,NOVO,5819,0.259584531
2026-10-04 18:46:28,20261004-184628,RJ,Rio de Janeiro,Sudeste,35,Veterinário Wilson Grassi,DEMOCRATA,452,0.020163638
2026-10-04 18:46:28,20261004-184628,RJ,Rio de Janeiro,Sudeste,55,Ronaldo Caiado,PSD,47919,2.137657869
2026-10-04 18:46:28,20261004-184628,RJ,Rio de Janeiro,Sudeste,70,Escritor Augusto Cury,AVANTE,59273,2.644157742
2026-10-04 18:46:28,20261004-184628,RJ,Rio de Janeiro,Sudeste,80,Samara,UP,3100,0.138290436
2026-10-04 18:46:28,20261004-184628,RN,Rio Grande do Norte,Nordeste,13,Lula,PT,510838,60.388024484
2026-10-04 18:46:28,20261004-184628,RN,Rio Grande do Norte,Nordeste,14,Renan Santos,MISSÃO,14223,1.681352742
2026-10-04 18:46:28,20261004-184628,RN,Rio Grande do Norte,Nordeste,16,Hertz Dias,PSTU,230,0.027189139
2026-10-04 18:46:28,20261004-184628,RN,Rio Grande do Norte,Nordeste,21,Edmilson Costa,PCB,133,0.015722415
2026-10-04 18:46:28,20261004-184628,RN,Rio Grande do Norte,Nordeste,22,Flavio Bolsonaro,PL,289044,34.16894622
2026-10-04 18:46:28,20261004-184628,RN,Rio Grande do Norte,Nordeste,27,Clariana Barao,DC,150,0.017732047
2026-10-04 18:46:28,20261004-184628,RN,Rio Grande do Norte,Nordeste,29,Rui Costa Pimenta,PCO,78,0.009220665
2026-10-04 18:46:28,20261004-184628,RN,Rio Grande do Norte,Nordeste,30,Zema,NOVO,625,0.073883531
2026-10-04 18:46:28,20261004-184628,RN,Rio Grande do Norte,Nordeste,35,Veterinário Wilson Grassi,DEMOCRATA,77,0.009102451
2026-10-04 18:46:28,20261004-184628,RN,Rio Grande do Norte,Nordeste,55,Ronaldo Caiado,PSD,6812,0.805271383
2026-10-04 18:46:28,20261004-184628,RN,Rio Grande do Norte,Nordeste,70,Escritor Augusto Cury,AVANTE,23222,2.745157378
2026-10-04 18:46:28,20261004-184628,RN,Rio Grande do Norte,Nordeste,80,Samara,UP,494,0.058397543
2026-10-04 18:46:28,20261004-184628,RO,Rondônia,Norte,13,Lula,PT,192109,26.67480342
2026-10-04 18:46:28,20261004-184628,RO,Rondônia,Norte,14,Renan Santos,MISSÃO,14818,2.057515458
2026-10-04 18:46:28,20261004-184628,RO,Rondônia,Norte,16,Hertz Dias,PSTU,151,0.020966718
2026-10-04 18:46:28,20261004-184628,RO,Rondônia,Norte,21,Edmilson Costa,PCB,135,0.018745079
2026-10-04 18:46:28,20261004-184628,RO,Rondônia,Norte,22,Flavio Bolsonaro,PL,478349,66.419925881
2026-10-04 18:46:28,20261004-184628,RO,Rondônia,Norte,27,Clariana Barao,DC,291,0.04040606
2026-10-04 18:46:28,20261004-184628,RO,Rondônia,Norte,29,Rui Costa Pimenta,PCO,46,0.006387212
2026-10-04 18:46:28,20261004-184628,RO,Rondônia,Norte,30,Zema,NOVO,985,0.136769654
2026-10-04 18:46:28,20261004-184628,RO,Rondônia,Norte,35,Veterinário Wilson Grassi,DEMOCRATA,86,0.01194131
2026-10-04 18:46:28,20261004-184628,RO,Rondônia,Norte,55,Ronaldo Caiado,PSD,12714,1.765369924
2026-10-04 18:46:28,20261004-184628,RO,Rondônia,Norte,70,Escritor Augusto Cury,AVANTE,19797,2.748861757
2026-10-04 18:46:28,20261004-184628,RO,Rondônia,Norte,80,Samara,UP,708,0.098307528
2026-10-04 18:46:28,20261004-184628,RR,Roraima,Norte,13,Lula,PT,40107,23.484737585
2026-10-04 18:46:28,20261004-184628,RR,Roraima,Norte,14,Renan Santos,MISSÃO,2973,1.740846357
2026-10-04 18:46:28,20261004-184628,RR,Roraima,Norte,16,Hertz Dias,PSTU,25,0.014638802
2026-10-04 18:46:28,20261004-184628,RR,Roraima,Norte,21,Edmilson Costa,PCB,21,0.012296594
2026-10-04 18:46:28,20261004-184628,RR,Roraima,Norte,22,Flavio Bolsonaro,PL,121161,70.946076508
2026-10-04 18:46:28,20261004-184628,RR,Roraima,Norte,27,Clariana Barao,DC,77,0.045087511
2026-10-04 18:46:28,20261004-184628,RR,Roraima,Norte,29,Rui Costa Pimenta,PCO,17,0.009954385
2026-10-04 18:46:28,20261004-184628,RR,Roraima,Norte,30,Zema,NOVO,171,0.100129407
2026-10-04 18:46:28,20261004-184628,RR,Roraima,Norte,35,Veterinário Wilson Grassi,DEMOCRATA,16,0.009368833
2026-10-04 18:46:28,20261004-184628,RR,Roraima,Norte,55,Ronaldo Caiado,PSD,1891,1.107278998
2026-10-04 18:46:28,20261004-184628,RR,Roraima,Norte,70,Escritor Augusto Cury,AVANTE,4201,2.459904321
2026-10-04 18:46:28,20261004-184628,RR,Roraima,Norte,80,Samara,UP,119,0.069680698
2026-10-04 18:46:28,20261004-184628,RS,Rio Grande do Sul,Sul,13,Lula,PT,1541977,35.476193325
2026-10-04 18:46:28,20261004-184628,RS,Rio Grande do Sul,Sul,14,Renan Santos,MISSÃO,114079,2.624610262
2026-10-04 18:46:28,20261004-184628,RS,Rio Grande do Sul,Sul,16,Hertz Dias,PSTU,1454,0.033452111
2026-10-04 18:46:28,20261004-184628,RS,Rio Grande do Sul,Sul,21,Edmilson Costa,PCB,675,0.015529694
2026-10-04 18:46:28,20261004-184628,RS,Rio Grande do Sul,Sul,22,Flavio Bolsonaro,PL,2428929,55.882256853
2026-10-04 18:46:28,20261004-184628,RS,Rio Grande do Sul,Sul,27,Clariana Barao,DC,1393,0.032048686
2026-10-04 18:46:28,20261004-184628,RS,Rio Grande do Sul,Sul,29,Rui Costa Pimenta,PCO,721,0.016588014
2026-10-04 18:46:28,20261004-184628,RS,Rio Grande do Sul,Sul,30,Zema,NOVO,13001,0.299113404
2026-10-04 18:46:28,20261004-184628,RS,Rio Grande do Sul,Sul,35,Veterinário Wilson Grassi,DEMOCRATA,627,0.01442536
2026-10-04 18:46:28,20261004-184628,RS,Rio Grande do Sul,Sul,55,Ronaldo Caiado,PSD,105279,2.42214907
2026-10-04 18:46:28,20261004-184628,RS,Rio Grande do Sul,Sul,70,Escritor Augusto Cury,AVANTE,133897,3.080562069
2026-10-04 18:46:28,20261004-184628,RS,Rio Grande do Sul,Sul,80,Samara,UP,4480,0.103071152
2026-10-04 18:46:28,20261004-184628,SC,Santa Catarina,Sul,13,Lula,PT,559771,26.425008662
2026-10-04 18:46:28,20261004-184628,SC,Santa Catarina,Sul,14,Renan Santos,MISSÃO,63051,2.976437188
2026-10-04 18:46:28,20261004-184628,SC,Santa Catarina,Sul,16,Hertz Dias,PSTU,742,0.03502746
2026-10-04 18:46:28,20261004-184628,SC,Santa Catarina,Sul,21,Edmilson Costa,PCB,395,0.018646694
2026-10-04 18:46:28,20261004-184628,SC,Santa Catarina,Sul,22,Flavio Bolsonaro,PL,1377369,65.021210024
2026-10-04 18:46:28,20261004-184628,SC,Santa Catarina,Sul,27,Clariana Barao,DC,705,0.033280808
2026-10-04 18:46:28,20261004-184628,SC,Santa Catarina,Sul,29,Rui Costa Pimenta,PCO,352,0.016616801
2026-10-04 18:46:28,20261004-184628,SC,Santa Catarina,Sul,30,Zema,NOVO,8713,0.41131302
2026-10-04 18:46:28,20261004-184628,SC,Santa Catarina,Sul,35,Veterinário Wilson Grassi,DEMOCRATA,320,0.015106182
2026-10-04 18:46:28,20261004-184628,SC,Santa Catarina,Sul,55,Ronaldo Caiado,PSD,39658,1.872128055
2026-10-04 18:46:28,20261004-184628,SC,Santa Catarina,Sul,70,Escritor Augusto Cury,AVANTE,64654,3.05210972
2026-10-04 18:46:28,20261004-184628,SC,Santa Catarina,Sul,80,Samara,UP,2608,0.123115386
2026-10-04 18:46:28,20261004-184628,SE,Sergipe,Nordeste,13,Lula,PT,410176,60.460125231
2026-10-04 18:46:28,20261004-184628,SE,Sergipe,Nordeste,14,Renan Santos,MISSÃO,11235,1.656044008
2026-10-04 18:46:28,20261004-184628,SE,Sergipe,Nordeste,16,Hertz Dias,PSTU,199,0.029332689
2026-10-04 18:46:28,20261004-184628,SE,Sergipe,Nordeste,21,Edmilson Costa,PCB,109,0.016066649
2026-10-04 18:46:28,20261004-184628,SE,Sergipe,Nordeste,22,Flavio Bolsonaro,PL,221170,32.600556584
2026-10-04 18:46:28,20261004-184628,SE,Sergipe,Nordeste,27,Clariana Barao,DC,248,0.036555311
2026-10-04 18:46:28,20261004-184628,SE,Sergipe,Nordeste,29,Rui Costa Pimenta,PCO,63,0.009286228
2026-10-04 18:46:28,20261004-184628,SE,Sergipe,Nordeste,30,Zema,NOVO,721,0.106275721
2026-10-04 18:46:28,20261004-184628,SE,Sergipe,Nordeste,35,Veterinário Wilson Grassi,DEMOCRATA,65,0.009581029
2026-10-04 18:46:28,20261004-184628,SE,Sergipe,Nordeste,55,Ronaldo Caiado,PSD,13619,2.007446671
2026-10-04 18:46:28,20261004-184628,SE,Sergipe,Nordeste,70,Escritor Augusto Cury,AVANTE,20341,2.998272467
2026-10-04 18:46:28,20261004-184628,SE,Sergipe,Nordeste,80,Samara,UP,478,0.070457413
2026-10-04 18:46:28,20261004-184628,SP,São Paulo,Sudeste,13,Lula,PT,3332291,36.116358653
2026-10-04 18:46:28,20261004-184628,SP,São Paulo,Sudeste,14,Renan Santos,MISSÃO,288460,3.126415075
2026-10-04 18:46:28,20261004-184628,SP,São Paulo,Sudeste,16,Hertz Dias,PSTU,5725,0.062049249
2026-10-04 18:46:28,20261004-184628,SP,São Paulo,Sudeste,21,Edmilson Costa,PCB,2256,0.024451197
2026-10-04 18:46:28,20261004-184628,SP,São Paulo,Sudeste,22,Flavio Bolsonaro,PL,5002528,54.218882871
2026-10-04 18:46:28,20261004-184628,SP,São Paulo,Sudeste,27,Clariana Barao,DC,3660,0.039668166
2026-10-04 18:46:28,20261004-184628,SP,São Paulo,Sudeste,29,Rui Costa Pimenta,PCO,1613,0.017482173
2026-10-04 18:46:28,20261004-184628,SP,São Paulo,Sudeste,30,Zema,NOVO,33527,0.363375575
2026-10-04 18:46:28,20261004-184628,SP,São Paulo,Sudeste,35,Veterinário Wilson Grassi,DEMOCRATA,1895,0.020538572
2026-10-04 18:46:28,20261004-184628,SP,São Paulo,Sudeste,55,Ronaldo Caiado,PSD,213772,2.316924369
2026-10-04 18:46:28,20261004-184628,SP,São Paulo,Sudeste,70,Escritor Augusto Cury,AVANTE,326116,3.534541977
2026-10-04 18:46:28,20261004-184628,SP,São Paulo,Sudeste,80,Samara,UP,14699,0.159312124
2026-10-04 18:46:28,20261004-184628,TO,Tocantins,Norte,13,Lula,PT,356943,43.307340735
2026-10-04 18:46:28,20261004-184628,TO,Tocantins,Norte,14,Renan Santos,MISSÃO,11589,1.406075401
2026-10-04 18:46:28,20261004-184628,TO,Tocantins,Norte,16,Hertz Dias,PSTU,92,0.011162217
2026-10-04 18:46:28,20261004-184628,TO,Tocantins,Norte,21,Edmilson Costa,PCB,106,0.012860816
2026-10-04 18:46:28,20261004-184628,TO,Tocantins,Norte,22,Flavio Bolsonaro,PL,416200,50.496900665
2026-10-04 18:46:28,20261004-184628,TO,Tocantins,Norte,27,Clariana Barao,DC,151,0.018320596
2026-10-04 18:46:28,20261004-184628,TO,Tocantins,Norte,29,Rui Costa Pimenta,PCO,54,0.006551736
2026-10-04 18:46:28,20261004-184628,TO,Tocantins,Norte,30,Zema,NOVO,552,0.066973304
2026-10-04 18:46:28,20261004-184628,TO,Tocantins,Norte,35,Veterinário Wilson Grassi,DEMOCRATA,59,0.007158379
2026-10-04 18:46:28,20261004-184628,TO,Tocantins,Norte,55,Ronaldo Caiado,PSD,18173,2.204901912
2026-10-04 18:46:28,20261004-184628,TO,Tocantins,Norte,70,Escritor Augusto Cury,AVANTE,19938,2.419046625
2026-10-04 18:46:28,20261004-184628,TO,Tocantins,Norte,80,Samara,UP,352,0.042707614
2026-10-04 18:46:28,20261004-184628,ZZ,Exterior,Exterior,13,Lula,PT,115395,52.20264915
2026-10-04 18:46:28,20261004-184628,ZZ,Exterior,Exterior,14,Renan Santos,MISSÃO,6141,2.778079366
2026-10-04 18:46:28,20261004-184628,ZZ,Exterior,Exterior,16,Hertz Dias,PSTU,297,0.134357527
2026-10-04 18:46:28,20261004-184628,ZZ,Exterior,Exterior,21,Edmilson Costa,PCB,339,0.153357581
2026-10-04 18:46:28,20261004-184628,ZZ,Exterior,Exterior,22,Flavio Bolsonaro,PL,84483,38.218609196
2026-10-04 18:46:28,20261004-184628,ZZ,Exterior,Exterior,27,Clariana Barao,DC,697,0.315310425
2026-10-04 18:46:28,20261004-184628,ZZ,Exterior,Exterior,29,Rui Costa Pimenta,PCO,141,0.063785897
2026-10-04 18:46:28,20261004-184628,ZZ,Exterior,Exterior,30,Zema,NOVO,2183,0.987550441
2026-10-04 18:46:28,20261004-184628,ZZ,Exterior,Exterior,35,Veterinário Wilson Grassi,DEMOCRATA,257,0.116262237
2026-10-04 18:46:28,20261004-184628,ZZ,Exterior,Exterior,55,Ronaldo Caiado,PSD,3137,1.419123102
2026-10-04 18:46:28,20261004-184628,ZZ,Exterior,Exterior,70,Escritor Augusto Cury,AVANTE,7115,3.218699672
2026-10-04 18:46:28,20261004-184628,ZZ,Exterior,Exterior,80,Samara,UP,867,0.392215406
2026-10-04 18:52:58,20261004-185258,AC,Acre,Norte,13,Lula,PT,114656,28.558832101
2026-10-04 18:52:58,20261004-185258,AC,Acre,Norte,14,Renan Santos,MISSÃO,7075,1.762260476
2026-10-04 18:52:58,20261004-185258,AC,Acre,Norte,16,Hertz Dias,PSTU,64,0.015941296
2026-10-04 18:52:58,20261004-185258,AC,Acre,Norte,21,Edmilson Costa,PCB,123,0.030637179
2026-10-04 18:52:58,20261004-185258,AC,Acre,Norte,22,Flavio Bolsonaro,PL,259189,64.559509606
2026-10-04 18:52:58,20261004-185258,AC,Acre,Norte,27,Clariana Barao,DC,170,0.042344068
2026-10-04 18:52:58,20261004-185258,AC,Acre,Norte,29,Rui Costa Pimenta,PCO,34,0.008468814
2026-10-04 18:52:58,20261004-185258,AC,Acre,Norte,30,Zema,NOVO,498,0.124043211
2026-10-04 18:52:58,20261004-185258,AC,Acre,Norte,35,Veterinário Wilson Grassi,DEMOCRATA,33,0.008219731
2026-10-04 18:52:58,20261004-185258,AC,Acre,Norte,55,Ronaldo Caiado,PSD,7529,1.875344046
2026-10-04 18:52:58,20261004-185258,AC,Acre,Norte,70,Escritor Augusto Cury,AVANTE,11814,2.942663641
2026-10-04 18:52:58,20261004-185258,AC,Acre,Norte,80,Samara,UP,288,0.071735833
2026-10-04 18:52:58,20261004-185258,AL,Alagoas,Nordeste,13,Lula,PT,209562,58.230429805
2026-10-04 18:52:58,20261004-185258,AL,Alagoas,Nordeste,14,Renan Santos,MISSÃO,4564,1.268186416
2026-10-04 18:52:58,20261004-185258,AL,Alagoas,Nordeste,16,Hertz Dias,PSTU,79,0.021951518
2026-10-04 18:52:58,20261004-185258,AL,Alagoas,Nordeste,21,Edmilson Costa,PCB,55,0.015282702
2026-10-04 18:52:58,20261004-185258,AL,Alagoas,Nordeste,22,Flavio Bolsonaro,PL,134385,37.341198831
2026-10-04 18:52:58,20261004-185258,AL,Alagoas,Nordeste,27,Clariana Barao,DC,122,0.033899812
2026-10-04 18:52:58,20261004-185258,AL,Alagoas,Nordeste,29,Rui Costa Pimenta,PCO,20,0.005557346
2026-10-04 18:52:58,20261004-185258,AL,Alagoas,Nordeste,30,Zema,NOVO,231,0.064187349
2026-10-04 18:52:58,20261004-185258,AL,Alagoas,Nordeste,35,Veterinário Wilson Grassi,DEMOCRATA,42,0.011670427
2026-10-04 18:52:58,20261004-185258,AL,Alagoas,Nordeste,55,Ronaldo Caiado,PSD,2502,0.695224017
2026-10-04 18:52:58,20261004-185258,AL,Alagoas,Nordeste,70,Escritor Augusto Cury,AVANTE,8098,2.250169499
2026-10-04 18:52:58,20261004-185258,AL,Alagoas,Nordeste,80,Samara,UP,224,0.062242278
2026-10-04 18:52:58,20261004-185258,AM,Amazonas,Norte,13,Lula,PT,565528,42.944176853
2026-10-04 18:52:58,20261004-185258,AM,Amazonas,Norte,14,Renan Santos,MISSÃO,25000,1.898410726
2026-10-04 18:52:58,20261004-185258,AM,Amazonas,Norte,16,Hertz Dias,PSTU,363,0.027564924
2026-10-04 18:52:58,20261004-185258,AM,Amazonas,Norte,21,Edmilson Costa,PCB,174,0.013212939
2026-10-04 18:52:58,20261004-185258,AM,Amazonas,Norte,22,Flavio Bolsonaro,PL,649770,49.34121351
2026-10-04 18:52:58,20261004-185258,AM,Amazonas,Norte,27,Clariana Barao,DC,658,0.04996617
2026-10-04 18:52:58,20261004-185258,AM,Amazonas,Norte,29,Rui Costa Pimenta,PCO,136,0.010327354
2026-10-04 18:52:58,20261004-185258,AM,Amazonas,Norte,30,Zema,NOVO,1409,0.106994429
2026-10-04 18:52:58,20261004-185258,AM,Amazonas,Norte,35,Veterinário Wilson Grassi,DEMOCRATA,220,0.016706014
2026-10-04 18:52:58,20261004-185258,AM,Amazonas,Norte,55,Ronaldo Caiado,PSD,18829,1.429807023
2026-10-04 18:52:58,20261004-185258,AM,Amazonas,Norte,70,Escritor Augusto Cury,AVANTE,53385,4.053866265
2026-10-04 18:52:58,20261004-185258,AM,Amazonas,Norte,80,Samara,UP,1419,0.107753793
2026-10-04 18:52:58,20261004-185258,AP,Amapá,Norte,13,Lula,PT,105706,48.342411312
2026-10-04 18:52:58,20261004-185258,AP,Amapá,Norte,14,Renan Santos,MISSÃO,4825,2.206612062
2026-10-04 18:52:58,20261004-185258,AP,Amapá,Norte,16,Hertz Dias,PSTU,59,0.026982407
2026-10-04 18:52:58,20261004-185258,AP,Amapá,Norte,21,Edmilson Costa,PCB,28,0.01280521
2026-10-04 18:52:58,20261004-185258,AP,Amapá,Norte,22,Flavio Bolsonaro,PL,95059,43.473230251
2026-10-04 18:52:58,20261004-185258,AP,Amapá,Norte,27,Clariana Barao,DC,87,0.039787616
2026-10-04 18:52:58,20261004-185258,AP,Amapá,Norte,29,Rui Costa Pimenta,PCO,25,0.011433223
2026-10-04 18:52:58,20261004-185258,AP,Amapá,Norte,30,Zema,NOVO,152,0.069513997
2026-10-04 18:52:58,20261004-185258,AP,Amapá,Norte,35,Veterinário Wilson Grassi,DEMOCRATA,27,0.012347881
2026-10-04 18:52:58,20261004-185258,AP,Amapá,Norte,55,Ronaldo Caiado,PSD,3763,1.720928744
2026-10-04 18:52:58,20261004-185258,AP,Amapá,Norte,70,Escritor Augusto Cury,AVANTE,8717,3.986536236
2026-10-04 18:52:58,20261004-185258,AP,Amapá,Norte,80,Samara,UP,213,0.097411061
2026-10-04 18:52:58,20261004-185258,BA,Bahia,Nordeste,13,Lula,PT,1723686,64.190105847
2026-10-04 18:52:58,20261004-185258,BA,Bahia,Nordeste,14,Renan Santos,MISSÃO,41552,1.547397425
2026-10-04 18:52:58,20261004-185258,BA,Bahia,Nordeste,16,Hertz Dias,PSTU,659,0.024541175
2026-10-04 18:52:58,20261004-185258,BA,Bahia,Nordeste,21,Edmilson Costa,PCB,440,0.01638561
2026-10-04 18:52:58,20261004-185258,BA,Bahia,Nordeste,22,Flavio Bolsonaro,PL,806248,30.024693859
2026-10-04 18:52:58,20261004-185258,BA,Bahia,Nordeste,27,Clariana Barao,DC,556,0.020705453
2026-10-04 18:52:58,20261004-185258,BA,Bahia,Nordeste,29,Rui Costa Pimenta,PCO,311,0.011581647
2026-10-04 18:52:58,20261004-185258,BA,Bahia,Nordeste,30,Zema,NOVO,2641,0.0983509
2026-10-04 18:52:58,20261004-185258,BA,Bahia,Nordeste,35,Veterinário Wilson Grassi,DEMOCRATA,237,0.008825885
2026-10-04 18:52:58,20261004-185258,BA,Bahia,Nordeste,55,Ronaldo Caiado,PSD,43480,1.619196189
2026-10-04 18:52:58,20261004-185258,BA,Bahia,Nordeste,70,Escritor Augusto Cury,AVANTE,63733,2.37341837
2026-10-04 18:52:58,20261004-185258,BA,Bahia,Nordeste,80,Samara,UP,1740,0.06479764
2026-10-04 18:52:58,20261004-185258,CE,Ceará,Nordeste,13,Lula,PT,1017831,60.820823058
2026-10-04 18:52:58,20261004-185258,CE,Ceará,Nordeste,14,Renan Santos,MISSÃO,35343,2.111932481
2026-10-04 18:52:58,20261004-185258,CE,Ceará,Nordeste,16,Hertz Dias,PSTU,513,0.030654482
2026-10-04 18:52:58,20261004-185258,CE,Ceará,Nordeste,21,Edmilson Costa,PCB,285,0.017030268
2026-10-04 18:52:58,20261004-185258,CE,Ceará,Nordeste,22,Flavio Bolsonaro,PL,556813,33.272542249
2026-10-04 18:52:58,20261004-185258,CE,Ceará,Nordeste,27,Clariana Barao,DC,336,0.020077789
2026-10-04 18:52:58,20261004-185258,CE,Ceará,Nordeste,29,Rui Costa Pimenta,PCO,191,0.011413267
2026-10-04 18:52:58,20261004-185258,CE,Ceará,Nordeste,30,Zema,NOVO,1902,0.11365463
2026-10-04 18:52:58,20261004-185258,CE,Ceará,Nordeste,35,Veterinário Wilson Grassi,DEMOCRATA,163,0.009740118
2026-10-04 18:52:58,20261004-185258,CE,Ceará,Nordeste,55,Ronaldo Caiado,PSD,15850,0.947121915
2026-10-04 18:52:58,20261004-185258,CE,Ceará,Nordeste,70,Escritor Augusto Cury,AVANTE,43084,2.574498459
2026-10-04 18:52:58,20261004-185258,CE,Ceará,Nordeste,80,Samara,UP,1180,0.070511284
2026-10-04 18:52:58,20261004-185258,DF,Distrito Federal,Centro-Oeste,13,Lula,PT,649204,38.160904946
2026-10-04 18:52:58,20261004-185258,DF,Distrito Federal,Centro-Oeste,14,Renan Santos,MISSÃO,44816,2.634332376
2026-10-04 18:52:58,20261004-185258,DF,Distrito Federal,Centro-Oeste,16,Hertz Dias,PSTU,787,0.046260701
2026-10-04 18:52:58,20261004-185258,DF,Distrito Federal,Centro-Oeste,21,Edmilson Costa,PCB,322,0.018927504
2026-10-04 18:52:58,20261004-185258,DF,Distrito Federal,Centro-Oeste,22,Flavio Bolsonaro,PL,871799,51.245276941
2026-10-04 18:52:58,20261004-185258,DF,Distrito Federal,Centro-Oeste,27,Clariana Barao,DC,687,0.040382594
2026-10-04 18:52:58,20261004-185258,DF,Distrito Federal,Centro-Oeste,29,Rui Costa Pimenta,PCO,370,0.021748995
2026-10-04 18:52:58,20261004-185258,DF,Distrito Federal,Centro-Oeste,30,Zema,NOVO,4787,0.281384976
2026-10-04 18:52:58,20261004-185258,DF,Distrito Federal,Centro-Oeste,35,Veterinário Wilson Grassi,DEMOCRATA,311,0.018280912
2026-10-04 18:52:58,20261004-185258,DF,Distrito Federal,Centro-Oeste,55,Ronaldo Caiado,PSD,81794,4.807938736
2026-10-04 18:52:58,20261004-185258,DF,Distrito Federal,Centro-Oeste,70,Escritor Augusto Cury,AVANTE,44145,2.594890279
2026-10-04 18:52:58,20261004-185258,DF,Distrito Federal,Centro-Oeste,80,Samara,UP,2206,0.129671038
2026-10-04 18:52:58,20261004-185258,ES,Espírito Santo,Sudeste,13,Lula,PT,709332,37.029465626
2026-10-04 18:52:58,20261004-185258,ES,Espírito Santo,Sudeste,14,Renan Santos,MISSÃO,45169,2.357970503
2026-10-04 18:52:58,20261004-185258,ES,Espírito Santo,Sudeste,16,Hertz Dias,PSTU,544,0.028398591
2026-10-04 18:52:58,20261004-185258,ES,Espírito Santo,Sudeste,21,Edmilson Costa,PCB,319,0.01665285
2026-10-04 18:52:58,20261004-185258,ES,Espírito Santo,Sudeste,22,Flavio Bolsonaro,PL,1063348,55.510266299
2026-10-04 18:52:58,20261004-185258,ES,Espírito Santo,Sudeste,27,Clariana Barao,DC,810,0.042284667
2026-10-04 18:52:58,20261004-185258,ES,Espírito Santo,Sudeste,29,Rui Costa Pimenta,PCO,219,0.011432521
2026-10-04 18:52:58,20261004-185258,ES,Espírito Santo,Sudeste,30,Zema,NOVO,5217,0.272344575
2026-10-04 18:52:58,20261004-185258,ES,Espírito Santo,Sudeste,35,Veterinário Wilson Grassi,DEMOCRATA,267,0.013938279
2026-10-04 18:52:58,20261004-185258,ES,Espírito Santo,Sudeste,55,Ronaldo Caiado,PSD,33557,1.751785875
2026-10-04 18:52:58,20261004-185258,ES,Espírito Santo,Sudeste,70,Escritor Augusto Cury,AVANTE,55174,2.880264441
2026-10-04 18:52:58,20261004-185258,ES,Espírito Santo,Sudeste,80,Samara,UP,1632,0.085195773
2026-10-04 18:52:58,20261004-185258,GO,Goiás,Centro-Oeste,13,Lula,PT,685038,29.493214139
2026-10-04 18:52:58,20261004-185258,GO,Goiás,Centro-Oeste,14,Renan Santos,MISSÃO,34269,1.47539692
2026-10-04 18:52:58,20261004-185258,GO,Goiás,Centro-Oeste,16,Hertz Dias,PSTU,426,0.018340748
2026-10-04 18:52:58,20261004-185258,GO,Goiás,Centro-Oeste,21,Edmilson Costa,PCB,285,0.012270219
2026-10-04 18:52:58,20261004-185258,GO,Goiás,Centro-Oeste,22,Flavio Bolsonaro,PL,1285623,55.350439597
2026-10-04 18:52:58,20261004-185258,GO,Goiás,Centro-Oeste,27,Clariana Barao,DC,354,0.015240903
2026-10-04 18:52:58,20261004-185258,GO,Goiás,Centro-Oeste,29,Rui Costa Pimenta,PCO,174,0.007491291
2026-10-04 18:52:58,20261004-185258,GO,Goiás,Centro-Oeste,30,Zema,NOVO,1799,0.077453064
2026-10-04 18:52:58,20261004-185258,GO,Goiás,Centro-Oeste,35,Veterinário Wilson Grassi,DEMOCRATA,228,0.009816175
2026-10-04 18:52:58,20261004-185258,GO,Goiás,Centro-Oeste,55,Ronaldo Caiado,PSD,279097,12.016074417
2026-10-04 18:52:58,20261004-185258,GO,Goiás,Centro-Oeste,70,Escritor Augusto Cury,AVANTE,34029,1.465064104
2026-10-04 18:52:58,20261004-185258,GO,Goiás,Centro-Oeste,80,Samara,UP,1375,0.059198423
2026-10-04 18:52:58,20261004-185258,MA,Maranhão,Nordeste,13,Lula,PT,991360,61.471569957
2026-10-04 18:52:58,20261004-185258,MA,Maranhão,Nordeste,14,Renan Santos,MISSÃO,25124,1.557871735
2026-10-04 18:52:58,20261004-185258,MA,Maranhão,Nordeste,16,Hertz Dias,PSTU,746,0.046257456
2026-10-04 18:52:58,20261004-185258,MA,Maranhão,Nordeste,21,Edmilson Costa,PCB,172,0.010665258
2026-10-04 18:52:58,20261004-185258,MA,Maranhão,Nordeste,22,Flavio Bolsonaro,PL,534464,33.140676611
2026-10-04 18:52:58,20261004-185258,MA,Maranhão,Nordeste,27,Clariana Barao,DC,389,0.024120845
2026-10-04 18:52:58,20261004-185258,MA,Maranhão,Nordeste,29,Rui Costa Pimenta,PCO,105,0.006510768
2026-10-04 18:52:58,20261004-185258,MA,Maranhão,Nordeste,30,Zema,NOVO,2060,0.127735065
2026-10-04 18:52:58,20261004-185258,MA,Maranhão,Nordeste,35,Veterinário Wilson Grassi,DEMOCRATA,119,0.00737887
2026-10-04 18:52:58,20261004-185258,MA,Maranhão,Nordeste,55,Ronaldo Caiado,PSD,21826,1.353371617
2026-10-04 18:52:58,20261004-185258,MA,Maranhão,Nordeste,70,Escritor Augusto Cury,AVANTE,35581,2.206282209
2026-10-04 18:52:58,20261004-185258,MA,Maranhão,Nordeste,80,Samara,UP,767,0.047559609
2026-10-04 18:52:58,20261004-185258,MG,Minas Gerais,Sudeste,13,Lula,PT,2245978,41.824403568
2026-10-04 18:52:58,20261004-185258,MG,Minas Gerais,Sudeste,14,Renan Santos,MISSÃO,117834,2.194294321
2026-10-04 18:52:58,20261004-185258,MG,Minas Gerais,Sudeste,16,Hertz Dias,PSTU,2158,0.040186085
2026-10-04 18:52:58,20261004-185258,MG,Minas Gerais,Sudeste,21,Edmilson Costa,PCB,1012,0.018845374
2026-10-04 18:52:58,20261004-185258,MG,Minas Gerais,Sudeste,22,Flavio Bolsonaro,PL,2649018,49.329778783
2026-10-04 18:52:58,20261004-185258,MG,Minas Gerais,Sudeste,27,Clariana Barao,DC,1567,0.029180535
2026-10-04 18:52:58,20261004-185258,MG,Minas Gerais,Sudeste,29,Rui Costa Pimenta,PCO,779,0.014506469
2026-10-04 18:52:58,20261004-185258,MG,Minas Gerais,Sudeste,30,Zema,NOVO,48818,0.909084476
2026-10-04 18:52:58,20261004-185258,MG,Minas Gerais,Sudeste,35,Veterinário Wilson Grassi,DEMOCRATA,823,0.015325833
2026-10-04 18:52:58,20261004-185258,MG,Minas Gerais,Sudeste,55,Ronaldo Caiado,PSD,108550,2.021408494
2026-10-04 18:52:58,20261004-185258,MG,Minas Gerais,Sudeste,70,Escritor Augusto Cury,AVANTE,187796,3.497120494
2026-10-04 18:52:58,20261004-185258,MG,Minas Gerais,Sudeste,80,Samara,UP,5685,0.105865567
2026-10-04 18:52:58,20261004-185258,MS,Mato Grosso do Sul,Centro-Oeste,13,Lula,PT,463626,33.801492257
2026-10-04 18:52:58,20261004-185258,MS,Mato Grosso do Sul,Centro-Oeste,14,Renan Santos,MISSÃO,30016,2.188370781
2026-10-04 18:52:58,20261004-185258,MS,Mato Grosso do Sul,Centro-Oeste,16,Hertz Dias,PSTU,340,0.024788315
2026-10-04 18:52:58,20261004-185258,MS,Mato Grosso do Sul,Centro-Oeste,21,Edmilson Costa,PCB,303,0.022090763
2026-10-04 18:52:58,20261004-185258,MS,Mato Grosso do Sul,Centro-Oeste,22,Flavio Bolsonaro,PL,813734,59.326749362
2026-10-04 18:52:58,20261004-185258,MS,Mato Grosso do Sul,Centro-Oeste,27,Clariana Barao,DC,584,0.042577576
2026-10-04 18:52:58,20261004-185258,MS,Mato Grosso do Sul,Centro-Oeste,29,Rui Costa Pimenta,PCO,176,0.012831598
2026-10-04 18:52:58,20261004-185258,MS,Mato Grosso do Sul,Centro-Oeste,30,Zema,NOVO,2650,0.193203044
2026-10-04 18:52:58,20261004-185258,MS,Mato Grosso do Sul,Centro-Oeste,35,Veterinário Wilson Grassi,DEMOCRATA,196,0.014289735
2026-10-04 18:52:58,20261004-185258,MS,Mato Grosso do Sul,Centro-Oeste,55,Ronaldo Caiado,PSD,21968,1.601616781
2026-10-04 18:52:58,20261004-185258,MS,Mato Grosso do Sul,Centro-Oeste,70,Escritor Augusto Cury,AVANTE,36797,2.682751853
2026-10-04 18:52:58,20261004-185258,MS,Mato Grosso do Sul,Centro-Oeste,80,Samara,UP,1224,0.089237934
2026-10-04 18:52:58,20261004-185258,MT,Mato Grosso,Centro-Oeste,13,Lula,PT,421727,28.360622885
2026-10-04 18:52:58,20261004-185258,MT,Mato Grosso,Centro-Oeste,14,Renan Santos,MISSÃO,25776,1.733404348
2026-10-04 18:52:58,20261004-185258,MT,Mato Grosso,Centro-Oeste,16,Hertz Dias,PSTU,262,0.017619178
2026-10-04 18:52:58,20261004-185258,MT,Mato Grosso,Centro-Oeste,21,Edmilson Costa,PCB,176,0.011835784
2026-10-04 18:52:58,20261004-185258,MT,Mato Grosso,Centro-Oeste,22,Flavio Bolsonaro,PL,978175,65.781067588
2026-10-04 18:52:58,20261004-185258,MT,Mato Grosso,Centro-Oeste,27,Clariana Barao,DC,1494,0.100469665
2026-10-04 18:52:58,20261004-185258,MT,Mato Grosso,Centro-Oeste,29,Rui Costa Pimenta,PCO,98,0.00659038
2026-10-04 18:52:58,20261004-185258,MT,Mato Grosso,Centro-Oeste,30,Zema,NOVO,1915,0.128781398
2026-10-04 18:52:58,20261004-185258,MT,Mato Grosso,Centro-Oeste,35,Veterinário Wilson Grassi,DEMOCRATA,133,0.008944087
2026-10-04 18:52:58,20261004-185258,MT,Mato Grosso,Centro-Oeste,55,Ronaldo Caiado,PSD,25207,1.695139797
2026-10-04 18:52:58,20261004-185258,MT,Mato Grosso,Centro-Oeste,70,Escritor Augusto Cury,AVANTE,30801,2.071329428
2026-10-04 18:52:58,20261004-185258,MT,Mato Grosso,Centro-Oeste,80,Samara,UP,1252,0.084195463
2026-10-04 18:52:58,20261004-185258,PA,Pará,Norte,13,Lula,PT,1274807,48.009398462
2026-10-04 18:52:58,20261004-185258,PA,Pará,Norte,14,Renan Santos,MISSÃO,52419,1.9741064
2026-10-04 18:52:58,20261004-185258,PA,Pará,Norte,16,Hertz Dias,PSTU,758,0.028546379
2026-10-04 18:52:58,20261004-185258,PA,Pará,Norte,21,Edmilson Costa,PCB,384,0.01446149
2026-10-04 18:52:58,20261004-185258,PA,Pará,Norte,22,Flavio Bolsonaro,PL,1212673,45.66942389
2026-10-04 18:52:58,20261004-185258,PA,Pará,Norte,27,Clariana Barao,DC,848,0.031935791
2026-10-04 18:52:58,20261004-185258,PA,Pará,Norte,29,Rui Costa Pimenta,PCO,209,0.007870967
2026-10-04 18:52:58,20261004-185258,PA,Pará,Norte,30,Zema,NOVO,2085,0.078521373
2026-10-04 18:52:58,20261004-185258,PA,Pará,Norte,35,Veterinário Wilson Grassi,DEMOCRATA,328,0.012352523
2026-10-04 18:52:58,20261004-185258,PA,Pará,Norte,55,Ronaldo Caiado,PSD,32927,1.240035129
2026-10-04 18:52:58,20261004-185258,PA,Pará,Norte,70,Escritor Augusto Cury,AVANTE,75233,2.833284626
2026-10-04 18:52:58,20261004-185258,PA,Pará,Norte,80,Samara,UP,2657,0.100062968
2026-10-04 18:52:58,20261004-185258,PB,Paraíba,Nordeste,13,Lula,PT,1245876,60.7640054
2026-10-04 18:52:58,20261004-185258,PB,Paraíba,Nordeste,14,Renan Santos,MISSÃO,35644,1.738433206
2026-10-04 18:52:58,20261004-185258,PB,Paraíba,Nordeste,16,Hertz Dias,PSTU,534,0.026044308
2026-10-04 18:52:58,20261004-185258,PB,Paraíba,Nordeste,21,Edmilson Costa,PCB,272,0.013266015
2026-10-04 18:52:58,20261004-185258,PB,Paraíba,Nordeste,22,Flavio Bolsonaro,PL,686501,33.482104536
2026-10-04 18:52:58,20261004-185258,PB,Paraíba,Nordeste,27,Clariana Barao,DC,512,0.024971322
2026-10-04 18:52:58,20261004-185258,PB,Paraíba,Nordeste,29,Rui Costa Pimenta,PCO,246,0.01199794
2026-10-04 18:52:58,20261004-185258,PB,Paraíba,Nordeste,30,Zema,NOVO,1716,0.083692946
2026-10-04 18:52:58,20261004-185258,PB,Paraíba,Nordeste,35,Veterinário Wilson Grassi,DEMOCRATA,178,0.008681436
2026-10-04 18:52:58,20261004-185258,PB,Paraíba,Nordeste,55,Ronaldo Caiado,PSD,16417,0.800691784
2026-10-04 18:52:58,20261004-185258,PB,Paraíba,Nordeste,70,Escritor Augusto Cury,AVANTE,61105,2.980219982
2026-10-04 18:52:58,20261004-185258,PB,Paraíba,Nordeste,80,Samara,UP,1351,0.065891125
2026-10-04 18:52:58,20261004-185258,PE,Pernambuco,Nordeste,13,Lula,PT,1207121,61.551754381
2026-10-04 18:52:58,20261004-185258,PE,Pernambuco,Nordeste,14,Renan Santos,MISSÃO,31594,1.610995193
2026-10-04 18:52:58,20261004-185258,PE,Pernambuco,Nordeste,16,Hertz Dias,PSTU,466,0.023761593
2026-10-04 18:52:58,20261004-185258,PE,Pernambuco,Nordeste,21,Edmilson Costa,PCB,236,0.012033768
2026-10-04 18:52:58,20261004-185258,PE,Pernambuco,Nordeste,22,Flavio Bolsonaro,PL,640732,32.671272132
2026-10-04 18:52:58,20261004-185258,PE,Pernambuco,Nordeste,27,Clariana Barao,DC,350,0.01784669
2026-10-04 18:52:58,20261004-185258,PE,Pernambuco,Nordeste,29,Rui Costa Pimenta,PCO,201,0.010249099
2026-10-04 18:52:58,20261004-185258,PE,Pernambuco,Nordeste,30,Zema,NOVO,2823,0.143946301
2026-10-04 18:52:58,20261004-185258,PE,Pernambuco,Nordeste,35,Veterinário Wilson Grassi,DEMOCRATA,179,0.009127307
2026-10-04 18:52:58,20261004-185258,PE,Pernambuco,Nordeste,55,Ronaldo Caiado,PSD,27494,1.401933969
2026-10-04 18:52:58,20261004-185258,PE,Pernambuco,Nordeste,70,Escritor Augusto Cury,AVANTE,48996,2.498332609
2026-10-04 18:52:58,20261004-185258,PE,Pernambuco,Nordeste,80,Samara,UP,956,0.048746958
2026-10-04 18:52:58,20261004-185258,PI,Piauí,Nordeste,13,Lula,PT,847213,68.964329904
2026-10-04 18:52:58,20261004-185258,PI,Piauí,Nordeste,14,Renan Santos,MISSÃO,20123,1.638040505
2026-10-04 18:52:58,20261004-185258,PI,Piauí,Nordeste,16,Hertz Dias,PSTU,271,0.022059781
2026-10-04 18:52:58,20261004-185258,PI,Piauí,Nordeste,21,Edmilson Costa,PCB,174,0.014163845
2026-10-04 18:52:58,20261004-185258,PI,Piauí,Nordeste,22,Flavio Bolsonaro,PL,316618,25.77315056
2026-10-04 18:52:58,20261004-185258,PI,Piauí,Nordeste,27,Clariana Barao,DC,311,0.025315837
2026-10-04 18:52:58,20261004-185258,PI,Piauí,Nordeste,29,Rui Costa Pimenta,PCO,87,0.007081922
2026-10-04 18:52:58,20261004-185258,PI,Piauí,Nordeste,30,Zema,NOVO,894,0.072772858
2026-10-04 18:52:58,20261004-185258,PI,Piauí,Nordeste,35,Veterinário Wilson Grassi,DEMOCRATA,114,0.00927976
2026-10-04 18:52:58,20261004-185258,PI,Piauí,Nordeste,55,Ronaldo Caiado,PSD,13071,1.063997786
2026-10-04 18:52:58,20261004-185258,PI,Piauí,Nordeste,70,Escritor Augusto Cury,AVANTE,28930,2.354942693
2026-10-04 18:52:58,20261004-185258,PI,Piauí,Nordeste,80,Samara,UP,674,0.054864548
2026-10-04 18:52:58,20261004-185258,PR,Paraná,Sul,13,Lula,PT,1816436,30.930294809
2026-10-04 18:52:58,20261004-185258,PR,Paraná,Sul,14,Renan Santos,MISSÃO,159960,2.72380087
2026-10-04 18:52:58,20261004-185258,PR,Paraná,Sul,16,Hertz Dias,PSTU,1844,0.031399655
2026-10-04 18:52:58,20261004-185258,PR,Paraná,Sul,21,Edmilson Costa,PCB,1075,0.018305113
2026-10-04 18:52:58,20261004-185258,PR,Paraná,Sul,22,Flavio Bolsonaro,PL,3527826,60.071865024
2026-10-04 18:52:58,20261004-185258,PR,Paraná,Sul,27,Clariana Barao,DC,2218,0.037768132
2026-10-04 18:52:58,20261004-185258,PR,Paraná,Sul,29,Rui Costa Pimenta,PCO,847,0.014422727
2026-10-04 18:52:58,20261004-185258,PR,Paraná,Sul,30,Zema,NOVO,15858,0.270030221
2026-10-04 18:52:58,20261004-185258,PR,Paraná,Sul,35,Veterinário Wilson Grassi,DEMOCRATA,877,0.014933567
2026-10-04 18:52:58,20261004-185258,PR,Paraná,Sul,55,Ronaldo Caiado,PSD,154401,2.629142149
2026-10-04 18:52:58,20261004-185258,PR,Paraná,Sul,70,Escritor Augusto Cury,AVANTE,185211,3.153775213
2026-10-04 18:52:58,20261004-185258,PR,Paraná,Sul,80,Samara,UP,6123,0.10426252
2026-10-04 18:52:58,20261004-185258,RJ,Rio de Janeiro,Sudeste,13,Lula,PT,1038395,39.186136554
2026-10-04 18:52:58,20261004-185258,RJ,Rio de Janeiro,Sudeste,14,Renan Santos,MISSÃO,56743,2.141322855
2026-10-04 18:52:58,20261004-185258,RJ,Rio de Janeiro,Sudeste,16,Hertz Dias,PSTU,1094,0.041284514
2026-10-04 18:52:58,20261004-185258,RJ,Rio de Janeiro,Sudeste,21,Edmilson Costa,PCB,805,0.030378459
2026-10-04 18:52:58,20261004-185258,RJ,Rio de Janeiro,Sudeste,22,Flavio Bolsonaro,PL,1413811,53.353291289
2026-10-04 18:52:58,20261004-185258,RJ,Rio de Janeiro,Sudeste,27,Clariana Barao,DC,1116,0.042114733
2026-10-04 18:52:58,20261004-185258,RJ,Rio de Janeiro,Sudeste,29,Rui Costa Pimenta,PCO,520,0.019623352
2026-10-04 18:52:58,20261004-185258,RJ,Rio de Janeiro,Sudeste,30,Zema,NOVO,6705,0.253028034
2026-10-04 18:52:58,20261004-185258,RJ,Rio de Janeiro,Sudeste,35,Veterinário Wilson Grassi,DEMOCRATA,520,0.019623352
2026-10-04 18:52:58,20261004-185258,RJ,Rio de Janeiro,Sudeste,55,Ronaldo Caiado,PSD,56563,2.134530157
2026-10-04 18:52:58,20261004-185258,RJ,Rio de Janeiro,Sudeste,70,Escritor Augusto Cury,AVANTE,69958,2.640020167
2026-10-04 18:52:58,20261004-185258,RJ,Rio de Janeiro,Sudeste,80,Samara,UP,3674,0.138646532
2026-10-04 18:52:58,20261004-185258,RN,Rio Grande do Norte,Nordeste,13,Lula,PT,557326,60.207394156
2026-10-04 18:52:58,20261004-185258,RN,Rio Grande do Norte,Nordeste,14,Renan Santos,MISSÃO,15487,1.673045782
2026-10-04 18:52:58,20261004-185258,RN,Rio Grande do Norte,Nordeste,16,Hertz Dias,PSTU,245,0.026467115
2026-10-04 18:52:58,20261004-185258,RN,Rio Grande do Norte,Nordeste,21,Edmilson Costa,PCB,145,0.015664211
2026-10-04 18:52:58,20261004-185258,RN,Rio Grande do Norte,Nordeste,22,Flavio Bolsonaro,PL,317914,34.343945026
2026-10-04 18:52:58,20261004-185258,RN,Rio Grande do Norte,Nordeste,27,Clariana Barao,DC,172,0.018580995
2026-10-04 18:52:58,20261004-185258,RN,Rio Grande do Norte,Nordeste,29,Rui Costa Pimenta,PCO,81,0.008750352
2026-10-04 18:52:58,20261004-185258,RN,Rio Grande do Norte,Nordeste,30,Zema,NOVO,679,0.07335172
2026-10-04 18:52:58,20261004-185258,RN,Rio Grande do Norte,Nordeste,35,Veterinário Wilson Grassi,DEMOCRATA,90,0.009722614
2026-10-04 18:52:58,20261004-185258,RN,Rio Grande do Norte,Nordeste,55,Ronaldo Caiado,PSD,7464,0.806328773
2026-10-04 18:52:58,20261004-185258,RN,Rio Grande do Norte,Nordeste,70,Escritor Augusto Cury,AVANTE,25533,2.758305543
2026-10-04 18:52:58,20261004-185258,RN,Rio Grande do Norte,Nordeste,80,Samara,UP,541,0.058443712
2026-10-04 18:52:58,20261004-185258,RO,Rondônia,Norte,13,Lula,PT,204189,26.552190479
2026-10-04 18:52:58,20261004-185258,RO,Rondônia,Norte,14,Renan Santos,MISSÃO,15771,2.050818585
2026-10-04 18:52:58,20261004-185258,RO,Rondônia,Norte,16,Hertz Dias,PSTU,156,0.020285822
2026-10-04 18:52:58,20261004-185258,RO,Rondônia,Norte,21,Edmilson Costa,PCB,141,0.018335262
2026-10-04 18:52:58,20261004-185258,RO,Rondônia,Norte,22,Flavio Bolsonaro,PL,511962,66.574166786
2026-10-04 18:52:58,20261004-185258,RO,Rondônia,Norte,27,Clariana Barao,DC,307,0.039921457
2026-10-04 18:52:58,20261004-185258,RO,Rondônia,Norte,29,Rui Costa Pimenta,PCO,47,0.006111754
2026-10-04 18:52:58,20261004-185258,RO,Rondônia,Norte,30,Zema,NOVO,1056,0.137319411
2026-10-04 18:52:58,20261004-185258,RO,Rondônia,Norte,35,Veterinário Wilson Grassi,DEMOCRATA,89,0.011573322
2026-10-04 18:52:58,20261004-185258,RO,Rondônia,Norte,55,Ronaldo Caiado,PSD,13583,1.766296927
2026-10-04 18:52:58,20261004-185258,RO,Rondônia,Norte,70,Escritor Augusto Cury,AVANTE,20973,2.727272727
2026-10-04 18:52:58,20261004-185258,RO,Rondônia,Norte,80,Samara,UP,736,0.095707468
2026-10-04 18:52:58,20261004-185258,RR,Roraima,Norte,13,Lula,PT,45318,23.657957245
2026-10-04 18:52:58,20261004-185258,RR,Roraima,Norte,14,Renan Santos,MISSÃO,3396,1.77285897
2026-10-04 18:52:58,20261004-185258,RR,Roraima,Norte,16,Hertz Dias,PSTU,26,0.013573125
2026-10-04 18:52:58,20261004-185258,RR,Roraima,Norte,21,Edmilson Costa,PCB,25,0.013051082
2026-10-04 18:52:58,20261004-185258,RR,Roraima,Norte,22,Flavio Bolsonaro,PL,135468,70.720158701
2026-10-04 18:52:58,20261004-185258,RR,Roraima,Norte,27,Clariana Barao,DC,95,0.049594111
2026-10-04 18:52:58,20261004-185258,RR,Roraima,Norte,29,Rui Costa Pimenta,PCO,20,0.010440866
2026-10-04 18:52:58,20261004-185258,RR,Roraima,Norte,30,Zema,NOVO,187,0.097622093
2026-10-04 18:52:58,20261004-185258,RR,Roraima,Norte,35,Veterinário Wilson Grassi,DEMOCRATA,18,0.009396779
2026-10-04 18:52:58,20261004-185258,RR,Roraima,Norte,55,Ronaldo Caiado,PSD,2104,1.098379056
2026-10-04 18:52:58,20261004-185258,RR,Roraima,Norte,70,Escritor Augusto Cury,AVANTE,4757,2.483359871
2026-10-04 18:52:58,20261004-185258,RR,Roraima,Norte,80,Samara,UP,141,0.073608102
2026-10-04 18:52:58,20261004-185258,RS,Rio Grande do Sul,Sul,13,Lula,PT,1674143,35.599476728
2026-10-04 18:52:58,20261004-185258,RS,Rio Grande do Sul,Sul,14,Renan Santos,MISSÃO,123475,2.625609275
2026-10-04 18:52:58,20261004-185258,RS,Rio Grande do Sul,Sul,16,Hertz Dias,PSTU,1602,0.034065406
2026-10-04 18:52:58,20261004-185258,RS,Rio Grande do Sul,Sul,21,Edmilson Costa,PCB,745,0.015841902
2026-10-04 18:52:58,20261004-185258,RS,Rio Grande do Sul,Sul,22,Flavio Bolsonaro,PL,2621506,55.744486486
2026-10-04 18:52:58,20261004-185258,RS,Rio Grande do Sul,Sul,27,Clariana Barao,DC,1516,0.032236677
2026-10-04 18:52:58,20261004-185258,RS,Rio Grande do Sul,Sul,29,Rui Costa Pimenta,PCO,791,0.01682006
2026-10-04 18:52:58,20261004-185258,RS,Rio Grande do Sul,Sul,30,Zema,NOVO,14134,0.300549597
2026-10-04 18:52:58,20261004-185258,RS,Rio Grande do Sul,Sul,35,Veterinário Wilson Grassi,DEMOCRATA,683,0.014523516
2026-10-04 18:52:58,20261004-185258,RS,Rio Grande do Sul,Sul,55,Ronaldo Caiado,PSD,114221,2.428829456
2026-10-04 18:52:58,20261004-185258,RS,Rio Grande do Sul,Sul,70,Escritor Augusto Cury,AVANTE,145010,3.083535947
2026-10-04 18:52:58,20261004-185258,RS,Rio Grande do Sul,Sul,80,Samara,UP,4892,0.104024949
2026-10-04 18:52:58,20261004-185258,SC,Santa Catarina,Sul,13,Lula,PT,641825,26.012557521
2026-10-04 18:52:58,20261004-185258,SC,Santa Catarina,Sul,14,Renan Santos,MISSÃO,73483,2.978196182
2026-10-04 18:52:58,20261004-185258,SC,Santa Catarina,Sul,16,Hertz Dias,PSTU,865,0.035057628
2026-10-04 18:52:58,20261004-185258,SC,Santa Catarina,Sul,21,Edmilson Costa,PCB,445,0.018035427
2026-10-04 18:52:58,20261004-185258,SC,Santa Catarina,Sul,22,Flavio Bolsonaro,PL,1615409,65.470992143
2026-10-04 18:52:58,20261004-185258,SC,Santa Catarina,Sul,27,Clariana Barao,DC,815,0.033031176
2026-10-04 18:52:58,20261004-185258,SC,Santa Catarina,Sul,29,Rui Costa Pimenta,PCO,396,0.016049504
2026-10-04 18:52:58,20261004-185258,SC,Santa Catarina,Sul,30,Zema,NOVO,10068,0.408046475
2026-10-04 18:52:58,20261004-185258,SC,Santa Catarina,Sul,35,Veterinário Wilson Grassi,DEMOCRATA,367,0.014874161
2026-10-04 18:52:58,20261004-185258,SC,Santa Catarina,Sul,55,Ronaldo Caiado,PSD,45815,1.856838426
2026-10-04 18:52:58,20261004-185258,SC,Santa Catarina,Sul,70,Escritor Augusto Cury,AVANTE,74876,3.034653148
2026-10-04 18:52:58,20261004-185258,SC,Santa Catarina,Sul,80,Samara,UP,3002,0.121668208
2026-10-04 18:52:58,20261004-185258,SE,Sergipe,Nordeste,13,Lula,PT,444820,60.794834858
2026-10-04 18:52:58,20261004-185258,SE,Sergipe,Nordeste,14,Renan Santos,MISSÃO,11945,1.632557669
2026-10-04 18:52:58,20261004-185258,SE,Sergipe,Nordeste,16,Hertz Dias,PSTU,209,0.028564634
2026-10-04 18:52:58,20261004-185258,SE,Sergipe,Nordeste,21,Edmilson Costa,PCB,119,0.016264074
2026-10-04 18:52:58,20261004-185258,SE,Sergipe,Nordeste,22,Flavio Bolsonaro,PL,236449,32.31616813
2026-10-04 18:52:58,20261004-185258,SE,Sergipe,Nordeste,27,Clariana Barao,DC,257,0.035124933
2026-10-04 18:52:58,20261004-185258,SE,Sergipe,Nordeste,29,Rui Costa Pimenta,PCO,69,0.009430429
2026-10-04 18:52:58,20261004-185258,SE,Sergipe,Nordeste,30,Zema,NOVO,767,0.104828107
2026-10-04 18:52:58,20261004-185258,SE,Sergipe,Nordeste,35,Veterinário Wilson Grassi,DEMOCRATA,69,0.009430429
2026-10-04 18:52:58,20261004-185258,SE,Sergipe,Nordeste,55,Ronaldo Caiado,PSD,14716,2.011278247
2026-10-04 18:52:58,20261004-185258,SE,Sergipe,Nordeste,70,Escritor Augusto Cury,AVANTE,21731,2.970038569
2026-10-04 18:52:58,20261004-185258,SE,Sergipe,Nordeste,80,Samara,UP,523,0.071479921
2026-10-04 18:52:58,20261004-185258,SP,São Paulo,Sudeste,13,Lula,PT,4251085,36.567784228
2026-10-04 18:52:58,20261004-185258,SP,São Paulo,Sudeste,14,Renan Santos,MISSÃO,367702,3.162968371
2026-10-04 18:52:58,20261004-185258,SP,São Paulo,Sudeste,16,Hertz Dias,PSTU,7277,0.06259667
2026-10-04 18:52:58,20261004-185258,SP,São Paulo,Sudeste,21,Edmilson Costa,PCB,2823,0.024283413
2026-10-04 18:52:58,20261004-185258,SP,São Paulo,Sudeste,22,Flavio Bolsonaro,PL,6241393,53.688390731
2026-10-04 18:52:58,20261004-185258,SP,São Paulo,Sudeste,27,Clariana Barao,DC,4669,0.040162684
2026-10-04 18:52:58,20261004-185258,SP,São Paulo,Sudeste,29,Rui Costa Pimenta,PCO,2036,0.017513649
2026-10-04 18:52:58,20261004-185258,SP,São Paulo,Sudeste,30,Zema,NOVO,43200,0.371605903
2026-10-04 18:52:58,20261004-185258,SP,São Paulo,Sudeste,35,Veterinário Wilson Grassi,DEMOCRATA,2399,0.02063617
2026-10-04 18:52:58,20261004-185258,SP,São Paulo,Sudeste,55,Ronaldo Caiado,PSD,270375,2.325762637
2026-10-04 18:52:58,20261004-185258,SP,São Paulo,Sudeste,70,Escritor Augusto Cury,AVANTE,413439,3.556397518
2026-10-04 18:52:58,20261004-185258,SP,São Paulo,Sudeste,80,Samara,UP,18821,0.161898025
2026-10-04 18:52:58,20261004-185258,TO,Tocantins,Norte,13,Lula,PT,365986,43.43073186
2026-10-04 18:52:58,20261004-185258,TO,Tocantins,Norte,14,Renan Santos,MISSÃO,11827,1.403483373
2026-10-04 18:52:58,20261004-185258,TO,Tocantins,Norte,16,Hertz Dias,PSTU,93,0.0110361
2026-10-04 18:52:58,20261004-185258,TO,Tocantins,Norte,21,Edmilson Costa,PCB,107,0.012697448
2026-10-04 18:52:58,20261004-185258,TO,Tocantins,Norte,22,Flavio Bolsonaro,PL,424586,50.384661482
2026-10-04 18:52:58,20261004-185258,TO,Tocantins,Norte,27,Clariana Barao,DC,153,0.018156164
2026-10-04 18:52:58,20261004-185258,TO,Tocantins,Norte,29,Rui Costa Pimenta,PCO,55,0.006526726
2026-10-04 18:52:58,20261004-185258,TO,Tocantins,Norte,30,Zema,NOVO,556,0.065979264
2026-10-04 18:52:58,20261004-185258,TO,Tocantins,Norte,35,Veterinário Wilson Grassi,DEMOCRATA,59,0.007001397
2026-10-04 18:52:58,20261004-185258,TO,Tocantins,Norte,55,Ronaldo Caiado,PSD,18511,2.196658554
2026-10-04 18:52:58,20261004-185258,TO,Tocantins,Norte,70,Escritor Augusto Cury,AVANTE,20393,2.419991242
2026-10-04 18:52:58,20261004-185258,TO,Tocantins,Norte,80,Samara,UP,363,0.04307639
2026-10-04 18:52:58,20261004-185258,ZZ,Exterior,Exterior,13,Lula,PT,115395,52.20264915
2026-10-04 18:52:58,20261004-185258,ZZ,Exterior,Exterior,14,Renan Santos,MISSÃO,6141,2.778079366
2026-10-04 18:52:58,20261004-185258,ZZ,Exterior,Exterior,16,Hertz Dias,PSTU,297,0.134357527
2026-10-04 18:52:58,20261004-185258,ZZ,Exterior,Exterior,21,Edmilson Costa,PCB,339,0.153357581
2026-10-04 18:52:58,20261004-185258,ZZ,Exterior,Exterior,22,Flavio Bolsonaro,PL,84483,38.218609196
2026-10-04 18:52:58,20261004-185258,ZZ,Exterior,Exterior,27,Clariana Barao,DC,697,0.315310425
2026-10-04 18:52:58,20261004-185258,ZZ,Exterior,Exterior,29,Rui Costa Pimenta,PCO,141,0.063785897
2026-10-04 18:52:58,20261004-185258,ZZ,Exterior,Exterior,30,Zema,NOVO,2183,0.987550441
2026-10-04 18:52:58,20261004-185258,ZZ,Exterior,Exterior,35,Veterinário Wilson Grassi,DEMOCRATA,257,0.116262237
2026-10-04 18:52:58,20261004-185258,ZZ,Exterior,Exterior,55,Ronaldo Caiado,PSD,3137,1.419123102
2026-10-04 18:52:58,20261004-185258,ZZ,Exterior,Exterior,70,Escritor Augusto Cury,AVANTE,7115,3.218699672
2026-10-04 18:52:58,20261004-185258,ZZ,Exterior,Exterior,80,Samara,UP,867,0.392215406
2026-10-04 19:14:28,20261004-191428,AC,Acre,Norte,13,Lula,PT,124313,28.480866204
2026-10-04 19:14:28,20261004-191428,AC,Acre,Norte,14,Renan Santos,MISSÃO,7527,1.72448159
2026-10-04 19:14:28,20261004-191428,AC,Acre,Norte,16,Hertz Dias,PSTU,69,0.015808321
2026-10-04 19:14:28,20261004-191428,AC,Acre,Norte,21,Edmilson Costa,PCB,132,0.030242005
2026-10-04 19:14:28,20261004-191428,AC,Acre,Norte,22,Flavio Bolsonaro,PL,282648,64.756380032
2026-10-04 19:14:28,20261004-191428,AC,Acre,Norte,27,Clariana Barao,DC,185,0.042384628
2026-10-04 19:14:28,20261004-191428,AC,Acre,Norte,29,Rui Costa Pimenta,PCO,36,0.008247819
2026-10-04 19:14:28,20261004-191428,AC,Acre,Norte,30,Zema,NOVO,523,0.119822489
2026-10-04 19:14:28,20261004-191428,AC,Acre,Norte,35,Veterinário Wilson Grassi,DEMOCRATA,35,0.008018713
2026-10-04 19:14:28,20261004-191428,AC,Acre,Norte,55,Ronaldo Caiado,PSD,8032,1.840180169
2026-10-04 19:14:28,20261004-191428,AC,Acre,Norte,70,Escritor Augusto Cury,AVANTE,12679,2.904836201
2026-10-04 19:14:28,20261004-191428,AC,Acre,Norte,80,Samara,UP,300,0.068731829
2026-10-04 19:14:28,20261004-191428,AL,Alagoas,Nordeste,13,Lula,PT,373429,56.936609196
2026-10-04 19:14:28,20261004-191428,AL,Alagoas,Nordeste,14,Renan Santos,MISSÃO,8867,1.351948868
2026-10-04 19:14:28,20261004-191428,AL,Alagoas,Nordeste,16,Hertz Dias,PSTU,138,0.021040819
2026-10-04 19:14:28,20261004-191428,AL,Alagoas,Nordeste,21,Edmilson Costa,PCB,95,0.014484622
2026-10-04 19:14:28,20261004-191428,AL,Alagoas,Nordeste,22,Flavio Bolsonaro,PL,252655,38.522233132
2026-10-04 19:14:28,20261004-191428,AL,Alagoas,Nordeste,27,Clariana Barao,DC,203,0.03095135
2026-10-04 19:14:28,20261004-191428,AL,Alagoas,Nordeste,29,Rui Costa Pimenta,PCO,39,0.005946318
2026-10-04 19:14:28,20261004-191428,AL,Alagoas,Nordeste,30,Zema,NOVO,420,0.064037276
2026-10-04 19:14:28,20261004-191428,AL,Alagoas,Nordeste,35,Veterinário Wilson Grassi,DEMOCRATA,82,0.012502516
2026-10-04 19:14:28,20261004-191428,AL,Alagoas,Nordeste,55,Ronaldo Caiado,PSD,4645,0.708221776
2026-10-04 19:14:28,20261004-191428,AL,Alagoas,Nordeste,70,Escritor Augusto Cury,AVANTE,14879,2.26859673
2026-10-04 19:14:28,20261004-191428,AL,Alagoas,Nordeste,80,Samara,UP,416,0.063427397
2026-10-04 19:14:28,20261004-191428,AM,Amazonas,Norte,13,Lula,PT,699726,44.150622673
2026-10-04 19:14:28,20261004-191428,AM,Amazonas,Norte,14,Renan Santos,MISSÃO,28958,1.827163392
2026-10-04 19:14:28,20261004-191428,AM,Amazonas,Norte,16,Hertz Dias,PSTU,418,0.026374553
2026-10-04 19:14:28,20261004-191428,AM,Amazonas,Norte,21,Edmilson Costa,PCB,209,0.013187276
2026-10-04 19:14:28,20261004-191428,AM,Amazonas,Norte,22,Flavio Bolsonaro,PL,766501,48.363925922
2026-10-04 19:14:28,20261004-191428,AM,Amazonas,Norte,27,Clariana Barao,DC,771,0.048647799
2026-10-04 19:14:28,20261004-191428,AM,Amazonas,Norte,29,Rui Costa Pimenta,PCO,148,0.009338358
2026-10-04 19:14:28,20261004-191428,AM,Amazonas,Norte,30,Zema,NOVO,1581,0.099756382
2026-10-04 19:14:28,20261004-191428,AM,Amazonas,Norte,35,Veterinário Wilson Grassi,DEMOCRATA,249,0.015711157
2026-10-04 19:14:28,20261004-191428,AM,Amazonas,Norte,55,Ronaldo Caiado,PSD,22148,1.397472712
2026-10-04 19:14:28,20261004-191428,AM,Amazonas,Norte,70,Escritor Augusto Cury,AVANTE,62538,3.945961192
2026-10-04 19:14:28,20261004-191428,AM,Amazonas,Norte,80,Samara,UP,1614,0.101838584
2026-10-04 19:14:28,20261004-191428,AP,Amapá,Norte,13,Lula,PT,139476,47.266220695
2026-10-04 19:14:28,20261004-191428,AP,Amapá,Norte,14,Renan Santos,MISSÃO,6851,2.321696048
2026-10-04 19:14:28,20261004-191428,AP,Amapá,Norte,16,Hertz Dias,PSTU,78,0.026432972
2026-10-04 19:14:28,20261004-191428,AP,Amapá,Norte,21,Edmilson Costa,PCB,34,0.011522065
2026-10-04 19:14:28,20261004-191428,AP,Amapá,Norte,22,Flavio Bolsonaro,PL,130761,44.312844391
2026-10-04 19:14:28,20261004-191428,AP,Amapá,Norte,27,Clariana Barao,DC,134,0.045410491
2026-10-04 19:14:28,20261004-191428,AP,Amapá,Norte,29,Rui Costa Pimenta,PCO,35,0.011860949
2026-10-04 19:14:28,20261004-191428,AP,Amapá,Norte,30,Zema,NOVO,207,0.070149041
2026-10-04 19:14:28,20261004-191428,AP,Amapá,Norte,35,Veterinário Wilson Grassi,DEMOCRATA,32,0.010844296
2026-10-04 19:14:28,20261004-191428,AP,Amapá,Norte,55,Ronaldo Caiado,PSD,5133,1.739492894
2026-10-04 19:14:28,20261004-191428,AP,Amapá,Norte,70,Escritor Augusto Cury,AVANTE,12043,4.081183113
2026-10-04 19:14:28,20261004-191428,AP,Amapá,Norte,80,Samara,UP,302,0.102343046
2026-10-04 19:14:28,20261004-191428,BA,Bahia,Nordeste,13,Lula,PT,2565157,64.546200047
2026-10-04 19:14:28,20261004-191428,BA,Bahia,Nordeste,14,Renan Santos,MISSÃO,60107,1.512452628
2026-10-04 19:14:28,20261004-191428,BA,Bahia,Nordeste,16,Hertz Dias,PSTU,939,0.023627747
2026-10-04 19:14:28,20261004-191428,BA,Bahia,Nordeste,21,Edmilson Costa,PCB,620,0.015600856
2026-10-04 19:14:28,20261004-191428,BA,Bahia,Nordeste,22,Flavio Bolsonaro,PL,1183400,29.77750412
2026-10-04 19:14:28,20261004-191428,BA,Bahia,Nordeste,27,Clariana Barao,DC,816,0.020532739
2026-10-04 19:14:28,20261004-191428,BA,Bahia,Nordeste,29,Rui Costa Pimenta,PCO,423,0.01064381
2026-10-04 19:14:28,20261004-191428,BA,Bahia,Nordeste,30,Zema,NOVO,3595,0.0904598
2026-10-04 19:14:28,20261004-191428,BA,Bahia,Nordeste,35,Veterinário Wilson Grassi,DEMOCRATA,321,0.008077217
2026-10-04 19:14:28,20261004-191428,BA,Bahia,Nordeste,55,Ronaldo Caiado,PSD,62462,1.571710717
2026-10-04 19:14:28,20261004-191428,BA,Bahia,Nordeste,70,Escritor Augusto Cury,AVANTE,93842,2.361315313
2026-10-04 19:14:28,20261004-191428,BA,Bahia,Nordeste,80,Samara,UP,2459,0.061875006
2026-10-04 19:14:28,20261004-191428,CE,Ceará,Nordeste,13,Lula,PT,1669851,61.257759703
2026-10-04 19:14:28,20261004-191428,CE,Ceará,Nordeste,14,Renan Santos,MISSÃO,56836,2.08500401
2026-10-04 19:14:28,20261004-191428,CE,Ceará,Nordeste,16,Hertz Dias,PSTU,842,0.030888405
2026-10-04 19:14:28,20261004-191428,CE,Ceará,Nordeste,21,Edmilson Costa,PCB,422,0.015480887
2026-10-04 19:14:28,20261004-191428,CE,Ceará,Nordeste,22,Flavio Bolsonaro,PL,896858,32.900846753
2026-10-04 19:14:28,20261004-191428,CE,Ceará,Nordeste,27,Clariana Barao,DC,558,0.020469988
2026-10-04 19:14:28,20261004-191428,CE,Ceará,Nordeste,29,Rui Costa Pimenta,PCO,283,0.010381732
2026-10-04 19:14:28,20261004-191428,CE,Ceará,Nordeste,30,Zema,NOVO,2764,0.101396141
2026-10-04 19:14:28,20261004-191428,CE,Ceará,Nordeste,35,Veterinário Wilson Grassi,DEMOCRATA,237,0.008694242
2026-10-04 19:14:28,20261004-191428,CE,Ceará,Nordeste,55,Ronaldo Caiado,PSD,24631,0.903577552
2026-10-04 19:14:28,20261004-191428,CE,Ceará,Nordeste,70,Escritor Augusto Cury,AVANTE,70779,2.596496917
2026-10-04 19:14:28,20261004-191428,CE,Ceará,Nordeste,80,Samara,UP,1881,0.069003669
2026-10-04 19:14:28,20261004-191428,DF,Distrito Federal,Centro-Oeste,13,Lula,PT,667261,38.157982021
2026-10-04 19:14:28,20261004-191428,DF,Distrito Federal,Centro-Oeste,14,Renan Santos,MISSÃO,46085,2.635416428
2026-10-04 19:14:28,20261004-191428,DF,Distrito Federal,Centro-Oeste,16,Hertz Dias,PSTU,818,0.046778141
2026-10-04 19:14:28,20261004-191428,DF,Distrito Federal,Centro-Oeste,21,Edmilson Costa,PCB,333,0.019042935
2026-10-04 19:14:28,20261004-191428,DF,Distrito Federal,Centro-Oeste,22,Flavio Bolsonaro,PL,896274,51.254317542
2026-10-04 19:14:28,20261004-191428,DF,Distrito Federal,Centro-Oeste,27,Clariana Barao,DC,707,0.040430496
2026-10-04 19:14:28,20261004-191428,DF,Distrito Federal,Centro-Oeste,29,Rui Costa Pimenta,PCO,379,0.021673491
2026-10-04 19:14:28,20261004-191428,DF,Distrito Federal,Centro-Oeste,30,Zema,NOVO,4880,0.27906764
2026-10-04 19:14:28,20261004-191428,DF,Distrito Federal,Centro-Oeste,35,Veterinário Wilson Grassi,DEMOCRATA,321,0.018356703
2026-10-04 19:14:28,20261004-191428,DF,Distrito Federal,Centro-Oeste,55,Ronaldo Caiado,PSD,83959,4.801278679
2026-10-04 19:14:28,20261004-191428,DF,Distrito Federal,Centro-Oeste,70,Escritor Augusto Cury,AVANTE,45396,2.59601528
2026-10-04 19:14:28,20261004-191428,DF,Distrito Federal,Centro-Oeste,80,Samara,UP,2267,0.129640643
2026-10-04 19:14:28,20261004-191428,ES,Espírito Santo,Sudeste,13,Lula,PT,795681,37.365634066
2026-10-04 19:14:28,20261004-191428,ES,Espírito Santo,Sudeste,14,Renan Santos,MISSÃO,50374,2.365591802
2026-10-04 19:14:28,20261004-191428,ES,Espírito Santo,Sudeste,16,Hertz Dias,PSTU,598,0.028082421
2026-10-04 19:14:28,20261004-191428,ES,Espírito Santo,Sudeste,21,Edmilson Costa,PCB,362,0.016999727
2026-10-04 19:14:28,20261004-191428,ES,Espírito Santo,Sudeste,22,Flavio Bolsonaro,PL,1174819,55.170171021
2026-10-04 19:14:28,20261004-191428,ES,Espírito Santo,Sudeste,27,Clariana Barao,DC,908,0.042640198
2026-10-04 19:14:28,20261004-191428,ES,Espírito Santo,Sudeste,29,Rui Costa Pimenta,PCO,236,0.011082695
2026-10-04 19:14:28,20261004-191428,ES,Espírito Santo,Sudeste,30,Zema,NOVO,5655,0.265562029
2026-10-04 19:14:28,20261004-191428,ES,Espírito Santo,Sudeste,35,Veterinário Wilson Grassi,DEMOCRATA,292,0.013712487
2026-10-04 19:14:28,20261004-191428,ES,Espírito Santo,Sudeste,55,Ronaldo Caiado,PSD,37149,1.744538251
2026-10-04 19:14:28,20261004-191428,ES,Espírito Santo,Sudeste,70,Escritor Augusto Cury,AVANTE,61522,2.889108247
2026-10-04 19:14:28,20261004-191428,ES,Espírito Santo,Sudeste,80,Samara,UP,1850,0.086877056
2026-10-04 19:14:28,20261004-191428,GO,Goiás,Centro-Oeste,13,Lula,PT,902134,30.088725208
2026-10-04 19:14:28,20261004-191428,GO,Goiás,Centro-Oeste,14,Renan Santos,MISSÃO,43775,1.460020292
2026-10-04 19:14:28,20261004-191428,GO,Goiás,Centro-Oeste,16,Hertz Dias,PSTU,539,0.017977177
2026-10-04 19:14:28,20261004-191428,GO,Goiás,Centro-Oeste,21,Edmilson Costa,PCB,371,0.012373901
2026-10-04 19:14:28,20261004-191428,GO,Goiás,Centro-Oeste,22,Flavio Bolsonaro,PL,1636067,54.567470448
2026-10-04 19:14:28,20261004-191428,GO,Goiás,Centro-Oeste,27,Clariana Barao,DC,458,0.015275598
2026-10-04 19:14:28,20261004-191428,GO,Goiás,Centro-Oeste,29,Rui Costa Pimenta,PCO,221,0.007370976
2026-10-04 19:14:28,20261004-191428,GO,Goiás,Centro-Oeste,30,Zema,NOVO,2256,0.075243993
2026-10-04 19:14:28,20261004-191428,GO,Goiás,Centro-Oeste,35,Veterinário Wilson Grassi,DEMOCRATA,277,0.009238735
2026-10-04 19:14:28,20261004-191428,GO,Goiás,Centro-Oeste,55,Ronaldo Caiado,PSD,367134,12.244959219
2026-10-04 19:14:28,20261004-191428,GO,Goiás,Centro-Oeste,70,Escritor Augusto Cury,AVANTE,43282,1.443577345
2026-10-04 19:14:28,20261004-191428,GO,Goiás,Centro-Oeste,80,Samara,UP,1732,0.057767108
2026-10-04 19:14:28,20261004-191428,MA,Maranhão,Nordeste,13,Lula,PT,1428751,62.333249132
2026-10-04 19:14:28,20261004-191428,MA,Maranhão,Nordeste,14,Renan Santos,MISSÃO,35494,1.548524792
2026-10-04 19:14:28,20261004-191428,MA,Maranhão,Nordeste,16,Hertz Dias,PSTU,964,0.04205719
2026-10-04 19:14:28,20261004-191428,MA,Maranhão,Nordeste,21,Edmilson Costa,PCB,263,0.011474109
2026-10-04 19:14:28,20261004-191428,MA,Maranhão,Nordeste,22,Flavio Bolsonaro,PL,741467,32.348566849
2026-10-04 19:14:28,20261004-191428,MA,Maranhão,Nordeste,27,Clariana Barao,DC,533,0.023253612
2026-10-04 19:14:28,20261004-191428,MA,Maranhão,Nordeste,29,Rui Costa Pimenta,PCO,144,0.006282402
2026-10-04 19:14:28,20261004-191428,MA,Maranhão,Nordeste,30,Zema,NOVO,2784,0.121459768
2026-10-04 19:14:28,20261004-191428,MA,Maranhão,Nordeste,35,Veterinário Wilson Grassi,DEMOCRATA,167,0.007285841
2026-10-04 19:14:28,20261004-191428,MA,Maranhão,Nordeste,55,Ronaldo Caiado,PSD,30158,1.315726902
2026-10-04 19:14:28,20261004-191428,MA,Maranhão,Nordeste,70,Escritor Augusto Cury,AVANTE,50340,2.196222968
2026-10-04 19:14:28,20261004-191428,MA,Maranhão,Nordeste,80,Samara,UP,1052,0.045896435
2026-10-04 19:14:28,20261004-191428,MG,Minas Gerais,Sudeste,13,Lula,PT,3145077,42.079832787
2026-10-04 19:14:28,20261004-191428,MG,Minas Gerais,Sudeste,14,Renan Santos,MISSÃO,162539,2.174704766
2026-10-04 19:14:28,20261004-191428,MG,Minas Gerais,Sudeste,16,Hertz Dias,PSTU,2837,0.03795789
2026-10-04 19:14:28,20261004-191428,MG,Minas Gerais,Sudeste,21,Edmilson Costa,PCB,1424,0.019052533
2026-10-04 19:14:28,20261004-191428,MG,Minas Gerais,Sudeste,22,Flavio Bolsonaro,PL,3672959,49.142676174
2026-10-04 19:14:28,20261004-191428,MG,Minas Gerais,Sudeste,27,Clariana Barao,DC,2195,0.029368194
2026-10-04 19:14:28,20261004-191428,MG,Minas Gerais,Sudeste,29,Rui Costa Pimenta,PCO,1010,0.013513383
2026-10-04 19:14:28,20261004-191428,MG,Minas Gerais,Sudeste,30,Zema,NOVO,66585,0.890879831
2026-10-04 19:14:28,20261004-191428,MG,Minas Gerais,Sudeste,35,Veterinário Wilson Grassi,DEMOCRATA,1147,0.015346387
2026-10-04 19:14:28,20261004-191428,MG,Minas Gerais,Sudeste,55,Ronaldo Caiado,PSD,149762,2.003753777
2026-10-04 19:14:28,20261004-191428,MG,Minas Gerais,Sudeste,70,Escritor Augusto Cury,AVANTE,260893,3.490640711
2026-10-04 19:14:28,20261004-191428,MG,Minas Gerais,Sudeste,80,Samara,UP,7644,0.102273567
2026-10-04 19:14:28,20261004-191428,MS,Mato Grosso do Sul,Centro-Oeste,13,Lula,PT,493240,34.161135786
2026-10-04 19:14:28,20261004-191428,MS,Mato Grosso do Sul,Centro-Oeste,14,Renan Santos,MISSÃO,31158,2.15796097
2026-10-04 19:14:28,20261004-191428,MS,Mato Grosso do Sul,Centro-Oeste,16,Hertz Dias,PSTU,349,0.024171268
2026-10-04 19:14:28,20261004-191428,MS,Mato Grosso do Sul,Centro-Oeste,21,Edmilson Costa,PCB,326,0.022578319
2026-10-04 19:14:28,20261004-191428,MS,Mato Grosso do Sul,Centro-Oeste,22,Flavio Bolsonaro,PL,852723,59.058442525
2026-10-04 19:14:28,20261004-191428,MS,Mato Grosso do Sul,Centro-Oeste,27,Clariana Barao,DC,616,0.042663327
2026-10-04 19:14:28,20261004-191428,MS,Mato Grosso do Sul,Centro-Oeste,29,Rui Costa Pimenta,PCO,179,0.012397298
2026-10-04 19:14:28,20261004-191428,MS,Mato Grosso do Sul,Centro-Oeste,30,Zema,NOVO,2737,0.189560921
2026-10-04 19:14:28,20261004-191428,MS,Mato Grosso do Sul,Centro-Oeste,35,Veterinário Wilson Grassi,DEMOCRATA,205,0.014198023
2026-10-04 19:14:28,20261004-191428,MS,Mato Grosso do Sul,Centro-Oeste,55,Ronaldo Caiado,PSD,22803,1.579304962
2026-10-04 19:14:28,20261004-191428,MS,Mato Grosso do Sul,Centro-Oeste,70,Escritor Augusto Cury,AVANTE,38264,2.650112926
2026-10-04 19:14:28,20261004-191428,MS,Mato Grosso do Sul,Centro-Oeste,80,Samara,UP,1263,0.087473673
2026-10-04 19:14:28,20261004-191428,MT,Mato Grosso,Centro-Oeste,13,Lula,PT,500106,28.619908596
2026-10-04 19:14:28,20261004-191428,MT,Mato Grosso,Centro-Oeste,14,Renan Santos,MISSÃO,29656,1.697144224
2026-10-04 19:14:28,20261004-191428,MT,Mato Grosso,Centro-Oeste,16,Hertz Dias,PSTU,302,0.017282761
2026-10-04 19:14:28,20261004-191428,MT,Mato Grosso,Centro-Oeste,21,Edmilson Costa,PCB,204,0.011674448
2026-10-04 19:14:28,20261004-191428,MT,Mato Grosso,Centro-Oeste,22,Flavio Bolsonaro,PL,1146606,65.617606898
2026-10-04 19:14:28,20261004-191428,MT,Mato Grosso,Centro-Oeste,27,Clariana Barao,DC,1698,0.097172609
2026-10-04 19:14:28,20261004-191428,MT,Mato Grosso,Centro-Oeste,29,Rui Costa Pimenta,PCO,114,0.006523956
2026-10-04 19:14:28,20261004-191428,MT,Mato Grosso,Centro-Oeste,30,Zema,NOVO,2185,0.125042492
2026-10-04 19:14:28,20261004-191428,MT,Mato Grosso,Centro-Oeste,35,Veterinário Wilson Grassi,DEMOCRATA,153,0.008755836
2026-10-04 19:14:28,20261004-191428,MT,Mato Grosso,Centro-Oeste,55,Ronaldo Caiado,PSD,29342,1.679174731
2026-10-04 19:14:28,20261004-191428,MT,Mato Grosso,Centro-Oeste,70,Escritor Augusto Cury,AVANTE,35621,2.038507365
2026-10-04 19:14:28,20261004-191428,MT,Mato Grosso,Centro-Oeste,80,Samara,UP,1419,0.081206085
2026-10-04 19:14:28,20261004-191428,PA,Pará,Norte,13,Lula,PT,1636269,48.187266871
2026-10-04 19:14:28,20261004-191428,PA,Pará,Norte,14,Renan Santos,MISSÃO,64576,1.90172945
2026-10-04 19:14:28,20261004-191428,PA,Pará,Norte,16,Hertz Dias,PSTU,869,0.025591596
2026-10-04 19:14:28,20261004-191428,PA,Pará,Norte,21,Edmilson Costa,PCB,491,0.014459693
2026-10-04 19:14:28,20261004-191428,PA,Pará,Norte,22,Flavio Bolsonaro,PL,1553518,45.75029317
2026-10-04 19:14:28,20261004-191428,PA,Pará,Norte,27,Clariana Barao,DC,1005,0.029596725
2026-10-04 19:14:28,20261004-191428,PA,Pará,Norte,29,Rui Costa Pimenta,PCO,243,0.007156223
2026-10-04 19:14:28,20261004-191428,PA,Pará,Norte,30,Zema,NOVO,2454,0.072269017
2026-10-04 19:14:28,20261004-191428,PA,Pará,Norte,35,Veterinário Wilson Grassi,DEMOCRATA,369,0.010866857
2026-10-04 19:14:28,20261004-191428,PA,Pará,Norte,55,Ronaldo Caiado,PSD,39689,1.168820307
2026-10-04 19:14:28,20261004-191428,PA,Pará,Norte,70,Escritor Augusto Cury,AVANTE,93089,2.741422398
2026-10-04 19:14:28,20261004-191428,PA,Pará,Norte,80,Samara,UP,3074,0.090527693
2026-10-04 19:14:28,20261004-191428,PB,Paraíba,Nordeste,13,Lula,PT,1419884,61.023586684
2026-10-04 19:14:28,20261004-191428,PB,Paraíba,Nordeste,14,Renan Santos,MISSÃO,39783,1.70978851
2026-10-04 19:14:28,20261004-191428,PB,Paraíba,Nordeste,16,Hertz Dias,PSTU,598,0.025700765
2026-10-04 19:14:28,20261004-191428,PB,Paraíba,Nordeste,21,Edmilson Costa,PCB,318,0.013666962
2026-10-04 19:14:28,20261004-191428,PB,Paraíba,Nordeste,22,Flavio Bolsonaro,PL,774638,33.29228947
2026-10-04 19:14:28,20261004-191428,PB,Paraíba,Nordeste,27,Clariana Barao,DC,572,0.02458334
2026-10-04 19:14:28,20261004-191428,PB,Paraíba,Nordeste,29,Rui Costa Pimenta,PCO,260,0.011174246
2026-10-04 19:14:28,20261004-191428,PB,Paraíba,Nordeste,30,Zema,NOVO,1888,0.081142214
2026-10-04 19:14:28,20261004-191428,PB,Paraíba,Nordeste,35,Veterinário Wilson Grassi,DEMOCRATA,204,0.008767485
2026-10-04 19:14:28,20261004-191428,PB,Paraíba,Nordeste,55,Ronaldo Caiado,PSD,18320,0.787354536
2026-10-04 19:14:28,20261004-191428,PB,Paraíba,Nordeste,70,Escritor Augusto Cury,AVANTE,68808,2.95722112
2026-10-04 19:14:28,20261004-191428,PB,Paraíba,Nordeste,80,Samara,UP,1506,0.064724669
2026-10-04 19:14:28,20261004-191428,PE,Pernambuco,Nordeste,13,Lula,PT,1826288,62.057426348
2026-10-04 19:14:28,20261004-191428,PE,Pernambuco,Nordeste,14,Renan Santos,MISSÃO,47197,1.603758198
2026-10-04 19:14:28,20261004-191428,PE,Pernambuco,Nordeste,16,Hertz Dias,PSTU,649,0.022053077
2026-10-04 19:14:28,20261004-191428,PE,Pernambuco,Nordeste,21,Edmilson Costa,PCB,342,0.01162119
2026-10-04 19:14:28,20261004-191428,PE,Pernambuco,Nordeste,22,Flavio Bolsonaro,PL,948950,32.245404193
2026-10-04 19:14:28,20261004-191428,PE,Pernambuco,Nordeste,27,Clariana Barao,DC,503,0.017091984
2026-10-04 19:14:28,20261004-191428,PE,Pernambuco,Nordeste,29,Rui Costa Pimenta,PCO,264,0.008970743
2026-10-04 19:14:28,20261004-191428,PE,Pernambuco,Nordeste,30,Zema,NOVO,3869,0.131468959
2026-10-04 19:14:28,20261004-191428,PE,Pernambuco,Nordeste,35,Veterinário Wilson Grassi,DEMOCRATA,264,0.008970743
2026-10-04 19:14:28,20261004-191428,PE,Pernambuco,Nordeste,55,Ronaldo Caiado,PSD,40059,1.361208332
2026-10-04 19:14:28,20261004-191428,PE,Pernambuco,Nordeste,70,Escritor Augusto Cury,AVANTE,73141,2.485337592
2026-10-04 19:14:28,20261004-191428,PE,Pernambuco,Nordeste,80,Samara,UP,1374,0.04668864
2026-10-04 19:14:28,20261004-191428,PI,Piauí,Nordeste,13,Lula,PT,1091820,69.837013707
2026-10-04 19:14:28,20261004-191428,PI,Piauí,Nordeste,14,Renan Santos,MISSÃO,24937,1.595066596
2026-10-04 19:14:28,20261004-191428,PI,Piauí,Nordeste,16,Hertz Dias,PSTU,347,0.022195457
2026-10-04 19:14:28,20261004-191428,PI,Piauí,Nordeste,21,Edmilson Costa,PCB,228,0.014583758
2026-10-04 19:14:28,20261004-191428,PI,Piauí,Nordeste,22,Flavio Bolsonaro,PL,391159,25.020036677
2026-10-04 19:14:28,20261004-191428,PI,Piauí,Nordeste,27,Clariana Barao,DC,376,0.024050409
2026-10-04 19:14:28,20261004-191428,PI,Piauí,Nordeste,29,Rui Costa Pimenta,PCO,110,0.007036024
2026-10-04 19:14:28,20261004-191428,PI,Piauí,Nordeste,30,Zema,NOVO,1082,0.069208889
2026-10-04 19:14:28,20261004-191428,PI,Piauí,Nordeste,35,Veterinário Wilson Grassi,DEMOCRATA,139,0.008890976
2026-10-04 19:14:28,20261004-191428,PI,Piauí,Nordeste,55,Ronaldo Caiado,PSD,16371,1.047152233
2026-10-04 19:14:28,20261004-191428,PI,Piauí,Nordeste,70,Escritor Augusto Cury,AVANTE,35969,2.300715819
2026-10-04 19:14:28,20261004-191428,PI,Piauí,Nordeste,80,Samara,UP,845,0.054049456
2026-10-04 19:14:28,20261004-191428,PR,Paraná,Sul,13,Lula,PT,1974490,31.009725434
2026-10-04 19:14:28,20261004-191428,PR,Paraná,Sul,14,Renan Santos,MISSÃO,172936,2.715991409
2026-10-04 19:14:28,20261004-191428,PR,Paraná,Sul,16,Hertz Dias,PSTU,2016,0.031661648
2026-10-04 19:14:28,20261004-191428,PR,Paraná,Sul,21,Edmilson Costa,PCB,1155,0.018139486
2026-10-04 19:14:28,20261004-191428,PR,Paraná,Sul,22,Flavio Bolsonaro,PL,3822742,60.036860063
2026-10-04 19:14:28,20261004-191428,PR,Paraná,Sul,27,Clariana Barao,DC,2395,0.037613912
2026-10-04 19:14:28,20261004-191428,PR,Paraná,Sul,29,Rui Costa Pimenta,PCO,897,0.014087549
2026-10-04 19:14:28,20261004-191428,PR,Paraná,Sul,30,Zema,NOVO,16829,0.264302513
2026-10-04 19:14:28,20261004-191428,PR,Paraná,Sul,35,Veterinário Wilson Grassi,DEMOCRATA,943,0.014809987
2026-10-04 19:14:28,20261004-191428,PR,Paraná,Sul,55,Ronaldo Caiado,PSD,166763,2.619043319
2026-10-04 19:14:28,20261004-191428,PR,Paraná,Sul,70,Escritor Augusto Cury,AVANTE,199553,3.134016247
2026-10-04 19:14:28,20261004-191428,PR,Paraná,Sul,80,Samara,UP,6606,0.103748434
2026-10-04 19:14:28,20261004-191428,RJ,Rio de Janeiro,Sudeste,13,Lula,PT,1820858,39.015958364
2026-10-04 19:14:28,20261004-191428,RJ,Rio de Janeiro,Sudeste,14,Renan Santos,MISSÃO,100978,2.163679674
2026-10-04 19:14:28,20261004-191428,RJ,Rio de Janeiro,Sudeste,16,Hertz Dias,PSTU,1955,0.041890251
2026-10-04 19:14:28,20261004-191428,RJ,Rio de Janeiro,Sudeste,21,Edmilson Costa,PCB,1441,0.03087665
2026-10-04 19:14:28,20261004-191428,RJ,Rio de Janeiro,Sudeste,22,Flavio Bolsonaro,PL,2498007,53.525391385
2026-10-04 19:14:28,20261004-191428,RJ,Rio de Janeiro,Sudeste,27,Clariana Barao,DC,1979,0.042404505
2026-10-04 19:14:28,20261004-191428,RJ,Rio de Janeiro,Sudeste,29,Rui Costa Pimenta,PCO,901,0.019305942
2026-10-04 19:14:28,20261004-191428,RJ,Rio de Janeiro,Sudeste,30,Zema,NOVO,11516,0.246756077
2026-10-04 19:14:28,20261004-191428,RJ,Rio de Janeiro,Sudeste,35,Veterinário Wilson Grassi,DEMOCRATA,943,0.020205886
2026-10-04 19:14:28,20261004-191428,RJ,Rio de Janeiro,Sudeste,55,Ronaldo Caiado,PSD,98778,2.11653975
2026-10-04 19:14:28,20261004-191428,RJ,Rio de Janeiro,Sudeste,70,Escritor Augusto Cury,AVANTE,122928,2.634007556
2026-10-04 19:14:28,20261004-191428,RJ,Rio de Janeiro,Sudeste,80,Samara,UP,6673,0.142983961
2026-10-04 19:14:28,20261004-191428,RN,Rio Grande do Norte,Nordeste,13,Lula,PT,791036,59.858495206
2026-10-04 19:14:28,20261004-191428,RN,Rio Grande do Norte,Nordeste,14,Renan Santos,MISSÃO,22617,1.711451294
2026-10-04 19:14:28,20261004-191428,RN,Rio Grande do Norte,Nordeste,16,Hertz Dias,PSTU,357,0.027014552
2026-10-04 19:14:28,20261004-191428,RN,Rio Grande do Norte,Nordeste,21,Edmilson Costa,PCB,218,0.016496281
2026-10-04 19:14:28,20261004-191428,RN,Rio Grande do Norte,Nordeste,22,Flavio Bolsonaro,PL,457778,34.640524854
2026-10-04 19:14:28,20261004-191428,RN,Rio Grande do Norte,Nordeste,27,Clariana Barao,DC,268,0.020279831
2026-10-04 19:14:28,20261004-191428,RN,Rio Grande do Norte,Nordeste,29,Rui Costa Pimenta,PCO,126,0.009534548
2026-10-04 19:14:28,20261004-191428,RN,Rio Grande do Norte,Nordeste,30,Zema,NOVO,1005,0.076049368
2026-10-04 19:14:28,20261004-191428,RN,Rio Grande do Norte,Nordeste,35,Veterinário Wilson Grassi,DEMOCRATA,126,0.009534548
2026-10-04 19:14:28,20261004-191428,RN,Rio Grande do Norte,Nordeste,55,Ronaldo Caiado,PSD,10798,0.817095595
2026-10-04 19:14:28,20261004-191428,RN,Rio Grande do Norte,Nordeste,70,Escritor Augusto Cury,AVANTE,36392,2.753819494
2026-10-04 19:14:28,20261004-191428,RN,Rio Grande do Norte,Nordeste,80,Samara,UP,789,0.059704429
2026-10-04 19:14:28,20261004-191428,RO,Rondônia,Norte,13,Lula,PT,232172,26.281698623
2026-10-04 19:14:28,20261004-191428,RO,Rondônia,Norte,14,Renan Santos,MISSÃO,17673,2.000570524
2026-10-04 19:14:28,20261004-191428,RO,Rondônia,Norte,16,Hertz Dias,PSTU,168,0.019017476
2026-10-04 19:14:28,20261004-191428,RO,Rondônia,Norte,21,Edmilson Costa,PCB,152,0.017206288
2026-10-04 19:14:28,20261004-191428,RO,Rondônia,Norte,22,Flavio Bolsonaro,PL,591902,67.002868469
2026-10-04 19:14:28,20261004-191428,RO,Rondônia,Norte,27,Clariana Barao,DC,335,0.037921752
2026-10-04 19:14:28,20261004-191428,RO,Rondônia,Norte,29,Rui Costa Pimenta,PCO,56,0.006339159
2026-10-04 19:14:28,20261004-191428,RO,Rondônia,Norte,30,Zema,NOVO,1212,0.137197503
2026-10-04 19:14:28,20261004-191428,RO,Rondônia,Norte,35,Veterinário Wilson Grassi,DEMOCRATA,95,0.01075393
2026-10-04 19:14:28,20261004-191428,RO,Rondônia,Norte,55,Ronaldo Caiado,PSD,15430,1.746664584
2026-10-04 19:14:28,20261004-191428,RO,Rondônia,Norte,70,Escritor Augusto Cury,AVANTE,23409,2.64988148
2026-10-04 19:14:28,20261004-191428,RO,Rondônia,Norte,80,Samara,UP,794,0.089880213
2026-10-04 19:14:28,20261004-191428,RR,Roraima,Norte,13,Lula,PT,65824,22.714300996
2026-10-04 19:14:28,20261004-191428,RR,Roraima,Norte,14,Renan Santos,MISSÃO,5906,2.038020504
2026-10-04 19:14:28,20261004-191428,RR,Roraima,Norte,16,Hertz Dias,PSTU,51,0.01759889
2026-10-04 19:14:28,20261004-191428,RR,Roraima,Norte,21,Edmilson Costa,PCB,40,0.013803051
2026-10-04 19:14:28,20261004-191428,RR,Roraima,Norte,22,Flavio Bolsonaro,PL,206151,71.137820015
2026-10-04 19:14:28,20261004-191428,RR,Roraima,Norte,27,Clariana Barao,DC,138,0.047620527
2026-10-04 19:14:28,20261004-191428,RR,Roraima,Norte,29,Rui Costa Pimenta,PCO,30,0.010352288
2026-10-04 19:14:28,20261004-191428,RR,Roraima,Norte,30,Zema,NOVO,304,0.104903189
2026-10-04 19:14:28,20261004-191428,RR,Roraima,Norte,35,Veterinário Wilson Grassi,DEMOCRATA,33,0.011387517
2026-10-04 19:14:28,20261004-191428,RR,Roraima,Norte,55,Ronaldo Caiado,PSD,3293,1.136336187
2026-10-04 19:14:28,20261004-191428,RR,Roraima,Norte,70,Escritor Augusto Cury,AVANTE,7777,2.683658223
2026-10-04 19:14:28,20261004-191428,RR,Roraima,Norte,80,Samara,UP,244,0.084198612
2026-10-04 19:14:28,20261004-191428,RS,Rio Grande do Sul,Sul,13,Lula,PT,2030855,35.858890576
2026-10-04 19:14:28,20261004-191428,RS,Rio Grande do Sul,Sul,14,Renan Santos,MISSÃO,148555,2.623041768
2026-10-04 19:14:28,20261004-191428,RS,Rio Grande do Sul,Sul,16,Hertz Dias,PSTU,1909,0.033707292
2026-10-04 19:14:28,20261004-191428,RS,Rio Grande do Sul,Sul,21,Edmilson Costa,PCB,915,0.016156193
2026-10-04 19:14:28,20261004-191428,RS,Rio Grande do Sul,Sul,22,Flavio Bolsonaro,PL,3142016,55.478706226
2026-10-04 19:14:28,20261004-191428,RS,Rio Grande do Sul,Sul,27,Clariana Barao,DC,1851,0.032683183
2026-10-04 19:14:28,20261004-191428,RS,Rio Grande do Sul,Sul,29,Rui Costa Pimenta,PCO,930,0.016421048
2026-10-04 19:14:28,20261004-191428,RS,Rio Grande do Sul,Sul,30,Zema,NOVO,16804,0.296708922
2026-10-04 19:14:28,20261004-191428,RS,Rio Grande do Sul,Sul,35,Veterinário Wilson Grassi,DEMOCRATA,829,0.014637687
2026-10-04 19:14:28,20261004-191428,RS,Rio Grande do Sul,Sul,55,Ronaldo Caiado,PSD,139176,2.457436378
2026-10-04 19:14:28,20261004-191428,RS,Rio Grande do Sul,Sul,70,Escritor Augusto Cury,AVANTE,173674,3.066568988
2026-10-04 19:14:28,20261004-191428,RS,Rio Grande do Sul,Sul,80,Samara,UP,5949,0.105041739
2026-10-04 19:14:28,20261004-191428,SC,Santa Catarina,Sul,13,Lula,PT,915481,25.168519865
2026-10-04 19:14:28,20261004-191428,SC,Santa Catarina,Sul,14,Renan Santos,MISSÃO,108739,2.989466392
2026-10-04 19:14:28,20261004-191428,SC,Santa Catarina,Sul,16,Hertz Dias,PSTU,1245,0.034227698
2026-10-04 19:14:28,20261004-191428,SC,Santa Catarina,Sul,21,Edmilson Costa,PCB,666,0.018309757
2026-10-04 19:14:28,20261004-191428,SC,Santa Catarina,Sul,22,Flavio Bolsonaro,PL,2415039,66.394558758
2026-10-04 19:14:28,20261004-191428,SC,Santa Catarina,Sul,27,Clariana Barao,DC,1181,0.032468202
2026-10-04 19:14:28,20261004-191428,SC,Santa Catarina,Sul,29,Rui Costa Pimenta,PCO,547,0.015038193
2026-10-04 19:14:28,20261004-191428,SC,Santa Catarina,Sul,30,Zema,NOVO,14395,0.395749167
2026-10-04 19:14:28,20261004-191428,SC,Santa Catarina,Sul,35,Veterinário Wilson Grassi,DEMOCRATA,483,0.013278697
2026-10-04 19:14:28,20261004-191428,SC,Santa Catarina,Sul,55,Ronaldo Caiado,PSD,65982,1.81398552
2026-10-04 19:14:28,20261004-191428,SC,Santa Catarina,Sul,70,Escritor Augusto Cury,AVANTE,109390,3.007363766
2026-10-04 19:14:28,20261004-191428,SC,Santa Catarina,Sul,80,Samara,UP,4257,0.117033984
2026-10-04 19:14:28,20261004-191428,SE,Sergipe,Nordeste,13,Lula,PT,661021,61.654009808
2026-10-04 19:14:28,20261004-191428,SE,Sergipe,Nordeste,14,Renan Santos,MISSÃO,17315,1.614985273
2026-10-04 19:14:28,20261004-191428,SE,Sergipe,Nordeste,16,Hertz Dias,PSTU,282,0.026302388
2026-10-04 19:14:28,20261004-191428,SE,Sergipe,Nordeste,21,Edmilson Costa,PCB,165,0.015389695
2026-10-04 19:14:28,20261004-191428,SE,Sergipe,Nordeste,22,Flavio Bolsonaro,PL,338270,31.550740291
2026-10-04 19:14:28,20261004-191428,SE,Sergipe,Nordeste,27,Clariana Barao,DC,371,0.034603496
2026-10-04 19:14:28,20261004-191428,SE,Sergipe,Nordeste,29,Rui Costa Pimenta,PCO,92,0.008580921
2026-10-04 19:14:28,20261004-191428,SE,Sergipe,Nordeste,30,Zema,NOVO,1002,0.093457421
2026-10-04 19:14:28,20261004-191428,SE,Sergipe,Nordeste,35,Veterinário Wilson Grassi,DEMOCRATA,104,0.009700171
2026-10-04 19:14:28,20261004-191428,SE,Sergipe,Nordeste,55,Ronaldo Caiado,PSD,21189,1.976316658
2026-10-04 19:14:28,20261004-191428,SE,Sergipe,Nordeste,70,Escritor Augusto Cury,AVANTE,31532,2.941017361
2026-10-04 19:14:28,20261004-191428,SE,Sergipe,Nordeste,80,Samara,UP,803,0.074896516
2026-10-04 19:14:28,20261004-191428,SP,São Paulo,Sudeste,13,Lula,PT,6412189,37.363439111
2026-10-04 19:14:28,20261004-191428,SP,São Paulo,Sudeste,14,Renan Santos,MISSÃO,549515,3.201990809
2026-10-04 19:14:28,20261004-191428,SP,São Paulo,Sudeste,16,Hertz Dias,PSTU,10899,0.063507817
2026-10-04 19:14:28,20261004-191428,SP,São Paulo,Sudeste,21,Edmilson Costa,PCB,4196,0.024449839
2026-10-04 19:14:28,20261004-191428,SP,São Paulo,Sudeste,22,Flavio Bolsonaro,PL,9062573,52.807067052
2026-10-04 19:14:28,20261004-191428,SP,São Paulo,Sudeste,27,Clariana Barao,DC,7090,0.041313003
2026-10-04 19:14:28,20261004-191428,SP,São Paulo,Sudeste,29,Rui Costa Pimenta,PCO,3083,0.017964455
2026-10-04 19:14:28,20261004-191428,SP,São Paulo,Sudeste,30,Zema,NOVO,65080,0.37921724
2026-10-04 19:14:28,20261004-191428,SP,São Paulo,Sudeste,35,Veterinário Wilson Grassi,DEMOCRATA,3509,0.020446732
2026-10-04 19:14:28,20261004-191428,SP,São Paulo,Sudeste,55,Ronaldo Caiado,PSD,401121,2.337307908
2026-10-04 19:14:28,20261004-191428,SP,São Paulo,Sudeste,70,Escritor Augusto Cury,AVANTE,613647,3.57568411
2026-10-04 19:14:28,20261004-191428,SP,São Paulo,Sudeste,80,Samara,UP,28765,0.167611923
2026-10-04 19:14:28,20261004-191428,TO,Tocantins,Norte,13,Lula,PT,385970,43.603462339
2026-10-04 19:14:28,20261004-191428,TO,Tocantins,Norte,14,Renan Santos,MISSÃO,12310,1.39067446
2026-10-04 19:14:28,20261004-191428,TO,Tocantins,Norte,16,Hertz Dias,PSTU,93,0.010506314
2026-10-04 19:14:28,20261004-191428,TO,Tocantins,Norte,21,Edmilson Costa,PCB,112,0.012652765
2026-10-04 19:14:28,20261004-191428,TO,Tocantins,Norte,22,Flavio Bolsonaro,PL,444878,50.258364946
2026-10-04 19:14:28,20261004-191428,TO,Tocantins,Norte,27,Clariana Barao,DC,157,0.017736465
2026-10-04 19:14:28,20261004-191428,TO,Tocantins,Norte,29,Rui Costa Pimenta,PCO,59,0.006665296
2026-10-04 19:14:28,20261004-191428,TO,Tocantins,Norte,30,Zema,NOVO,573,0.064732451
2026-10-04 19:14:28,20261004-191428,TO,Tocantins,Norte,35,Veterinário Wilson Grassi,DEMOCRATA,60,0.006778267
2026-10-04 19:14:28,20261004-191428,TO,Tocantins,Norte,55,Ronaldo Caiado,PSD,19279,2.17797018
2026-10-04 19:14:28,20261004-191428,TO,Tocantins,Norte,70,Escritor Augusto Cury,AVANTE,21315,2.407979376
2026-10-04 19:14:28,20261004-191428,TO,Tocantins,Norte,80,Samara,UP,376,0.04247714
2026-10-04 19:14:28,20261004-191428,ZZ,Exterior,Exterior,13,Lula,PT,116233,52.003722445
2026-10-04 19:14:28,20261004-191428,ZZ,Exterior,Exterior,14,Renan Santos,MISSÃO,6194,2.771253059
2026-10-04 19:14:28,20261004-191428,ZZ,Exterior,Exterior,16,Hertz Dias,PSTU,299,0.133775374
2026-10-04 19:14:28,20261004-191428,ZZ,Exterior,Exterior,21,Edmilson Costa,PCB,340,0.152119154
2026-10-04 19:14:28,20261004-191428,ZZ,Exterior,Exterior,22,Flavio Bolsonaro,PL,85956,38.457511778
2026-10-04 19:14:28,20261004-191428,ZZ,Exterior,Exterior,27,Clariana Barao,DC,699,0.312739084
2026-10-04 19:14:28,20261004-191428,ZZ,Exterior,Exterior,29,Rui Costa Pimenta,PCO,144,0.064426936
2026-10-04 19:14:28,20261004-191428,ZZ,Exterior,Exterior,30,Zema,NOVO,2192,0.980721134
2026-10-04 19:14:28,20261004-191428,ZZ,Exterior,Exterior,35,Veterinário Wilson Grassi,DEMOCRATA,259,0.115879003
2026-10-04 19:14:28,20261004-191428,ZZ,Exterior,Exterior,55,Ronaldo Caiado,PSD,3166,1.41649777
2026-10-04 19:14:28,20261004-191428,ZZ,Exterior,Exterior,70,Escritor Augusto Cury,AVANTE,7156,3.201660783
2026-10-04 19:14:28,20261004-191428,ZZ,Exterior,Exterior,80,Samara,UP,871,0.38969348
2026-10-04 19:28:08,20261004-192808,AC,Acre,Norte,13,Lula,PT,125520,28.470073761
2026-10-04 19:28:08,20261004-192808,AC,Acre,Norte,14,Renan Santos,MISSÃO,7615,1.727211693
2026-10-04 19:28:08,20261004-192808,AC,Acre,Norte,16,Hertz Dias,PSTU,69,0.015650375
2026-10-04 19:28:08,20261004-192808,AC,Acre,Norte,21,Edmilson Costa,PCB,133,0.030166665
2026-10-04 19:28:08,20261004-192808,AC,Acre,Norte,22,Flavio Bolsonaro,PL,285521,64.761025576
2026-10-04 19:28:08,20261004-192808,AC,Acre,Norte,27,Clariana Barao,DC,186,0.042187968
2026-10-04 19:28:08,20261004-192808,AC,Acre,Norte,29,Rui Costa Pimenta,PCO,36,0.008165413
2026-10-04 19:28:08,20261004-192808,AC,Acre,Norte,30,Zema,NOVO,528,0.119759392
2026-10-04 19:28:08,20261004-192808,AC,Acre,Norte,35,Veterinário Wilson Grassi,DEMOCRATA,36,0.008165413
2026-10-04 19:28:08,20261004-192808,AC,Acre,Norte,55,Ronaldo Caiado,PSD,8135,1.845156549
2026-10-04 19:28:08,20261004-192808,AC,Acre,Norte,70,Escritor Augusto Cury,AVANTE,12802,2.903711634
2026-10-04 19:28:08,20261004-192808,AC,Acre,Norte,80,Samara,UP,303,0.06872556
2026-10-04 19:28:08,20261004-192808,AL,Alagoas,Nordeste,13,Lula,PT,401291,57.142958856
2026-10-04 19:28:08,20261004-192808,AL,Alagoas,Nordeste,14,Renan Santos,MISSÃO,9525,1.356339123
2026-10-04 19:28:08,20261004-192808,AL,Alagoas,Nordeste,16,Hertz Dias,PSTU,145,0.020647682
2026-10-04 19:28:08,20261004-192808,AL,Alagoas,Nordeste,21,Edmilson Costa,PCB,104,0.014809372
2026-10-04 19:28:08,20261004-192808,AL,Alagoas,Nordeste,22,Flavio Bolsonaro,PL,269072,38.315263051
2026-10-04 19:28:08,20261004-192808,AL,Alagoas,Nordeste,27,Clariana Barao,DC,218,0.031042722
2026-10-04 19:28:08,20261004-192808,AL,Alagoas,Nordeste,29,Rui Costa Pimenta,PCO,40,0.005695912
2026-10-04 19:28:08,20261004-192808,AL,Alagoas,Nordeste,30,Zema,NOVO,450,0.064079014
2026-10-04 19:28:08,20261004-192808,AL,Alagoas,Nordeste,35,Veterinário Wilson Grassi,DEMOCRATA,86,0.012246212
2026-10-04 19:28:08,20261004-192808,AL,Alagoas,Nordeste,55,Ronaldo Caiado,PSD,4969,0.707574709
2026-10-04 19:28:08,20261004-192808,AL,Alagoas,Nordeste,70,Escritor Augusto Cury,AVANTE,15901,2.264267548
2026-10-04 19:28:08,20261004-192808,AL,Alagoas,Nordeste,80,Samara,UP,457,0.065075798
2026-10-04 19:28:08,20261004-192808,AM,Amazonas,Norte,13,Lula,PT,742248,44.54467983
2026-10-04 19:28:08,20261004-192808,AM,Amazonas,Norte,14,Renan Santos,MISSÃO,30101,1.806457421
2026-10-04 19:28:08,20261004-192808,AM,Amazonas,Norte,16,Hertz Dias,PSTU,427,0.025625638
2026-10-04 19:28:08,20261004-192808,AM,Amazonas,Norte,21,Edmilson Costa,PCB,219,0.013142891
2026-10-04 19:28:08,20261004-192808,AM,Amazonas,Norte,22,Flavio Bolsonaro,PL,800691,48.052031447
2026-10-04 19:28:08,20261004-192808,AM,Amazonas,Norte,27,Clariana Barao,DC,808,0.048490668
2026-10-04 19:28:08,20261004-192808,AM,Amazonas,Norte,29,Rui Costa Pimenta,PCO,151,0.009061994
2026-10-04 19:28:08,20261004-192808,AM,Amazonas,Norte,30,Zema,NOVO,1612,0.096741283
2026-10-04 19:28:08,20261004-192808,AM,Amazonas,Norte,35,Veterinário Wilson Grassi,DEMOCRATA,259,0.01554342
2026-10-04 19:28:08,20261004-192808,AM,Amazonas,Norte,55,Ronaldo Caiado,PSD,23041,1.382764208
2026-10-04 19:28:08,20261004-192808,AM,Amazonas,Norte,70,Escritor Augusto Cury,AVANTE,65063,3.904639021
2026-10-04 19:28:08,20261004-192808,AM,Amazonas,Norte,80,Samara,UP,1680,0.100822181
2026-10-04 19:28:08,20261004-192808,AP,Amapá,Norte,13,Lula,PT,153763,46.597248949
2026-10-04 19:28:08,20261004-192808,AP,Amapá,Norte,14,Renan Santos,MISSÃO,7826,2.371637327
2026-10-04 19:28:08,20261004-192808,AP,Amapá,Norte,16,Hertz Dias,PSTU,90,0.027274132
2026-10-04 19:28:08,20261004-192808,AP,Amapá,Norte,21,Edmilson Costa,PCB,38,0.011515745
2026-10-04 19:28:08,20261004-192808,AP,Amapá,Norte,22,Flavio Bolsonaro,PL,148022,44.857462354
2026-10-04 19:28:08,20261004-192808,AP,Amapá,Norte,27,Clariana Barao,DC,162,0.049093438
2026-10-04 19:28:08,20261004-192808,AP,Amapá,Norte,29,Rui Costa Pimenta,PCO,39,0.011818791
2026-10-04 19:28:08,20261004-192808,AP,Amapá,Norte,30,Zema,NOVO,235,0.07121579
2026-10-04 19:28:08,20261004-192808,AP,Amapá,Norte,35,Veterinário Wilson Grassi,DEMOCRATA,33,0.010000515
2026-10-04 19:28:08,20261004-192808,AP,Amapá,Norte,55,Ronaldo Caiado,PSD,5763,1.746453605
2026-10-04 19:28:08,20261004-192808,AP,Amapá,Norte,70,Escritor Augusto Cury,AVANTE,13659,4.139304146
2026-10-04 19:28:08,20261004-192808,AP,Amapá,Norte,80,Samara,UP,353,0.106975208
2026-10-04 19:28:08,20261004-192808,BA,Bahia,Nordeste,13,Lula,PT,2881323,64.846261147
2026-10-04 19:28:08,20261004-192808,BA,Bahia,Nordeste,14,Renan Santos,MISSÃO,66367,1.493637407
2026-10-04 19:28:08,20261004-192808,BA,Bahia,Nordeste,16,Hertz Dias,PSTU,1031,0.023203402
2026-10-04 19:28:08,20261004-192808,BA,Bahia,Nordeste,21,Edmilson Costa,PCB,682,0.015348904
2026-10-04 19:28:08,20261004-192808,BA,Bahia,Nordeste,22,Flavio Bolsonaro,PL,1311976,29.526970185
2026-10-04 19:28:08,20261004-192808,BA,Bahia,Nordeste,27,Clariana Barao,DC,913,0.020547726
2026-10-04 19:28:08,20261004-192808,BA,Bahia,Nordeste,29,Rui Costa Pimenta,PCO,457,0.010285116
2026-10-04 19:28:08,20261004-192808,BA,Bahia,Nordeste,30,Zema,NOVO,3921,0.088244945
2026-10-04 19:28:08,20261004-192808,BA,Bahia,Nordeste,35,Veterinário Wilson Grassi,DEMOCRATA,351,0.007899509
2026-10-04 19:28:08,20261004-192808,BA,Bahia,Nordeste,55,Ronaldo Caiado,PSD,68948,1.551724681
2026-10-04 19:28:08,20261004-192808,BA,Bahia,Nordeste,70,Escritor Augusto Cury,AVANTE,104648,2.35517904
2026-10-04 19:28:08,20261004-192808,BA,Bahia,Nordeste,80,Samara,UP,2697,0.060697939
2026-10-04 19:28:08,20261004-192808,CE,Ceará,Nordeste,13,Lula,PT,1797418,61.348360243
2026-10-04 19:28:08,20261004-192808,CE,Ceará,Nordeste,14,Renan Santos,MISSÃO,60786,2.074710182
2026-10-04 19:28:08,20261004-192808,CE,Ceará,Nordeste,16,Hertz Dias,PSTU,892,0.030445193
2026-10-04 19:28:08,20261004-192808,CE,Ceará,Nordeste,21,Edmilson Costa,PCB,442,0.015086071
2026-10-04 19:28:08,20261004-192808,CE,Ceará,Nordeste,22,Flavio Bolsonaro,PL,961755,32.826027227
2026-10-04 19:28:08,20261004-192808,CE,Ceará,Nordeste,27,Clariana Barao,DC,603,0.020581223
2026-10-04 19:28:08,20261004-192808,CE,Ceará,Nordeste,29,Rui Costa Pimenta,PCO,295,0.010068758
2026-10-04 19:28:08,20261004-192808,CE,Ceará,Nordeste,30,Zema,NOVO,2891,0.098673825
2026-10-04 19:28:08,20261004-192808,CE,Ceará,Nordeste,35,Veterinário Wilson Grassi,DEMOCRATA,259,0.008840028
2026-10-04 19:28:08,20261004-192808,CE,Ceará,Nordeste,55,Ronaldo Caiado,PSD,26259,0.896255958
2026-10-04 19:28:08,20261004-192808,CE,Ceará,Nordeste,70,Escritor Augusto Cury,AVANTE,76247,2.602415478
2026-10-04 19:28:08,20261004-192808,CE,Ceará,Nordeste,80,Samara,UP,2008,0.068535815
2026-10-04 19:28:08,20261004-192808,DF,Distrito Federal,Centro-Oeste,13,Lula,PT,668836,38.145524644
2026-10-04 19:28:08,20261004-192808,DF,Distrito Federal,Centro-Oeste,14,Renan Santos,MISSÃO,46191,2.634397564
2026-10-04 19:28:08,20261004-192808,DF,Distrito Federal,Centro-Oeste,16,Hertz Dias,PSTU,821,0.046823849
2026-10-04 19:28:08,20261004-192808,DF,Distrito Federal,Centro-Oeste,21,Edmilson Costa,PCB,333,0.01899189
2026-10-04 19:28:08,20261004-192808,DF,Distrito Federal,Centro-Oeste,22,Flavio Bolsonaro,PL,898955,51.269833122
2026-10-04 19:28:08,20261004-192808,DF,Distrito Federal,Centro-Oeste,27,Clariana Barao,DC,707,0.040322121
2026-10-04 19:28:08,20261004-192808,DF,Distrito Federal,Centro-Oeste,29,Rui Costa Pimenta,PCO,379,0.021615394
2026-10-04 19:28:08,20261004-192808,DF,Distrito Federal,Centro-Oeste,30,Zema,NOVO,4895,0.279175079
2026-10-04 19:28:08,20261004-192808,DF,Distrito Federal,Centro-Oeste,35,Veterinário Wilson Grassi,DEMOCRATA,322,0.01836453
2026-10-04 19:28:08,20261004-192808,DF,Distrito Federal,Centro-Oeste,55,Ronaldo Caiado,PSD,84164,4.800100378
2026-10-04 19:28:08,20261004-192808,DF,Distrito Federal,Centro-Oeste,70,Escritor Augusto Cury,AVANTE,45507,2.595387195
2026-10-04 19:28:08,20261004-192808,DF,Distrito Federal,Centro-Oeste,80,Samara,UP,2270,0.129464235
2026-10-04 19:28:08,20261004-192808,ES,Espírito Santo,Sudeste,13,Lula,PT,810186,37.49316254
2026-10-04 19:28:08,20261004-192808,ES,Espírito Santo,Sudeste,14,Renan Santos,MISSÃO,51123,2.365830746
2026-10-04 19:28:08,20261004-192808,ES,Espírito Santo,Sudeste,16,Hertz Dias,PSTU,613,0.028367941
2026-10-04 19:28:08,20261004-192808,ES,Espírito Santo,Sudeste,21,Edmilson Costa,PCB,368,0.01703002
2026-10-04 19:28:08,20261004-192808,ES,Espírito Santo,Sudeste,22,Flavio Bolsonaro,PL,1189377,55.04107104
2026-10-04 19:28:08,20261004-192808,ES,Espírito Santo,Sudeste,27,Clariana Barao,DC,927,0.042898991
2026-10-04 19:28:08,20261004-192808,ES,Espírito Santo,Sudeste,29,Rui Costa Pimenta,PCO,239,0.011060258
2026-10-04 19:28:08,20261004-192808,ES,Espírito Santo,Sudeste,30,Zema,NOVO,5713,0.264381806
2026-10-04 19:28:08,20261004-192808,ES,Espírito Santo,Sudeste,35,Veterinário Wilson Grassi,DEMOCRATA,294,0.013605505
2026-10-04 19:28:08,20261004-192808,ES,Espírito Santo,Sudeste,55,Ronaldo Caiado,PSD,37697,1.744512678
2026-10-04 19:28:08,20261004-192808,ES,Espírito Santo,Sudeste,70,Escritor Augusto Cury,AVANTE,62471,2.890984733
2026-10-04 19:28:08,20261004-192808,ES,Espírito Santo,Sudeste,80,Samara,UP,1882,0.087093744
2026-10-04 19:28:08,20261004-192808,GO,Goiás,Centro-Oeste,13,Lula,PT,962547,30.314378612
2026-10-04 19:28:08,20261004-192808,GO,Goiás,Centro-Oeste,14,Renan Santos,MISSÃO,46097,1.451775249
2026-10-04 19:28:08,20261004-192808,GO,Goiás,Centro-Oeste,16,Hertz Dias,PSTU,568,0.017888547
2026-10-04 19:28:08,20261004-192808,GO,Goiás,Centro-Oeste,21,Edmilson Costa,PCB,383,0.012062172
2026-10-04 19:28:08,20261004-192808,GO,Goiás,Centro-Oeste,22,Flavio Bolsonaro,PL,1725699,54.349026964
2026-10-04 19:28:08,20261004-192808,GO,Goiás,Centro-Oeste,27,Clariana Barao,DC,484,0.015243057
2026-10-04 19:28:08,20261004-192808,GO,Goiás,Centro-Oeste,29,Rui Costa Pimenta,PCO,231,0.007275096
2026-10-04 19:28:08,20261004-192808,GO,Goiás,Centro-Oeste,30,Zema,NOVO,2347,0.073916231
2026-10-04 19:28:08,20261004-192808,GO,Goiás,Centro-Oeste,35,Veterinário Wilson Grassi,DEMOCRATA,291,0.009164731
2026-10-04 19:28:08,20261004-192808,GO,Goiás,Centro-Oeste,55,Ronaldo Caiado,PSD,389051,12.252741231
2026-10-04 19:28:08,20261004-192808,GO,Goiás,Centro-Oeste,70,Escritor Augusto Cury,AVANTE,45715,1.439744572
2026-10-04 19:28:08,20261004-192808,GO,Goiás,Centro-Oeste,80,Samara,UP,1803,0.056783539
2026-10-04 19:28:08,20261004-192808,MA,Maranhão,Nordeste,13,Lula,PT,1546109,62.501803976
2026-10-04 19:28:08,20261004-192808,MA,Maranhão,Nordeste,14,Renan Santos,MISSÃO,38210,1.544647842
2026-10-04 19:28:08,20261004-192808,MA,Maranhão,Nordeste,16,Hertz Dias,PSTU,1044,0.042203935
2026-10-04 19:28:08,20261004-192808,MA,Maranhão,Nordeste,21,Edmilson Costa,PCB,296,0.011965867
2026-10-04 19:28:08,20261004-192808,MA,Maranhão,Nordeste,22,Flavio Bolsonaro,PL,796306,32.190849104
2026-10-04 19:28:08,20261004-192808,MA,Maranhão,Nordeste,27,Clariana Barao,DC,581,0.023487056
2026-10-04 19:28:08,20261004-192808,MA,Maranhão,Nordeste,29,Rui Costa Pimenta,PCO,151,0.006104209
2026-10-04 19:28:08,20261004-192808,MA,Maranhão,Nordeste,30,Zema,NOVO,2981,0.120507595
2026-10-04 19:28:08,20261004-192808,MA,Maranhão,Nordeste,35,Veterinário Wilson Grassi,DEMOCRATA,188,0.007599942
2026-10-04 19:28:08,20261004-192808,MA,Maranhão,Nordeste,55,Ronaldo Caiado,PSD,32485,1.313213429
2026-10-04 19:28:08,20261004-192808,MA,Maranhão,Nordeste,70,Escritor Augusto Cury,AVANTE,54195,2.190845061
2026-10-04 19:28:08,20261004-192808,MA,Maranhão,Nordeste,80,Samara,UP,1157,0.046771985
2026-10-04 19:28:08,20261004-192808,MG,Minas Gerais,Sudeste,13,Lula,PT,3438602,42.177374733
2026-10-04 19:28:08,20261004-192808,MG,Minas Gerais,Sudeste,14,Renan Santos,MISSÃO,176467,2.164517669
2026-10-04 19:28:08,20261004-192808,MG,Minas Gerais,Sudeste,16,Hertz Dias,PSTU,3072,0.03768069
2026-10-04 19:28:08,20261004-192808,MG,Minas Gerais,Sudeste,21,Edmilson Costa,PCB,1554,0.01906113
2026-10-04 19:28:08,20261004-192808,MG,Minas Gerais,Sudeste,22,Flavio Bolsonaro,PL,4000766,49.072793769
2026-10-04 19:28:08,20261004-192808,MG,Minas Gerais,Sudeste,27,Clariana Barao,DC,2407,0.0295239
2026-10-04 19:28:08,20261004-192808,MG,Minas Gerais,Sudeste,29,Rui Costa Pimenta,PCO,1089,0.01335751
2026-10-04 19:28:08,20261004-192808,MG,Minas Gerais,Sudeste,30,Zema,NOVO,71963,0.88268733
2026-10-04 19:28:08,20261004-192808,MG,Minas Gerais,Sudeste,35,Veterinário Wilson Grassi,DEMOCRATA,1253,0.015369109
2026-10-04 19:28:08,20261004-192808,MG,Minas Gerais,Sudeste,55,Ronaldo Caiado,PSD,162938,1.998572991
2026-10-04 19:28:08,20261004-192808,MG,Minas Gerais,Sudeste,70,Escritor Augusto Cury,AVANTE,284361,3.487929239
2026-10-04 19:28:08,20261004-192808,MG,Minas Gerais,Sudeste,80,Samara,UP,8245,0.101131929
2026-10-04 19:28:08,20261004-192808,MS,Mato Grosso do Sul,Centro-Oeste,13,Lula,PT,497650,34.145745693
2026-10-04 19:28:08,20261004-192808,MS,Mato Grosso do Sul,Centro-Oeste,14,Renan Santos,MISSÃO,31502,2.161477506
2026-10-04 19:28:08,20261004-192808,MS,Mato Grosso do Sul,Centro-Oeste,16,Hertz Dias,PSTU,351,0.024083506
2026-10-04 19:28:08,20261004-192808,MS,Mato Grosso do Sul,Centro-Oeste,21,Edmilson Costa,PCB,327,0.022436771
2026-10-04 19:28:08,20261004-192808,MS,Mato Grosso do Sul,Centro-Oeste,22,Flavio Bolsonaro,PL,860829,59.064901275
2026-10-04 19:28:08,20261004-192808,MS,Mato Grosso do Sul,Centro-Oeste,27,Clariana Barao,DC,618,0.042403438
2026-10-04 19:28:08,20261004-192808,MS,Mato Grosso do Sul,Centro-Oeste,29,Rui Costa Pimenta,PCO,179,0.012281902
2026-10-04 19:28:08,20261004-192808,MS,Mato Grosso do Sul,Centro-Oeste,30,Zema,NOVO,2762,0.189511805
2026-10-04 19:28:08,20261004-192808,MS,Mato Grosso do Sul,Centro-Oeste,35,Veterinário Wilson Grassi,DEMOCRATA,206,0.014134479
2026-10-04 19:28:08,20261004-192808,MS,Mato Grosso do Sul,Centro-Oeste,55,Ronaldo Caiado,PSD,23060,1.582238311
2026-10-04 19:28:08,20261004-192808,MS,Mato Grosso do Sul,Centro-Oeste,70,Escritor Augusto Cury,AVANTE,38669,2.65323388
2026-10-04 19:28:08,20261004-192808,MS,Mato Grosso do Sul,Centro-Oeste,80,Samara,UP,1276,0.087551435
2026-10-04 19:28:08,20261004-192808,MT,Mato Grosso,Centro-Oeste,13,Lula,PT,512762,28.653589424
2026-10-04 19:28:08,20261004-192808,MT,Mato Grosso,Centro-Oeste,14,Renan Santos,MISSÃO,30273,1.691681741
2026-10-04 19:28:08,20261004-192808,MT,Mato Grosso,Centro-Oeste,16,Hertz Dias,PSTU,308,0.01721131
2026-10-04 19:28:08,20261004-192808,MT,Mato Grosso,Centro-Oeste,21,Edmilson Costa,PCB,212,0.011846746
2026-10-04 19:28:08,20261004-192808,MT,Mato Grosso,Centro-Oeste,22,Flavio Bolsonaro,PL,1173966,65.602247752
2026-10-04 19:28:08,20261004-192808,MT,Mato Grosso,Centro-Oeste,27,Clariana Barao,DC,1728,0.096562153
2026-10-04 19:28:08,20261004-192808,MT,Mato Grosso,Centro-Oeste,29,Rui Costa Pimenta,PCO,117,0.006538062
2026-10-04 19:28:08,20261004-192808,MT,Mato Grosso,Centro-Oeste,30,Zema,NOVO,2226,0.124390829
2026-10-04 19:28:08,20261004-192808,MT,Mato Grosso,Centro-Oeste,35,Veterinário Wilson Grassi,DEMOCRATA,156,0.008717417
2026-10-04 19:28:08,20261004-192808,MT,Mato Grosso,Centro-Oeste,55,Ronaldo Caiado,PSD,29950,1.673632218
2026-10-04 19:28:08,20261004-192808,MT,Mato Grosso,Centro-Oeste,70,Escritor Augusto Cury,AVANTE,36380,2.032946247
2026-10-04 19:28:08,20261004-192808,MT,Mato Grosso,Centro-Oeste,80,Samara,UP,1443,0.080636103
2026-10-04 19:28:08,20261004-192808,PA,Pará,Norte,13,Lula,PT,1702116,48.133919686
2026-10-04 19:28:08,20261004-192808,PA,Pará,Norte,14,Renan Santos,MISSÃO,66767,1.888095415
2026-10-04 19:28:08,20261004-192808,PA,Pará,Norte,16,Hertz Dias,PSTU,890,0.025168196
2026-10-04 19:28:08,20261004-192808,PA,Pará,Norte,21,Edmilson Costa,PCB,511,0.014450503
2026-10-04 19:28:08,20261004-192808,PA,Pará,Norte,22,Flavio Bolsonaro,PL,1621239,45.846809394
2026-10-04 19:28:08,20261004-192808,PA,Pará,Norte,27,Clariana Barao,DC,1035,0.029268632
2026-10-04 19:28:08,20261004-192808,PA,Pará,Norte,29,Rui Costa Pimenta,PCO,247,0.006984881
2026-10-04 19:28:08,20261004-192808,PA,Pará,Norte,30,Zema,NOVO,2520,0.071262756
2026-10-04 19:28:08,20261004-192808,PA,Pará,Norte,35,Veterinário Wilson Grassi,DEMOCRATA,380,0.010745971
2026-10-04 19:28:08,20261004-192808,PA,Pará,Norte,55,Ronaldo Caiado,PSD,40944,1.157850116
2026-10-04 19:28:08,20261004-192808,PA,Pará,Norte,70,Escritor Augusto Cury,AVANTE,96401,2.726111494
2026-10-04 19:28:08,20261004-192808,PA,Pará,Norte,80,Samara,UP,3159,0.089332955
2026-10-04 19:28:08,20261004-192808,PB,Paraíba,Nordeste,13,Lula,PT,1440649,61.133144019
2026-10-04 19:28:08,20261004-192808,PB,Paraíba,Nordeste,14,Renan Santos,MISSÃO,40167,1.704464443
2026-10-04 19:28:08,20261004-192808,PB,Paraíba,Nordeste,16,Hertz Dias,PSTU,600,0.025460668
2026-10-04 19:28:08,20261004-192808,PB,Paraíba,Nordeste,21,Edmilson Costa,PCB,321,0.013621458
2026-10-04 19:28:08,20261004-192808,PB,Paraíba,Nordeste,22,Flavio Bolsonaro,PL,782423,33.201687533
2026-10-04 19:28:08,20261004-192808,PB,Paraíba,Nordeste,27,Clariana Barao,DC,575,0.024399807
2026-10-04 19:28:08,20261004-192808,PB,Paraíba,Nordeste,29,Rui Costa Pimenta,PCO,264,0.011202694
2026-10-04 19:28:08,20261004-192808,PB,Paraíba,Nordeste,30,Zema,NOVO,1900,0.08062545
2026-10-04 19:28:08,20261004-192808,PB,Paraíba,Nordeste,35,Veterinário Wilson Grassi,DEMOCRATA,206,0.008741496
2026-10-04 19:28:08,20261004-192808,PB,Paraíba,Nordeste,55,Ronaldo Caiado,PSD,18481,0.78423102
2026-10-04 19:28:08,20261004-192808,PB,Paraíba,Nordeste,70,Escritor Augusto Cury,AVANTE,69477,2.948218093
2026-10-04 19:28:08,20261004-192808,PB,Paraíba,Nordeste,80,Samara,UP,1513,0.064203319
2026-10-04 19:28:08,20261004-192808,PE,Pernambuco,Nordeste,13,Lula,PT,2016059,62.084525485
2026-10-04 19:28:08,20261004-192808,PE,Pernambuco,Nordeste,14,Renan Santos,MISSÃO,51791,1.594903552
2026-10-04 19:28:08,20261004-192808,PE,Pernambuco,Nordeste,16,Hertz Dias,PSTU,713,0.021956831
2026-10-04 19:28:08,20261004-192808,PE,Pernambuco,Nordeste,21,Edmilson Costa,PCB,381,0.011732893
2026-10-04 19:28:08,20261004-192808,PE,Pernambuco,Nordeste,22,Flavio Bolsonaro,PL,1046858,32.23798618
2026-10-04 19:28:08,20261004-192808,PE,Pernambuco,Nordeste,27,Clariana Barao,DC,553,0.017029632
2026-10-04 19:28:08,20261004-192808,PE,Pernambuco,Nordeste,29,Rui Costa Pimenta,PCO,281,0.008653393
2026-10-04 19:28:08,20261004-192808,PE,Pernambuco,Nordeste,30,Zema,NOVO,4131,0.127214122
2026-10-04 19:28:08,20261004-192808,PE,Pernambuco,Nordeste,35,Veterinário Wilson Grassi,DEMOCRATA,282,0.008684188
2026-10-04 19:28:08,20261004-192808,PE,Pernambuco,Nordeste,55,Ronaldo Caiado,PSD,43936,1.353008871
2026-10-04 19:28:08,20261004-192808,PE,Pernambuco,Nordeste,70,Escritor Augusto Cury,AVANTE,80791,2.487958387
2026-10-04 19:28:08,20261004-192808,PE,Pernambuco,Nordeste,80,Samara,UP,1505,0.046346466
2026-10-04 19:28:08,20261004-192808,PI,Piauí,Nordeste,13,Lula,PT,1125901,69.949117793
2026-10-04 19:28:08,20261004-192808,PI,Piauí,Nordeste,14,Renan Santos,MISSÃO,25564,1.588220676
2026-10-04 19:28:08,20261004-192808,PI,Piauí,Nordeste,16,Hertz Dias,PSTU,352,0.021868787
2026-10-04 19:28:08,20261004-192808,PI,Piauí,Nordeste,21,Edmilson Costa,PCB,233,0.014475646
2026-10-04 19:28:08,20261004-192808,PI,Piauí,Nordeste,22,Flavio Bolsonaro,PL,401112,24.919980119
2026-10-04 19:28:08,20261004-192808,PI,Piauí,Nordeste,27,Clariana Barao,DC,387,0.024043241
2026-10-04 19:28:08,20261004-192808,PI,Piauí,Nordeste,29,Rui Costa Pimenta,PCO,113,0.007020378
2026-10-04 19:28:08,20261004-192808,PI,Piauí,Nordeste,30,Zema,NOVO,1108,0.068836978
2026-10-04 19:28:08,20261004-192808,PI,Piauí,Nordeste,35,Veterinário Wilson Grassi,DEMOCRATA,142,0.008822068
2026-10-04 19:28:08,20261004-192808,PI,Piauí,Nordeste,55,Ronaldo Caiado,PSD,16832,1.045725646
2026-10-04 19:28:08,20261004-192808,PI,Piauí,Nordeste,70,Escritor Augusto Cury,AVANTE,36979,2.297403082
2026-10-04 19:28:08,20261004-192808,PI,Piauí,Nordeste,80,Samara,UP,877,0.054485586
2026-10-04 19:28:08,20261004-192808,PR,Paraná,Sul,13,Lula,PT,1995178,31.039836659
2026-10-04 19:28:08,20261004-192808,PR,Paraná,Sul,14,Renan Santos,MISSÃO,174211,2.710274965
2026-10-04 19:28:08,20261004-192808,PR,Paraná,Sul,16,Hertz Dias,PSTU,2031,0.031597135
2026-10-04 19:28:08,20261004-192808,PR,Paraná,Sul,21,Edmilson Costa,PCB,1166,0.01813996
2026-10-04 19:28:08,20261004-192808,PR,Paraná,Sul,22,Flavio Bolsonaro,PL,3858180,60.02335481
2026-10-04 19:28:08,20261004-192808,PR,Paraná,Sul,27,Clariana Barao,DC,2404,0.037400055
2026-10-04 19:28:08,20261004-192808,PR,Paraná,Sul,29,Rui Costa Pimenta,PCO,900,0.014001685
2026-10-04 19:28:08,20261004-192808,PR,Paraná,Sul,30,Zema,NOVO,16942,0.263573933
2026-10-04 19:28:08,20261004-192808,PR,Paraná,Sul,35,Veterinário Wilson Grassi,DEMOCRATA,947,0.014732884
2026-10-04 19:28:08,20261004-192808,PR,Paraná,Sul,55,Ronaldo Caiado,PSD,168076,2.614830149
2026-10-04 19:28:08,20261004-192808,PR,Paraná,Sul,70,Escritor Augusto Cury,AVANTE,201119,3.128894219
2026-10-04 19:28:08,20261004-192808,PR,Paraná,Sul,80,Samara,UP,6644,0.103363547
2026-10-04 19:28:08,20261004-192808,RJ,Rio de Janeiro,Sudeste,13,Lula,PT,1982594,39.033111503
2026-10-04 19:28:08,20261004-192808,RJ,Rio de Janeiro,Sudeste,14,Renan Santos,MISSÃO,110279,2.171161874
2026-10-04 19:28:08,20261004-192808,RJ,Rio de Janeiro,Sudeste,16,Hertz Dias,PSTU,2105,0.041443029
2026-10-04 19:28:08,20261004-192808,RJ,Rio de Janeiro,Sudeste,21,Edmilson Costa,PCB,1577,0.031047818
2026-10-04 19:28:08,20261004-192808,RJ,Rio de Janeiro,Sudeste,22,Flavio Bolsonaro,PL,2717306,53.498047551
2026-10-04 19:28:08,20261004-192808,RJ,Rio de Janeiro,Sudeste,27,Clariana Barao,DC,2139,0.042112417
2026-10-04 19:28:08,20261004-192808,RJ,Rio de Janeiro,Sudeste,29,Rui Costa Pimenta,PCO,980,0.019294142
2026-10-04 19:28:08,20261004-192808,RJ,Rio de Janeiro,Sudeste,30,Zema,NOVO,12449,0.245094661
2026-10-04 19:28:08,20261004-192808,RJ,Rio de Janeiro,Sudeste,35,Veterinário Wilson Grassi,DEMOCRATA,1043,0.020534479
2026-10-04 19:28:08,20261004-192808,RJ,Rio de Janeiro,Sudeste,55,Ronaldo Caiado,PSD,107491,2.11627201
2026-10-04 19:28:08,20261004-192808,RJ,Rio de Janeiro,Sudeste,70,Escritor Augusto Cury,AVANTE,133989,2.637961972
2026-10-04 19:28:08,20261004-192808,RJ,Rio de Janeiro,Sudeste,80,Samara,UP,7310,0.143918546
2026-10-04 19:28:08,20261004-192808,RN,Rio Grande do Norte,Nordeste,13,Lula,PT,840860,59.949366078
2026-10-04 19:28:08,20261004-192808,RN,Rio Grande do Norte,Nordeste,14,Renan Santos,MISSÃO,23925,1.705740056
2026-10-04 19:28:08,20261004-192808,RN,Rio Grande do Norte,Nordeste,16,Hertz Dias,PSTU,379,0.027020919
2026-10-04 19:28:08,20261004-192808,RN,Rio Grande do Norte,Nordeste,21,Edmilson Costa,PCB,221,0.015756261
2026-10-04 19:28:08,20261004-192808,RN,Rio Grande do Norte,Nordeste,22,Flavio Bolsonaro,PL,484736,34.55939861
2026-10-04 19:28:08,20261004-192808,RN,Rio Grande do Norte,Nordeste,27,Clariana Barao,DC,288,0.020533046
2026-10-04 19:28:08,20261004-192808,RN,Rio Grande do Norte,Nordeste,29,Rui Costa Pimenta,PCO,129,0.009197094
2026-10-04 19:28:08,20261004-192808,RN,Rio Grande do Norte,Nordeste,30,Zema,NOVO,1052,0.075002656
2026-10-04 19:28:08,20261004-192808,RN,Rio Grande do Norte,Nordeste,35,Veterinário Wilson Grassi,DEMOCRATA,131,0.009339684
2026-10-04 19:28:08,20261004-192808,RN,Rio Grande do Norte,Nordeste,55,Ronaldo Caiado,PSD,11368,0.810484972
2026-10-04 19:28:08,20261004-192808,RN,Rio Grande do Norte,Nordeste,70,Escritor Augusto Cury,AVANTE,38690,2.758415163
2026-10-04 19:28:08,20261004-192808,RN,Rio Grande do Norte,Nordeste,80,Samara,UP,838,0.059745462
2026-10-04 19:28:08,20261004-192808,RO,Rondônia,Norte,13,Lula,PT,239714,26.102115705
2026-10-04 19:28:08,20261004-192808,RO,Rondônia,Norte,14,Renan Santos,MISSÃO,18303,1.992987576
2026-10-04 19:28:08,20261004-192808,RO,Rondônia,Norte,16,Hertz Dias,PSTU,170,0.018511058
2026-10-04 19:28:08,20261004-192808,RO,Rondônia,Norte,21,Edmilson Costa,PCB,154,0.01676884
2026-10-04 19:28:08,20261004-192808,RO,Rondônia,Norte,22,Flavio Bolsonaro,PL,617222,67.20842362
2026-10-04 19:28:08,20261004-192808,RO,Rondônia,Norte,27,Clariana Barao,DC,346,0.037675447
2026-10-04 19:28:08,20261004-192808,RO,Rondônia,Norte,29,Rui Costa Pimenta,PCO,56,0.00609776
2026-10-04 19:28:08,20261004-192808,RO,Rondônia,Norte,30,Zema,NOVO,1259,0.137090715
2026-10-04 19:28:08,20261004-192808,RO,Rondônia,Norte,35,Veterinário Wilson Grassi,DEMOCRATA,96,0.010453303
2026-10-04 19:28:08,20261004-192808,RO,Rondônia,Norte,55,Ronaldo Caiado,PSD,16026,1.745048292
2026-10-04 19:28:08,20261004-192808,RO,Rondônia,Norte,70,Escritor Augusto Cury,AVANTE,24202,2.635321276
2026-10-04 19:28:08,20261004-192808,RO,Rondônia,Norte,80,Samara,UP,822,0.089506408
2026-10-04 19:28:08,20261004-192808,RR,Roraima,Norte,13,Lula,PT,68297,22.579013488
2026-10-04 19:28:08,20261004-192808,RR,Roraima,Norte,14,Renan Santos,MISSÃO,6140,2.029886273
2026-10-04 19:28:08,20261004-192808,RR,Roraima,Norte,16,Hertz Dias,PSTU,55,0.01818302
2026-10-04 19:28:08,20261004-192808,RR,Roraima,Norte,21,Edmilson Costa,PCB,42,0.013885216
2026-10-04 19:28:08,20261004-192808,RR,Roraima,Norte,22,Flavio Bolsonaro,PL,215636,71.289341444
2026-10-04 19:28:08,20261004-192808,RR,Roraima,Norte,27,Clariana Barao,DC,148,0.048928855
2026-10-04 19:28:08,20261004-192808,RR,Roraima,Norte,29,Rui Costa Pimenta,PCO,31,0.010248611
2026-10-04 19:28:08,20261004-192808,RR,Roraima,Norte,30,Zema,NOVO,312,0.103147316
2026-10-04 19:28:08,20261004-192808,RR,Roraima,Norte,35,Veterinário Wilson Grassi,DEMOCRATA,38,0.012562814
2026-10-04 19:28:08,20261004-192808,RR,Roraima,Norte,55,Ronaldo Caiado,PSD,3439,1.136934673
2026-10-04 19:28:08,20261004-192808,RR,Roraima,Norte,70,Escritor Augusto Cury,AVANTE,8089,2.674226395
2026-10-04 19:28:08,20261004-192808,RR,Roraima,Norte,80,Samara,UP,253,0.083641894
2026-10-04 19:28:08,20261004-192808,RS,Rio Grande do Sul,Sul,13,Lula,PT,2105421,35.880314934
2026-10-04 19:28:08,20261004-192808,RS,Rio Grande do Sul,Sul,14,Renan Santos,MISSÃO,153994,2.624346018
2026-10-04 19:28:08,20261004-192808,RS,Rio Grande do Sul,Sul,16,Hertz Dias,PSTU,1981,0.033759948
2026-10-04 19:28:08,20261004-192808,RS,Rio Grande do Sul,Sul,21,Edmilson Costa,PCB,941,0.016036401
2026-10-04 19:28:08,20261004-192808,RS,Rio Grande do Sul,Sul,22,Flavio Bolsonaro,PL,3253734,55.449717957
2026-10-04 19:28:08,20261004-192808,RS,Rio Grande do Sul,Sul,27,Clariana Barao,DC,1910,0.032549975
2026-10-04 19:28:08,20261004-192808,RS,Rio Grande do Sul,Sul,29,Rui Costa Pimenta,PCO,971,0.016547658
2026-10-04 19:28:08,20261004-192808,RS,Rio Grande do Sul,Sul,30,Zema,NOVO,17455,0.297465874
2026-10-04 19:28:08,20261004-192808,RS,Rio Grande do Sul,Sul,35,Veterinário Wilson Grassi,DEMOCRATA,860,0.01465601
2026-10-04 19:28:08,20261004-192808,RS,Rio Grande do Sul,Sul,55,Ronaldo Caiado,PSD,144526,2.462993575
2026-10-04 19:28:08,20261004-192808,RS,Rio Grande do Sul,Sul,70,Escritor Augusto Cury,AVANTE,179908,3.065969086
2026-10-04 19:28:08,20261004-192808,RS,Rio Grande do Sul,Sul,80,Samara,UP,6199,0.105642564
2026-10-04 19:28:08,20261004-192808,SC,Santa Catarina,Sul,13,Lula,PT,946877,25.185129428
2026-10-04 19:28:08,20261004-192808,SC,Santa Catarina,Sul,14,Renan Santos,MISSÃO,112720,2.998137867
2026-10-04 19:28:08,20261004-192808,SC,Santa Catarina,Sul,16,Hertz Dias,PSTU,1294,0.034417942
2026-10-04 19:28:08,20261004-192808,SC,Santa Catarina,Sul,21,Edmilson Costa,PCB,685,0.018219699
2026-10-04 19:28:08,20261004-192808,SC,Santa Catarina,Sul,22,Flavio Bolsonaro,PL,2495356,66.371729198
2026-10-04 19:28:08,20261004-192808,SC,Santa Catarina,Sul,27,Clariana Barao,DC,1224,0.032556075
2026-10-04 19:28:08,20261004-192808,SC,Santa Catarina,Sul,29,Rui Costa Pimenta,PCO,557,0.014815142
2026-10-04 19:28:08,20261004-192808,SC,Santa Catarina,Sul,30,Zema,NOVO,14868,0.395460555
2026-10-04 19:28:08,20261004-192808,SC,Santa Catarina,Sul,35,Veterinário Wilson Grassi,DEMOCRATA,499,0.013272452
2026-10-04 19:28:08,20261004-192808,SC,Santa Catarina,Sul,55,Ronaldo Caiado,PSD,68061,1.810293305
2026-10-04 19:28:08,20261004-192808,SC,Santa Catarina,Sul,70,Escritor Augusto Cury,AVANTE,113122,3.008830303
2026-10-04 19:28:08,20261004-192808,SC,Santa Catarina,Sul,80,Samara,UP,4404,0.117138034
2026-10-04 19:28:08,20261004-192808,SE,Sergipe,Nordeste,13,Lula,PT,691367,61.692621517
2026-10-04 19:28:08,20261004-192808,SE,Sergipe,Nordeste,14,Renan Santos,MISSÃO,18110,1.616006225
2026-10-04 19:28:08,20261004-192808,SE,Sergipe,Nordeste,16,Hertz Dias,PSTU,292,0.026055981
2026-10-04 19:28:08,20261004-192808,SE,Sergipe,Nordeste,21,Edmilson Costa,PCB,175,0.015615742
2026-10-04 19:28:08,20261004-192808,SE,Sergipe,Nordeste,22,Flavio Bolsonaro,PL,353141,31.511764454
2026-10-04 19:28:08,20261004-192808,SE,Sergipe,Nordeste,27,Clariana Barao,DC,381,0.033997701
2026-10-04 19:28:08,20261004-192808,SE,Sergipe,Nordeste,29,Rui Costa Pimenta,PCO,94,0.008387884
2026-10-04 19:28:08,20261004-192808,SE,Sergipe,Nordeste,30,Zema,NOVO,1035,0.09235596
2026-10-04 19:28:08,20261004-192808,SE,Sergipe,Nordeste,35,Veterinário Wilson Grassi,DEMOCRATA,109,0.009726377
2026-10-04 19:28:08,20261004-192808,SE,Sergipe,Nordeste,55,Ronaldo Caiado,PSD,22139,1.975525224
2026-10-04 19:28:08,20261004-192808,SE,Sergipe,Nordeste,70,Escritor Augusto Cury,AVANTE,32976,2.942541208
2026-10-04 19:28:08,20261004-192808,SE,Sergipe,Nordeste,80,Samara,UP,845,0.075401726
2026-10-04 19:28:08,20261004-192808,SP,São Paulo,Sudeste,13,Lula,PT,6837625,37.509941667
2026-10-04 19:28:08,20261004-192808,SP,São Paulo,Sudeste,14,Renan Santos,MISSÃO,584645,3.207253958
2026-10-04 19:28:08,20261004-192808,SP,São Paulo,Sudeste,16,Hertz Dias,PSTU,11641,0.063860365
2026-10-04 19:28:08,20261004-192808,SP,São Paulo,Sudeste,21,Edmilson Costa,PCB,4446,0.024389931
2026-10-04 19:28:08,20261004-192808,SP,São Paulo,Sudeste,22,Flavio Bolsonaro,PL,9597694,52.651167924
2026-10-04 19:28:08,20261004-192808,SP,São Paulo,Sudeste,27,Clariana Barao,DC,7609,0.041741562
2026-10-04 19:28:08,20261004-192808,SP,São Paulo,Sudeste,29,Rui Costa Pimenta,PCO,3296,0.018081244
2026-10-04 19:28:08,20261004-192808,SP,São Paulo,Sudeste,30,Zema,NOVO,69301,0.380172424
2026-10-04 19:28:08,20261004-192808,SP,São Paulo,Sudeste,35,Veterinário Wilson Grassi,DEMOCRATA,3756,0.020604719
2026-10-04 19:28:08,20261004-192808,SP,São Paulo,Sudeste,55,Ronaldo Caiado,PSD,426030,2.337121508
2026-10-04 19:28:08,20261004-192808,SP,São Paulo,Sudeste,70,Escritor Augusto Cury,AVANTE,652199,3.577842664
2026-10-04 19:28:08,20261004-192808,SP,São Paulo,Sudeste,80,Samara,UP,30592,0.167822034
2026-10-04 19:28:08,20261004-192808,TO,Tocantins,Norte,13,Lula,PT,390185,43.589806609
2026-10-04 19:28:08,20261004-192808,TO,Tocantins,Norte,14,Renan Santos,MISSÃO,12453,1.391196129
2026-10-04 19:28:08,20261004-192808,TO,Tocantins,Norte,16,Hertz Dias,PSTU,95,0.010612995
2026-10-04 19:28:08,20261004-192808,TO,Tocantins,Norte,21,Edmilson Costa,PCB,112,0.012512163
2026-10-04 19:28:08,20261004-192808,TO,Tocantins,Norte,22,Flavio Bolsonaro,PL,450015,50.273759425
2026-10-04 19:28:08,20261004-192808,TO,Tocantins,Norte,27,Clariana Barao,DC,159,0.017762803
2026-10-04 19:28:08,20261004-192808,TO,Tocantins,Norte,29,Rui Costa Pimenta,PCO,59,0.006591229
2026-10-04 19:28:08,20261004-192808,TO,Tocantins,Norte,30,Zema,NOVO,579,0.064683414
2026-10-04 19:28:08,20261004-192808,TO,Tocantins,Norte,35,Veterinário Wilson Grassi,DEMOCRATA,60,0.006702944
2026-10-04 19:28:08,20261004-192808,TO,Tocantins,Norte,55,Ronaldo Caiado,PSD,19472,2.175328919
2026-10-04 19:28:08,20261004-192808,TO,Tocantins,Norte,70,Escritor Augusto Cury,AVANTE,21555,2.408032809
2026-10-04 19:28:08,20261004-192808,TO,Tocantins,Norte,80,Samara,UP,385,0.04301056
2026-10-04 19:28:08,20261004-192808,ZZ,Exterior,Exterior,13,Lula,PT,118128,51.483111789
2026-10-04 19:28:08,20261004-192808,ZZ,Exterior,Exterior,14,Renan Santos,MISSÃO,6322,2.755284376
2026-10-04 19:28:08,20261004-192808,ZZ,Exterior,Exterior,16,Hertz Dias,PSTU,306,0.133362388
2026-10-04 19:28:08,20261004-192808,ZZ,Exterior,Exterior,21,Edmilson Costa,PCB,344,0.149923731
2026-10-04 19:28:08,20261004-192808,ZZ,Exterior,Exterior,22,Flavio Bolsonaro,PL,89524,39.016779255
2026-10-04 19:28:08,20261004-192808,ZZ,Exterior,Exterior,27,Clariana Barao,DC,705,0.307256483
2026-10-04 19:28:08,20261004-192808,ZZ,Exterior,Exterior,29,Rui Costa Pimenta,PCO,145,0.063194596
2026-10-04 19:28:08,20261004-192808,ZZ,Exterior,Exterior,30,Zema,NOVO,2249,0.980169972
2026-10-04 19:28:08,20261004-192808,ZZ,Exterior,Exterior,35,Veterinário Wilson Grassi,DEMOCRATA,267,0.116365221
2026-10-04 19:28:08,20261004-192808,ZZ,Exterior,Exterior,55,Ronaldo Caiado,PSD,3301,1.43865766
2026-10-04 19:28:08,20261004-192808,ZZ,Exterior,Exterior,70,Escritor Augusto Cury,AVANTE,7278,3.171932883
2026-10-04 19:28:08,20261004-192808,ZZ,Exterior,Exterior,80,Samara,UP,881,0.383961647
2026-10-04 19:30:36,20261004-193036,AC,Acre,Norte,13,Lula,PT,131531,28.661673665
2026-10-04 19:30:36,20261004-193036,AC,Acre,Norte,14,Renan Santos,MISSÃO,7842,1.708835521
2026-10-04 19:30:36,20261004-193036,AC,Acre,Norte,16,Hertz Dias,PSTU,69,0.015035661
2026-10-04 19:30:36,20261004-193036,AC,Acre,Norte,21,Edmilson Costa,PCB,138,0.030071321
2026-10-04 19:30:36,20261004-193036,AC,Acre,Norte,22,Flavio Bolsonaro,PL,296503,64.610412958
2026-10-04 19:30:36,20261004-193036,AC,Acre,Norte,27,Clariana Barao,DC,205,0.044671166
2026-10-04 19:30:36,20261004-193036,AC,Acre,Norte,29,Rui Costa Pimenta,PCO,38,0.008280509
2026-10-04 19:30:36,20261004-193036,AC,Acre,Norte,30,Zema,NOVO,559,0.121810642
2026-10-04 19:30:36,20261004-193036,AC,Acre,Norte,35,Veterinário Wilson Grassi,DEMOCRATA,36,0.007844693
2026-10-04 19:30:36,20261004-193036,AC,Acre,Norte,55,Ronaldo Caiado,PSD,8408,1.83217152
2026-10-04 19:30:36,20261004-193036,AC,Acre,Norte,70,Escritor Augusto Cury,AVANTE,13269,2.891422918
2026-10-04 19:30:36,20261004-193036,AC,Acre,Norte,80,Samara,UP,311,0.067769427
2026-10-04 19:30:36,20261004-193036,AL,Alagoas,Nordeste,13,Lula,PT,512434,56.831656815
2026-10-04 19:30:36,20261004-193036,AL,Alagoas,Nordeste,14,Renan Santos,MISSÃO,12198,1.352823095
2026-10-04 19:30:36,20261004-193036,AL,Alagoas,Nordeste,16,Hertz Dias,PSTU,197,0.021848348
2026-10-04 19:30:36,20261004-193036,AL,Alagoas,Nordeste,21,Edmilson Costa,PCB,132,0.014639502
2026-10-04 19:30:36,20261004-193036,AL,Alagoas,Nordeste,22,Flavio Bolsonaro,PL,348402,38.639635343
2026-10-04 19:30:36,20261004-193036,AL,Alagoas,Nordeste,27,Clariana Barao,DC,291,0.032273448
2026-10-04 19:30:36,20261004-193036,AL,Alagoas,Nordeste,29,Rui Costa Pimenta,PCO,48,0.005323455
2026-10-04 19:30:36,20261004-193036,AL,Alagoas,Nordeste,30,Zema,NOVO,531,0.058890725
2026-10-04 19:30:36,20261004-193036,AL,Alagoas,Nordeste,35,Veterinário Wilson Grassi,DEMOCRATA,113,0.012532301
2026-10-04 19:30:36,20261004-193036,AL,Alagoas,Nordeste,55,Ronaldo Caiado,PSD,6254,0.693601872
2026-10-04 19:30:36,20261004-193036,AL,Alagoas,Nordeste,70,Escritor Augusto Cury,AVANTE,20487,2.272117293
2026-10-04 19:30:36,20261004-193036,AL,Alagoas,Nordeste,80,Samara,UP,583,0.064657802
2026-10-04 19:30:36,20261004-193036,AM,Amazonas,Norte,13,Lula,PT,742248,44.54467983
2026-10-04 19:30:36,20261004-193036,AM,Amazonas,Norte,14,Renan Santos,MISSÃO,30101,1.806457421
2026-10-04 19:30:36,20261004-193036,AM,Amazonas,Norte,16,Hertz Dias,PSTU,427,0.025625638
2026-10-04 19:30:36,20261004-193036,AM,Amazonas,Norte,21,Edmilson Costa,PCB,219,0.013142891
2026-10-04 19:30:36,20261004-193036,AM,Amazonas,Norte,22,Flavio Bolsonaro,PL,800691,48.052031447
2026-10-04 19:30:36,20261004-193036,AM,Amazonas,Norte,27,Clariana Barao,DC,808,0.048490668
2026-10-04 19:30:36,20261004-193036,AM,Amazonas,Norte,29,Rui Costa Pimenta,PCO,151,0.009061994
2026-10-04 19:30:36,20261004-193036,AM,Amazonas,Norte,30,Zema,NOVO,1612,0.096741283
2026-10-04 19:30:36,20261004-193036,AM,Amazonas,Norte,35,Veterinário Wilson Grassi,DEMOCRATA,259,0.01554342
2026-10-04 19:30:36,20261004-193036,AM,Amazonas,Norte,55,Ronaldo Caiado,PSD,23041,1.382764208
2026-10-04 19:30:36,20261004-193036,AM,Amazonas,Norte,70,Escritor Augusto Cury,AVANTE,65063,3.904639021
2026-10-04 19:30:36,20261004-193036,AM,Amazonas,Norte,80,Samara,UP,1680,0.100822181
2026-10-04 19:30:36,20261004-193036,AP,Amapá,Norte,13,Lula,PT,164796,46.509186352
2026-10-04 19:30:36,20261004-193036,AP,Amapá,Norte,14,Renan Santos,MISSÃO,8393,2.368695849
2026-10-04 19:30:36,20261004-193036,AP,Amapá,Norte,16,Hertz Dias,PSTU,95,0.026811165
2026-10-04 19:30:36,20261004-193036,AP,Amapá,Norte,21,Edmilson Costa,PCB,42,0.011853357
2026-10-04 19:30:36,20261004-193036,AP,Amapá,Norte,22,Flavio Bolsonaro,PL,159349,44.971918833
2026-10-04 19:30:36,20261004-193036,AP,Amapá,Norte,27,Clariana Barao,DC,176,0.04967121
2026-10-04 19:30:36,20261004-193036,AP,Amapá,Norte,29,Rui Costa Pimenta,PCO,41,0.011571134
2026-10-04 19:30:36,20261004-193036,AP,Amapá,Norte,30,Zema,NOVO,257,0.072531256
2026-10-04 19:30:36,20261004-193036,AP,Amapá,Norte,35,Veterinário Wilson Grassi,DEMOCRATA,37,0.010442243
2026-10-04 19:30:36,20261004-193036,AP,Amapá,Norte,55,Ronaldo Caiado,PSD,6193,1.747805718
2026-10-04 19:30:36,20261004-193036,AP,Amapá,Norte,70,Escritor Augusto Cury,AVANTE,14568,4.111421556
2026-10-04 19:30:36,20261004-193036,AP,Amapá,Norte,80,Samara,UP,383,0.108091327
2026-10-04 19:30:36,20261004-193036,BA,Bahia,Nordeste,13,Lula,PT,3445739,64.981281107
2026-10-04 19:30:36,20261004-193036,BA,Bahia,Nordeste,14,Renan Santos,MISSÃO,78062,1.472127972
2026-10-04 19:30:36,20261004-193036,BA,Bahia,Nordeste,16,Hertz Dias,PSTU,1190,0.02244155
2026-10-04 19:30:36,20261004-193036,BA,Bahia,Nordeste,21,Edmilson Costa,PCB,805,0.015181049
2026-10-04 19:30:36,20261004-193036,BA,Bahia,Nordeste,22,Flavio Bolsonaro,PL,1561840,29.453874505
2026-10-04 19:30:36,20261004-193036,BA,Bahia,Nordeste,27,Clariana Barao,DC,1106,0.020857441
2026-10-04 19:30:36,20261004-193036,BA,Bahia,Nordeste,29,Rui Costa Pimenta,PCO,534,0.01007041
2026-10-04 19:30:36,20261004-193036,BA,Bahia,Nordeste,30,Zema,NOVO,4519,0.085221315
2026-10-04 19:30:36,20261004-193036,BA,Bahia,Nordeste,35,Veterinário Wilson Grassi,DEMOCRATA,404,0.007618812
2026-10-04 19:30:36,20261004-193036,BA,Bahia,Nordeste,55,Ronaldo Caiado,PSD,80942,1.526440295
2026-10-04 19:30:36,20261004-193036,BA,Bahia,Nordeste,70,Escritor Augusto Cury,AVANTE,124352,2.345085414
2026-10-04 19:30:36,20261004-193036,BA,Bahia,Nordeste,80,Samara,UP,3171,0.059800131
2026-10-04 19:30:36,20261004-193036,CE,Ceará,Nordeste,13,Lula,PT,2220339,61.588439562
2026-10-04 19:30:36,20261004-193036,CE,Ceará,Nordeste,14,Renan Santos,MISSÃO,74436,2.064728443
2026-10-04 19:30:36,20261004-193036,CE,Ceará,Nordeste,16,Hertz Dias,PSTU,1049,0.029097482
2026-10-04 19:30:36,20261004-193036,CE,Ceará,Nordeste,21,Edmilson Costa,PCB,528,0.014645825
2026-10-04 19:30:36,20261004-193036,CE,Ceará,Nordeste,22,Flavio Bolsonaro,PL,1175901,32.617500152
2026-10-04 19:30:36,20261004-193036,CE,Ceará,Nordeste,27,Clariana Barao,DC,733,0.020332177
2026-10-04 19:30:36,20261004-193036,CE,Ceará,Nordeste,29,Rui Costa Pimenta,PCO,354,0.00981936
2026-10-04 19:30:36,20261004-193036,CE,Ceará,Nordeste,30,Zema,NOVO,3319,0.092063433
2026-10-04 19:30:36,20261004-193036,CE,Ceará,Nordeste,35,Veterinário Wilson Grassi,DEMOCRATA,336,0.00932007
2026-10-04 19:30:36,20261004-193036,CE,Ceará,Nordeste,55,Ronaldo Caiado,PSD,31632,0.877418052
2026-10-04 19:30:36,20261004-193036,CE,Ceará,Nordeste,70,Escritor Augusto Cury,AVANTE,94025,2.608094093
2026-10-04 19:30:36,20261004-193036,CE,Ceará,Nordeste,80,Samara,UP,2471,0.068541351
2026-10-04 19:30:36,20261004-193036,DF,Distrito Federal,Centro-Oeste,13,Lula,PT,671687,38.135389213
2026-10-04 19:30:36,20261004-193036,DF,Distrito Federal,Centro-Oeste,14,Renan Santos,MISSÃO,46411,2.635009385
2026-10-04 19:30:36,20261004-193036,DF,Distrito Federal,Centro-Oeste,16,Hertz Dias,PSTU,826,0.046896592
2026-10-04 19:30:36,20261004-193036,DF,Distrito Federal,Centro-Oeste,21,Edmilson Costa,PCB,334,0.018963029
2026-10-04 19:30:36,20261004-193036,DF,Distrito Federal,Centro-Oeste,22,Flavio Bolsonaro,PL,903220,51.280799309
2026-10-04 19:30:36,20261004-193036,DF,Distrito Federal,Centro-Oeste,27,Clariana Barao,DC,710,0.04031063
2026-10-04 19:30:36,20261004-193036,DF,Distrito Federal,Centro-Oeste,29,Rui Costa Pimenta,PCO,380,0.021574704
2026-10-04 19:30:36,20261004-193036,DF,Distrito Federal,Centro-Oeste,30,Zema,NOVO,4898,0.278086574
2026-10-04 19:30:36,20261004-193036,DF,Distrito Federal,Centro-Oeste,35,Veterinário Wilson Grassi,DEMOCRATA,322,0.018281722
2026-10-04 19:30:36,20261004-193036,DF,Distrito Federal,Centro-Oeste,55,Ronaldo Caiado,PSD,84557,4.800768968
2026-10-04 19:30:36,20261004-193036,DF,Distrito Federal,Centro-Oeste,70,Escritor Augusto Cury,AVANTE,45695,2.594358101
2026-10-04 19:30:36,20261004-193036,DF,Distrito Federal,Centro-Oeste,80,Samara,UP,2282,0.129561772
2026-10-04 19:30:36,20261004-193036,ES,Espírito Santo,Sudeste,13,Lula,PT,835729,37.656051816
2026-10-04 19:30:36,20261004-193036,ES,Espírito Santo,Sudeste,14,Renan Santos,MISSÃO,52541,2.367378203
2026-10-04 19:30:36,20261004-193036,ES,Espírito Santo,Sudeste,16,Hertz Dias,PSTU,630,0.02838637
2026-10-04 19:30:36,20261004-193036,ES,Espírito Santo,Sudeste,21,Edmilson Costa,PCB,378,0.017031822
2026-10-04 19:30:36,20261004-193036,ES,Espírito Santo,Sudeste,22,Flavio Bolsonaro,PL,1217989,54.879819769
2026-10-04 19:30:36,20261004-193036,ES,Espírito Santo,Sudeste,27,Clariana Barao,DC,959,0.043210363
2026-10-04 19:30:36,20261004-193036,ES,Espírito Santo,Sudeste,29,Rui Costa Pimenta,PCO,242,0.010903971
2026-10-04 19:30:36,20261004-193036,ES,Espírito Santo,Sudeste,30,Zema,NOVO,5814,0.261965643
2026-10-04 19:30:36,20261004-193036,ES,Espírito Santo,Sudeste,35,Veterinário Wilson Grassi,DEMOCRATA,309,0.013922839
2026-10-04 19:30:36,20261004-193036,ES,Espírito Santo,Sudeste,55,Ronaldo Caiado,PSD,38578,1.738237116
2026-10-04 19:30:36,20261004-193036,ES,Espírito Santo,Sudeste,70,Escritor Augusto Cury,AVANTE,64270,2.895860321
2026-10-04 19:30:36,20261004-193036,ES,Espírito Santo,Sudeste,80,Samara,UP,1936,0.087231766
2026-10-04 19:30:36,20261004-193036,GO,Goiás,Centro-Oeste,13,Lula,PT,1046749,30.555198782
2026-10-04 19:30:36,20261004-193036,GO,Goiás,Centro-Oeste,14,Renan Santos,MISSÃO,49212,1.436526276
2026-10-04 19:30:36,20261004-193036,GO,Goiás,Centro-Oeste,16,Hertz Dias,PSTU,596,0.017397579
2026-10-04 19:30:36,20261004-193036,GO,Goiás,Centro-Oeste,21,Edmilson Costa,PCB,416,0.012143277
2026-10-04 19:30:36,20261004-193036,GO,Goiás,Centro-Oeste,22,Flavio Bolsonaro,PL,1854009,54.119577414
2026-10-04 19:30:36,20261004-193036,GO,Goiás,Centro-Oeste,27,Clariana Barao,DC,513,0.014974762
2026-10-04 19:30:36,20261004-193036,GO,Goiás,Centro-Oeste,29,Rui Costa Pimenta,PCO,244,0.007122499
2026-10-04 19:30:36,20261004-193036,GO,Goiás,Centro-Oeste,30,Zema,NOVO,2480,0.072392611
2026-10-04 19:30:36,20261004-193036,GO,Goiás,Centro-Oeste,35,Veterinário Wilson Grassi,DEMOCRATA,313,0.009136648
2026-10-04 19:30:36,20261004-193036,GO,Goiás,Centro-Oeste,55,Ronaldo Caiado,PSD,420381,12.271160535
2026-10-04 19:30:36,20261004-193036,GO,Goiás,Centro-Oeste,70,Escritor Augusto Cury,AVANTE,48948,1.428819965
2026-10-04 19:30:36,20261004-193036,GO,Goiás,Centro-Oeste,80,Samara,UP,1903,0.055549653
2026-10-04 19:30:36,20261004-193036,MA,Maranhão,Nordeste,13,Lula,PT,1774585,62.541079715
2026-10-04 19:30:36,20261004-193036,MA,Maranhão,Nordeste,14,Renan Santos,MISSÃO,43615,1.537108221
2026-10-04 19:30:36,20261004-193036,MA,Maranhão,Nordeste,16,Hertz Dias,PSTU,1140,0.040176622
2026-10-04 19:30:36,20261004-193036,MA,Maranhão,Nordeste,21,Edmilson Costa,PCB,336,0.011841531
2026-10-04 19:30:36,20261004-193036,MA,Maranhão,Nordeste,22,Flavio Bolsonaro,PL,913686,32.200716765
2026-10-04 19:30:36,20261004-193036,MA,Maranhão,Nordeste,27,Clariana Barao,DC,636,0.022414326
2026-10-04 19:30:36,20261004-193036,MA,Maranhão,Nordeste,29,Rui Costa Pimenta,PCO,168,0.005920765
2026-10-04 19:30:36,20261004-193036,MA,Maranhão,Nordeste,30,Zema,NOVO,3360,0.118415307
2026-10-04 19:30:36,20261004-193036,MA,Maranhão,Nordeste,35,Veterinário Wilson Grassi,DEMOCRATA,207,0.007295229
2026-10-04 19:30:36,20261004-193036,MA,Maranhão,Nordeste,55,Ronaldo Caiado,PSD,36719,1.2940749
2026-10-04 19:30:36,20261004-193036,MA,Maranhão,Nordeste,70,Escritor Augusto Cury,AVANTE,61714,2.17496496
2026-10-04 19:30:36,20261004-193036,MA,Maranhão,Nordeste,80,Samara,UP,1305,0.045991659
2026-10-04 19:30:36,20261004-193036,MG,Minas Gerais,Sudeste,13,Lula,PT,3979196,42.413346574
2026-10-04 19:30:36,20261004-193036,MG,Minas Gerais,Sudeste,14,Renan Santos,MISSÃO,200951,2.141891077
2026-10-04 19:30:36,20261004-193036,MG,Minas Gerais,Sudeste,16,Hertz Dias,PSTU,3449,0.036762108
2026-10-04 19:30:36,20261004-193036,MG,Minas Gerais,Sudeste,21,Edmilson Costa,PCB,1798,0.019164474
2026-10-04 19:30:36,20261004-193036,MG,Minas Gerais,Sudeste,22,Flavio Bolsonaro,PL,4589434,48.917734844
2026-10-04 19:30:36,20261004-193036,MG,Minas Gerais,Sudeste,27,Clariana Barao,DC,2775,0.029578095
2026-10-04 19:30:36,20261004-193036,MG,Minas Gerais,Sudeste,29,Rui Costa Pimenta,PCO,1217,0.012971727
2026-10-04 19:30:36,20261004-193036,MG,Minas Gerais,Sudeste,30,Zema,NOVO,81041,0.863797616
2026-10-04 19:30:36,20261004-193036,MG,Minas Gerais,Sudeste,35,Veterinário Wilson Grassi,DEMOCRATA,1423,0.015167434
2026-10-04 19:30:36,20261004-193036,MG,Minas Gerais,Sudeste,55,Ronaldo Caiado,PSD,185812,1.980527914
2026-10-04 19:30:36,20261004-193036,MG,Minas Gerais,Sudeste,70,Escritor Augusto Cury,AVANTE,325602,3.470517781
2026-10-04 19:30:36,20261004-193036,MG,Minas Gerais,Sudeste,80,Samara,UP,9245,0.098540356
2026-10-04 19:30:36,20261004-193036,MS,Mato Grosso do Sul,Centro-Oeste,13,Lula,PT,506961,34.363341323
2026-10-04 19:30:36,20261004-193036,MS,Mato Grosso do Sul,Centro-Oeste,14,Renan Santos,MISSÃO,31730,2.150754832
2026-10-04 19:30:36,20261004-193036,MS,Mato Grosso do Sul,Centro-Oeste,16,Hertz Dias,PSTU,353,0.023927402
2026-10-04 19:30:36,20261004-193036,MS,Mato Grosso do Sul,Centro-Oeste,21,Edmilson Costa,PCB,331,0.022436176
2026-10-04 19:30:36,20261004-193036,MS,Mato Grosso do Sul,Centro-Oeste,22,Flavio Bolsonaro,PL,868660,58.880387393
2026-10-04 19:30:36,20261004-193036,MS,Mato Grosso do Sul,Centro-Oeste,27,Clariana Barao,DC,626,0.042432163
2026-10-04 19:30:36,20261004-193036,MS,Mato Grosso do Sul,Centro-Oeste,29,Rui Costa Pimenta,PCO,183,0.01240429
2026-10-04 19:30:36,20261004-193036,MS,Mato Grosso do Sul,Centro-Oeste,30,Zema,NOVO,2777,0.188233412
2026-10-04 19:30:36,20261004-193036,MS,Mato Grosso do Sul,Centro-Oeste,35,Veterinário Wilson Grassi,DEMOCRATA,208,0.014098866
2026-10-04 19:30:36,20261004-193036,MS,Mato Grosso do Sul,Centro-Oeste,55,Ronaldo Caiado,PSD,23205,1.572904692
2026-10-04 19:30:36,20261004-193036,MS,Mato Grosso do Sul,Centro-Oeste,70,Escritor Augusto Cury,AVANTE,38972,2.641639373
2026-10-04 19:30:36,20261004-193036,MS,Mato Grosso do Sul,Centro-Oeste,80,Samara,UP,1290,0.08744008
2026-10-04 19:30:36,20261004-193036,MT,Mato Grosso,Centro-Oeste,13,Lula,PT,543894,28.919256481
2026-10-04 19:30:36,20261004-193036,MT,Mato Grosso,Centro-Oeste,14,Renan Santos,MISSÃO,31650,1.682854504
2026-10-04 19:30:36,20261004-193036,MT,Mato Grosso,Centro-Oeste,16,Hertz Dias,PSTU,325,0.017280496
2026-10-04 19:30:36,20261004-193036,MT,Mato Grosso,Centro-Oeste,21,Edmilson Costa,PCB,224,0.01191025
2026-10-04 19:30:36,20261004-193036,MT,Mato Grosso,Centro-Oeste,22,Flavio Bolsonaro,PL,1229168,65.355794789
2026-10-04 19:30:36,20261004-193036,MT,Mato Grosso,Centro-Oeste,27,Clariana Barao,DC,1793,0.09533517
2026-10-04 19:30:36,20261004-193036,MT,Mato Grosso,Centro-Oeste,29,Rui Costa Pimenta,PCO,123,0.006540003
2026-10-04 19:30:36,20261004-193036,MT,Mato Grosso,Centro-Oeste,30,Zema,NOVO,2328,0.123781526
2026-10-04 19:30:36,20261004-193036,MT,Mato Grosso,Centro-Oeste,35,Veterinário Wilson Grassi,DEMOCRATA,161,0.008560492
2026-10-04 19:30:36,20261004-193036,MT,Mato Grosso,Centro-Oeste,55,Ronaldo Caiado,PSD,31409,1.670040351
2026-10-04 19:30:36,20261004-193036,MT,Mato Grosso,Centro-Oeste,70,Escritor Augusto Cury,AVANTE,38142,2.028039068
2026-10-04 19:30:36,20261004-193036,MT,Mato Grosso,Centro-Oeste,80,Samara,UP,1516,0.08060687
2026-10-04 19:30:36,20261004-193036,PA,Pará,Norte,13,Lula,PT,1886791,48.261016919
2026-10-04 19:30:36,20261004-193036,PA,Pará,Norte,14,Renan Santos,MISSÃO,72368,1.85105466
2026-10-04 19:30:36,20261004-193036,PA,Pará,Norte,16,Hertz Dias,PSTU,936,0.023941344
2026-10-04 19:30:36,20261004-193036,PA,Pará,Norte,21,Edmilson Costa,PCB,552,0.014119254
2026-10-04 19:30:36,20261004-193036,PA,Pará,Norte,22,Flavio Bolsonaro,PL,1791307,45.81869292
2026-10-04 19:30:36,20261004-193036,PA,Pará,Norte,27,Clariana Barao,DC,1129,0.028877967
2026-10-04 19:30:36,20261004-193036,PA,Pará,Norte,29,Rui Costa Pimenta,PCO,268,0.006855
2026-10-04 19:30:36,20261004-193036,PA,Pará,Norte,30,Zema,NOVO,2677,0.068473266
2026-10-04 19:30:36,20261004-193036,PA,Pará,Norte,35,Veterinário Wilson Grassi,DEMOCRATA,394,0.010077873
2026-10-04 19:30:36,20261004-193036,PA,Pará,Norte,55,Ronaldo Caiado,PSD,44215,1.130947128
2026-10-04 19:30:36,20261004-193036,PA,Pará,Norte,70,Escritor Augusto Cury,AVANTE,105528,2.699233033
2026-10-04 19:30:36,20261004-193036,PA,Pará,Norte,80,Samara,UP,3390,0.086710636
2026-10-04 19:30:36,20261004-193036,PB,Paraíba,Nordeste,13,Lula,PT,1494372,61.195972882
2026-10-04 19:30:36,20261004-193036,PB,Paraíba,Nordeste,14,Renan Santos,MISSÃO,41328,1.69242141
2026-10-04 19:30:36,20261004-193036,PB,Paraíba,Nordeste,16,Hertz Dias,PSTU,610,0.024980088
2026-10-04 19:30:36,20261004-193036,PB,Paraíba,Nordeste,21,Edmilson Costa,PCB,338,0.013841426
2026-10-04 19:30:36,20261004-193036,PB,Paraíba,Nordeste,22,Flavio Bolsonaro,PL,809675,33.156971185
2026-10-04 19:30:36,20261004-193036,PB,Paraíba,Nordeste,27,Clariana Barao,DC,590,0.024161068
2026-10-04 19:30:36,20261004-193036,PB,Paraíba,Nordeste,29,Rui Costa Pimenta,PCO,269,0.011015809
2026-10-04 19:30:36,20261004-193036,PB,Paraíba,Nordeste,30,Zema,NOVO,1945,0.079649624
2026-10-04 19:30:36,20261004-193036,PB,Paraíba,Nordeste,35,Veterinário Wilson Grassi,DEMOCRATA,213,0.008722555
2026-10-04 19:30:36,20261004-193036,PB,Paraíba,Nordeste,55,Ronaldo Caiado,PSD,19087,0.781631036
2026-10-04 19:30:36,20261004-193036,PB,Paraíba,Nordeste,70,Escritor Augusto Cury,AVANTE,71960,2.946831317
2026-10-04 19:30:36,20261004-193036,PB,Paraíba,Nordeste,80,Samara,UP,1558,0.063801601
2026-10-04 19:30:36,20261004-193036,PE,Pernambuco,Nordeste,13,Lula,PT,2429428,62.496170244
2026-10-04 19:30:36,20261004-193036,PE,Pernambuco,Nordeste,14,Renan Santos,MISSÃO,61250,1.57563444
2026-10-04 19:30:36,20261004-193036,PE,Pernambuco,Nordeste,16,Hertz Dias,PSTU,856,0.022020295
2026-10-04 19:30:36,20261004-193036,PE,Pernambuco,Nordeste,21,Edmilson Costa,PCB,472,0.012142032
2026-10-04 19:30:36,20261004-193036,PE,Pernambuco,Nordeste,22,Flavio Bolsonaro,PL,1239376,31.88250629
2026-10-04 19:30:36,20261004-193036,PE,Pernambuco,Nordeste,27,Clariana Barao,DC,649,0.016695294
2026-10-04 19:30:36,20261004-193036,PE,Pernambuco,Nordeste,29,Rui Costa Pimenta,PCO,310,0.00797464
2026-10-04 19:30:36,20261004-193036,PE,Pernambuco,Nordeste,30,Zema,NOVO,4687,0.120571406
2026-10-04 19:30:36,20261004-193036,PE,Pernambuco,Nordeste,35,Veterinário Wilson Grassi,DEMOCRATA,326,0.008386234
2026-10-04 19:30:36,20261004-193036,PE,Pernambuco,Nordeste,55,Ronaldo Caiado,PSD,51902,1.335160469
2026-10-04 19:30:36,20261004-193036,PE,Pernambuco,Nordeste,70,Escritor Augusto Cury,AVANTE,96314,2.477643355
2026-10-04 19:30:36,20261004-193036,PE,Pernambuco,Nordeste,80,Samara,UP,1753,0.045095301
2026-10-04 19:30:36,20261004-193036,PI,Piauí,Nordeste,13,Lula,PT,1237444,70.200786171
2026-10-04 19:30:36,20261004-193036,PI,Piauí,Nordeste,14,Renan Santos,MISSÃO,27536,1.562130365
2026-10-04 19:30:36,20261004-193036,PI,Piauí,Nordeste,16,Hertz Dias,PSTU,385,0.021841233
2026-10-04 19:30:36,20261004-193036,PI,Piauí,Nordeste,21,Edmilson Costa,PCB,254,0.014409541
2026-10-04 19:30:36,20261004-193036,PI,Piauí,Nordeste,22,Flavio Bolsonaro,PL,435893,24.728417033
2026-10-04 19:30:36,20261004-193036,PI,Piauí,Nordeste,27,Clariana Barao,DC,422,0.023940261
2026-10-04 19:30:36,20261004-193036,PI,Piauí,Nordeste,29,Rui Costa Pimenta,PCO,124,0.007034579
2026-10-04 19:30:36,20261004-193036,PI,Piauí,Nordeste,30,Zema,NOVO,1200,0.06807657
2026-10-04 19:30:36,20261004-193036,PI,Piauí,Nordeste,35,Veterinário Wilson Grassi,DEMOCRATA,156,0.008849954
2026-10-04 19:30:36,20261004-193036,PI,Piauí,Nordeste,55,Ronaldo Caiado,PSD,18194,1.032154266
2026-10-04 19:30:36,20261004-193036,PI,Piauí,Nordeste,70,Escritor Augusto Cury,AVANTE,40165,2.278579537
2026-10-04 19:30:36,20261004-193036,PI,Piauí,Nordeste,80,Samara,UP,948,0.053780491
2026-10-04 19:30:36,20261004-193036,PR,Paraná,Sul,13,Lula,PT,2025471,31.10819402
2026-10-04 19:30:36,20261004-193036,PR,Paraná,Sul,14,Renan Santos,MISSÃO,176208,2.706290365
2026-10-04 19:30:36,20261004-193036,PR,Paraná,Sul,16,Hertz Dias,PSTU,2046,0.031423489
2026-10-04 19:30:36,20261004-193036,PR,Paraná,Sul,21,Edmilson Costa,PCB,1176,0.018061595
2026-10-04 19:30:36,20261004-193036,PR,Paraná,Sul,22,Flavio Bolsonaro,PL,3905079,59.976151323
2026-10-04 19:30:36,20261004-193036,PR,Paraná,Sul,27,Clariana Barao,DC,2431,0.037336511
2026-10-04 19:30:36,20261004-193036,PR,Paraná,Sul,29,Rui Costa Pimenta,PCO,911,0.013991592
2026-10-04 19:30:36,20261004-193036,PR,Paraná,Sul,30,Zema,NOVO,17067,0.2621235
2026-10-04 19:30:36,20261004-193036,PR,Paraná,Sul,35,Veterinário Wilson Grassi,DEMOCRATA,958,0.014713442
2026-10-04 19:30:36,20261004-193036,PR,Paraná,Sul,55,Ronaldo Caiado,PSD,169712,2.606521556
2026-10-04 19:30:36,20261004-193036,PR,Paraná,Sul,70,Escritor Augusto Cury,AVANTE,203295,3.122306023
2026-10-04 19:30:36,20261004-193036,PR,Paraná,Sul,80,Samara,UP,6699,0.102886584
2026-10-04 19:30:36,20261004-193036,RJ,Rio de Janeiro,Sudeste,13,Lula,PT,2461041,39.106694665
2026-10-04 19:30:36,20261004-193036,RJ,Rio de Janeiro,Sudeste,14,Renan Santos,MISSÃO,137961,2.192242511
2026-10-04 19:30:36,20261004-193036,RJ,Rio de Janeiro,Sudeste,16,Hertz Dias,PSTU,2638,0.041918627
2026-10-04 19:30:36,20261004-193036,RJ,Rio de Janeiro,Sudeste,21,Edmilson Costa,PCB,1954,0.031049658
2026-10-04 19:30:36,20261004-193036,RJ,Rio de Janeiro,Sudeste,22,Flavio Bolsonaro,PL,3361400,53.413674721
2026-10-04 19:30:36,20261004-193036,RJ,Rio de Janeiro,Sudeste,27,Clariana Barao,DC,2699,0.042887936
2026-10-04 19:30:36,20261004-193036,RJ,Rio de Janeiro,Sudeste,29,Rui Costa Pimenta,PCO,1220,0.019386173
2026-10-04 19:30:36,20261004-193036,RJ,Rio de Janeiro,Sudeste,30,Zema,NOVO,15056,0.239244448
2026-10-04 19:30:36,20261004-193036,RJ,Rio de Janeiro,Sudeste,35,Veterinário Wilson Grassi,DEMOCRATA,1267,0.020133018
2026-10-04 19:30:36,20261004-193036,RJ,Rio de Janeiro,Sudeste,55,Ronaldo Caiado,PSD,132780,2.109914836
2026-10-04 19:30:36,20261004-193036,RJ,Rio de Janeiro,Sudeste,70,Escritor Augusto Cury,AVANTE,165931,2.636694371
2026-10-04 19:30:36,20261004-193036,RJ,Rio de Janeiro,Sudeste,80,Samara,UP,9198,0.146159035
2026-10-04 19:30:36,20261004-193036,RN,Rio Grande do Norte,Nordeste,13,Lula,PT,975745,59.736868688
2026-10-04 19:30:36,20261004-193036,RN,Rio Grande do Norte,Nordeste,14,Renan Santos,MISSÃO,28029,1.715985931
2026-10-04 19:30:36,20261004-193036,RN,Rio Grande do Norte,Nordeste,16,Hertz Dias,PSTU,445,0.027243703
2026-10-04 19:30:36,20261004-193036,RN,Rio Grande do Norte,Nordeste,21,Edmilson Costa,PCB,249,0.015244229
2026-10-04 19:30:36,20261004-193036,RN,Rio Grande do Norte,Nordeste,22,Flavio Bolsonaro,PL,567745,34.758372847
2026-10-04 19:30:36,20261004-193036,RN,Rio Grande do Norte,Nordeste,27,Clariana Barao,DC,324,0.019835864
2026-10-04 19:30:36,20261004-193036,RN,Rio Grande do Norte,Nordeste,29,Rui Costa Pimenta,PCO,141,0.008632274
2026-10-04 19:30:36,20261004-193036,RN,Rio Grande do Norte,Nordeste,30,Zema,NOVO,1229,0.075241597
2026-10-04 19:30:36,20261004-193036,RN,Rio Grande do Norte,Nordeste,35,Veterinário Wilson Grassi,DEMOCRATA,149,0.009122049
2026-10-04 19:30:36,20261004-193036,RN,Rio Grande do Norte,Nordeste,55,Ronaldo Caiado,PSD,13151,0.805127938
2026-10-04 19:30:36,20261004-193036,RN,Rio Grande do Norte,Nordeste,70,Escritor Augusto Cury,AVANTE,45214,2.768082625
2026-10-04 19:30:36,20261004-193036,RN,Rio Grande do Norte,Nordeste,80,Samara,UP,984,0.060242255
2026-10-04 19:30:36,20261004-193036,RO,Rondônia,Norte,13,Lula,PT,244615,26.014320824
2026-10-04 19:30:36,20261004-193036,RO,Rondônia,Norte,14,Renan Santos,MISSÃO,18738,1.992749192
2026-10-04 19:30:36,20261004-193036,RO,Rondônia,Norte,16,Hertz Dias,PSTU,174,0.018504555
2026-10-04 19:30:36,20261004-193036,RO,Rondônia,Norte,21,Edmilson Costa,PCB,157,0.016696639
2026-10-04 19:30:36,20261004-193036,RO,Rondônia,Norte,22,Flavio Bolsonaro,PL,632905,67.30819337
2026-10-04 19:30:36,20261004-193036,RO,Rondônia,Norte,27,Clariana Barao,DC,350,0.037221807
2026-10-04 19:30:36,20261004-193036,RO,Rondônia,Norte,29,Rui Costa Pimenta,PCO,59,0.006274533
2026-10-04 19:30:36,20261004-193036,RO,Rondônia,Norte,30,Zema,NOVO,1285,0.136657205
2026-10-04 19:30:36,20261004-193036,RO,Rondônia,Norte,35,Veterinário Wilson Grassi,DEMOCRATA,97,0.010315758
2026-10-04 19:30:36,20261004-193036,RO,Rondônia,Norte,55,Ronaldo Caiado,PSD,16398,1.743894826
2026-10-04 19:30:36,20261004-193036,RO,Rondônia,Norte,70,Escritor Augusto Cury,AVANTE,24697,2.626477041
2026-10-04 19:30:36,20261004-193036,RO,Rondônia,Norte,80,Samara,UP,834,0.088694248
2026-10-04 19:30:36,20261004-193036,RR,Roraima,Norte,13,Lula,PT,71489,22.397987317
2026-10-04 19:30:36,20261004-193036,RR,Roraima,Norte,14,Renan Santos,MISSÃO,6562,2.055918991
2026-10-04 19:30:36,20261004-193036,RR,Roraima,Norte,16,Hertz Dias,PSTU,60,0.018798406
2026-10-04 19:30:36,20261004-193036,RR,Roraima,Norte,21,Edmilson Costa,PCB,42,0.013158884
2026-10-04 19:30:36,20261004-193036,RR,Roraima,Norte,22,Flavio Bolsonaro,PL,228064,71.453994035
2026-10-04 19:30:36,20261004-193036,RR,Roraima,Norte,27,Clariana Barao,DC,167,0.05232223
2026-10-04 19:30:36,20261004-193036,RR,Roraima,Norte,29,Rui Costa Pimenta,PCO,34,0.01065243
2026-10-04 19:30:36,20261004-193036,RR,Roraima,Norte,30,Zema,NOVO,334,0.104644459
2026-10-04 19:30:36,20261004-193036,RR,Roraima,Norte,35,Veterinário Wilson Grassi,DEMOCRATA,41,0.012845577
2026-10-04 19:30:36,20261004-193036,RR,Roraima,Norte,55,Ronaldo Caiado,PSD,3606,1.129784194
2026-10-04 19:30:36,20261004-193036,RR,Roraima,Norte,70,Escritor Augusto Cury,AVANTE,8500,2.663107502
2026-10-04 19:30:36,20261004-193036,RR,Roraima,Norte,80,Samara,UP,277,0.086785974
2026-10-04 19:30:36,20261004-193036,RS,Rio Grande do Sul,Sul,13,Lula,PT,2228521,35.804049185
2026-10-04 19:30:36,20261004-193036,RS,Rio Grande do Sul,Sul,14,Renan Santos,MISSÃO,163165,2.621455075
2026-10-04 19:30:36,20261004-193036,RS,Rio Grande do Sul,Sul,16,Hertz Dias,PSTU,2105,0.033819526
2026-10-04 19:30:36,20261004-193036,RS,Rio Grande do Sul,Sul,21,Edmilson Costa,PCB,997,0.016018084
2026-10-04 19:30:36,20261004-193036,RS,Rio Grande do Sul,Sul,22,Flavio Bolsonaro,PL,3456843,55.538618123
2026-10-04 19:30:36,20261004-193036,RS,Rio Grande do Sul,Sul,27,Clariana Barao,DC,2028,0.032582422
2026-10-04 19:30:36,20261004-193036,RS,Rio Grande do Sul,Sul,29,Rui Costa Pimenta,PCO,1020,0.016387609
2026-10-04 19:30:36,20261004-193036,RS,Rio Grande do Sul,Sul,30,Zema,NOVO,18526,0.29764396
2026-10-04 19:30:36,20261004-193036,RS,Rio Grande do Sul,Sul,35,Veterinário Wilson Grassi,DEMOCRATA,915,0.014700649
2026-10-04 19:30:36,20261004-193036,RS,Rio Grande do Sul,Sul,55,Ronaldo Caiado,PSD,153493,2.466061985
2026-10-04 19:30:36,20261004-193036,RS,Rio Grande do Sul,Sul,70,Escritor Augusto Cury,AVANTE,190085,3.053959415
2026-10-04 19:30:36,20261004-193036,RS,Rio Grande do Sul,Sul,80,Samara,UP,6517,0.104703967
2026-10-04 19:30:36,20261004-193036,SC,Santa Catarina,Sul,13,Lula,PT,1036108,25.093151035
2026-10-04 19:30:36,20261004-193036,SC,Santa Catarina,Sul,14,Renan Santos,MISSÃO,122993,2.978726084
2026-10-04 19:30:36,20261004-193036,SC,Santa Catarina,Sul,16,Hertz Dias,PSTU,1407,0.03407566
2026-10-04 19:30:36,20261004-193036,SC,Santa Catarina,Sul,21,Edmilson Costa,PCB,755,0.018285091
2026-10-04 19:30:36,20261004-193036,SC,Santa Catarina,Sul,22,Flavio Bolsonaro,PL,2747082,66.530654652
2026-10-04 19:30:36,20261004-193036,SC,Santa Catarina,Sul,27,Clariana Barao,DC,1330,0.032210822
2026-10-04 19:30:36,20261004-193036,SC,Santa Catarina,Sul,29,Rui Costa Pimenta,PCO,602,0.014579635
2026-10-04 19:30:36,20261004-193036,SC,Santa Catarina,Sul,30,Zema,NOVO,15868,0.384301753
2026-10-04 19:30:36,20261004-193036,SC,Santa Catarina,Sul,35,Veterinário Wilson Grassi,DEMOCRATA,520,0.012593705
2026-10-04 19:30:36,20261004-193036,SC,Santa Catarina,Sul,55,Ronaldo Caiado,PSD,74132,1.795377965
2026-10-04 19:30:36,20261004-193036,SC,Santa Catarina,Sul,70,Escritor Augusto Cury,AVANTE,123549,2.992191661
2026-10-04 19:30:36,20261004-193036,SC,Santa Catarina,Sul,80,Samara,UP,4701,0.113851937
2026-10-04 19:30:36,20261004-193036,SE,Sergipe,Nordeste,13,Lula,PT,762093,62.017015978
2026-10-04 19:30:36,20261004-193036,SE,Sergipe,Nordeste,14,Renan Santos,MISSÃO,19815,1.612489777
2026-10-04 19:30:36,20261004-193036,SE,Sergipe,Nordeste,16,Hertz Dias,PSTU,312,0.025389695
2026-10-04 19:30:36,20261004-193036,SE,Sergipe,Nordeste,21,Edmilson Costa,PCB,188,0.015298919
2026-10-04 19:30:36,20261004-193036,SE,Sergipe,Nordeste,22,Flavio Bolsonaro,PL,383560,31.213049652
2026-10-04 19:30:36,20261004-193036,SE,Sergipe,Nordeste,27,Clariana Barao,DC,424,0.034503945
2026-10-04 19:30:36,20261004-193036,SE,Sergipe,Nordeste,29,Rui Costa Pimenta,PCO,97,0.007893591
2026-10-04 19:30:36,20261004-193036,SE,Sergipe,Nordeste,30,Zema,NOVO,1085,0.088294293
2026-10-04 19:30:36,20261004-193036,SE,Sergipe,Nordeste,35,Veterinário Wilson Grassi,DEMOCRATA,130,0.01057904
2026-10-04 19:30:36,20261004-193036,SE,Sergipe,Nordeste,55,Ronaldo Caiado,PSD,24203,1.969573054
2026-10-04 19:30:36,20261004-193036,SE,Sergipe,Nordeste,70,Escritor Augusto Cury,AVANTE,36015,2.930800874
2026-10-04 19:30:36,20261004-193036,SE,Sergipe,Nordeste,80,Samara,UP,923,0.075111182
2026-10-04 19:30:36,20261004-193036,SP,São Paulo,Sudeste,13,Lula,PT,8183800,37.910437183
2026-10-04 19:30:36,20261004-193036,SP,São Paulo,Sudeste,14,Renan Santos,MISSÃO,694857,3.218838761
2026-10-04 19:30:36,20261004-193036,SP,São Paulo,Sudeste,16,Hertz Dias,PSTU,13801,0.063931419
2026-10-04 19:30:36,20261004-193036,SP,São Paulo,Sudeste,21,Edmilson Costa,PCB,5288,0.024496003
2026-10-04 19:30:36,20261004-193036,SP,São Paulo,Sudeste,22,Flavio Bolsonaro,PL,11279249,52.249720262
2026-10-04 19:30:36,20261004-193036,SP,São Paulo,Sudeste,27,Clariana Barao,DC,9049,0.041918369
2026-10-04 19:30:36,20261004-193036,SP,São Paulo,Sudeste,29,Rui Costa Pimenta,PCO,3888,0.018010677
2026-10-04 19:30:36,20261004-193036,SP,São Paulo,Sudeste,30,Zema,NOVO,81751,0.378701355
2026-10-04 19:30:36,20261004-193036,SP,São Paulo,Sudeste,35,Veterinário Wilson Grassi,DEMOCRATA,4487,0.02078547
2026-10-04 19:30:36,20261004-193036,SP,São Paulo,Sudeste,55,Ronaldo Caiado,PSD,502044,2.325656483
2026-10-04 19:30:36,20261004-193036,SP,São Paulo,Sudeste,70,Escritor Augusto Cury,AVANTE,772301,3.577588473
2026-10-04 19:30:36,20261004-193036,SP,São Paulo,Sudeste,80,Samara,UP,36680,0.169915545
2026-10-04 19:30:36,20261004-193036,TO,Tocantins,Norte,13,Lula,PT,397126,43.525427444
2026-10-04 19:30:36,20261004-193036,TO,Tocantins,Norte,14,Renan Santos,MISSÃO,12703,1.392262166
2026-10-04 19:30:36,20261004-193036,TO,Tocantins,Norte,16,Hertz Dias,PSTU,99,0.010850504
2026-10-04 19:30:36,20261004-193036,TO,Tocantins,Norte,21,Edmilson Costa,PCB,115,0.012604121
2026-10-04 19:30:36,20261004-193036,TO,Tocantins,Norte,22,Flavio Bolsonaro,PL,459269,50.336365629
2026-10-04 19:30:36,20261004-193036,TO,Tocantins,Norte,27,Clariana Barao,DC,167,0.018303376
2026-10-04 19:30:36,20261004-193036,TO,Tocantins,Norte,29,Rui Costa Pimenta,PCO,62,0.006795265
2026-10-04 19:30:36,20261004-193036,TO,Tocantins,Norte,30,Zema,NOVO,585,0.064116616
2026-10-04 19:30:36,20261004-193036,TO,Tocantins,Norte,35,Veterinário Wilson Grassi,DEMOCRATA,65,0.007124068
2026-10-04 19:30:36,20261004-193036,TO,Tocantins,Norte,55,Ronaldo Caiado,PSD,19829,2.173279263
2026-10-04 19:30:36,20261004-193036,TO,Tocantins,Norte,70,Escritor Augusto Cury,AVANTE,21991,2.410236738
2026-10-04 19:30:36,20261004-193036,TO,Tocantins,Norte,80,Samara,UP,389,0.042634809
2026-10-04 19:30:36,20261004-193036,ZZ,Exterior,Exterior,13,Lula,PT,122963,51.085583714
2026-10-04 19:30:36,20261004-193036,ZZ,Exterior,Exterior,14,Renan Santos,MISSÃO,6579,2.733277939
2026-10-04 19:30:36,20261004-193036,ZZ,Exterior,Exterior,16,Hertz Dias,PSTU,317,0.131699211
2026-10-04 19:30:36,20261004-193036,ZZ,Exterior,Exterior,21,Edmilson Costa,PCB,353,0.146655588
2026-10-04 19:30:36,20261004-193036,ZZ,Exterior,Exterior,22,Flavio Bolsonaro,PL,95108,39.51308683
2026-10-04 19:30:36,20261004-193036,ZZ,Exterior,Exterior,27,Clariana Barao,DC,718,0.298296635
2026-10-04 19:30:36,20261004-193036,ZZ,Exterior,Exterior,29,Rui Costa Pimenta,PCO,154,0.063980058
2026-10-04 19:30:36,20261004-193036,ZZ,Exterior,Exterior,30,Zema,NOVO,2345,0.974241795
2026-10-04 19:30:36,20261004-193036,ZZ,Exterior,Exterior,35,Veterinário Wilson Grassi,DEMOCRATA,271,0.112588284
2026-10-04 19:30:36,20261004-193036,ZZ,Exterior,Exterior,55,Ronaldo Caiado,PSD,3448,1.432488575
2026-10-04 19:30:36,20261004-193036,ZZ,Exterior,Exterior,70,Escritor Augusto Cury,AVANTE,7536,3.130868301
2026-10-04 19:30:36,20261004-193036,ZZ,Exterior,Exterior,80,Samara,UP,908,0.37723307
2026-10-04 19:34:06,20261004-193406,AC,Acre,Norte,13,Lula,PT,131531,28.661673665
2026-10-04 19:34:06,20261004-193406,AC,Acre,Norte,14,Renan Santos,MISSÃO,7842,1.708835521
2026-10-04 19:34:06,20261004-193406,AC,Acre,Norte,16,Hertz Dias,PSTU,69,0.015035661
2026-10-04 19:34:06,20261004-193406,AC,Acre,Norte,21,Edmilson Costa,PCB,138,0.030071321
2026-10-04 19:34:06,20261004-193406,AC,Acre,Norte,22,Flavio Bolsonaro,PL,296503,64.610412958
2026-10-04 19:34:06,20261004-193406,AC,Acre,Norte,27,Clariana Barao,DC,205,0.044671166
2026-10-04 19:34:06,20261004-193406,AC,Acre,Norte,29,Rui Costa Pimenta,PCO,38,0.008280509
2026-10-04 19:34:06,20261004-193406,AC,Acre,Norte,30,Zema,NOVO,559,0.121810642
2026-10-04 19:34:06,20261004-193406,AC,Acre,Norte,35,Veterinário Wilson Grassi,DEMOCRATA,36,0.007844693
2026-10-04 19:34:06,20261004-193406,AC,Acre,Norte,55,Ronaldo Caiado,PSD,8408,1.83217152
2026-10-04 19:34:06,20261004-193406,AC,Acre,Norte,70,Escritor Augusto Cury,AVANTE,13269,2.891422918
2026-10-04 19:34:06,20261004-193406,AC,Acre,Norte,80,Samara,UP,311,0.067769427
2026-10-04 19:34:06,20261004-193406,AL,Alagoas,Nordeste,13,Lula,PT,553945,56.965377243
2026-10-04 19:34:06,20261004-193406,AL,Alagoas,Nordeste,14,Renan Santos,MISSÃO,13159,1.353216292
2026-10-04 19:34:06,20261004-193406,AL,Alagoas,Nordeste,16,Hertz Dias,PSTU,215,0.022109697
2026-10-04 19:34:06,20261004-193406,AL,Alagoas,Nordeste,21,Edmilson Costa,PCB,141,0.014499848
2026-10-04 19:34:06,20261004-193406,AL,Alagoas,Nordeste,22,Flavio Bolsonaro,PL,374648,38.527226806
2026-10-04 19:34:06,20261004-193406,AL,Alagoas,Nordeste,27,Clariana Barao,DC,315,0.032393277
2026-10-04 19:34:06,20261004-193406,AL,Alagoas,Nordeste,29,Rui Costa Pimenta,PCO,49,0.005038954
2026-10-04 19:34:06,20261004-193406,AL,Alagoas,Nordeste,30,Zema,NOVO,560,0.057588048
2026-10-04 19:34:06,20261004-193406,AL,Alagoas,Nordeste,35,Veterinário Wilson Grassi,DEMOCRATA,120,0.012340296
2026-10-04 19:34:06,20261004-193406,AL,Alagoas,Nordeste,55,Ronaldo Caiado,PSD,6652,0.684063742
2026-10-04 19:34:06,20261004-193406,AL,Alagoas,Nordeste,70,Escritor Augusto Cury,AVANTE,22003,2.262696108
2026-10-04 19:34:06,20261004-193406,AL,Alagoas,Nordeste,80,Samara,UP,617,0.063449689
2026-10-04 19:34:06,20261004-193406,AM,Amazonas,Norte,13,Lula,PT,843113,45.642287135
2026-10-04 19:34:06,20261004-193406,AM,Amazonas,Norte,14,Renan Santos,MISSÃO,32364,1.752039146
2026-10-04 19:34:06,20261004-193406,AM,Amazonas,Norte,16,Hertz Dias,PSTU,440,0.02381959
2026-10-04 19:34:06,20261004-193406,AM,Amazonas,Norte,21,Edmilson Costa,PCB,232,0.01255942
2026-10-04 19:34:06,20261004-193406,AM,Amazonas,Norte,22,Flavio Bolsonaro,PL,871095,47.157104815
2026-10-04 19:34:06,20261004-193406,AM,Amazonas,Norte,27,Clariana Barao,DC,863,0.046718878
2026-10-04 19:34:06,20261004-193406,AM,Amazonas,Norte,29,Rui Costa Pimenta,PCO,158,0.008553398
2026-10-04 19:34:06,20261004-193406,AM,Amazonas,Norte,30,Zema,NOVO,1682,0.091055798
2026-10-04 19:34:06,20261004-193406,AM,Amazonas,Norte,35,Veterinário Wilson Grassi,DEMOCRATA,274,0.014833109
2026-10-04 19:34:06,20261004-193406,AM,Amazonas,Norte,55,Ronaldo Caiado,PSD,24999,1.353331684
2026-10-04 19:34:06,20261004-193406,AM,Amazonas,Norte,70,Escritor Augusto Cury,AVANTE,70242,3.802581069
2026-10-04 19:34:06,20261004-193406,AM,Amazonas,Norte,80,Samara,UP,1757,0.095115955
2026-10-04 19:34:06,20261004-193406,AP,Amapá,Norte,13,Lula,PT,172933,46.337267721
2026-10-04 19:34:06,20261004-193406,AP,Amapá,Norte,14,Renan Santos,MISSÃO,8903,2.385552176
2026-10-04 19:34:06,20261004-193406,AP,Amapá,Norte,16,Hertz Dias,PSTU,100,0.026794925
2026-10-04 19:34:06,20261004-193406,AP,Amapá,Norte,21,Edmilson Costa,PCB,45,0.012057716
2026-10-04 19:34:06,20261004-193406,AP,Amapá,Norte,22,Flavio Bolsonaro,PL,168381,45.117562734
2026-10-04 19:34:06,20261004-193406,AP,Amapá,Norte,27,Clariana Barao,DC,183,0.049034713
2026-10-04 19:34:06,20261004-193406,AP,Amapá,Norte,29,Rui Costa Pimenta,PCO,42,0.011253869
2026-10-04 19:34:06,20261004-193406,AP,Amapá,Norte,30,Zema,NOVO,269,0.072078348
2026-10-04 19:34:06,20261004-193406,AP,Amapá,Norte,35,Veterinário Wilson Grassi,DEMOCRATA,38,0.010182072
2026-10-04 19:34:06,20261004-193406,AP,Amapá,Norte,55,Ronaldo Caiado,PSD,6555,1.756407336
2026-10-04 19:34:06,20261004-193406,AP,Amapá,Norte,70,Escritor Augusto Cury,AVANTE,15348,4.112485095
2026-10-04 19:34:06,20261004-193406,AP,Amapá,Norte,80,Samara,UP,408,0.109323294
2026-10-04 19:34:06,20261004-193406,BA,Bahia,Nordeste,13,Lula,PT,3445739,64.981281107
2026-10-04 19:34:06,20261004-193406,BA,Bahia,Nordeste,14,Renan Santos,MISSÃO,78062,1.472127972
2026-10-04 19:34:06,20261004-193406,BA,Bahia,Nordeste,16,Hertz Dias,PSTU,1190,0.02244155
2026-10-04 19:34:06,20261004-193406,BA,Bahia,Nordeste,21,Edmilson Costa,PCB,805,0.015181049
2026-10-04 19:34:06,20261004-193406,BA,Bahia,Nordeste,22,Flavio Bolsonaro,PL,1561840,29.453874505
2026-10-04 19:34:06,20261004-193406,BA,Bahia,Nordeste,27,Clariana Barao,DC,1106,0.020857441
2026-10-04 19:34:06,20261004-193406,BA,Bahia,Nordeste,29,Rui Costa Pimenta,PCO,534,0.01007041
2026-10-04 19:34:06,20261004-193406,BA,Bahia,Nordeste,30,Zema,NOVO,4519,0.085221315
2026-10-04 19:34:06,20261004-193406,BA,Bahia,Nordeste,35,Veterinário Wilson Grassi,DEMOCRATA,404,0.007618812
2026-10-04 19:34:06,20261004-193406,BA,Bahia,Nordeste,55,Ronaldo Caiado,PSD,80942,1.526440295
2026-10-04 19:34:06,20261004-193406,BA,Bahia,Nordeste,70,Escritor Augusto Cury,AVANTE,124352,2.345085414
2026-10-04 19:34:06,20261004-193406,BA,Bahia,Nordeste,80,Samara,UP,3171,0.059800131
2026-10-04 19:34:06,20261004-193406,CE,Ceará,Nordeste,13,Lula,PT,2365098,61.701739108
2026-10-04 19:34:06,20261004-193406,CE,Ceará,Nordeste,14,Renan Santos,MISSÃO,78946,2.059578713
2026-10-04 19:34:06,20261004-193406,CE,Ceará,Nordeste,16,Hertz Dias,PSTU,1099,0.028671206
2026-10-04 19:34:06,20261004-193406,CE,Ceará,Nordeste,21,Edmilson Costa,PCB,552,0.014400824
2026-10-04 19:34:06,20261004-193406,CE,Ceará,Nordeste,22,Flavio Bolsonaro,PL,1246761,32.526061056
2026-10-04 19:34:06,20261004-193406,CE,Ceará,Nordeste,27,Clariana Barao,DC,771,0.020114194
2026-10-04 19:34:06,20261004-193406,CE,Ceará,Nordeste,29,Rui Costa Pimenta,PCO,369,0.009626638
2026-10-04 19:34:06,20261004-193406,CE,Ceará,Nordeste,30,Zema,NOVO,3440,0.089744265
2026-10-04 19:34:06,20261004-193406,CE,Ceará,Nordeste,35,Veterinário Wilson Grassi,DEMOCRATA,358,0.009339665
2026-10-04 19:34:06,20261004-193406,CE,Ceará,Nordeste,55,Ronaldo Caiado,PSD,33420,0.871875973
2026-10-04 19:34:06,20261004-193406,CE,Ceará,Nordeste,70,Escritor Augusto Cury,AVANTE,99683,2.600574885
2026-10-04 19:34:06,20261004-193406,CE,Ceará,Nordeste,80,Samara,UP,2617,0.068273472
2026-10-04 19:34:06,20261004-193406,DF,Distrito Federal,Centro-Oeste,13,Lula,PT,672045,38.123334343
2026-10-04 19:34:06,20261004-193406,DF,Distrito Federal,Centro-Oeste,14,Renan Santos,MISSÃO,46429,2.6337943
2026-10-04 19:34:06,20261004-193406,DF,Distrito Federal,Centro-Oeste,16,Hertz Dias,PSTU,826,0.046856794
2026-10-04 19:34:06,20261004-193406,DF,Distrito Federal,Centro-Oeste,21,Edmilson Costa,PCB,334,0.018946936
2026-10-04 19:34:06,20261004-193406,DF,Distrito Federal,Centro-Oeste,22,Flavio Bolsonaro,PL,904230,51.294574936
2026-10-04 19:34:06,20261004-193406,DF,Distrito Federal,Centro-Oeste,27,Clariana Barao,DC,711,0.040333148
2026-10-04 19:34:06,20261004-193406,DF,Distrito Federal,Centro-Oeste,29,Rui Costa Pimenta,PCO,380,0.021556394
2026-10-04 19:34:06,20261004-193406,DF,Distrito Federal,Centro-Oeste,30,Zema,NOVO,4898,0.277850578
2026-10-04 19:34:06,20261004-193406,DF,Distrito Federal,Centro-Oeste,35,Veterinário Wilson Grassi,DEMOCRATA,322,0.018266208
2026-10-04 19:34:06,20261004-193406,DF,Distrito Federal,Centro-Oeste,55,Ronaldo Caiado,PSD,84648,4.801857027
2026-10-04 19:34:06,20261004-193406,DF,Distrito Federal,Centro-Oeste,70,Escritor Augusto Cury,AVANTE,45711,2.59306406
2026-10-04 19:34:06,20261004-193406,DF,Distrito Federal,Centro-Oeste,80,Samara,UP,2284,0.129565276
2026-10-04 19:34:06,20261004-193406,ES,Espírito Santo,Sudeste,13,Lula,PT,835729,37.656051816
2026-10-04 19:34:06,20261004-193406,ES,Espírito Santo,Sudeste,14,Renan Santos,MISSÃO,52541,2.367378203
2026-10-04 19:34:06,20261004-193406,ES,Espírito Santo,Sudeste,16,Hertz Dias,PSTU,630,0.02838637
2026-10-04 19:34:06,20261004-193406,ES,Espírito Santo,Sudeste,21,Edmilson Costa,PCB,378,0.017031822
2026-10-04 19:34:06,20261004-193406,ES,Espírito Santo,Sudeste,22,Flavio Bolsonaro,PL,1217989,54.879819769
2026-10-04 19:34:06,20261004-193406,ES,Espírito Santo,Sudeste,27,Clariana Barao,DC,959,0.043210363
2026-10-04 19:34:06,20261004-193406,ES,Espírito Santo,Sudeste,29,Rui Costa Pimenta,PCO,242,0.010903971
2026-10-04 19:34:06,20261004-193406,ES,Espírito Santo,Sudeste,30,Zema,NOVO,5814,0.261965643
2026-10-04 19:34:06,20261004-193406,ES,Espírito Santo,Sudeste,35,Veterinário Wilson Grassi,DEMOCRATA,309,0.013922839
2026-10-04 19:34:06,20261004-193406,ES,Espírito Santo,Sudeste,55,Ronaldo Caiado,PSD,38578,1.738237116
2026-10-04 19:34:06,20261004-193406,ES,Espírito Santo,Sudeste,70,Escritor Augusto Cury,AVANTE,64270,2.895860321
2026-10-04 19:34:06,20261004-193406,ES,Espírito Santo,Sudeste,80,Samara,UP,1936,0.087231766
2026-10-04 19:34:06,20261004-193406,GO,Goiás,Centro-Oeste,13,Lula,PT,1067827,30.63145735
2026-10-04 19:34:06,20261004-193406,GO,Goiás,Centro-Oeste,14,Renan Santos,MISSÃO,49943,1.432654236
2026-10-04 19:34:06,20261004-193406,GO,Goiás,Centro-Oeste,16,Hertz Dias,PSTU,613,0.017584387
2026-10-04 19:34:06,20261004-193406,GO,Goiás,Centro-Oeste,21,Edmilson Costa,PCB,422,0.012105402
2026-10-04 19:34:06,20261004-193406,GO,Goiás,Centro-Oeste,22,Flavio Bolsonaro,PL,1883655,54.034125185
2026-10-04 19:34:06,20261004-193406,GO,Goiás,Centro-Oeste,27,Clariana Barao,DC,518,0.014859237
2026-10-04 19:34:06,20261004-193406,GO,Goiás,Centro-Oeste,29,Rui Costa Pimenta,PCO,246,0.007056703
2026-10-04 19:34:06,20261004-193406,GO,Goiás,Centro-Oeste,30,Zema,NOVO,2511,0.07203001
2026-10-04 19:34:06,20261004-193406,GO,Goiás,Centro-Oeste,35,Veterinário Wilson Grassi,DEMOCRATA,323,0.009265509
2026-10-04 19:34:06,20261004-193406,GO,Goiás,Centro-Oeste,55,Ronaldo Caiado,PSD,428333,12.287068992
2026-10-04 19:34:06,20261004-193406,GO,Goiás,Centro-Oeste,70,Escritor Augusto Cury,AVANTE,49716,1.426142562
2026-10-04 19:34:06,20261004-193406,GO,Goiás,Centro-Oeste,80,Samara,UP,1940,0.055650426
2026-10-04 19:34:06,20261004-193406,MA,Maranhão,Nordeste,13,Lula,PT,1857951,62.570229189
2026-10-04 19:34:06,20261004-193406,MA,Maranhão,Nordeste,14,Renan Santos,MISSÃO,45562,1.534391802
2026-10-04 19:34:06,20261004-193406,MA,Maranhão,Nordeste,16,Hertz Dias,PSTU,1186,0.039940931
2026-10-04 19:34:06,20261004-193406,MA,Maranhão,Nordeste,21,Edmilson Costa,PCB,348,0.011719599
2026-10-04 19:34:06,20261004-193406,MA,Maranhão,Nordeste,22,Flavio Bolsonaro,PL,955681,32.18447591
2026-10-04 19:34:06,20261004-193406,MA,Maranhão,Nordeste,27,Clariana Barao,DC,666,0.022428887
2026-10-04 19:34:06,20261004-193406,MA,Maranhão,Nordeste,29,Rui Costa Pimenta,PCO,172,0.005792445
2026-10-04 19:34:06,20261004-193406,MA,Maranhão,Nordeste,30,Zema,NOVO,3498,0.117802171
2026-10-04 19:34:06,20261004-193406,MA,Maranhão,Nordeste,35,Veterinário Wilson Grassi,DEMOCRATA,220,0.007408942
2026-10-04 19:34:06,20261004-193406,MA,Maranhão,Nordeste,55,Ronaldo Caiado,PSD,38301,1.289863052
2026-10-04 19:34:06,20261004-193406,MA,Maranhão,Nordeste,70,Escritor Augusto Cury,AVANTE,64440,2.170146343
2026-10-04 19:34:06,20261004-193406,MA,Maranhão,Nordeste,80,Samara,UP,1360,0.04580073
2026-10-04 19:34:06,20261004-193406,MG,Minas Gerais,Sudeste,13,Lula,PT,3979196,42.413346574
2026-10-04 19:34:06,20261004-193406,MG,Minas Gerais,Sudeste,14,Renan Santos,MISSÃO,200951,2.141891077
2026-10-04 19:34:06,20261004-193406,MG,Minas Gerais,Sudeste,16,Hertz Dias,PSTU,3449,0.036762108
2026-10-04 19:34:06,20261004-193406,MG,Minas Gerais,Sudeste,21,Edmilson Costa,PCB,1798,0.019164474
2026-10-04 19:34:06,20261004-193406,MG,Minas Gerais,Sudeste,22,Flavio Bolsonaro,PL,4589434,48.917734844
2026-10-04 19:34:06,20261004-193406,MG,Minas Gerais,Sudeste,27,Clariana Barao,DC,2775,0.029578095
2026-10-04 19:34:06,20261004-193406,MG,Minas Gerais,Sudeste,29,Rui Costa Pimenta,PCO,1217,0.012971727
2026-10-04 19:34:06,20261004-193406,MG,Minas Gerais,Sudeste,30,Zema,NOVO,81041,0.863797616
2026-10-04 19:34:06,20261004-193406,MG,Minas Gerais,Sudeste,35,Veterinário Wilson Grassi,DEMOCRATA,1423,0.015167434
2026-10-04 19:34:06,20261004-193406,MG,Minas Gerais,Sudeste,55,Ronaldo Caiado,PSD,185812,1.980527914
2026-10-04 19:34:06,20261004-193406,MG,Minas Gerais,Sudeste,70,Escritor Augusto Cury,AVANTE,325602,3.470517781
2026-10-04 19:34:06,20261004-193406,MG,Minas Gerais,Sudeste,80,Samara,UP,9245,0.098540356
2026-10-04 19:34:06,20261004-193406,MS,Mato Grosso do Sul,Centro-Oeste,13,Lula,PT,511323,34.516969799
2026-10-04 19:34:06,20261004-193406,MS,Mato Grosso do Sul,Centro-Oeste,14,Renan Santos,MISSÃO,31777,2.145113264
2026-10-04 19:34:06,20261004-193406,MS,Mato Grosso do Sul,Centro-Oeste,16,Hertz Dias,PSTU,353,0.023829341
2026-10-04 19:34:06,20261004-193406,MS,Mato Grosso do Sul,Centro-Oeste,21,Edmilson Costa,PCB,331,0.022344227
2026-10-04 19:34:06,20261004-193406,MS,Mato Grosso do Sul,Centro-Oeste,22,Flavio Bolsonaro,PL,870220,58.744389473
2026-10-04 19:34:06,20261004-193406,MS,Mato Grosso do Sul,Centro-Oeste,27,Clariana Barao,DC,626,0.042258266
2026-10-04 19:34:06,20261004-193406,MS,Mato Grosso do Sul,Centro-Oeste,29,Rui Costa Pimenta,PCO,183,0.012353455
2026-10-04 19:34:06,20261004-193406,MS,Mato Grosso do Sul,Centro-Oeste,30,Zema,NOVO,2782,0.187799512
2026-10-04 19:34:06,20261004-193406,MS,Mato Grosso do Sul,Centro-Oeste,35,Veterinário Wilson Grassi,DEMOCRATA,208,0.014041085
2026-10-04 19:34:06,20261004-193406,MS,Mato Grosso do Sul,Centro-Oeste,55,Ronaldo Caiado,PSD,23228,1.568011168
2026-10-04 19:34:06,20261004-193406,MS,Mato Grosso do Sul,Centro-Oeste,70,Escritor Augusto Cury,AVANTE,39046,2.635808682
2026-10-04 19:34:06,20261004-193406,MS,Mato Grosso do Sul,Centro-Oeste,80,Samara,UP,1290,0.087081729
2026-10-04 19:34:06,20261004-193406,MT,Mato Grosso,Centro-Oeste,13,Lula,PT,551722,28.917247662
2026-10-04 19:34:06,20261004-193406,MT,Mato Grosso,Centro-Oeste,14,Renan Santos,MISSÃO,32085,1.681661944
2026-10-04 19:34:06,20261004-193406,MT,Mato Grosso,Centro-Oeste,16,Hertz Dias,PSTU,328,0.01719137
2026-10-04 19:34:06,20261004-193406,MT,Mato Grosso,Centro-Oeste,21,Edmilson Costa,PCB,231,0.012107337
2026-10-04 19:34:06,20261004-193406,MT,Mato Grosso,Centro-Oeste,22,Flavio Bolsonaro,PL,1247183,65.368246491
2026-10-04 19:34:06,20261004-193406,MT,Mato Grosso,Centro-Oeste,27,Clariana Barao,DC,1817,0.095233902
2026-10-04 19:34:06,20261004-193406,MT,Mato Grosso,Centro-Oeste,29,Rui Costa Pimenta,PCO,123,0.006446764
2026-10-04 19:34:06,20261004-193406,MT,Mato Grosso,Centro-Oeste,30,Zema,NOVO,2359,0.123641593
2026-10-04 19:34:06,20261004-193406,MT,Mato Grosso,Centro-Oeste,35,Veterinário Wilson Grassi,DEMOCRATA,165,0.008648098
2026-10-04 19:34:06,20261004-193406,MT,Mato Grosso,Centro-Oeste,55,Ronaldo Caiado,PSD,31775,1.665414003
2026-10-04 19:34:06,20261004-193406,MT,Mato Grosso,Centro-Oeste,70,Escritor Augusto Cury,AVANTE,38611,2.023707319
2026-10-04 19:34:06,20261004-193406,MT,Mato Grosso,Centro-Oeste,80,Samara,UP,1535,0.080453517
2026-10-04 19:34:06,20261004-193406,PA,Pará,Norte,13,Lula,PT,1942911,48.284744428
2026-10-04 19:34:06,20261004-193406,PA,Pará,Norte,14,Renan Santos,MISSÃO,74082,1.841067572
2026-10-04 19:34:06,20261004-193406,PA,Pará,Norte,16,Hertz Dias,PSTU,954,0.023708572
2026-10-04 19:34:06,20261004-193406,PA,Pará,Norte,21,Edmilson Costa,PCB,566,0.014066092
2026-10-04 19:34:06,20261004-193406,PA,Pará,Norte,22,Flavio Bolsonaro,PL,1844140,45.830111925
2026-10-04 19:34:06,20261004-193406,PA,Pará,Norte,27,Clariana Barao,DC,1157,0.028753478
2026-10-04 19:34:06,20261004-193406,PA,Pará,Norte,29,Rui Costa Pimenta,PCO,275,0.006834232
2026-10-04 19:34:06,20261004-193406,PA,Pará,Norte,30,Zema,NOVO,2731,0.067870138
2026-10-04 19:34:06,20261004-193406,PA,Pará,Norte,35,Veterinário Wilson Grassi,DEMOCRATA,400,0.009940701
2026-10-04 19:34:06,20261004-193406,PA,Pará,Norte,55,Ronaldo Caiado,PSD,45226,1.123945385
2026-10-04 19:34:06,20261004-193406,PA,Pará,Norte,70,Escritor Augusto Cury,AVANTE,107977,2.683417742
2026-10-04 19:34:06,20261004-193406,PA,Pará,Norte,80,Samara,UP,3442,0.085539734
2026-10-04 19:34:06,20261004-193406,PB,Paraíba,Nordeste,13,Lula,PT,1501801,61.206415217
2026-10-04 19:34:06,20261004-193406,PB,Paraíba,Nordeste,14,Renan Santos,MISSÃO,41474,1.690287105
2026-10-04 19:34:06,20261004-193406,PB,Paraíba,Nordeste,16,Hertz Dias,PSTU,614,0.025023781
2026-10-04 19:34:06,20261004-193406,PB,Paraíba,Nordeste,21,Edmilson Costa,PCB,340,0.013856817
2026-10-04 19:34:06,20261004-193406,PB,Paraíba,Nordeste,22,Flavio Bolsonaro,PL,813407,33.15068147
2026-10-04 19:34:06,20261004-193406,PB,Paraíba,Nordeste,27,Clariana Barao,DC,594,0.024208674
2026-10-04 19:34:06,20261004-193406,PB,Paraíba,Nordeste,29,Rui Costa Pimenta,PCO,271,0.011044698
2026-10-04 19:34:06,20261004-193406,PB,Paraíba,Nordeste,30,Zema,NOVO,1959,0.079839717
2026-10-04 19:34:06,20261004-193406,PB,Paraíba,Nordeste,35,Veterinário Wilson Grassi,DEMOCRATA,213,0.008680888
2026-10-04 19:34:06,20261004-193406,PB,Paraíba,Nordeste,55,Ronaldo Caiado,PSD,19157,0.78075011
2026-10-04 19:34:06,20261004-193406,PB,Paraíba,Nordeste,70,Escritor Augusto Cury,AVANTE,72267,2.945266389
2026-10-04 19:34:06,20261004-193406,PB,Paraíba,Nordeste,80,Samara,UP,1569,0.063945134
2026-10-04 19:34:06,20261004-193406,PE,Pernambuco,Nordeste,13,Lula,PT,2573557,62.544765847
2026-10-04 19:34:06,20261004-193406,PE,Pernambuco,Nordeste,14,Renan Santos,MISSÃO,64574,1.569332138
2026-10-04 19:34:06,20261004-193406,PE,Pernambuco,Nordeste,16,Hertz Dias,PSTU,896,0.021775352
2026-10-04 19:34:06,20261004-193406,PE,Pernambuco,Nordeste,21,Edmilson Costa,PCB,510,0.012394453
2026-10-04 19:34:06,20261004-193406,PE,Pernambuco,Nordeste,22,Flavio Bolsonaro,PL,1310122,31.839696467
2026-10-04 19:34:06,20261004-193406,PE,Pernambuco,Nordeste,27,Clariana Barao,DC,685,0.016647451
2026-10-04 19:34:06,20261004-193406,PE,Pernambuco,Nordeste,29,Rui Costa Pimenta,PCO,319,0.007752609
2026-10-04 19:34:06,20261004-193406,PE,Pernambuco,Nordeste,30,Zema,NOVO,4922,0.11961862
2026-10-04 19:34:06,20261004-193406,PE,Pernambuco,Nordeste,35,Veterinário Wilson Grassi,DEMOCRATA,346,0.008408786
2026-10-04 19:34:06,20261004-193406,PE,Pernambuco,Nordeste,55,Ronaldo Caiado,PSD,54834,1.332622394
2026-10-04 19:34:06,20261004-193406,PE,Pernambuco,Nordeste,70,Escritor Augusto Cury,AVANTE,102116,2.481709676
2026-10-04 19:34:06,20261004-193406,PE,Pernambuco,Nordeste,80,Samara,UP,1863,0.045276207
2026-10-04 19:34:06,20261004-193406,PI,Piauí,Nordeste,13,Lula,PT,1270939,70.312643495
2026-10-04 19:34:06,20261004-193406,PI,Piauí,Nordeste,14,Renan Santos,MISSÃO,28083,1.55364653
2026-10-04 19:34:06,20261004-193406,PI,Piauí,Nordeste,16,Hertz Dias,PSTU,391,0.021631442
2026-10-04 19:34:06,20261004-193406,PI,Piauí,Nordeste,21,Edmilson Costa,PCB,263,0.014550049
2026-10-04 19:34:06,20261004-193406,PI,Piauí,Nordeste,22,Flavio Bolsonaro,PL,445375,24.639651153
2026-10-04 19:34:06,20261004-193406,PI,Piauí,Nordeste,27,Clariana Barao,DC,431,0.023844378
2026-10-04 19:34:06,20261004-193406,PI,Piauí,Nordeste,29,Rui Costa Pimenta,PCO,125,0.006915423
2026-10-04 19:34:06,20261004-193406,PI,Piauí,Nordeste,30,Zema,NOVO,1213,0.067107262
2026-10-04 19:34:06,20261004-193406,PI,Piauí,Nordeste,35,Veterinário Wilson Grassi,DEMOCRATA,163,0.009017711
2026-10-04 19:34:06,20261004-193406,PI,Piauí,Nordeste,55,Ronaldo Caiado,PSD,18572,1.027465846
2026-10-04 19:34:06,20261004-193406,PI,Piauí,Nordeste,70,Escritor Augusto Cury,AVANTE,41036,2.270250294
2026-10-04 19:34:06,20261004-193406,PI,Piauí,Nordeste,80,Samara,UP,963,0.053276417
2026-10-04 19:34:06,20261004-193406,PR,Paraná,Sul,13,Lula,PT,2032656,31.134604978
2026-10-04 19:34:06,20261004-193406,PR,Paraná,Sul,14,Renan Santos,MISSÃO,176482,2.703210654
2026-10-04 19:34:06,20261004-193406,PR,Paraná,Sul,16,Hertz Dias,PSTU,2048,0.031369632
2026-10-04 19:34:06,20261004-193406,PR,Paraná,Sul,21,Edmilson Costa,PCB,1177,0.018028348
2026-10-04 19:34:06,20261004-193406,PR,Paraná,Sul,22,Flavio Bolsonaro,PL,3914395,59.957583601
2026-10-04 19:34:06,20261004-193406,PR,Paraná,Sul,27,Clariana Barao,DC,2435,0.03729739
2026-10-04 19:34:06,20261004-193406,PR,Paraná,Sul,29,Rui Costa Pimenta,PCO,911,0.013953972
2026-10-04 19:34:06,20261004-193406,PR,Paraná,Sul,30,Zema,NOVO,17096,0.261862906
2026-10-04 19:34:06,20261004-193406,PR,Paraná,Sul,35,Veterinário Wilson Grassi,DEMOCRATA,962,0.014735149
2026-10-04 19:34:06,20261004-193406,PR,Paraná,Sul,55,Ronaldo Caiado,PSD,170050,2.604690403
2026-10-04 19:34:06,20261004-193406,PR,Paraná,Sul,70,Escritor Augusto Cury,AVANTE,203687,3.119915167
2026-10-04 19:34:06,20261004-193406,PR,Paraná,Sul,80,Samara,UP,6708,0.102747799
2026-10-04 19:34:06,20261004-193406,RJ,Rio de Janeiro,Sudeste,13,Lula,PT,2461041,39.106694665
2026-10-04 19:34:06,20261004-193406,RJ,Rio de Janeiro,Sudeste,14,Renan Santos,MISSÃO,137961,2.192242511
2026-10-04 19:34:06,20261004-193406,RJ,Rio de Janeiro,Sudeste,16,Hertz Dias,PSTU,2638,0.041918627
2026-10-04 19:34:06,20261004-193406,RJ,Rio de Janeiro,Sudeste,21,Edmilson Costa,PCB,1954,0.031049658
2026-10-04 19:34:06,20261004-193406,RJ,Rio de Janeiro,Sudeste,22,Flavio Bolsonaro,PL,3361400,53.413674721
2026-10-04 19:34:06,20261004-193406,RJ,Rio de Janeiro,Sudeste,27,Clariana Barao,DC,2699,0.042887936
2026-10-04 19:34:06,20261004-193406,RJ,Rio de Janeiro,Sudeste,29,Rui Costa Pimenta,PCO,1220,0.019386173
2026-10-04 19:34:06,20261004-193406,RJ,Rio de Janeiro,Sudeste,30,Zema,NOVO,15056,0.239244448
2026-10-04 19:34:06,20261004-193406,RJ,Rio de Janeiro,Sudeste,35,Veterinário Wilson Grassi,DEMOCRATA,1267,0.020133018
2026-10-04 19:34:06,20261004-193406,RJ,Rio de Janeiro,Sudeste,55,Ronaldo Caiado,PSD,132780,2.109914836
2026-10-04 19:34:06,20261004-193406,RJ,Rio de Janeiro,Sudeste,70,Escritor Augusto Cury,AVANTE,165931,2.636694371
2026-10-04 19:34:06,20261004-193406,RJ,Rio de Janeiro,Sudeste,80,Samara,UP,9198,0.146159035
2026-10-04 19:34:06,20261004-193406,RN,Rio Grande do Norte,Nordeste,13,Lula,PT,975745,59.736868688
2026-10-04 19:34:06,20261004-193406,RN,Rio Grande do Norte,Nordeste,14,Renan Santos,MISSÃO,28029,1.715985931
2026-10-04 19:34:06,20261004-193406,RN,Rio Grande do Norte,Nordeste,16,Hertz Dias,PSTU,445,0.027243703
2026-10-04 19:34:06,20261004-193406,RN,Rio Grande do Norte,Nordeste,21,Edmilson Costa,PCB,249,0.015244229
2026-10-04 19:34:06,20261004-193406,RN,Rio Grande do Norte,Nordeste,22,Flavio Bolsonaro,PL,567745,34.758372847
2026-10-04 19:34:06,20261004-193406,RN,Rio Grande do Norte,Nordeste,27,Clariana Barao,DC,324,0.019835864
2026-10-04 19:34:06,20261004-193406,RN,Rio Grande do Norte,Nordeste,29,Rui Costa Pimenta,PCO,141,0.008632274
2026-10-04 19:34:06,20261004-193406,RN,Rio Grande do Norte,Nordeste,30,Zema,NOVO,1229,0.075241597
2026-10-04 19:34:06,20261004-193406,RN,Rio Grande do Norte,Nordeste,35,Veterinário Wilson Grassi,DEMOCRATA,149,0.009122049
2026-10-04 19:34:06,20261004-193406,RN,Rio Grande do Norte,Nordeste,55,Ronaldo Caiado,PSD,13151,0.805127938
2026-10-04 19:34:06,20261004-193406,RN,Rio Grande do Norte,Nordeste,70,Escritor Augusto Cury,AVANTE,45214,2.768082625
2026-10-04 19:34:06,20261004-193406,RN,Rio Grande do Norte,Nordeste,80,Samara,UP,984,0.060242255
2026-10-04 19:34:06,20261004-193406,RO,Rondônia,Norte,13,Lula,PT,246413,25.978080043
2026-10-04 19:34:06,20261004-193406,RO,Rondônia,Norte,14,Renan Santos,MISSÃO,18842,1.986417048
2026-10-04 19:34:06,20261004-193406,RO,Rondônia,Norte,16,Hertz Dias,PSTU,174,0.018343943
2026-10-04 19:34:06,20261004-193406,RO,Rondônia,Norte,21,Edmilson Costa,PCB,157,0.016551718
2026-10-04 19:34:06,20261004-193406,RO,Rondônia,Norte,22,Flavio Bolsonaro,PL,638932,67.35937892
2026-10-04 19:34:06,20261004-193406,RO,Rondônia,Norte,27,Clariana Barao,DC,351,0.03700416
2026-10-04 19:34:06,20261004-193406,RO,Rondônia,Norte,29,Rui Costa Pimenta,PCO,59,0.006220072
2026-10-04 19:34:06,20261004-193406,RO,Rondônia,Norte,30,Zema,NOVO,1292,0.136209045
2026-10-04 19:34:06,20261004-193406,RO,Rondônia,Norte,35,Veterinário Wilson Grassi,DEMOCRATA,97,0.010226221
2026-10-04 19:34:06,20261004-193406,RO,Rondônia,Norte,55,Ronaldo Caiado,PSD,16530,1.742674547
2026-10-04 19:34:06,20261004-193406,RO,Rondônia,Norte,70,Escritor Augusto Cury,AVANTE,24857,2.620548168
2026-10-04 19:34:06,20261004-193406,RO,Rondônia,Norte,80,Samara,UP,838,0.088346114
2026-10-04 19:34:06,20261004-193406,RR,Roraima,Norte,13,Lula,PT,71527,22.393966243
2026-10-04 19:34:06,20261004-193406,RR,Roraima,Norte,14,Renan Santos,MISSÃO,6567,2.056023268
2026-10-04 19:34:06,20261004-193406,RR,Roraima,Norte,16,Hertz Dias,PSTU,60,0.018785046
2026-10-04 19:34:06,20261004-193406,RR,Roraima,Norte,21,Edmilson Costa,PCB,42,0.013149532
2026-10-04 19:34:06,20261004-193406,RR,Roraima,Norte,22,Flavio Bolsonaro,PL,228239,71.458001334
2026-10-04 19:34:06,20261004-193406,RR,Roraima,Norte,27,Clariana Barao,DC,167,0.052285044
2026-10-04 19:34:06,20261004-193406,RR,Roraima,Norte,29,Rui Costa Pimenta,PCO,34,0.010644859
2026-10-04 19:34:06,20261004-193406,RR,Roraima,Norte,30,Zema,NOVO,334,0.104570089
2026-10-04 19:34:06,20261004-193406,RR,Roraima,Norte,35,Veterinário Wilson Grassi,DEMOCRATA,41,0.012836448
2026-10-04 19:34:06,20261004-193406,RR,Roraima,Norte,55,Ronaldo Caiado,PSD,3609,1.129920508
2026-10-04 19:34:06,20261004-193406,RR,Roraima,Norte,70,Escritor Augusto Cury,AVANTE,8506,2.663093334
2026-10-04 19:34:06,20261004-193406,RR,Roraima,Norte,80,Samara,UP,277,0.086724295
2026-10-04 19:34:06,20261004-193406,RS,Rio Grande do Sul,Sul,13,Lula,PT,2243696,35.768783108
2026-10-04 19:34:06,20261004-193406,RS,Rio Grande do Sul,Sul,14,Renan Santos,MISSÃO,164299,2.619238656
2026-10-04 19:34:06,20261004-193406,RS,Rio Grande do Sul,Sul,16,Hertz Dias,PSTU,2115,0.033717124
2026-10-04 19:34:06,20261004-193406,RS,Rio Grande do Sul,Sul,21,Edmilson Costa,PCB,1008,0.016069438
2026-10-04 19:34:06,20261004-193406,RS,Rio Grande do Sul,Sul,22,Flavio Bolsonaro,PL,3486373,55.579418812
2026-10-04 19:34:06,20261004-193406,RS,Rio Grande do Sul,Sul,27,Clariana Barao,DC,2032,0.032393946
2026-10-04 19:34:06,20261004-193406,RS,Rio Grande do Sul,Sul,29,Rui Costa Pimenta,PCO,1023,0.016308566
2026-10-04 19:34:06,20261004-193406,RS,Rio Grande do Sul,Sul,30,Zema,NOVO,18659,0.297459961
2026-10-04 19:34:06,20261004-193406,RS,Rio Grande do Sul,Sul,35,Veterinário Wilson Grassi,DEMOCRATA,916,0.014602783
2026-10-04 19:34:06,20261004-193406,RS,Rio Grande do Sul,Sul,55,Ronaldo Caiado,PSD,154775,2.467407976
2026-10-04 19:34:06,20261004-193406,RS,Rio Grande do Sul,Sul,70,Escritor Augusto Cury,AVANTE,191342,3.050355528
2026-10-04 19:34:06,20261004-193406,RS,Rio Grande do Sul,Sul,80,Samara,UP,6539,0.104244101
2026-10-04 19:34:06,20261004-193406,SC,Santa Catarina,Sul,13,Lula,PT,1056818,25.066394692
2026-10-04 19:34:06,20261004-193406,SC,Santa Catarina,Sul,14,Renan Santos,MISSÃO,125423,2.974875921
2026-10-04 19:34:06,20261004-193406,SC,Santa Catarina,Sul,16,Hertz Dias,PSTU,1428,0.033870365
2026-10-04 19:34:06,20261004-193406,SC,Santa Catarina,Sul,21,Edmilson Costa,PCB,773,0.018334588
2026-10-04 19:34:06,20261004-193406,SC,Santa Catarina,Sul,22,Flavio Bolsonaro,PL,2806634,66.569830945
2026-10-04 19:34:06,20261004-193406,SC,Santa Catarina,Sul,27,Clariana Barao,DC,1358,0.032210053
2026-10-04 19:34:06,20261004-193406,SC,Santa Catarina,Sul,29,Rui Costa Pimenta,PCO,613,0.01453959
2026-10-04 19:34:06,20261004-193406,SC,Santa Catarina,Sul,30,Zema,NOVO,16086,0.381539702
2026-10-04 19:34:06,20261004-193406,SC,Santa Catarina,Sul,35,Veterinário Wilson Grassi,DEMOCRATA,531,0.012594653
2026-10-04 19:34:06,20261004-193406,SC,Santa Catarina,Sul,55,Ronaldo Caiado,PSD,75576,1.792567732
2026-10-04 19:34:06,20261004-193406,SC,Santa Catarina,Sul,70,Escritor Augusto Cury,AVANTE,126071,2.990245667
2026-10-04 19:34:06,20261004-193406,SC,Santa Catarina,Sul,80,Samara,UP,4764,0.112996092
2026-10-04 19:34:06,20261004-193406,SE,Sergipe,Nordeste,13,Lula,PT,780086,62.137748982
2026-10-04 19:34:06,20261004-193406,SE,Sergipe,Nordeste,14,Renan Santos,MISSÃO,20168,1.606482005
2026-10-04 19:34:06,20261004-193406,SE,Sergipe,Nordeste,16,Hertz Dias,PSTU,318,0.025330289
2026-10-04 19:34:06,20261004-193406,SE,Sergipe,Nordeste,21,Edmilson Costa,PCB,194,0.01545307
2026-10-04 19:34:06,20261004-193406,SE,Sergipe,Nordeste,22,Flavio Bolsonaro,PL,390595,31.11284405
2026-10-04 19:34:06,20261004-193406,SE,Sergipe,Nordeste,27,Clariana Barao,DC,438,0.034888889
2026-10-04 19:34:06,20261004-193406,SE,Sergipe,Nordeste,29,Rui Costa Pimenta,PCO,99,0.007885845
2026-10-04 19:34:06,20261004-193406,SE,Sergipe,Nordeste,30,Zema,NOVO,1096,0.087301878
2026-10-04 19:34:06,20261004-193406,SE,Sergipe,Nordeste,35,Veterinário Wilson Grassi,DEMOCRATA,130,0.01035515
2026-10-04 19:34:06,20261004-193406,SE,Sergipe,Nordeste,55,Ronaldo Caiado,PSD,24724,1.969390177
2026-10-04 19:34:06,20261004-193406,SE,Sergipe,Nordeste,70,Escritor Augusto Cury,AVANTE,36627,2.917523622
2026-10-04 19:34:06,20261004-193406,SE,Sergipe,Nordeste,80,Samara,UP,939,0.074796043
2026-10-04 19:34:06,20261004-193406,SP,São Paulo,Sudeste,13,Lula,PT,8183800,37.910437183
2026-10-04 19:34:06,20261004-193406,SP,São Paulo,Sudeste,14,Renan Santos,MISSÃO,694857,3.218838761
2026-10-04 19:34:06,20261004-193406,SP,São Paulo,Sudeste,16,Hertz Dias,PSTU,13801,0.063931419
2026-10-04 19:34:06,20261004-193406,SP,São Paulo,Sudeste,21,Edmilson Costa,PCB,5288,0.024496003
2026-10-04 19:34:06,20261004-193406,SP,São Paulo,Sudeste,22,Flavio Bolsonaro,PL,11279249,52.249720262
2026-10-04 19:34:06,20261004-193406,SP,São Paulo,Sudeste,27,Clariana Barao,DC,9049,0.041918369
2026-10-04 19:34:06,20261004-193406,SP,São Paulo,Sudeste,29,Rui Costa Pimenta,PCO,3888,0.018010677
2026-10-04 19:34:06,20261004-193406,SP,São Paulo,Sudeste,30,Zema,NOVO,81751,0.378701355
2026-10-04 19:34:06,20261004-193406,SP,São Paulo,Sudeste,35,Veterinário Wilson Grassi,DEMOCRATA,4487,0.02078547
2026-10-04 19:34:06,20261004-193406,SP,São Paulo,Sudeste,55,Ronaldo Caiado,PSD,502044,2.325656483
2026-10-04 19:34:06,20261004-193406,SP,São Paulo,Sudeste,70,Escritor Augusto Cury,AVANTE,772301,3.577588473
2026-10-04 19:34:06,20261004-193406,SP,São Paulo,Sudeste,80,Samara,UP,36680,0.169915545
2026-10-04 19:34:06,20261004-193406,TO,Tocantins,Norte,13,Lula,PT,399554,43.506249571
2026-10-04 19:34:06,20261004-193406,TO,Tocantins,Norte,14,Renan Santos,MISSÃO,12803,1.394080683
2026-10-04 19:34:06,20261004-193406,TO,Tocantins,Norte,16,Hertz Dias,PSTU,99,0.010779816
2026-10-04 19:34:06,20261004-193406,TO,Tocantins,Norte,21,Edmilson Costa,PCB,115,0.012522009
2026-10-04 19:34:06,20261004-193406,TO,Tocantins,Norte,22,Flavio Bolsonaro,PL,462484,50.358510556
2026-10-04 19:34:06,20261004-193406,TO,Tocantins,Norte,27,Clariana Barao,DC,170,0.018510796
2026-10-04 19:34:06,20261004-193406,TO,Tocantins,Norte,29,Rui Costa Pimenta,PCO,63,0.006859883
2026-10-04 19:34:06,20261004-193406,TO,Tocantins,Norte,30,Zema,NOVO,588,0.064025575
2026-10-04 19:34:06,20261004-193406,TO,Tocantins,Norte,35,Veterinário Wilson Grassi,DEMOCRATA,66,0.007186544
2026-10-04 19:34:06,20261004-193406,TO,Tocantins,Norte,55,Ronaldo Caiado,PSD,19938,2.170989663
2026-10-04 19:34:06,20261004-193406,TO,Tocantins,Norte,70,Escritor Augusto Cury,AVANTE,22113,2.40781896
2026-10-04 19:34:06,20261004-193406,TO,Tocantins,Norte,80,Samara,UP,390,0.042465943
2026-10-04 19:34:06,20261004-193406,ZZ,Exterior,Exterior,13,Lula,PT,122963,51.085583714
2026-10-04 19:34:06,20261004-193406,ZZ,Exterior,Exterior,14,Renan Santos,MISSÃO,6579,2.733277939
2026-10-04 19:34:06,20261004-193406,ZZ,Exterior,Exterior,16,Hertz Dias,PSTU,317,0.131699211
2026-10-04 19:34:06,20261004-193406,ZZ,Exterior,Exterior,21,Edmilson Costa,PCB,353,0.146655588
2026-10-04 19:34:06,20261004-193406,ZZ,Exterior,Exterior,22,Flavio Bolsonaro,PL,95108,39.51308683
2026-10-04 19:34:06,20261004-193406,ZZ,Exterior,Exterior,27,Clariana Barao,DC,718,0.298296635
2026-10-04 19:34:06,20261004-193406,ZZ,Exterior,Exterior,29,Rui Costa Pimenta,PCO,154,0.063980058
2026-10-04 19:34:06,20261004-193406,ZZ,Exterior,Exterior,30,Zema,NOVO,2345,0.974241795
2026-10-04 19:34:06,20261004-193406,ZZ,Exterior,Exterior,35,Veterinário Wilson Grassi,DEMOCRATA,271,0.112588284
2026-10-04 19:34:06,20261004-193406,ZZ,Exterior,Exterior,55,Ronaldo Caiado,PSD,3448,1.432488575
2026-10-04 19:34:06,20261004-193406,ZZ,Exterior,Exterior,70,Escritor Augusto Cury,AVANTE,7536,3.130868301
2026-10-04 19:34:06,20261004-193406,ZZ,Exterior,Exterior,80,Samara,UP,908,0.37723307
2026-10-04 19:37:36,20261004-193736,AC,Acre,Norte,13,Lula,PT,131531,28.661673665
2026-10-04 19:37:36,20261004-193736,AC,Acre,Norte,14,Renan Santos,MISSÃO,7842,1.708835521
2026-10-04 19:37:36,20261004-193736,AC,Acre,Norte,16,Hertz Dias,PSTU,69,0.015035661
2026-10-04 19:37:36,20261004-193736,AC,Acre,Norte,21,Edmilson Costa,PCB,138,0.030071321
2026-10-04 19:37:36,20261004-193736,AC,Acre,Norte,22,Flavio Bolsonaro,PL,296503,64.610412958
2026-10-04 19:37:36,20261004-193736,AC,Acre,Norte,27,Clariana Barao,DC,205,0.044671166
2026-10-04 19:37:36,20261004-193736,AC,Acre,Norte,29,Rui Costa Pimenta,PCO,38,0.008280509
2026-10-04 19:37:36,20261004-193736,AC,Acre,Norte,30,Zema,NOVO,559,0.121810642
2026-10-04 19:37:36,20261004-193736,AC,Acre,Norte,35,Veterinário Wilson Grassi,DEMOCRATA,36,0.007844693
2026-10-04 19:37:36,20261004-193736,AC,Acre,Norte,55,Ronaldo Caiado,PSD,8408,1.83217152
2026-10-04 19:37:36,20261004-193736,AC,Acre,Norte,70,Escritor Augusto Cury,AVANTE,13269,2.891422918
2026-10-04 19:37:36,20261004-193736,AC,Acre,Norte,80,Samara,UP,311,0.067769427
2026-10-04 19:37:36,20261004-193736,AL,Alagoas,Nordeste,13,Lula,PT,553945,56.965377243
2026-10-04 19:37:36,20261004-193736,AL,Alagoas,Nordeste,14,Renan Santos,MISSÃO,13159,1.353216292
2026-10-04 19:37:36,20261004-193736,AL,Alagoas,Nordeste,16,Hertz Dias,PSTU,215,0.022109697
2026-10-04 19:37:36,20261004-193736,AL,Alagoas,Nordeste,21,Edmilson Costa,PCB,141,0.014499848
2026-10-04 19:37:36,20261004-193736,AL,Alagoas,Nordeste,22,Flavio Bolsonaro,PL,374648,38.527226806
2026-10-04 19:37:36,20261004-193736,AL,Alagoas,Nordeste,27,Clariana Barao,DC,315,0.032393277
2026-10-04 19:37:36,20261004-193736,AL,Alagoas,Nordeste,29,Rui Costa Pimenta,PCO,49,0.005038954
2026-10-04 19:37:36,20261004-193736,AL,Alagoas,Nordeste,30,Zema,NOVO,560,0.057588048
2026-10-04 19:37:36,20261004-193736,AL,Alagoas,Nordeste,35,Veterinário Wilson Grassi,DEMOCRATA,120,0.012340296
2026-10-04 19:37:36,20261004-193736,AL,Alagoas,Nordeste,55,Ronaldo Caiado,PSD,6652,0.684063742
2026-10-04 19:37:36,20261004-193736,AL,Alagoas,Nordeste,70,Escritor Augusto Cury,AVANTE,22003,2.262696108
2026-10-04 19:37:36,20261004-193736,AL,Alagoas,Nordeste,80,Samara,UP,617,0.063449689
2026-10-04 19:37:36,20261004-193736,AM,Amazonas,Norte,13,Lula,PT,843113,45.642287135
2026-10-04 19:37:36,20261004-193736,AM,Amazonas,Norte,14,Renan Santos,MISSÃO,32364,1.752039146
2026-10-04 19:37:36,20261004-193736,AM,Amazonas,Norte,16,Hertz Dias,PSTU,440,0.02381959
2026-10-04 19:37:36,20261004-193736,AM,Amazonas,Norte,21,Edmilson Costa,PCB,232,0.01255942
2026-10-04 19:37:36,20261004-193736,AM,Amazonas,Norte,22,Flavio Bolsonaro,PL,871095,47.157104815
2026-10-04 19:37:36,20261004-193736,AM,Amazonas,Norte,27,Clariana Barao,DC,863,0.046718878
2026-10-04 19:37:36,20261004-193736,AM,Amazonas,Norte,29,Rui Costa Pimenta,PCO,158,0.008553398
2026-10-04 19:37:36,20261004-193736,AM,Amazonas,Norte,30,Zema,NOVO,1682,0.091055798
2026-10-04 19:37:36,20261004-193736,AM,Amazonas,Norte,35,Veterinário Wilson Grassi,DEMOCRATA,274,0.014833109
2026-10-04 19:37:36,20261004-193736,AM,Amazonas,Norte,55,Ronaldo Caiado,PSD,24999,1.353331684
2026-10-04 19:37:36,20261004-193736,AM,Amazonas,Norte,70,Escritor Augusto Cury,AVANTE,70242,3.802581069
2026-10-04 19:37:36,20261004-193736,AM,Amazonas,Norte,80,Samara,UP,1757,0.095115955
2026-10-04 19:37:36,20261004-193736,AP,Amapá,Norte,13,Lula,PT,172933,46.337267721
2026-10-04 19:37:36,20261004-193736,AP,Amapá,Norte,14,Renan Santos,MISSÃO,8903,2.385552176
2026-10-04 19:37:36,20261004-193736,AP,Amapá,Norte,16,Hertz Dias,PSTU,100,0.026794925
2026-10-04 19:37:36,20261004-193736,AP,Amapá,Norte,21,Edmilson Costa,PCB,45,0.012057716
2026-10-04 19:37:36,20261004-193736,AP,Amapá,Norte,22,Flavio Bolsonaro,PL,168381,45.117562734
2026-10-04 19:37:36,20261004-193736,AP,Amapá,Norte,27,Clariana Barao,DC,183,0.049034713
2026-10-04 19:37:36,20261004-193736,AP,Amapá,Norte,29,Rui Costa Pimenta,PCO,42,0.011253869
2026-10-04 19:37:36,20261004-193736,AP,Amapá,Norte,30,Zema,NOVO,269,0.072078348
2026-10-04 19:37:36,20261004-193736,AP,Amapá,Norte,35,Veterinário Wilson Grassi,DEMOCRATA,38,0.010182072
2026-10-04 19:37:36,20261004-193736,AP,Amapá,Norte,55,Ronaldo Caiado,PSD,6555,1.756407336
2026-10-04 19:37:36,20261004-193736,AP,Amapá,Norte,70,Escritor Augusto Cury,AVANTE,15348,4.112485095
2026-10-04 19:37:36,20261004-193736,AP,Amapá,Norte,80,Samara,UP,408,0.109323294
2026-10-04 19:37:36,20261004-193736,BA,Bahia,Nordeste,13,Lula,PT,3629861,64.932741057
2026-10-04 19:37:36,20261004-193736,BA,Bahia,Nordeste,14,Renan Santos,MISSÃO,82199,1.47041619
2026-10-04 19:37:36,20261004-193736,BA,Bahia,Nordeste,16,Hertz Dias,PSTU,1263,0.022593166
2026-10-04 19:37:36,20261004-193736,BA,Bahia,Nordeste,21,Edmilson Costa,PCB,853,0.015258884
2026-10-04 19:37:36,20261004-193736,BA,Bahia,Nordeste,22,Flavio Bolsonaro,PL,1649847,29.513275587
2026-10-04 19:37:36,20261004-193736,BA,Bahia,Nordeste,27,Clariana Barao,DC,1155,0.020661209
2026-10-04 19:37:36,20261004-193736,BA,Bahia,Nordeste,29,Rui Costa Pimenta,PCO,555,0.009928113
2026-10-04 19:37:36,20261004-193736,BA,Bahia,Nordeste,30,Zema,NOVO,4746,0.084898785
2026-10-04 19:37:36,20261004-193736,BA,Bahia,Nordeste,35,Veterinário Wilson Grassi,DEMOCRATA,424,0.007584721
2026-10-04 19:37:36,20261004-193736,BA,Bahia,Nordeste,55,Ronaldo Caiado,PSD,84750,1.516049734
2026-10-04 19:37:36,20261004-193736,BA,Bahia,Nordeste,70,Escritor Augusto Cury,AVANTE,131206,2.347077539
2026-10-04 19:37:36,20261004-193736,BA,Bahia,Nordeste,80,Samara,UP,3327,0.059515014
2026-10-04 19:37:36,20261004-193736,CE,Ceará,Nordeste,13,Lula,PT,2365098,61.701739108
2026-10-04 19:37:36,20261004-193736,CE,Ceará,Nordeste,14,Renan Santos,MISSÃO,78946,2.059578713
2026-10-04 19:37:36,20261004-193736,CE,Ceará,Nordeste,16,Hertz Dias,PSTU,1099,0.028671206
2026-10-04 19:37:36,20261004-193736,CE,Ceará,Nordeste,21,Edmilson Costa,PCB,552,0.014400824
2026-10-04 19:37:36,20261004-193736,CE,Ceará,Nordeste,22,Flavio Bolsonaro,PL,1246761,32.526061056
2026-10-04 19:37:36,20261004-193736,CE,Ceará,Nordeste,27,Clariana Barao,DC,771,0.020114194
2026-10-04 19:37:36,20261004-193736,CE,Ceará,Nordeste,29,Rui Costa Pimenta,PCO,369,0.009626638
2026-10-04 19:37:36,20261004-193736,CE,Ceará,Nordeste,30,Zema,NOVO,3440,0.089744265
2026-10-04 19:37:36,20261004-193736,CE,Ceará,Nordeste,35,Veterinário Wilson Grassi,DEMOCRATA,358,0.009339665
2026-10-04 19:37:36,20261004-193736,CE,Ceará,Nordeste,55,Ronaldo Caiado,PSD,33420,0.871875973
2026-10-04 19:37:36,20261004-193736,CE,Ceará,Nordeste,70,Escritor Augusto Cury,AVANTE,99683,2.600574885
2026-10-04 19:37:36,20261004-193736,CE,Ceará,Nordeste,80,Samara,UP,2617,0.068273472
2026-10-04 19:37:36,20261004-193736,DF,Distrito Federal,Centro-Oeste,13,Lula,PT,672045,38.123334343
2026-10-04 19:37:36,20261004-193736,DF,Distrito Federal,Centro-Oeste,14,Renan Santos,MISSÃO,46429,2.6337943
2026-10-04 19:37:36,20261004-193736,DF,Distrito Federal,Centro-Oeste,16,Hertz Dias,PSTU,826,0.046856794
2026-10-04 19:37:36,20261004-193736,DF,Distrito Federal,Centro-Oeste,21,Edmilson Costa,PCB,334,0.018946936
2026-10-04 19:37:36,20261004-193736,DF,Distrito Federal,Centro-Oeste,22,Flavio Bolsonaro,PL,904230,51.294574936
2026-10-04 19:37:36,20261004-193736,DF,Distrito Federal,Centro-Oeste,27,Clariana Barao,DC,711,0.040333148
2026-10-04 19:37:36,20261004-193736,DF,Distrito Federal,Centro-Oeste,29,Rui Costa Pimenta,PCO,380,0.021556394
2026-10-04 19:37:36,20261004-193736,DF,Distrito Federal,Centro-Oeste,30,Zema,NOVO,4898,0.277850578
2026-10-04 19:37:36,20261004-193736,DF,Distrito Federal,Centro-Oeste,35,Veterinário Wilson Grassi,DEMOCRATA,322,0.018266208
2026-10-04 19:37:36,20261004-193736,DF,Distrito Federal,Centro-Oeste,55,Ronaldo Caiado,PSD,84648,4.801857027
2026-10-04 19:37:36,20261004-193736,DF,Distrito Federal,Centro-Oeste,70,Escritor Augusto Cury,AVANTE,45711,2.59306406
2026-10-04 19:37:36,20261004-193736,DF,Distrito Federal,Centro-Oeste,80,Samara,UP,2284,0.129565276
2026-10-04 19:37:36,20261004-193736,ES,Espírito Santo,Sudeste,13,Lula,PT,841258,37.669370626
2026-10-04 19:37:36,20261004-193736,ES,Espírito Santo,Sudeste,14,Renan Santos,MISSÃO,52886,2.368099126
2026-10-04 19:37:36,20261004-193736,ES,Espírito Santo,Sudeste,16,Hertz Dias,PSTU,634,0.02838889
2026-10-04 19:37:36,20261004-193736,ES,Espírito Santo,Sudeste,21,Edmilson Costa,PCB,379,0.016970646
2026-10-04 19:37:36,20261004-193736,ES,Espírito Santo,Sudeste,22,Flavio Bolsonaro,PL,1225274,54.86461992
2026-10-04 19:37:36,20261004-193736,ES,Espírito Santo,Sudeste,27,Clariana Barao,DC,966,0.043254997
2026-10-04 19:37:36,20261004-193736,ES,Espírito Santo,Sudeste,29,Rui Costa Pimenta,PCO,243,0.010880915
2026-10-04 19:37:36,20261004-193736,ES,Espírito Santo,Sudeste,30,Zema,NOVO,5843,0.261634519
2026-10-04 19:37:36,20261004-193736,ES,Espírito Santo,Sudeste,35,Veterinário Wilson Grassi,DEMOCRATA,311,0.013925781
2026-10-04 19:37:36,20261004-193736,ES,Espírito Santo,Sudeste,55,Ronaldo Caiado,PSD,38836,1.738976245
2026-10-04 19:37:36,20261004-193736,ES,Espírito Santo,Sudeste,70,Escritor Augusto Cury,AVANTE,64681,2.896248905
2026-10-04 19:37:36,20261004-193736,ES,Espírito Santo,Sudeste,80,Samara,UP,1957,0.087629429
2026-10-04 19:37:36,20261004-193736,GO,Goiás,Centro-Oeste,13,Lula,PT,1067827,30.63145735
2026-10-04 19:37:36,20261004-193736,GO,Goiás,Centro-Oeste,14,Renan Santos,MISSÃO,49943,1.432654236
2026-10-04 19:37:36,20261004-193736,GO,Goiás,Centro-Oeste,16,Hertz Dias,PSTU,613,0.017584387
2026-10-04 19:37:36,20261004-193736,GO,Goiás,Centro-Oeste,21,Edmilson Costa,PCB,422,0.012105402
2026-10-04 19:37:36,20261004-193736,GO,Goiás,Centro-Oeste,22,Flavio Bolsonaro,PL,1883655,54.034125185
2026-10-04 19:37:36,20261004-193736,GO,Goiás,Centro-Oeste,27,Clariana Barao,DC,518,0.014859237
2026-10-04 19:37:36,20261004-193736,GO,Goiás,Centro-Oeste,29,Rui Costa Pimenta,PCO,246,0.007056703
2026-10-04 19:37:36,20261004-193736,GO,Goiás,Centro-Oeste,30,Zema,NOVO,2511,0.07203001
2026-10-04 19:37:36,20261004-193736,GO,Goiás,Centro-Oeste,35,Veterinário Wilson Grassi,DEMOCRATA,323,0.009265509
2026-10-04 19:37:36,20261004-193736,GO,Goiás,Centro-Oeste,55,Ronaldo Caiado,PSD,428333,12.287068992
2026-10-04 19:37:36,20261004-193736,GO,Goiás,Centro-Oeste,70,Escritor Augusto Cury,AVANTE,49716,1.426142562
2026-10-04 19:37:36,20261004-193736,GO,Goiás,Centro-Oeste,80,Samara,UP,1940,0.055650426
2026-10-04 19:37:36,20261004-193736,MA,Maranhão,Nordeste,13,Lula,PT,1857951,62.570229189
2026-10-04 19:37:36,20261004-193736,MA,Maranhão,Nordeste,14,Renan Santos,MISSÃO,45562,1.534391802
2026-10-04 19:37:36,20261004-193736,MA,Maranhão,Nordeste,16,Hertz Dias,PSTU,1186,0.039940931
2026-10-04 19:37:36,20261004-193736,MA,Maranhão,Nordeste,21,Edmilson Costa,PCB,348,0.011719599
2026-10-04 19:37:36,20261004-193736,MA,Maranhão,Nordeste,22,Flavio Bolsonaro,PL,955681,32.18447591
2026-10-04 19:37:36,20261004-193736,MA,Maranhão,Nordeste,27,Clariana Barao,DC,666,0.022428887
2026-10-04 19:37:36,20261004-193736,MA,Maranhão,Nordeste,29,Rui Costa Pimenta,PCO,172,0.005792445
2026-10-04 19:37:36,20261004-193736,MA,Maranhão,Nordeste,30,Zema,NOVO,3498,0.117802171
2026-10-04 19:37:36,20261004-193736,MA,Maranhão,Nordeste,35,Veterinário Wilson Grassi,DEMOCRATA,220,0.007408942
2026-10-04 19:37:36,20261004-193736,MA,Maranhão,Nordeste,55,Ronaldo Caiado,PSD,38301,1.289863052
2026-10-04 19:37:36,20261004-193736,MA,Maranhão,Nordeste,70,Escritor Augusto Cury,AVANTE,64440,2.170146343
2026-10-04 19:37:36,20261004-193736,MA,Maranhão,Nordeste,80,Samara,UP,1360,0.04580073
2026-10-04 19:37:36,20261004-193736,MG,Minas Gerais,Sudeste,13,Lula,PT,3979196,42.413346574
2026-10-04 19:37:36,20261004-193736,MG,Minas Gerais,Sudeste,14,Renan Santos,MISSÃO,200951,2.141891077
2026-10-04 19:37:36,20261004-193736,MG,Minas Gerais,Sudeste,16,Hertz Dias,PSTU,3449,0.036762108
2026-10-04 19:37:36,20261004-193736,MG,Minas Gerais,Sudeste,21,Edmilson Costa,PCB,1798,0.019164474
2026-10-04 19:37:36,20261004-193736,MG,Minas Gerais,Sudeste,22,Flavio Bolsonaro,PL,4589434,48.917734844
2026-10-04 19:37:36,20261004-193736,MG,Minas Gerais,Sudeste,27,Clariana Barao,DC,2775,0.029578095
2026-10-04 19:37:36,20261004-193736,MG,Minas Gerais,Sudeste,29,Rui Costa Pimenta,PCO,1217,0.012971727
2026-10-04 19:37:36,20261004-193736,MG,Minas Gerais,Sudeste,30,Zema,NOVO,81041,0.863797616
2026-10-04 19:37:36,20261004-193736,MG,Minas Gerais,Sudeste,35,Veterinário Wilson Grassi,DEMOCRATA,1423,0.015167434
2026-10-04 19:37:36,20261004-193736,MG,Minas Gerais,Sudeste,55,Ronaldo Caiado,PSD,185812,1.980527914
2026-10-04 19:37:36,20261004-193736,MG,Minas Gerais,Sudeste,70,Escritor Augusto Cury,AVANTE,325602,3.470517781
2026-10-04 19:37:36,20261004-193736,MG,Minas Gerais,Sudeste,80,Samara,UP,9245,0.098540356
2026-10-04 19:37:36,20261004-193736,MS,Mato Grosso do Sul,Centro-Oeste,13,Lula,PT,511323,34.516969799
2026-10-04 19:37:36,20261004-193736,MS,Mato Grosso do Sul,Centro-Oeste,14,Renan Santos,MISSÃO,31777,2.145113264
2026-10-04 19:37:36,20261004-193736,MS,Mato Grosso do Sul,Centro-Oeste,16,Hertz Dias,PSTU,353,0.023829341
2026-10-04 19:37:36,20261004-193736,MS,Mato Grosso do Sul,Centro-Oeste,21,Edmilson Costa,PCB,331,0.022344227
2026-10-04 19:37:36,20261004-193736,MS,Mato Grosso do Sul,Centro-Oeste,22,Flavio Bolsonaro,PL,870220,58.744389473
2026-10-04 19:37:36,20261004-193736,MS,Mato Grosso do Sul,Centro-Oeste,27,Clariana Barao,DC,626,0.042258266
2026-10-04 19:37:36,20261004-193736,MS,Mato Grosso do Sul,Centro-Oeste,29,Rui Costa Pimenta,PCO,183,0.012353455
2026-10-04 19:37:36,20261004-193736,MS,Mato Grosso do Sul,Centro-Oeste,30,Zema,NOVO,2782,0.187799512
2026-10-04 19:37:36,20261004-193736,MS,Mato Grosso do Sul,Centro-Oeste,35,Veterinário Wilson Grassi,DEMOCRATA,208,0.014041085
2026-10-04 19:37:36,20261004-193736,MS,Mato Grosso do Sul,Centro-Oeste,55,Ronaldo Caiado,PSD,23228,1.568011168
2026-10-04 19:37:36,20261004-193736,MS,Mato Grosso do Sul,Centro-Oeste,70,Escritor Augusto Cury,AVANTE,39046,2.635808682
2026-10-04 19:37:36,20261004-193736,MS,Mato Grosso do Sul,Centro-Oeste,80,Samara,UP,1290,0.087081729
2026-10-04 19:37:36,20261004-193736,MT,Mato Grosso,Centro-Oeste,13,Lula,PT,551722,28.917247662
2026-10-04 19:37:36,20261004-193736,MT,Mato Grosso,Centro-Oeste,14,Renan Santos,MISSÃO,32085,1.681661944
2026-10-04 19:37:36,20261004-193736,MT,Mato Grosso,Centro-Oeste,16,Hertz Dias,PSTU,328,0.01719137
2026-10-04 19:37:36,20261004-193736,MT,Mato Grosso,Centro-Oeste,21,Edmilson Costa,PCB,231,0.012107337
2026-10-04 19:37:36,20261004-193736,MT,Mato Grosso,Centro-Oeste,22,Flavio Bolsonaro,PL,1247183,65.368246491
2026-10-04 19:37:36,20261004-193736,MT,Mato Grosso,Centro-Oeste,27,Clariana Barao,DC,1817,0.095233902
2026-10-04 19:37:36,20261004-193736,MT,Mato Grosso,Centro-Oeste,29,Rui Costa Pimenta,PCO,123,0.006446764
2026-10-04 19:37:36,20261004-193736,MT,Mato Grosso,Centro-Oeste,30,Zema,NOVO,2359,0.123641593
2026-10-04 19:37:36,20261004-193736,MT,Mato Grosso,Centro-Oeste,35,Veterinário Wilson Grassi,DEMOCRATA,165,0.008648098
2026-10-04 19:37:36,20261004-193736,MT,Mato Grosso,Centro-Oeste,55,Ronaldo Caiado,PSD,31775,1.665414003
2026-10-04 19:37:36,20261004-193736,MT,Mato Grosso,Centro-Oeste,70,Escritor Augusto Cury,AVANTE,38611,2.023707319
2026-10-04 19:37:36,20261004-193736,MT,Mato Grosso,Centro-Oeste,80,Samara,UP,1535,0.080453517
2026-10-04 19:37:36,20261004-193736,PA,Pará,Norte,13,Lula,PT,1942911,48.284744428
2026-10-04 19:37:36,20261004-193736,PA,Pará,Norte,14,Renan Santos,MISSÃO,74082,1.841067572
2026-10-04 19:37:36,20261004-193736,PA,Pará,Norte,16,Hertz Dias,PSTU,954,0.023708572
2026-10-04 19:37:36,20261004-193736,PA,Pará,Norte,21,Edmilson Costa,PCB,566,0.014066092
2026-10-04 19:37:36,20261004-193736,PA,Pará,Norte,22,Flavio Bolsonaro,PL,1844140,45.830111925
2026-10-04 19:37:36,20261004-193736,PA,Pará,Norte,27,Clariana Barao,DC,1157,0.028753478
2026-10-04 19:37:36,20261004-193736,PA,Pará,Norte,29,Rui Costa Pimenta,PCO,275,0.006834232
2026-10-04 19:37:36,20261004-193736,PA,Pará,Norte,30,Zema,NOVO,2731,0.067870138
2026-10-04 19:37:36,20261004-193736,PA,Pará,Norte,35,Veterinário Wilson Grassi,DEMOCRATA,400,0.009940701
2026-10-04 19:37:36,20261004-193736,PA,Pará,Norte,55,Ronaldo Caiado,PSD,45226,1.123945385
2026-10-04 19:37:36,20261004-193736,PA,Pará,Norte,70,Escritor Augusto Cury,AVANTE,107977,2.683417742
2026-10-04 19:37:36,20261004-193736,PA,Pará,Norte,80,Samara,UP,3442,0.085539734
2026-10-04 19:37:36,20261004-193736,PB,Paraíba,Nordeste,13,Lula,PT,1501801,61.206415217
2026-10-04 19:37:36,20261004-193736,PB,Paraíba,Nordeste,14,Renan Santos,MISSÃO,41474,1.690287105
2026-10-04 19:37:36,20261004-193736,PB,Paraíba,Nordeste,16,Hertz Dias,PSTU,614,0.025023781
2026-10-04 19:37:36,20261004-193736,PB,Paraíba,Nordeste,21,Edmilson Costa,PCB,340,0.013856817
2026-10-04 19:37:36,20261004-193736,PB,Paraíba,Nordeste,22,Flavio Bolsonaro,PL,813407,33.15068147
2026-10-04 19:37:36,20261004-193736,PB,Paraíba,Nordeste,27,Clariana Barao,DC,594,0.024208674
2026-10-04 19:37:36,20261004-193736,PB,Paraíba,Nordeste,29,Rui Costa Pimenta,PCO,271,0.011044698
2026-10-04 19:37:36,20261004-193736,PB,Paraíba,Nordeste,30,Zema,NOVO,1959,0.079839717
2026-10-04 19:37:36,20261004-193736,PB,Paraíba,Nordeste,35,Veterinário Wilson Grassi,DEMOCRATA,213,0.008680888
2026-10-04 19:37:36,20261004-193736,PB,Paraíba,Nordeste,55,Ronaldo Caiado,PSD,19157,0.78075011
2026-10-04 19:37:36,20261004-193736,PB,Paraíba,Nordeste,70,Escritor Augusto Cury,AVANTE,72267,2.945266389
2026-10-04 19:37:36,20261004-193736,PB,Paraíba,Nordeste,80,Samara,UP,1569,0.063945134
2026-10-04 19:37:36,20261004-193736,PE,Pernambuco,Nordeste,13,Lula,PT,2573557,62.544765847
2026-10-04 19:37:36,20261004-193736,PE,Pernambuco,Nordeste,14,Renan Santos,MISSÃO,64574,1.569332138
2026-10-04 19:37:36,20261004-193736,PE,Pernambuco,Nordeste,16,Hertz Dias,PSTU,896,0.021775352
2026-10-04 19:37:36,20261004-193736,PE,Pernambuco,Nordeste,21,Edmilson Costa,PCB,510,0.012394453
2026-10-04 19:37:36,20261004-193736,PE,Pernambuco,Nordeste,22,Flavio Bolsonaro,PL,1310122,31.839696467
2026-10-04 19:37:36,20261004-193736,PE,Pernambuco,Nordeste,27,Clariana Barao,DC,685,0.016647451
2026-10-04 19:37:36,20261004-193736,PE,Pernambuco,Nordeste,29,Rui Costa Pimenta,PCO,319,0.007752609
2026-10-04 19:37:36,20261004-193736,PE,Pernambuco,Nordeste,30,Zema,NOVO,4922,0.11961862
2026-10-04 19:37:36,20261004-193736,PE,Pernambuco,Nordeste,35,Veterinário Wilson Grassi,DEMOCRATA,346,0.008408786
2026-10-04 19:37:36,20261004-193736,PE,Pernambuco,Nordeste,55,Ronaldo Caiado,PSD,54834,1.332622394
2026-10-04 19:37:36,20261004-193736,PE,Pernambuco,Nordeste,70,Escritor Augusto Cury,AVANTE,102116,2.481709676
2026-10-04 19:37:36,20261004-193736,PE,Pernambuco,Nordeste,80,Samara,UP,1863,0.045276207
2026-10-04 19:37:36,20261004-193736,PI,Piauí,Nordeste,13,Lula,PT,1270939,70.312643495
2026-10-04 19:37:36,20261004-193736,PI,Piauí,Nordeste,14,Renan Santos,MISSÃO,28083,1.55364653
2026-10-04 19:37:36,20261004-193736,PI,Piauí,Nordeste,16,Hertz Dias,PSTU,391,0.021631442
2026-10-04 19:37:36,20261004-193736,PI,Piauí,Nordeste,21,Edmilson Costa,PCB,263,0.014550049
2026-10-04 19:37:36,20261004-193736,PI,Piauí,Nordeste,22,Flavio Bolsonaro,PL,445375,24.639651153
2026-10-04 19:37:36,20261004-193736,PI,Piauí,Nordeste,27,Clariana Barao,DC,431,0.023844378
2026-10-04 19:37:36,20261004-193736,PI,Piauí,Nordeste,29,Rui Costa Pimenta,PCO,125,0.006915423
2026-10-04 19:37:36,20261004-193736,PI,Piauí,Nordeste,30,Zema,NOVO,1213,0.067107262
2026-10-04 19:37:36,20261004-193736,PI,Piauí,Nordeste,35,Veterinário Wilson Grassi,DEMOCRATA,163,0.009017711
2026-10-04 19:37:36,20261004-193736,PI,Piauí,Nordeste,55,Ronaldo Caiado,PSD,18572,1.027465846
2026-10-04 19:37:36,20261004-193736,PI,Piauí,Nordeste,70,Escritor Augusto Cury,AVANTE,41036,2.270250294
2026-10-04 19:37:36,20261004-193736,PI,Piauí,Nordeste,80,Samara,UP,963,0.053276417
2026-10-04 19:37:36,20261004-193736,PR,Paraná,Sul,13,Lula,PT,2032818,31.136089606
2026-10-04 19:37:36,20261004-193736,PR,Paraná,Sul,14,Renan Santos,MISSÃO,176484,2.703154753
2026-10-04 19:37:36,20261004-193736,PR,Paraná,Sul,16,Hertz Dias,PSTU,2048,0.031368628
2026-10-04 19:37:36,20261004-193736,PR,Paraná,Sul,21,Edmilson Costa,PCB,1177,0.018027771
2026-10-04 19:37:36,20261004-193736,PR,Paraná,Sul,22,Flavio Bolsonaro,PL,3914437,59.956307545
2026-10-04 19:37:36,20261004-193736,PR,Paraná,Sul,27,Clariana Barao,DC,2435,0.037296196
2026-10-04 19:37:36,20261004-193736,PR,Paraná,Sul,29,Rui Costa Pimenta,PCO,911,0.013953525
2026-10-04 19:37:36,20261004-193736,PR,Paraná,Sul,30,Zema,NOVO,17096,0.261854523
2026-10-04 19:37:36,20261004-193736,PR,Paraná,Sul,35,Veterinário Wilson Grassi,DEMOCRATA,962,0.014734678
2026-10-04 19:37:36,20261004-193736,PR,Paraná,Sul,55,Ronaldo Caiado,PSD,170053,2.604652972
2026-10-04 19:37:36,20261004-193736,PR,Paraná,Sul,70,Escritor Augusto Cury,AVANTE,203687,3.119815293
2026-10-04 19:37:36,20261004-193736,PR,Paraná,Sul,80,Samara,UP,6708,0.10274451
2026-10-04 19:37:36,20261004-193736,RJ,Rio de Janeiro,Sudeste,13,Lula,PT,2607213,39.127249971
2026-10-04 19:37:36,20261004-193736,RJ,Rio de Janeiro,Sudeste,14,Renan Santos,MISSÃO,146583,2.199816311
2026-10-04 19:37:36,20261004-193736,RJ,Rio de Janeiro,Sudeste,16,Hertz Dias,PSTU,2823,0.042365632
2026-10-04 19:37:36,20261004-193736,RJ,Rio de Janeiro,Sudeste,21,Edmilson Costa,PCB,2056,0.030855026
2026-10-04 19:37:36,20261004-193736,RJ,Rio de Janeiro,Sudeste,22,Flavio Bolsonaro,PL,3557148,53.383217627
2026-10-04 19:37:36,20261004-193736,RJ,Rio de Janeiro,Sudeste,27,Clariana Barao,DC,2849,0.042755822
2026-10-04 19:37:36,20261004-193736,RJ,Rio de Janeiro,Sudeste,29,Rui Costa Pimenta,PCO,1299,0.019494494
2026-10-04 19:37:36,20261004-193736,RJ,Rio de Janeiro,Sudeste,30,Zema,NOVO,15888,0.238436118
2026-10-04 19:37:36,20261004-193736,RJ,Rio de Janeiro,Sudeste,35,Veterinário Wilson Grassi,DEMOCRATA,1345,0.02018483
2026-10-04 19:37:36,20261004-193736,RJ,Rio de Janeiro,Sudeste,55,Ronaldo Caiado,PSD,140730,2.111978534
2026-10-04 19:37:36,20261004-193736,RJ,Rio de Janeiro,Sudeste,70,Escritor Augusto Cury,AVANTE,175704,2.636844143
2026-10-04 19:37:36,20261004-193736,RJ,Rio de Janeiro,Sudeste,80,Samara,UP,9782,0.146801492
2026-10-04 19:37:36,20261004-193736,RN,Rio Grande do Norte,Nordeste,13,Lula,PT,1020139,59.699914208
2026-10-04 19:37:36,20261004-193736,RN,Rio Grande do Norte,Nordeste,14,Renan Santos,MISSÃO,29440,1.722868623
2026-10-04 19:37:36,20261004-193736,RN,Rio Grande do Norte,Nordeste,16,Hertz Dias,PSTU,469,0.027446514
2026-10-04 19:37:36,20261004-193736,RN,Rio Grande do Norte,Nordeste,21,Edmilson Costa,PCB,263,0.015391116
2026-10-04 19:37:36,20261004-193736,RN,Rio Grande do Norte,Nordeste,22,Flavio Bolsonaro,PL,594226,34.774909321
2026-10-04 19:37:36,20261004-193736,RN,Rio Grande do Norte,Nordeste,27,Clariana Barao,DC,346,0.020248388
2026-10-04 19:37:36,20261004-193736,RN,Rio Grande do Norte,Nordeste,29,Rui Costa Pimenta,PCO,149,0.008719682
2026-10-04 19:37:36,20261004-193736,RN,Rio Grande do Norte,Nordeste,30,Zema,NOVO,1283,0.075082895
2026-10-04 19:37:36,20261004-193736,RN,Rio Grande do Norte,Nordeste,35,Veterinário Wilson Grassi,DEMOCRATA,157,0.009187852
2026-10-04 19:37:36,20261004-193736,RN,Rio Grande do Norte,Nordeste,55,Ronaldo Caiado,PSD,13752,0.804785642
2026-10-04 19:37:36,20261004-193736,RN,Rio Grande do Norte,Nordeste,70,Escritor Augusto Cury,AVANTE,47528,2.78140285
2026-10-04 19:37:36,20261004-193736,RN,Rio Grande do Norte,Nordeste,80,Samara,UP,1026,0.060042908
2026-10-04 19:37:36,20261004-193736,RO,Rondônia,Norte,13,Lula,PT,246413,25.978080043
2026-10-04 19:37:36,20261004-193736,RO,Rondônia,Norte,14,Renan Santos,MISSÃO,18842,1.986417048
2026-10-04 19:37:36,20261004-193736,RO,Rondônia,Norte,16,Hertz Dias,PSTU,174,0.018343943
2026-10-04 19:37:36,20261004-193736,RO,Rondônia,Norte,21,Edmilson Costa,PCB,157,0.016551718
2026-10-04 19:37:36,20261004-193736,RO,Rondônia,Norte,22,Flavio Bolsonaro,PL,638932,67.35937892
2026-10-04 19:37:36,20261004-193736,RO,Rondônia,Norte,27,Clariana Barao,DC,351,0.03700416
2026-10-04 19:37:36,20261004-193736,RO,Rondônia,Norte,29,Rui Costa Pimenta,PCO,59,0.006220072
2026-10-04 19:37:36,20261004-193736,RO,Rondônia,Norte,30,Zema,NOVO,1292,0.136209045
2026-10-04 19:37:36,20261004-193736,RO,Rondônia,Norte,35,Veterinário Wilson Grassi,DEMOCRATA,97,0.010226221
2026-10-04 19:37:36,20261004-193736,RO,Rondônia,Norte,55,Ronaldo Caiado,PSD,16530,1.742674547
2026-10-04 19:37:36,20261004-193736,RO,Rondônia,Norte,70,Escritor Augusto Cury,AVANTE,24857,2.620548168
2026-10-04 19:37:36,20261004-193736,RO,Rondônia,Norte,80,Samara,UP,838,0.088346114
2026-10-04 19:37:36,20261004-193736,RR,Roraima,Norte,13,Lula,PT,71527,22.393966243
2026-10-04 19:37:36,20261004-193736,RR,Roraima,Norte,14,Renan Santos,MISSÃO,6567,2.056023268
2026-10-04 19:37:36,20261004-193736,RR,Roraima,Norte,16,Hertz Dias,PSTU,60,0.018785046
2026-10-04 19:37:36,20261004-193736,RR,Roraima,Norte,21,Edmilson Costa,PCB,42,0.013149532
2026-10-04 19:37:36,20261004-193736,RR,Roraima,Norte,22,Flavio Bolsonaro,PL,228239,71.458001334
2026-10-04 19:37:36,20261004-193736,RR,Roraima,Norte,27,Clariana Barao,DC,167,0.052285044
2026-10-04 19:37:36,20261004-193736,RR,Roraima,Norte,29,Rui Costa Pimenta,PCO,34,0.010644859
2026-10-04 19:37:36,20261004-193736,RR,Roraima,Norte,30,Zema,NOVO,334,0.104570089
2026-10-04 19:37:36,20261004-193736,RR,Roraima,Norte,35,Veterinário Wilson Grassi,DEMOCRATA,41,0.012836448
2026-10-04 19:37:36,20261004-193736,RR,Roraima,Norte,55,Ronaldo Caiado,PSD,3609,1.129920508
2026-10-04 19:37:36,20261004-193736,RR,Roraima,Norte,70,Escritor Augusto Cury,AVANTE,8506,2.663093334
2026-10-04 19:37:36,20261004-193736,RR,Roraima,Norte,80,Samara,UP,277,0.086724295
2026-10-04 19:37:36,20261004-193736,RS,Rio Grande do Sul,Sul,13,Lula,PT,2243696,35.768783108
2026-10-04 19:37:36,20261004-193736,RS,Rio Grande do Sul,Sul,14,Renan Santos,MISSÃO,164299,2.619238656
2026-10-04 19:37:36,20261004-193736,RS,Rio Grande do Sul,Sul,16,Hertz Dias,PSTU,2115,0.033717124
2026-10-04 19:37:36,20261004-193736,RS,Rio Grande do Sul,Sul,21,Edmilson Costa,PCB,1008,0.016069438
2026-10-04 19:37:36,20261004-193736,RS,Rio Grande do Sul,Sul,22,Flavio Bolsonaro,PL,3486373,55.579418812
2026-10-04 19:37:36,20261004-193736,RS,Rio Grande do Sul,Sul,27,Clariana Barao,DC,2032,0.032393946
2026-10-04 19:37:36,20261004-193736,RS,Rio Grande do Sul,Sul,29,Rui Costa Pimenta,PCO,1023,0.016308566
2026-10-04 19:37:36,20261004-193736,RS,Rio Grande do Sul,Sul,30,Zema,NOVO,18659,0.297459961
2026-10-04 19:37:36,20261004-193736,RS,Rio Grande do Sul,Sul,35,Veterinário Wilson Grassi,DEMOCRATA,916,0.014602783
2026-10-04 19:37:36,20261004-193736,RS,Rio Grande do Sul,Sul,55,Ronaldo Caiado,PSD,154775,2.467407976
2026-10-04 19:37:36,20261004-193736,RS,Rio Grande do Sul,Sul,70,Escritor Augusto Cury,AVANTE,191342,3.050355528
2026-10-04 19:37:36,20261004-193736,RS,Rio Grande do Sul,Sul,80,Samara,UP,6539,0.104244101
2026-10-04 19:37:36,20261004-193736,SC,Santa Catarina,Sul,13,Lula,PT,1056818,25.066394692
2026-10-04 19:37:36,20261004-193736,SC,Santa Catarina,Sul,14,Renan Santos,MISSÃO,125423,2.974875921
2026-10-04 19:37:36,20261004-193736,SC,Santa Catarina,Sul,16,Hertz Dias,PSTU,1428,0.033870365
2026-10-04 19:37:36,20261004-193736,SC,Santa Catarina,Sul,21,Edmilson Costa,PCB,773,0.018334588
2026-10-04 19:37:36,20261004-193736,SC,Santa Catarina,Sul,22,Flavio Bolsonaro,PL,2806634,66.569830945
2026-10-04 19:37:36,20261004-193736,SC,Santa Catarina,Sul,27,Clariana Barao,DC,1358,0.032210053
2026-10-04 19:37:36,20261004-193736,SC,Santa Catarina,Sul,29,Rui Costa Pimenta,PCO,613,0.01453959
2026-10-04 19:37:36,20261004-193736,SC,Santa Catarina,Sul,30,Zema,NOVO,16086,0.381539702
2026-10-04 19:37:36,20261004-193736,SC,Santa Catarina,Sul,35,Veterinário Wilson Grassi,DEMOCRATA,531,0.012594653
2026-10-04 19:37:36,20261004-193736,SC,Santa Catarina,Sul,55,Ronaldo Caiado,PSD,75576,1.792567732
2026-10-04 19:37:36,20261004-193736,SC,Santa Catarina,Sul,70,Escritor Augusto Cury,AVANTE,126071,2.990245667
2026-10-04 19:37:36,20261004-193736,SC,Santa Catarina,Sul,80,Samara,UP,4764,0.112996092
2026-10-04 19:37:36,20261004-193736,SE,Sergipe,Nordeste,13,Lula,PT,780086,62.137748982
2026-10-04 19:37:36,20261004-193736,SE,Sergipe,Nordeste,14,Renan Santos,MISSÃO,20168,1.606482005
2026-10-04 19:37:36,20261004-193736,SE,Sergipe,Nordeste,16,Hertz Dias,PSTU,318,0.025330289
2026-10-04 19:37:36,20261004-193736,SE,Sergipe,Nordeste,21,Edmilson Costa,PCB,194,0.01545307
2026-10-04 19:37:36,20261004-193736,SE,Sergipe,Nordeste,22,Flavio Bolsonaro,PL,390595,31.11284405
2026-10-04 19:37:36,20261004-193736,SE,Sergipe,Nordeste,27,Clariana Barao,DC,438,0.034888889
2026-10-04 19:37:36,20261004-193736,SE,Sergipe,Nordeste,29,Rui Costa Pimenta,PCO,99,0.007885845
2026-10-04 19:37:36,20261004-193736,SE,Sergipe,Nordeste,30,Zema,NOVO,1096,0.087301878
2026-10-04 19:37:36,20261004-193736,SE,Sergipe,Nordeste,35,Veterinário Wilson Grassi,DEMOCRATA,130,0.01035515
2026-10-04 19:37:36,20261004-193736,SE,Sergipe,Nordeste,55,Ronaldo Caiado,PSD,24724,1.969390177
2026-10-04 19:37:36,20261004-193736,SE,Sergipe,Nordeste,70,Escritor Augusto Cury,AVANTE,36627,2.917523622
2026-10-04 19:37:36,20261004-193736,SE,Sergipe,Nordeste,80,Samara,UP,939,0.074796043
2026-10-04 19:37:36,20261004-193736,SP,São Paulo,Sudeste,13,Lula,PT,8183800,37.910437183
2026-10-04 19:37:36,20261004-193736,SP,São Paulo,Sudeste,14,Renan Santos,MISSÃO,694857,3.218838761
2026-10-04 19:37:36,20261004-193736,SP,São Paulo,Sudeste,16,Hertz Dias,PSTU,13801,0.063931419
2026-10-04 19:37:36,20261004-193736,SP,São Paulo,Sudeste,21,Edmilson Costa,PCB,5288,0.024496003
2026-10-04 19:37:36,20261004-193736,SP,São Paulo,Sudeste,22,Flavio Bolsonaro,PL,11279249,52.249720262
2026-10-04 19:37:36,20261004-193736,SP,São Paulo,Sudeste,27,Clariana Barao,DC,9049,0.041918369
2026-10-04 19:37:36,20261004-193736,SP,São Paulo,Sudeste,29,Rui Costa Pimenta,PCO,3888,0.018010677
2026-10-04 19:37:36,20261004-193736,SP,São Paulo,Sudeste,30,Zema,NOVO,81751,0.378701355
2026-10-04 19:37:36,20261004-193736,SP,São Paulo,Sudeste,35,Veterinário Wilson Grassi,DEMOCRATA,4487,0.02078547
2026-10-04 19:37:36,20261004-193736,SP,São Paulo,Sudeste,55,Ronaldo Caiado,PSD,502044,2.325656483
2026-10-04 19:37:36,20261004-193736,SP,São Paulo,Sudeste,70,Escritor Augusto Cury,AVANTE,772301,3.577588473
2026-10-04 19:37:36,20261004-193736,SP,São Paulo,Sudeste,80,Samara,UP,36680,0.169915545
2026-10-04 19:37:36,20261004-193736,TO,Tocantins,Norte,13,Lula,PT,399554,43.506249571
2026-10-04 19:37:36,20261004-193736,TO,Tocantins,Norte,14,Renan Santos,MISSÃO,12803,1.394080683
2026-10-04 19:37:36,20261004-193736,TO,Tocantins,Norte,16,Hertz Dias,PSTU,99,0.010779816
2026-10-04 19:37:36,20261004-193736,TO,Tocantins,Norte,21,Edmilson Costa,PCB,115,0.012522009
2026-10-04 19:37:36,20261004-193736,TO,Tocantins,Norte,22,Flavio Bolsonaro,PL,462484,50.358510556
2026-10-04 19:37:36,20261004-193736,TO,Tocantins,Norte,27,Clariana Barao,DC,170,0.018510796
2026-10-04 19:37:36,20261004-193736,TO,Tocantins,Norte,29,Rui Costa Pimenta,PCO,63,0.006859883
2026-10-04 19:37:36,20261004-193736,TO,Tocantins,Norte,30,Zema,NOVO,588,0.064025575
2026-10-04 19:37:36,20261004-193736,TO,Tocantins,Norte,35,Veterinário Wilson Grassi,DEMOCRATA,66,0.007186544
2026-10-04 19:37:36,20261004-193736,TO,Tocantins,Norte,55,Ronaldo Caiado,PSD,19938,2.170989663
2026-10-04 19:37:36,20261004-193736,TO,Tocantins,Norte,70,Escritor Augusto Cury,AVANTE,22113,2.40781896
2026-10-04 19:37:36,20261004-193736,TO,Tocantins,Norte,80,Samara,UP,390,0.042465943
2026-10-04 19:37:36,20261004-193736,ZZ,Exterior,Exterior,13,Lula,PT,122963,51.085583714
2026-10-04 19:37:36,20261004-193736,ZZ,Exterior,Exterior,14,Renan Santos,MISSÃO,6579,2.733277939
2026-10-04 19:37:36,20261004-193736,ZZ,Exterior,Exterior,16,Hertz Dias,PSTU,317,0.131699211
2026-10-04 19:37:36,20261004-193736,ZZ,Exterior,Exterior,21,Edmilson Costa,PCB,353,0.146655588
2026-10-04 19:37:36,20261004-193736,ZZ,Exterior,Exterior,22,Flavio Bolsonaro,PL,95108,39.51308683
2026-10-04 19:37:36,20261004-193736,ZZ,Exterior,Exterior,27,Clariana Barao,DC,718,0.298296635
2026-10-04 19:37:36,20261004-193736,ZZ,Exterior,Exterior,29,Rui Costa Pimenta,PCO,154,0.063980058
2026-10-04 19:37:36,20261004-193736,ZZ,Exterior,Exterior,30,Zema,NOVO,2345,0.974241795
2026-10-04 19:37:36,20261004-193736,ZZ,Exterior,Exterior,35,Veterinário Wilson Grassi,DEMOCRATA,271,0.112588284
2026-10-04 19:37:36,20261004-193736,ZZ,Exterior,Exterior,55,Ronaldo Caiado,PSD,3448,1.432488575
2026-10-04 19:37:36,20261004-193736,ZZ,Exterior,Exterior,70,Escritor Augusto Cury,AVANTE,7536,3.130868301
2026-10-04 19:37:36,20261004-193736,ZZ,Exterior,Exterior,80,Samara,UP,908,0.37723307
2026-10-04 19:41:46,20261004-194146,AC,Acre,Norte,13,Lula,PT,131531,28.661673665
2026-10-04 19:41:46,20261004-194146,AC,Acre,Norte,14,Renan Santos,MISSÃO,7842,1.708835521
2026-10-04 19:41:46,20261004-194146,AC,Acre,Norte,16,Hertz Dias,PSTU,69,0.015035661
2026-10-04 19:41:46,20261004-194146,AC,Acre,Norte,21,Edmilson Costa,PCB,138,0.030071321
2026-10-04 19:41:46,20261004-194146,AC,Acre,Norte,22,Flavio Bolsonaro,PL,296503,64.610412958
2026-10-04 19:41:46,20261004-194146,AC,Acre,Norte,27,Clariana Barao,DC,205,0.044671166
2026-10-04 19:41:46,20261004-194146,AC,Acre,Norte,29,Rui Costa Pimenta,PCO,38,0.008280509
2026-10-04 19:41:46,20261004-194146,AC,Acre,Norte,30,Zema,NOVO,559,0.121810642
2026-10-04 19:41:46,20261004-194146,AC,Acre,Norte,35,Veterinário Wilson Grassi,DEMOCRATA,36,0.007844693
2026-10-04 19:41:46,20261004-194146,AC,Acre,Norte,55,Ronaldo Caiado,PSD,8408,1.83217152
2026-10-04 19:41:46,20261004-194146,AC,Acre,Norte,70,Escritor Augusto Cury,AVANTE,13269,2.891422918
2026-10-04 19:41:46,20261004-194146,AC,Acre,Norte,80,Samara,UP,311,0.067769427
2026-10-04 19:41:46,20261004-194146,AL,Alagoas,Nordeste,13,Lula,PT,553945,56.965377243
2026-10-04 19:41:46,20261004-194146,AL,Alagoas,Nordeste,14,Renan Santos,MISSÃO,13159,1.353216292
2026-10-04 19:41:46,20261004-194146,AL,Alagoas,Nordeste,16,Hertz Dias,PSTU,215,0.022109697
2026-10-04 19:41:46,20261004-194146,AL,Alagoas,Nordeste,21,Edmilson Costa,PCB,141,0.014499848
2026-10-04 19:41:46,20261004-194146,AL,Alagoas,Nordeste,22,Flavio Bolsonaro,PL,374648,38.527226806
2026-10-04 19:41:46,20261004-194146,AL,Alagoas,Nordeste,27,Clariana Barao,DC,315,0.032393277
2026-10-04 19:41:46,20261004-194146,AL,Alagoas,Nordeste,29,Rui Costa Pimenta,PCO,49,0.005038954
2026-10-04 19:41:46,20261004-194146,AL,Alagoas,Nordeste,30,Zema,NOVO,560,0.057588048
2026-10-04 19:41:46,20261004-194146,AL,Alagoas,Nordeste,35,Veterinário Wilson Grassi,DEMOCRATA,120,0.012340296
2026-10-04 19:41:46,20261004-194146,AL,Alagoas,Nordeste,55,Ronaldo Caiado,PSD,6652,0.684063742
2026-10-04 19:41:46,20261004-194146,AL,Alagoas,Nordeste,70,Escritor Augusto Cury,AVANTE,22003,2.262696108
2026-10-04 19:41:46,20261004-194146,AL,Alagoas,Nordeste,80,Samara,UP,617,0.063449689
2026-10-04 19:41:46,20261004-194146,AM,Amazonas,Norte,13,Lula,PT,843113,45.642287135
2026-10-04 19:41:46,20261004-194146,AM,Amazonas,Norte,14,Renan Santos,MISSÃO,32364,1.752039146
2026-10-04 19:41:46,20261004-194146,AM,Amazonas,Norte,16,Hertz Dias,PSTU,440,0.02381959
2026-10-04 19:41:46,20261004-194146,AM,Amazonas,Norte,21,Edmilson Costa,PCB,232,0.01255942
2026-10-04 19:41:46,20261004-194146,AM,Amazonas,Norte,22,Flavio Bolsonaro,PL,871095,47.157104815
2026-10-04 19:41:46,20261004-194146,AM,Amazonas,Norte,27,Clariana Barao,DC,863,0.046718878
2026-10-04 19:41:46,20261004-194146,AM,Amazonas,Norte,29,Rui Costa Pimenta,PCO,158,0.008553398
2026-10-04 19:41:46,20261004-194146,AM,Amazonas,Norte,30,Zema,NOVO,1682,0.091055798
2026-10-04 19:41:46,20261004-194146,AM,Amazonas,Norte,35,Veterinário Wilson Grassi,DEMOCRATA,274,0.014833109
2026-10-04 19:41:46,20261004-194146,AM,Amazonas,Norte,55,Ronaldo Caiado,PSD,24999,1.353331684
2026-10-04 19:41:46,20261004-194146,AM,Amazonas,Norte,70,Escritor Augusto Cury,AVANTE,70242,3.802581069
2026-10-04 19:41:46,20261004-194146,AM,Amazonas,Norte,80,Samara,UP,1757,0.095115955
2026-10-04 19:41:46,20261004-194146,AP,Amapá,Norte,13,Lula,PT,172933,46.337267721
2026-10-04 19:41:46,20261004-194146,AP,Amapá,Norte,14,Renan Santos,MISSÃO,8903,2.385552176
2026-10-04 19:41:46,20261004-194146,AP,Amapá,Norte,16,Hertz Dias,PSTU,100,0.026794925
2026-10-04 19:41:46,20261004-194146,AP,Amapá,Norte,21,Edmilson Costa,PCB,45,0.012057716
2026-10-04 19:41:46,20261004-194146,AP,Amapá,Norte,22,Flavio Bolsonaro,PL,168381,45.117562734
2026-10-04 19:41:46,20261004-194146,AP,Amapá,Norte,27,Clariana Barao,DC,183,0.049034713
2026-10-04 19:41:46,20261004-194146,AP,Amapá,Norte,29,Rui Costa Pimenta,PCO,42,0.011253869
2026-10-04 19:41:46,20261004-194146,AP,Amapá,Norte,30,Zema,NOVO,269,0.072078348
2026-10-04 19:41:46,20261004-194146,AP,Amapá,Norte,35,Veterinário Wilson Grassi,DEMOCRATA,38,0.010182072
2026-10-04 19:41:46,20261004-194146,AP,Amapá,Norte,55,Ronaldo Caiado,PSD,6555,1.756407336
2026-10-04 19:41:46,20261004-194146,AP,Amapá,Norte,70,Escritor Augusto Cury,AVANTE,15348,4.112485095
2026-10-04 19:41:46,20261004-194146,AP,Amapá,Norte,80,Samara,UP,408,0.109323294
2026-10-04 19:41:46,20261004-194146,BA,Bahia,Nordeste,13,Lula,PT,3629861,64.932741057
2026-10-04 19:41:46,20261004-194146,BA,Bahia,Nordeste,14,Renan Santos,MISSÃO,82199,1.47041619
2026-10-04 19:41:46,20261004-194146,BA,Bahia,Nordeste,16,Hertz Dias,PSTU,1263,0.022593166
2026-10-04 19:41:46,20261004-194146,BA,Bahia,Nordeste,21,Edmilson Costa,PCB,853,0.015258884
2026-10-04 19:41:46,20261004-194146,BA,Bahia,Nordeste,22,Flavio Bolsonaro,PL,1649847,29.513275587
2026-10-04 19:41:46,20261004-194146,BA,Bahia,Nordeste,27,Clariana Barao,DC,1155,0.020661209
2026-10-04 19:41:46,20261004-194146,BA,Bahia,Nordeste,29,Rui Costa Pimenta,PCO,555,0.009928113
2026-10-04 19:41:46,20261004-194146,BA,Bahia,Nordeste,30,Zema,NOVO,4746,0.084898785
2026-10-04 19:41:46,20261004-194146,BA,Bahia,Nordeste,35,Veterinário Wilson Grassi,DEMOCRATA,424,0.007584721
2026-10-04 19:41:46,20261004-194146,BA,Bahia,Nordeste,55,Ronaldo Caiado,PSD,84750,1.516049734
2026-10-04 19:41:46,20261004-194146,BA,Bahia,Nordeste,70,Escritor Augusto Cury,AVANTE,131206,2.347077539
2026-10-04 19:41:46,20261004-194146,BA,Bahia,Nordeste,80,Samara,UP,3327,0.059515014
2026-10-04 19:41:46,20261004-194146,CE,Ceará,Nordeste,13,Lula,PT,2365098,61.701739108
2026-10-04 19:41:46,20261004-194146,CE,Ceará,Nordeste,14,Renan Santos,MISSÃO,78946,2.059578713
2026-10-04 19:41:46,20261004-194146,CE,Ceará,Nordeste,16,Hertz Dias,PSTU,1099,0.028671206
2026-10-04 19:41:46,20261004-194146,CE,Ceará,Nordeste,21,Edmilson Costa,PCB,552,0.014400824
2026-10-04 19:41:46,20261004-194146,CE,Ceará,Nordeste,22,Flavio Bolsonaro,PL,1246761,32.526061056
2026-10-04 19:41:46,20261004-194146,CE,Ceará,Nordeste,27,Clariana Barao,DC,771,0.020114194
2026-10-04 19:41:46,20261004-194146,CE,Ceará,Nordeste,29,Rui Costa Pimenta,PCO,369,0.009626638
2026-10-04 19:41:46,20261004-194146,CE,Ceará,Nordeste,30,Zema,NOVO,3440,0.089744265
2026-10-04 19:41:46,20261004-194146,CE,Ceará,Nordeste,35,Veterinário Wilson Grassi,DEMOCRATA,358,0.009339665
2026-10-04 19:41:46,20261004-194146,CE,Ceará,Nordeste,55,Ronaldo Caiado,PSD,33420,0.871875973
2026-10-04 19:41:46,20261004-194146,CE,Ceará,Nordeste,70,Escritor Augusto Cury,AVANTE,99683,2.600574885
2026-10-04 19:41:46,20261004-194146,CE,Ceará,Nordeste,80,Samara,UP,2617,0.068273472
2026-10-04 19:41:46,20261004-194146,DF,Distrito Federal,Centro-Oeste,13,Lula,PT,672045,38.123334343
2026-10-04 19:41:46,20261004-194146,DF,Distrito Federal,Centro-Oeste,14,Renan Santos,MISSÃO,46429,2.6337943
2026-10-04 19:41:46,20261004-194146,DF,Distrito Federal,Centro-Oeste,16,Hertz Dias,PSTU,826,0.046856794
2026-10-04 19:41:46,20261004-194146,DF,Distrito Federal,Centro-Oeste,21,Edmilson Costa,PCB,334,0.018946936
2026-10-04 19:41:46,20261004-194146,DF,Distrito Federal,Centro-Oeste,22,Flavio Bolsonaro,PL,904230,51.294574936
2026-10-04 19:41:46,20261004-194146,DF,Distrito Federal,Centro-Oeste,27,Clariana Barao,DC,711,0.040333148
2026-10-04 19:41:46,20261004-194146,DF,Distrito Federal,Centro-Oeste,29,Rui Costa Pimenta,PCO,380,0.021556394
2026-10-04 19:41:46,20261004-194146,DF,Distrito Federal,Centro-Oeste,30,Zema,NOVO,4898,0.277850578
2026-10-04 19:41:46,20261004-194146,DF,Distrito Federal,Centro-Oeste,35,Veterinário Wilson Grassi,DEMOCRATA,322,0.018266208
2026-10-04 19:41:46,20261004-194146,DF,Distrito Federal,Centro-Oeste,55,Ronaldo Caiado,PSD,84648,4.801857027
2026-10-04 19:41:46,20261004-194146,DF,Distrito Federal,Centro-Oeste,70,Escritor Augusto Cury,AVANTE,45711,2.59306406
2026-10-04 19:41:46,20261004-194146,DF,Distrito Federal,Centro-Oeste,80,Samara,UP,2284,0.129565276
2026-10-04 19:41:46,20261004-194146,ES,Espírito Santo,Sudeste,13,Lula,PT,841258,37.669370626
2026-10-04 19:41:46,20261004-194146,ES,Espírito Santo,Sudeste,14,Renan Santos,MISSÃO,52886,2.368099126
2026-10-04 19:41:46,20261004-194146,ES,Espírito Santo,Sudeste,16,Hertz Dias,PSTU,634,0.02838889
2026-10-04 19:41:46,20261004-194146,ES,Espírito Santo,Sudeste,21,Edmilson Costa,PCB,379,0.016970646
2026-10-04 19:41:46,20261004-194146,ES,Espírito Santo,Sudeste,22,Flavio Bolsonaro,PL,1225274,54.86461992
2026-10-04 19:41:46,20261004-194146,ES,Espírito Santo,Sudeste,27,Clariana Barao,DC,966,0.043254997
2026-10-04 19:41:46,20261004-194146,ES,Espírito Santo,Sudeste,29,Rui Costa Pimenta,PCO,243,0.010880915
2026-10-04 19:41:46,20261004-194146,ES,Espírito Santo,Sudeste,30,Zema,NOVO,5843,0.261634519
2026-10-04 19:41:46,20261004-194146,ES,Espírito Santo,Sudeste,35,Veterinário Wilson Grassi,DEMOCRATA,311,0.013925781
2026-10-04 19:41:46,20261004-194146,ES,Espírito Santo,Sudeste,55,Ronaldo Caiado,PSD,38836,1.738976245
2026-10-04 19:41:46,20261004-194146,ES,Espírito Santo,Sudeste,70,Escritor Augusto Cury,AVANTE,64681,2.896248905
2026-10-04 19:41:46,20261004-194146,ES,Espírito Santo,Sudeste,80,Samara,UP,1957,0.087629429
2026-10-04 19:41:46,20261004-194146,GO,Goiás,Centro-Oeste,13,Lula,PT,1067827,30.63145735
2026-10-04 19:41:46,20261004-194146,GO,Goiás,Centro-Oeste,14,Renan Santos,MISSÃO,49943,1.432654236
2026-10-04 19:41:46,20261004-194146,GO,Goiás,Centro-Oeste,16,Hertz Dias,PSTU,613,0.017584387
2026-10-04 19:41:46,20261004-194146,GO,Goiás,Centro-Oeste,21,Edmilson Costa,PCB,422,0.012105402
2026-10-04 19:41:46,20261004-194146,GO,Goiás,Centro-Oeste,22,Flavio Bolsonaro,PL,1883655,54.034125185
2026-10-04 19:41:46,20261004-194146,GO,Goiás,Centro-Oeste,27,Clariana Barao,DC,518,0.014859237
2026-10-04 19:41:46,20261004-194146,GO,Goiás,Centro-Oeste,29,Rui Costa Pimenta,PCO,246,0.007056703
2026-10-04 19:41:46,20261004-194146,GO,Goiás,Centro-Oeste,30,Zema,NOVO,2511,0.07203001
2026-10-04 19:41:46,20261004-194146,GO,Goiás,Centro-Oeste,35,Veterinário Wilson Grassi,DEMOCRATA,323,0.009265509
2026-10-04 19:41:46,20261004-194146,GO,Goiás,Centro-Oeste,55,Ronaldo Caiado,PSD,428333,12.287068992
2026-10-04 19:41:46,20261004-194146,GO,Goiás,Centro-Oeste,70,Escritor Augusto Cury,AVANTE,49716,1.426142562
2026-10-04 19:41:46,20261004-194146,GO,Goiás,Centro-Oeste,80,Samara,UP,1940,0.055650426
2026-10-04 19:41:46,20261004-194146,MA,Maranhão,Nordeste,13,Lula,PT,1857951,62.570229189
2026-10-04 19:41:46,20261004-194146,MA,Maranhão,Nordeste,14,Renan Santos,MISSÃO,45562,1.534391802
2026-10-04 19:41:46,20261004-194146,MA,Maranhão,Nordeste,16,Hertz Dias,PSTU,1186,0.039940931
2026-10-04 19:41:46,20261004-194146,MA,Maranhão,Nordeste,21,Edmilson Costa,PCB,348,0.011719599
2026-10-04 19:41:46,20261004-194146,MA,Maranhão,Nordeste,22,Flavio Bolsonaro,PL,955681,32.18447591
2026-10-04 19:41:46,20261004-194146,MA,Maranhão,Nordeste,27,Clariana Barao,DC,666,0.022428887
2026-10-04 19:41:46,20261004-194146,MA,Maranhão,Nordeste,29,Rui Costa Pimenta,PCO,172,0.005792445
2026-10-04 19:41:46,20261004-194146,MA,Maranhão,Nordeste,30,Zema,NOVO,3498,0.117802171
2026-10-04 19:41:46,20261004-194146,MA,Maranhão,Nordeste,35,Veterinário Wilson Grassi,DEMOCRATA,220,0.007408942
2026-10-04 19:41:46,20261004-194146,MA,Maranhão,Nordeste,55,Ronaldo Caiado,PSD,38301,1.289863052
2026-10-04 19:41:46,20261004-194146,MA,Maranhão,Nordeste,70,Escritor Augusto Cury,AVANTE,64440,2.170146343
2026-10-04 19:41:46,20261004-194146,MA,Maranhão,Nordeste,80,Samara,UP,1360,0.04580073
2026-10-04 19:41:46,20261004-194146,MG,Minas Gerais,Sudeste,13,Lula,PT,4126005,42.455770062
2026-10-04 19:41:46,20261004-194146,MG,Minas Gerais,Sudeste,14,Renan Santos,MISSÃO,207520,2.135339488
2026-10-04 19:41:46,20261004-194146,MG,Minas Gerais,Sudeste,16,Hertz Dias,PSTU,3559,0.036621401
2026-10-04 19:41:46,20261004-194146,MG,Minas Gerais,Sudeste,21,Edmilson Costa,PCB,1856,0.019097871
2026-10-04 19:41:46,20261004-194146,MG,Minas Gerais,Sudeste,22,Flavio Bolsonaro,PL,4752312,48.90034441
2026-10-04 19:41:46,20261004-194146,MG,Minas Gerais,Sudeste,27,Clariana Barao,DC,2856,0.029387671
2026-10-04 19:41:46,20261004-194146,MG,Minas Gerais,Sudeste,29,Rui Costa Pimenta,PCO,1247,0.012831382
2026-10-04 19:41:46,20261004-194146,MG,Minas Gerais,Sudeste,30,Zema,NOVO,83625,0.860484602
2026-10-04 19:41:46,20261004-194146,MG,Minas Gerais,Sudeste,35,Veterinário Wilson Grassi,DEMOCRATA,1459,0.01501282
2026-10-04 19:41:46,20261004-194146,MG,Minas Gerais,Sudeste,55,Ronaldo Caiado,PSD,191932,1.974942071
2026-10-04 19:41:46,20261004-194146,MG,Minas Gerais,Sudeste,70,Escritor Augusto Cury,AVANTE,336491,3.462425403
2026-10-04 19:41:46,20261004-194146,MG,Minas Gerais,Sudeste,80,Samara,UP,9499,0.097742819
2026-10-04 19:41:46,20261004-194146,MS,Mato Grosso do Sul,Centro-Oeste,13,Lula,PT,511323,34.516969799
2026-10-04 19:41:46,20261004-194146,MS,Mato Grosso do Sul,Centro-Oeste,14,Renan Santos,MISSÃO,31777,2.145113264
2026-10-04 19:41:46,20261004-194146,MS,Mato Grosso do Sul,Centro-Oeste,16,Hertz Dias,PSTU,353,0.023829341
2026-10-04 19:41:46,20261004-194146,MS,Mato Grosso do Sul,Centro-Oeste,21,Edmilson Costa,PCB,331,0.022344227
2026-10-04 19:41:46,20261004-194146,MS,Mato Grosso do Sul,Centro-Oeste,22,Flavio Bolsonaro,PL,870220,58.744389473
2026-10-04 19:41:46,20261004-194146,MS,Mato Grosso do Sul,Centro-Oeste,27,Clariana Barao,DC,626,0.042258266
2026-10-04 19:41:46,20261004-194146,MS,Mato Grosso do Sul,Centro-Oeste,29,Rui Costa Pimenta,PCO,183,0.012353455
2026-10-04 19:41:46,20261004-194146,MS,Mato Grosso do Sul,Centro-Oeste,30,Zema,NOVO,2782,0.187799512
2026-10-04 19:41:46,20261004-194146,MS,Mato Grosso do Sul,Centro-Oeste,35,Veterinário Wilson Grassi,DEMOCRATA,208,0.014041085
2026-10-04 19:41:46,20261004-194146,MS,Mato Grosso do Sul,Centro-Oeste,55,Ronaldo Caiado,PSD,23228,1.568011168
2026-10-04 19:41:46,20261004-194146,MS,Mato Grosso do Sul,Centro-Oeste,70,Escritor Augusto Cury,AVANTE,39046,2.635808682
2026-10-04 19:41:46,20261004-194146,MS,Mato Grosso do Sul,Centro-Oeste,80,Samara,UP,1290,0.087081729
2026-10-04 19:41:46,20261004-194146,MT,Mato Grosso,Centro-Oeste,13,Lula,PT,551722,28.917247662
2026-10-04 19:41:46,20261004-194146,MT,Mato Grosso,Centro-Oeste,14,Renan Santos,MISSÃO,32085,1.681661944
2026-10-04 19:41:46,20261004-194146,MT,Mato Grosso,Centro-Oeste,16,Hertz Dias,PSTU,328,0.01719137
2026-10-04 19:41:46,20261004-194146,MT,Mato Grosso,Centro-Oeste,21,Edmilson Costa,PCB,231,0.012107337
2026-10-04 19:41:46,20261004-194146,MT,Mato Grosso,Centro-Oeste,22,Flavio Bolsonaro,PL,1247183,65.368246491
2026-10-04 19:41:46,20261004-194146,MT,Mato Grosso,Centro-Oeste,27,Clariana Barao,DC,1817,0.095233902
2026-10-04 19:41:46,20261004-194146,MT,Mato Grosso,Centro-Oeste,29,Rui Costa Pimenta,PCO,123,0.006446764
2026-10-04 19:41:46,20261004-194146,MT,Mato Grosso,Centro-Oeste,30,Zema,NOVO,2359,0.123641593
2026-10-04 19:41:46,20261004-194146,MT,Mato Grosso,Centro-Oeste,35,Veterinário Wilson Grassi,DEMOCRATA,165,0.008648098
2026-10-04 19:41:46,20261004-194146,MT,Mato Grosso,Centro-Oeste,55,Ronaldo Caiado,PSD,31775,1.665414003
2026-10-04 19:41:46,20261004-194146,MT,Mato Grosso,Centro-Oeste,70,Escritor Augusto Cury,AVANTE,38611,2.023707319
2026-10-04 19:41:46,20261004-194146,MT,Mato Grosso,Centro-Oeste,80,Samara,UP,1535,0.080453517
2026-10-04 19:41:46,20261004-194146,PA,Pará,Norte,13,Lula,PT,1942911,48.284744428
2026-10-04 19:41:46,20261004-194146,PA,Pará,Norte,14,Renan Santos,MISSÃO,74082,1.841067572
2026-10-04 19:41:46,20261004-194146,PA,Pará,Norte,16,Hertz Dias,PSTU,954,0.023708572
2026-10-04 19:41:46,20261004-194146,PA,Pará,Norte,21,Edmilson Costa,PCB,566,0.014066092
2026-10-04 19:41:46,20261004-194146,PA,Pará,Norte,22,Flavio Bolsonaro,PL,1844140,45.830111925
2026-10-04 19:41:46,20261004-194146,PA,Pará,Norte,27,Clariana Barao,DC,1157,0.028753478
2026-10-04 19:41:46,20261004-194146,PA,Pará,Norte,29,Rui Costa Pimenta,PCO,275,0.006834232
2026-10-04 19:41:46,20261004-194146,PA,Pará,Norte,30,Zema,NOVO,2731,0.067870138
2026-10-04 19:41:46,20261004-194146,PA,Pará,Norte,35,Veterinário Wilson Grassi,DEMOCRATA,400,0.009940701
2026-10-04 19:41:46,20261004-194146,PA,Pará,Norte,55,Ronaldo Caiado,PSD,45226,1.123945385
2026-10-04 19:41:46,20261004-194146,PA,Pará,Norte,70,Escritor Augusto Cury,AVANTE,107977,2.683417742
2026-10-04 19:41:46,20261004-194146,PA,Pará,Norte,80,Samara,UP,3442,0.085539734
2026-10-04 19:41:46,20261004-194146,PB,Paraíba,Nordeste,13,Lula,PT,1501801,61.206415217
2026-10-04 19:41:46,20261004-194146,PB,Paraíba,Nordeste,14,Renan Santos,MISSÃO,41474,1.690287105
2026-10-04 19:41:46,20261004-194146,PB,Paraíba,Nordeste,16,Hertz Dias,PSTU,614,0.025023781
2026-10-04 19:41:46,20261004-194146,PB,Paraíba,Nordeste,21,Edmilson Costa,PCB,340,0.013856817
2026-10-04 19:41:46,20261004-194146,PB,Paraíba,Nordeste,22,Flavio Bolsonaro,PL,813407,33.15068147
2026-10-04 19:41:46,20261004-194146,PB,Paraíba,Nordeste,27,Clariana Barao,DC,594,0.024208674
2026-10-04 19:41:46,20261004-194146,PB,Paraíba,Nordeste,29,Rui Costa Pimenta,PCO,271,0.011044698
2026-10-04 19:41:46,20261004-194146,PB,Paraíba,Nordeste,30,Zema,NOVO,1959,0.079839717
2026-10-04 19:41:46,20261004-194146,PB,Paraíba,Nordeste,35,Veterinário Wilson Grassi,DEMOCRATA,213,0.008680888
2026-10-04 19:41:46,20261004-194146,PB,Paraíba,Nordeste,55,Ronaldo Caiado,PSD,19157,0.78075011
2026-10-04 19:41:46,20261004-194146,PB,Paraíba,Nordeste,70,Escritor Augusto Cury,AVANTE,72267,2.945266389
2026-10-04 19:41:46,20261004-194146,PB,Paraíba,Nordeste,80,Samara,UP,1569,0.063945134
2026-10-04 19:41:46,20261004-194146,PE,Pernambuco,Nordeste,13,Lula,PT,2573557,62.544765847
2026-10-04 19:41:46,20261004-194146,PE,Pernambuco,Nordeste,14,Renan Santos,MISSÃO,64574,1.569332138
2026-10-04 19:41:46,20261004-194146,PE,Pernambuco,Nordeste,16,Hertz Dias,PSTU,896,0.021775352
2026-10-04 19:41:46,20261004-194146,PE,Pernambuco,Nordeste,21,Edmilson Costa,PCB,510,0.012394453
2026-10-04 19:41:46,20261004-194146,PE,Pernambuco,Nordeste,22,Flavio Bolsonaro,PL,1310122,31.839696467
2026-10-04 19:41:46,20261004-194146,PE,Pernambuco,Nordeste,27,Clariana Barao,DC,685,0.016647451
2026-10-04 19:41:46,20261004-194146,PE,Pernambuco,Nordeste,29,Rui Costa Pimenta,PCO,319,0.007752609
2026-10-04 19:41:46,20261004-194146,PE,Pernambuco,Nordeste,30,Zema,NOVO,4922,0.11961862
2026-10-04 19:41:46,20261004-194146,PE,Pernambuco,Nordeste,35,Veterinário Wilson Grassi,DEMOCRATA,346,0.008408786
2026-10-04 19:41:46,20261004-194146,PE,Pernambuco,Nordeste,55,Ronaldo Caiado,PSD,54834,1.332622394
2026-10-04 19:41:46,20261004-194146,PE,Pernambuco,Nordeste,70,Escritor Augusto Cury,AVANTE,102116,2.481709676
2026-10-04 19:41:46,20261004-194146,PE,Pernambuco,Nordeste,80,Samara,UP,1863,0.045276207
2026-10-04 19:41:46,20261004-194146,PI,Piauí,Nordeste,13,Lula,PT,1270939,70.312643495
2026-10-04 19:41:46,20261004-194146,PI,Piauí,Nordeste,14,Renan Santos,MISSÃO,28083,1.55364653
2026-10-04 19:41:46,20261004-194146,PI,Piauí,Nordeste,16,Hertz Dias,PSTU,391,0.021631442
2026-10-04 19:41:46,20261004-194146,PI,Piauí,Nordeste,21,Edmilson Costa,PCB,263,0.014550049
2026-10-04 19:41:46,20261004-194146,PI,Piauí,Nordeste,22,Flavio Bolsonaro,PL,445375,24.639651153
2026-10-04 19:41:46,20261004-194146,PI,Piauí,Nordeste,27,Clariana Barao,DC,431,0.023844378
2026-10-04 19:41:46,20261004-194146,PI,Piauí,Nordeste,29,Rui Costa Pimenta,PCO,125,0.006915423
2026-10-04 19:41:46,20261004-194146,PI,Piauí,Nordeste,30,Zema,NOVO,1213,0.067107262
2026-10-04 19:41:46,20261004-194146,PI,Piauí,Nordeste,35,Veterinário Wilson Grassi,DEMOCRATA,163,0.009017711
2026-10-04 19:41:46,20261004-194146,PI,Piauí,Nordeste,55,Ronaldo Caiado,PSD,18572,1.027465846
2026-10-04 19:41:46,20261004-194146,PI,Piauí,Nordeste,70,Escritor Augusto Cury,AVANTE,41036,2.270250294
2026-10-04 19:41:46,20261004-194146,PI,Piauí,Nordeste,80,Samara,UP,963,0.053276417
2026-10-04 19:41:46,20261004-194146,PR,Paraná,Sul,13,Lula,PT,2032818,31.136089606
2026-10-04 19:41:46,20261004-194146,PR,Paraná,Sul,14,Renan Santos,MISSÃO,176484,2.703154753
2026-10-04 19:41:46,20261004-194146,PR,Paraná,Sul,16,Hertz Dias,PSTU,2048,0.031368628
2026-10-04 19:41:46,20261004-194146,PR,Paraná,Sul,21,Edmilson Costa,PCB,1177,0.018027771
2026-10-04 19:41:46,20261004-194146,PR,Paraná,Sul,22,Flavio Bolsonaro,PL,3914437,59.956307545
2026-10-04 19:41:46,20261004-194146,PR,Paraná,Sul,27,Clariana Barao,DC,2435,0.037296196
2026-10-04 19:41:46,20261004-194146,PR,Paraná,Sul,29,Rui Costa Pimenta,PCO,911,0.013953525
2026-10-04 19:41:46,20261004-194146,PR,Paraná,Sul,30,Zema,NOVO,17096,0.261854523
2026-10-04 19:41:46,20261004-194146,PR,Paraná,Sul,35,Veterinário Wilson Grassi,DEMOCRATA,962,0.014734678
2026-10-04 19:41:46,20261004-194146,PR,Paraná,Sul,55,Ronaldo Caiado,PSD,170053,2.604652972
2026-10-04 19:41:46,20261004-194146,PR,Paraná,Sul,70,Escritor Augusto Cury,AVANTE,203687,3.119815293
2026-10-04 19:41:46,20261004-194146,PR,Paraná,Sul,80,Samara,UP,6708,0.10274451
2026-10-04 19:41:46,20261004-194146,RJ,Rio de Janeiro,Sudeste,13,Lula,PT,2607213,39.127249971
2026-10-04 19:41:46,20261004-194146,RJ,Rio de Janeiro,Sudeste,14,Renan Santos,MISSÃO,146583,2.199816311
2026-10-04 19:41:46,20261004-194146,RJ,Rio de Janeiro,Sudeste,16,Hertz Dias,PSTU,2823,0.042365632
2026-10-04 19:41:46,20261004-194146,RJ,Rio de Janeiro,Sudeste,21,Edmilson Costa,PCB,2056,0.030855026
2026-10-04 19:41:46,20261004-194146,RJ,Rio de Janeiro,Sudeste,22,Flavio Bolsonaro,PL,3557148,53.383217627
2026-10-04 19:41:46,20261004-194146,RJ,Rio de Janeiro,Sudeste,27,Clariana Barao,DC,2849,0.042755822
2026-10-04 19:41:46,20261004-194146,RJ,Rio de Janeiro,Sudeste,29,Rui Costa Pimenta,PCO,1299,0.019494494
2026-10-04 19:41:46,20261004-194146,RJ,Rio de Janeiro,Sudeste,30,Zema,NOVO,15888,0.238436118
2026-10-04 19:41:46,20261004-194146,RJ,Rio de Janeiro,Sudeste,35,Veterinário Wilson Grassi,DEMOCRATA,1345,0.02018483
2026-10-04 19:41:46,20261004-194146,RJ,Rio de Janeiro,Sudeste,55,Ronaldo Caiado,PSD,140730,2.111978534
2026-10-04 19:41:46,20261004-194146,RJ,Rio de Janeiro,Sudeste,70,Escritor Augusto Cury,AVANTE,175704,2.636844143
2026-10-04 19:41:46,20261004-194146,RJ,Rio de Janeiro,Sudeste,80,Samara,UP,9782,0.146801492
2026-10-04 19:41:46,20261004-194146,RN,Rio Grande do Norte,Nordeste,13,Lula,PT,1020139,59.699914208
2026-10-04 19:41:46,20261004-194146,RN,Rio Grande do Norte,Nordeste,14,Renan Santos,MISSÃO,29440,1.722868623
2026-10-04 19:41:46,20261004-194146,RN,Rio Grande do Norte,Nordeste,16,Hertz Dias,PSTU,469,0.027446514
2026-10-04 19:41:46,20261004-194146,RN,Rio Grande do Norte,Nordeste,21,Edmilson Costa,PCB,263,0.015391116
2026-10-04 19:41:46,20261004-194146,RN,Rio Grande do Norte,Nordeste,22,Flavio Bolsonaro,PL,594226,34.774909321
2026-10-04 19:41:46,20261004-194146,RN,Rio Grande do Norte,Nordeste,27,Clariana Barao,DC,346,0.020248388
2026-10-04 19:41:46,20261004-194146,RN,Rio Grande do Norte,Nordeste,29,Rui Costa Pimenta,PCO,149,0.008719682
2026-10-04 19:41:46,20261004-194146,RN,Rio Grande do Norte,Nordeste,30,Zema,NOVO,1283,0.075082895
2026-10-04 19:41:46,20261004-194146,RN,Rio Grande do Norte,Nordeste,35,Veterinário Wilson Grassi,DEMOCRATA,157,0.009187852
2026-10-04 19:41:46,20261004-194146,RN,Rio Grande do Norte,Nordeste,55,Ronaldo Caiado,PSD,13752,0.804785642
2026-10-04 19:41:46,20261004-194146,RN,Rio Grande do Norte,Nordeste,70,Escritor Augusto Cury,AVANTE,47528,2.78140285
2026-10-04 19:41:46,20261004-194146,RN,Rio Grande do Norte,Nordeste,80,Samara,UP,1026,0.060042908
2026-10-04 19:41:46,20261004-194146,RO,Rondônia,Norte,13,Lula,PT,246413,25.978080043
2026-10-04 19:41:46,20261004-194146,RO,Rondônia,Norte,14,Renan Santos,MISSÃO,18842,1.986417048
2026-10-04 19:41:46,20261004-194146,RO,Rondônia,Norte,16,Hertz Dias,PSTU,174,0.018343943
2026-10-04 19:41:46,20261004-194146,RO,Rondônia,Norte,21,Edmilson Costa,PCB,157,0.016551718
2026-10-04 19:41:46,20261004-194146,RO,Rondônia,Norte,22,Flavio Bolsonaro,PL,638932,67.35937892
2026-10-04 19:41:46,20261004-194146,RO,Rondônia,Norte,27,Clariana Barao,DC,351,0.03700416
2026-10-04 19:41:46,20261004-194146,RO,Rondônia,Norte,29,Rui Costa Pimenta,PCO,59,0.006220072
2026-10-04 19:41:46,20261004-194146,RO,Rondônia,Norte,30,Zema,NOVO,1292,0.136209045
2026-10-04 19:41:46,20261004-194146,RO,Rondônia,Norte,35,Veterinário Wilson Grassi,DEMOCRATA,97,0.010226221
2026-10-04 19:41:46,20261004-194146,RO,Rondônia,Norte,55,Ronaldo Caiado,PSD,16530,1.742674547
2026-10-04 19:41:46,20261004-194146,RO,Rondônia,Norte,70,Escritor Augusto Cury,AVANTE,24857,2.620548168
2026-10-04 19:41:46,20261004-194146,RO,Rondônia,Norte,80,Samara,UP,838,0.088346114
2026-10-04 19:41:46,20261004-194146,RR,Roraima,Norte,13,Lula,PT,71527,22.393966243
2026-10-04 19:41:46,20261004-194146,RR,Roraima,Norte,14,Renan Santos,MISSÃO,6567,2.056023268
2026-10-04 19:41:46,20261004-194146,RR,Roraima,Norte,16,Hertz Dias,PSTU,60,0.018785046
2026-10-04 19:41:46,20261004-194146,RR,Roraima,Norte,21,Edmilson Costa,PCB,42,0.013149532
2026-10-04 19:41:46,20261004-194146,RR,Roraima,Norte,22,Flavio Bolsonaro,PL,228239,71.458001334
2026-10-04 19:41:46,20261004-194146,RR,Roraima,Norte,27,Clariana Barao,DC,167,0.052285044
2026-10-04 19:41:46,20261004-194146,RR,Roraima,Norte,29,Rui Costa Pimenta,PCO,34,0.010644859
2026-10-04 19:41:46,20261004-194146,RR,Roraima,Norte,30,Zema,NOVO,334,0.104570089
2026-10-04 19:41:46,20261004-194146,RR,Roraima,Norte,35,Veterinário Wilson Grassi,DEMOCRATA,41,0.012836448
2026-10-04 19:41:46,20261004-194146,RR,Roraima,Norte,55,Ronaldo Caiado,PSD,3609,1.129920508
2026-10-04 19:41:46,20261004-194146,RR,Roraima,Norte,70,Escritor Augusto Cury,AVANTE,8506,2.663093334
2026-10-04 19:41:46,20261004-194146,RR,Roraima,Norte,80,Samara,UP,277,0.086724295
2026-10-04 19:41:46,20261004-194146,RS,Rio Grande do Sul,Sul,13,Lula,PT,2243696,35.768783108
2026-10-04 19:41:46,20261004-194146,RS,Rio Grande do Sul,Sul,14,Renan Santos,MISSÃO,164299,2.619238656
2026-10-04 19:41:46,20261004-194146,RS,Rio Grande do Sul,Sul,16,Hertz Dias,PSTU,2115,0.033717124
2026-10-04 19:41:46,20261004-194146,RS,Rio Grande do Sul,Sul,21,Edmilson Costa,PCB,1008,0.016069438
2026-10-04 19:41:46,20261004-194146,RS,Rio Grande do Sul,Sul,22,Flavio Bolsonaro,PL,3486373,55.579418812
2026-10-04 19:41:46,20261004-194146,RS,Rio Grande do Sul,Sul,27,Clariana Barao,DC,2032,0.032393946
2026-10-04 19:41:46,20261004-194146,RS,Rio Grande do Sul,Sul,29,Rui Costa Pimenta,PCO,1023,0.016308566
2026-10-04 19:41:46,20261004-194146,RS,Rio Grande do Sul,Sul,30,Zema,NOVO,18659,0.297459961
2026-10-04 19:41:46,20261004-194146,RS,Rio Grande do Sul,Sul,35,Veterinário Wilson Grassi,DEMOCRATA,916,0.014602783
2026-10-04 19:41:46,20261004-194146,RS,Rio Grande do Sul,Sul,55,Ronaldo Caiado,PSD,154775,2.467407976
2026-10-04 19:41:46,20261004-194146,RS,Rio Grande do Sul,Sul,70,Escritor Augusto Cury,AVANTE,191342,3.050355528
2026-10-04 19:41:46,20261004-194146,RS,Rio Grande do Sul,Sul,80,Samara,UP,6539,0.104244101
2026-10-04 19:41:46,20261004-194146,SC,Santa Catarina,Sul,13,Lula,PT,1056818,25.066394692
2026-10-04 19:41:46,20261004-194146,SC,Santa Catarina,Sul,14,Renan Santos,MISSÃO,125423,2.974875921
2026-10-04 19:41:46,20261004-194146,SC,Santa Catarina,Sul,16,Hertz Dias,PSTU,1428,0.033870365
2026-10-04 19:41:46,20261004-194146,SC,Santa Catarina,Sul,21,Edmilson Costa,PCB,773,0.018334588
2026-10-04 19:41:46,20261004-194146,SC,Santa Catarina,Sul,22,Flavio Bolsonaro,PL,2806634,66.569830945
2026-10-04 19:41:46,20261004-194146,SC,Santa Catarina,Sul,27,Clariana Barao,DC,1358,0.032210053
2026-10-04 19:41:46,20261004-194146,SC,Santa Catarina,Sul,29,Rui Costa Pimenta,PCO,613,0.01453959
2026-10-04 19:41:46,20261004-194146,SC,Santa Catarina,Sul,30,Zema,NOVO,16086,0.381539702
2026-10-04 19:41:46,20261004-194146,SC,Santa Catarina,Sul,35,Veterinário Wilson Grassi,DEMOCRATA,531,0.012594653
2026-10-04 19:41:46,20261004-194146,SC,Santa Catarina,Sul,55,Ronaldo Caiado,PSD,75576,1.792567732
2026-10-04 19:41:46,20261004-194146,SC,Santa Catarina,Sul,70,Escritor Augusto Cury,AVANTE,126071,2.990245667
2026-10-04 19:41:46,20261004-194146,SC,Santa Catarina,Sul,80,Samara,UP,4764,0.112996092
2026-10-04 19:41:46,20261004-194146,SE,Sergipe,Nordeste,13,Lula,PT,780086,62.137748982
2026-10-04 19:41:46,20261004-194146,SE,Sergipe,Nordeste,14,Renan Santos,MISSÃO,20168,1.606482005
2026-10-04 19:41:46,20261004-194146,SE,Sergipe,Nordeste,16,Hertz Dias,PSTU,318,0.025330289
2026-10-04 19:41:46,20261004-194146,SE,Sergipe,Nordeste,21,Edmilson Costa,PCB,194,0.01545307
2026-10-04 19:41:46,20261004-194146,SE,Sergipe,Nordeste,22,Flavio Bolsonaro,PL,390595,31.11284405
2026-10-04 19:41:46,20261004-194146,SE,Sergipe,Nordeste,27,Clariana Barao,DC,438,0.034888889
2026-10-04 19:41:46,20261004-194146,SE,Sergipe,Nordeste,29,Rui Costa Pimenta,PCO,99,0.007885845
2026-10-04 19:41:46,20261004-194146,SE,Sergipe,Nordeste,30,Zema,NOVO,1096,0.087301878
2026-10-04 19:41:46,20261004-194146,SE,Sergipe,Nordeste,35,Veterinário Wilson Grassi,DEMOCRATA,130,0.01035515
2026-10-04 19:41:46,20261004-194146,SE,Sergipe,Nordeste,55,Ronaldo Caiado,PSD,24724,1.969390177
2026-10-04 19:41:46,20261004-194146,SE,Sergipe,Nordeste,70,Escritor Augusto Cury,AVANTE,36627,2.917523622
2026-10-04 19:41:46,20261004-194146,SE,Sergipe,Nordeste,80,Samara,UP,939,0.074796043
2026-10-04 19:41:46,20261004-194146,SP,São Paulo,Sudeste,13,Lula,PT,8487145,37.987422515
2026-10-04 19:41:46,20261004-194146,SP,São Paulo,Sudeste,14,Renan Santos,MISSÃO,720162,3.223356991
2026-10-04 19:41:46,20261004-194146,SP,São Paulo,Sudeste,16,Hertz Dias,PSTU,14290,0.063960291
2026-10-04 19:41:46,20261004-194146,SP,São Paulo,Sudeste,21,Edmilson Costa,PCB,5473,0.024496478
2026-10-04 19:41:46,20261004-194146,SP,São Paulo,Sudeste,22,Flavio Bolsonaro,PL,11655129,52.166931258
2026-10-04 19:41:46,20261004-194146,SP,São Paulo,Sudeste,27,Clariana Barao,DC,9388,0.042019539
2026-10-04 19:41:46,20261004-194146,SP,São Paulo,Sudeste,29,Rui Costa Pimenta,PCO,4018,0.017984076
2026-10-04 19:41:46,20261004-194146,SP,São Paulo,Sudeste,30,Zema,NOVO,84609,0.378699531
2026-10-04 19:41:46,20261004-194146,SP,São Paulo,Sudeste,35,Veterinário Wilson Grassi,DEMOCRATA,4648,0.020803879
2026-10-04 19:41:46,20261004-194146,SP,São Paulo,Sudeste,55,Ronaldo Caiado,PSD,519389,2.32472161
2026-10-04 19:41:46,20261004-194146,SP,São Paulo,Sudeste,70,Escritor Augusto Cury,AVANTE,799684,3.579287733
2026-10-04 19:41:46,20261004-194146,SP,São Paulo,Sudeste,80,Samara,UP,38052,0.170316096
2026-10-04 19:41:46,20261004-194146,TO,Tocantins,Norte,13,Lula,PT,399554,43.506249571
2026-10-04 19:41:46,20261004-194146,TO,Tocantins,Norte,14,Renan Santos,MISSÃO,12803,1.394080683
2026-10-04 19:41:46,20261004-194146,TO,Tocantins,Norte,16,Hertz Dias,PSTU,99,0.010779816
2026-10-04 19:41:46,20261004-194146,TO,Tocantins,Norte,21,Edmilson Costa,PCB,115,0.012522009
2026-10-04 19:41:46,20261004-194146,TO,Tocantins,Norte,22,Flavio Bolsonaro,PL,462484,50.358510556
2026-10-04 19:41:46,20261004-194146,TO,Tocantins,Norte,27,Clariana Barao,DC,170,0.018510796
2026-10-04 19:41:46,20261004-194146,TO,Tocantins,Norte,29,Rui Costa Pimenta,PCO,63,0.006859883
2026-10-04 19:41:46,20261004-194146,TO,Tocantins,Norte,30,Zema,NOVO,588,0.064025575
2026-10-04 19:41:46,20261004-194146,TO,Tocantins,Norte,35,Veterinário Wilson Grassi,DEMOCRATA,66,0.007186544
2026-10-04 19:41:46,20261004-194146,TO,Tocantins,Norte,55,Ronaldo Caiado,PSD,19938,2.170989663
2026-10-04 19:41:46,20261004-194146,TO,Tocantins,Norte,70,Escritor Augusto Cury,AVANTE,22113,2.40781896
2026-10-04 19:41:46,20261004-194146,TO,Tocantins,Norte,80,Samara,UP,390,0.042465943
2026-10-04 19:41:46,20261004-194146,ZZ,Exterior,Exterior,13,Lula,PT,122963,51.085583714
2026-10-04 19:41:46,20261004-194146,ZZ,Exterior,Exterior,14,Renan Santos,MISSÃO,6579,2.733277939
2026-10-04 19:41:46,20261004-194146,ZZ,Exterior,Exterior,16,Hertz Dias,PSTU,317,0.131699211
2026-10-04 19:41:46,20261004-194146,ZZ,Exterior,Exterior,21,Edmilson Costa,PCB,353,0.146655588
2026-10-04 19:41:46,20261004-194146,ZZ,Exterior,Exterior,22,Flavio Bolsonaro,PL,95108,39.51308683
2026-10-04 19:41:46,20261004-194146,ZZ,Exterior,Exterior,27,Clariana Barao,DC,718,0.298296635
2026-10-04 19:41:46,20261004-194146,ZZ,Exterior,Exterior,29,Rui Costa Pimenta,PCO,154,0.063980058
2026-10-04 19:41:46,20261004-194146,ZZ,Exterior,Exterior,30,Zema,NOVO,2345,0.974241795
2026-10-04 19:41:46,20261004-194146,ZZ,Exterior,Exterior,35,Veterinário Wilson Grassi,DEMOCRATA,271,0.112588284
2026-10-04 19:41:46,20261004-194146,ZZ,Exterior,Exterior,55,Ronaldo Caiado,PSD,3448,1.432488575
2026-10-04 19:41:46,20261004-194146,ZZ,Exterior,Exterior,70,Escritor Augusto Cury,AVANTE,7536,3.130868301
2026-10-04 19:41:46,20261004-194146,ZZ,Exterior,Exterior,80,Samara,UP,908,0.37723307
2026-10-04 20:03:50,20261004-200350,AC,Acre,Norte,13,Lula,PT,131531,28.661673665
2026-10-04 20:03:50,20261004-200350,AC,Acre,Norte,14,Renan Santos,MISSÃO,7842,1.708835521
2026-10-04 20:03:50,20261004-200350,AC,Acre,Norte,16,Hertz Dias,PSTU,69,0.015035661
2026-10-04 20:03:50,20261004-200350,AC,Acre,Norte,21,Edmilson Costa,PCB,138,0.030071321
2026-10-04 20:03:50,20261004-200350,AC,Acre,Norte,22,Flavio Bolsonaro,PL,296503,64.610412958
2026-10-04 20:03:50,20261004-200350,AC,Acre,Norte,27,Clariana Barao,DC,205,0.044671166
2026-10-04 20:03:50,20261004-200350,AC,Acre,Norte,29,Rui Costa Pimenta,PCO,38,0.008280509
2026-10-04 20:03:50,20261004-200350,AC,Acre,Norte,30,Zema,NOVO,559,0.121810642
2026-10-04 20:03:50,20261004-200350,AC,Acre,Norte,35,Veterinário Wilson Grassi,DEMOCRATA,36,0.007844693
2026-10-04 20:03:50,20261004-200350,AC,Acre,Norte,55,Ronaldo Caiado,PSD,8408,1.83217152
2026-10-04 20:03:50,20261004-200350,AC,Acre,Norte,70,Escritor Augusto Cury,AVANTE,13269,2.891422918
2026-10-04 20:03:50,20261004-200350,AC,Acre,Norte,80,Samara,UP,311,0.067769427
2026-10-04 20:03:50,20261004-200350,AL,Alagoas,Nordeste,13,Lula,PT,553945,56.965377243
2026-10-04 20:03:50,20261004-200350,AL,Alagoas,Nordeste,14,Renan Santos,MISSÃO,13159,1.353216292
2026-10-04 20:03:50,20261004-200350,AL,Alagoas,Nordeste,16,Hertz Dias,PSTU,215,0.022109697
2026-10-04 20:03:50,20261004-200350,AL,Alagoas,Nordeste,21,Edmilson Costa,PCB,141,0.014499848
2026-10-04 20:03:50,20261004-200350,AL,Alagoas,Nordeste,22,Flavio Bolsonaro,PL,374648,38.527226806
2026-10-04 20:03:50,20261004-200350,AL,Alagoas,Nordeste,27,Clariana Barao,DC,315,0.032393277
2026-10-04 20:03:50,20261004-200350,AL,Alagoas,Nordeste,29,Rui Costa Pimenta,PCO,49,0.005038954
2026-10-04 20:03:50,20261004-200350,AL,Alagoas,Nordeste,30,Zema,NOVO,560,0.057588048
2026-10-04 20:03:50,20261004-200350,AL,Alagoas,Nordeste,35,Veterinário Wilson Grassi,DEMOCRATA,120,0.012340296
2026-10-04 20:03:50,20261004-200350,AL,Alagoas,Nordeste,55,Ronaldo Caiado,PSD,6652,0.684063742
2026-10-04 20:03:50,20261004-200350,AL,Alagoas,Nordeste,70,Escritor Augusto Cury,AVANTE,22003,2.262696108
2026-10-04 20:03:50,20261004-200350,AL,Alagoas,Nordeste,80,Samara,UP,617,0.063449689
2026-10-04 20:03:50,20261004-200350,AM,Amazonas,Norte,13,Lula,PT,843552,45.649248146
2026-10-04 20:03:50,20261004-200350,AM,Amazonas,Norte,14,Renan Santos,MISSÃO,32370,1.751719115
2026-10-04 20:03:50,20261004-200350,AM,Amazonas,Norte,16,Hertz Dias,PSTU,440,0.023810825
2026-10-04 20:03:50,20261004-200350,AM,Amazonas,Norte,21,Edmilson Costa,PCB,232,0.012554799
2026-10-04 20:03:50,20261004-200350,AM,Amazonas,Norte,22,Flavio Bolsonaro,PL,871292,47.150412441
2026-10-04 20:03:50,20261004-200350,AM,Amazonas,Norte,27,Clariana Barao,DC,864,0.046755802
2026-10-04 20:03:50,20261004-200350,AM,Amazonas,Norte,29,Rui Costa Pimenta,PCO,158,0.008550251
2026-10-04 20:03:50,20261004-200350,AM,Amazonas,Norte,30,Zema,NOVO,1685,0.091184637
2026-10-04 20:03:50,20261004-200350,AM,Amazonas,Norte,35,Veterinário Wilson Grassi,DEMOCRATA,274,0.01482765
2026-10-04 20:03:50,20261004-200350,AM,Amazonas,Norte,55,Ronaldo Caiado,PSD,25005,1.353158371
2026-10-04 20:03:50,20261004-200350,AM,Amazonas,Norte,70,Escritor Augusto Cury,AVANTE,70270,3.802697009
2026-10-04 20:03:50,20261004-200350,AM,Amazonas,Norte,80,Samara,UP,1757,0.095080954
2026-10-04 20:03:50,20261004-200350,AP,Amapá,Norte,13,Lula,PT,172933,46.337267721
2026-10-04 20:03:50,20261004-200350,AP,Amapá,Norte,14,Renan Santos,MISSÃO,8903,2.385552176
2026-10-04 20:03:50,20261004-200350,AP,Amapá,Norte,16,Hertz Dias,PSTU,100,0.026794925
2026-10-04 20:03:50,20261004-200350,AP,Amapá,Norte,21,Edmilson Costa,PCB,45,0.012057716
2026-10-04 20:03:50,20261004-200350,AP,Amapá,Norte,22,Flavio Bolsonaro,PL,168381,45.117562734
2026-10-04 20:03:50,20261004-200350,AP,Amapá,Norte,27,Clariana Barao,DC,183,0.049034713
2026-10-04 20:03:50,20261004-200350,AP,Amapá,Norte,29,Rui Costa Pimenta,PCO,42,0.011253869
2026-10-04 20:03:50,20261004-200350,AP,Amapá,Norte,30,Zema,NOVO,269,0.072078348
2026-10-04 20:03:50,20261004-200350,AP,Amapá,Norte,35,Veterinário Wilson Grassi,DEMOCRATA,38,0.010182072
2026-10-04 20:03:50,20261004-200350,AP,Amapá,Norte,55,Ronaldo Caiado,PSD,6555,1.756407336
2026-10-04 20:03:50,20261004-200350,AP,Amapá,Norte,70,Escritor Augusto Cury,AVANTE,15348,4.112485095
2026-10-04 20:03:50,20261004-200350,AP,Amapá,Norte,80,Samara,UP,408,0.109323294
2026-10-04 20:03:50,20261004-200350,BA,Bahia,Nordeste,13,Lula,PT,3635383,64.939412642
2026-10-04 20:03:50,20261004-200350,BA,Bahia,Nordeste,14,Renan Santos,MISSÃO,82296,1.470066263
2026-10-04 20:03:50,20261004-200350,BA,Bahia,Nordeste,16,Hertz Dias,PSTU,1264,0.022579029
2026-10-04 20:03:50,20261004-200350,BA,Bahia,Nordeste,21,Edmilson Costa,PCB,855,0.015272998
2026-10-04 20:03:50,20261004-200350,BA,Bahia,Nordeste,22,Flavio Bolsonaro,PL,1651965,29.509308044
2026-10-04 20:03:50,20261004-200350,BA,Bahia,Nordeste,27,Clariana Barao,DC,1155,0.020631945
2026-10-04 20:03:50,20261004-200350,BA,Bahia,Nordeste,29,Rui Costa Pimenta,PCO,555,0.009914051
2026-10-04 20:03:50,20261004-200350,BA,Bahia,Nordeste,30,Zema,NOVO,4747,0.0847964
2026-10-04 20:03:50,20261004-200350,BA,Bahia,Nordeste,35,Veterinário Wilson Grassi,DEMOCRATA,425,0.007591841
2026-10-04 20:03:50,20261004-200350,BA,Bahia,Nordeste,55,Ronaldo Caiado,PSD,84790,1.514616974
2026-10-04 20:03:50,20261004-200350,BA,Bahia,Nordeste,70,Escritor Augusto Cury,AVANTE,131351,2.346343367
2026-10-04 20:03:50,20261004-200350,BA,Bahia,Nordeste,80,Samara,UP,3329,0.059466445
2026-10-04 20:03:50,20261004-200350,CE,Ceará,Nordeste,13,Lula,PT,2367584,61.704473813
2026-10-04 20:03:50,20261004-200350,CE,Ceará,Nordeste,14,Renan Santos,MISSÃO,79008,2.059123168
2026-10-04 20:03:50,20261004-200350,CE,Ceará,Nordeste,16,Hertz Dias,PSTU,1100,0.028668432
2026-10-04 20:03:50,20261004-200350,CE,Ceará,Nordeste,21,Edmilson Costa,PCB,553,0.014412403
2026-10-04 20:03:50,20261004-200350,CE,Ceará,Nordeste,22,Flavio Bolsonaro,PL,1247982,32.525170232
2026-10-04 20:03:50,20261004-200350,CE,Ceará,Nordeste,27,Clariana Barao,DC,771,0.020093965
2026-10-04 20:03:50,20261004-200350,CE,Ceará,Nordeste,29,Rui Costa Pimenta,PCO,369,0.009616956
2026-10-04 20:03:50,20261004-200350,CE,Ceará,Nordeste,30,Zema,NOVO,3442,0.08970613
2026-10-04 20:03:50,20261004-200350,CE,Ceará,Nordeste,35,Veterinário Wilson Grassi,DEMOCRATA,358,0.009330272
2026-10-04 20:03:50,20261004-200350,CE,Ceará,Nordeste,55,Ronaldo Caiado,PSD,33446,0.87167671
2026-10-04 20:03:50,20261004-200350,CE,Ceará,Nordeste,70,Escritor Augusto Cury,AVANTE,99743,2.599523114
2026-10-04 20:03:50,20261004-200350,CE,Ceará,Nordeste,80,Samara,UP,2617,0.068204806
2026-10-04 20:03:50,20261004-200350,DF,Distrito Federal,Centro-Oeste,13,Lula,PT,672045,38.123334343
2026-10-04 20:03:50,20261004-200350,DF,Distrito Federal,Centro-Oeste,14,Renan Santos,MISSÃO,46429,2.6337943
2026-10-04 20:03:50,20261004-200350,DF,Distrito Federal,Centro-Oeste,16,Hertz Dias,PSTU,826,0.046856794
2026-10-04 20:03:50,20261004-200350,DF,Distrito Federal,Centro-Oeste,21,Edmilson Costa,PCB,334,0.018946936
2026-10-04 20:03:50,20261004-200350,DF,Distrito Federal,Centro-Oeste,22,Flavio Bolsonaro,PL,904230,51.294574936
2026-10-04 20:03:50,20261004-200350,DF,Distrito Federal,Centro-Oeste,27,Clariana Barao,DC,711,0.040333148
2026-10-04 20:03:50,20261004-200350,DF,Distrito Federal,Centro-Oeste,29,Rui Costa Pimenta,PCO,380,0.021556394
2026-10-04 20:03:50,20261004-200350,DF,Distrito Federal,Centro-Oeste,30,Zema,NOVO,4898,0.277850578
2026-10-04 20:03:50,20261004-200350,DF,Distrito Federal,Centro-Oeste,35,Veterinário Wilson Grassi,DEMOCRATA,322,0.018266208
2026-10-04 20:03:50,20261004-200350,DF,Distrito Federal,Centro-Oeste,55,Ronaldo Caiado,PSD,84648,4.801857027
2026-10-04 20:03:50,20261004-200350,DF,Distrito Federal,Centro-Oeste,70,Escritor Augusto Cury,AVANTE,45711,2.59306406
2026-10-04 20:03:50,20261004-200350,DF,Distrito Federal,Centro-Oeste,80,Samara,UP,2284,0.129565276
2026-10-04 20:03:50,20261004-200350,ES,Espírito Santo,Sudeste,13,Lula,PT,841258,37.669370626
2026-10-04 20:03:50,20261004-200350,ES,Espírito Santo,Sudeste,14,Renan Santos,MISSÃO,52886,2.368099126
2026-10-04 20:03:50,20261004-200350,ES,Espírito Santo,Sudeste,16,Hertz Dias,PSTU,634,0.02838889
2026-10-04 20:03:50,20261004-200350,ES,Espírito Santo,Sudeste,21,Edmilson Costa,PCB,379,0.016970646
2026-10-04 20:03:50,20261004-200350,ES,Espírito Santo,Sudeste,22,Flavio Bolsonaro,PL,1225274,54.86461992
2026-10-04 20:03:50,20261004-200350,ES,Espírito Santo,Sudeste,27,Clariana Barao,DC,966,0.043254997
2026-10-04 20:03:50,20261004-200350,ES,Espírito Santo,Sudeste,29,Rui Costa Pimenta,PCO,243,0.010880915
2026-10-04 20:03:50,20261004-200350,ES,Espírito Santo,Sudeste,30,Zema,NOVO,5843,0.261634519
2026-10-04 20:03:50,20261004-200350,ES,Espírito Santo,Sudeste,35,Veterinário Wilson Grassi,DEMOCRATA,311,0.013925781
2026-10-04 20:03:50,20261004-200350,ES,Espírito Santo,Sudeste,55,Ronaldo Caiado,PSD,38836,1.738976245
2026-10-04 20:03:50,20261004-200350,ES,Espírito Santo,Sudeste,70,Escritor Augusto Cury,AVANTE,64681,2.896248905
2026-10-04 20:03:50,20261004-200350,ES,Espírito Santo,Sudeste,80,Samara,UP,1957,0.087629429
2026-10-04 20:03:50,20261004-200350,GO,Goiás,Centro-Oeste,13,Lula,PT,1068820,30.629383655
2026-10-04 20:03:50,20261004-200350,GO,Goiás,Centro-Oeste,14,Renan Santos,MISSÃO,49976,1.432172
2026-10-04 20:03:50,20261004-200350,GO,Goiás,Centro-Oeste,16,Hertz Dias,PSTU,613,0.017566861
2026-10-04 20:03:50,20261004-200350,GO,Goiás,Centro-Oeste,21,Edmilson Costa,PCB,422,0.012093336
2026-10-04 20:03:50,20261004-200350,GO,Goiás,Centro-Oeste,22,Flavio Bolsonaro,PL,1885543,54.034374306
2026-10-04 20:03:50,20261004-200350,GO,Goiás,Centro-Oeste,27,Clariana Barao,DC,520,0.014901742
2026-10-04 20:03:50,20261004-200350,GO,Goiás,Centro-Oeste,29,Rui Costa Pimenta,PCO,246,0.00704967
2026-10-04 20:03:50,20261004-200350,GO,Goiás,Centro-Oeste,30,Zema,NOVO,2513,0.072015532
2026-10-04 20:03:50,20261004-200350,GO,Goiás,Centro-Oeste,35,Veterinário Wilson Grassi,DEMOCRATA,323,0.009256274
2026-10-04 20:03:50,20261004-200350,GO,Goiás,Centro-Oeste,55,Ronaldo Caiado,PSD,428849,12.289609617
2026-10-04 20:03:50,20261004-200350,GO,Goiás,Centro-Oeste,70,Escritor Augusto Cury,AVANTE,49755,1.42583876
2026-10-04 20:03:50,20261004-200350,GO,Goiás,Centro-Oeste,80,Samara,UP,1945,0.055738245
2026-10-04 20:03:50,20261004-200350,MA,Maranhão,Nordeste,13,Lula,PT,1858243,62.569168949
2026-10-04 20:03:50,20261004-200350,MA,Maranhão,Nordeste,14,Renan Santos,MISSÃO,45578,1.534663433
2026-10-04 20:03:50,20261004-200350,MA,Maranhão,Nordeste,16,Hertz Dias,PSTU,1186,0.039933978
2026-10-04 20:03:50,20261004-200350,MA,Maranhão,Nordeste,21,Edmilson Costa,PCB,348,0.011717558
2026-10-04 20:03:50,20261004-200350,MA,Maranhão,Nordeste,22,Flavio Bolsonaro,PL,955861,32.184934048
2026-10-04 20:03:50,20261004-200350,MA,Maranhão,Nordeste,27,Clariana Barao,DC,666,0.022424982
2026-10-04 20:03:50,20261004-200350,MA,Maranhão,Nordeste,29,Rui Costa Pimenta,PCO,172,0.005791437
2026-10-04 20:03:50,20261004-200350,MA,Maranhão,Nordeste,30,Zema,NOVO,3498,0.117781664
2026-10-04 20:03:50,20261004-200350,MA,Maranhão,Nordeste,35,Veterinário Wilson Grassi,DEMOCRATA,220,0.007407652
2026-10-04 20:03:50,20261004-200350,MA,Maranhão,Nordeste,55,Ronaldo Caiado,PSD,38307,1.28984054
2026-10-04 20:03:50,20261004-200350,MA,Maranhão,Nordeste,70,Escritor Augusto Cury,AVANTE,64462,2.17050933
2026-10-04 20:03:50,20261004-200350,MA,Maranhão,Nordeste,80,Samara,UP,1361,0.045826428
2026-10-04 20:03:50,20261004-200350,MG,Minas Gerais,Sudeste,13,Lula,PT,4126005,42.455770062
2026-10-04 20:03:50,20261004-200350,MG,Minas Gerais,Sudeste,14,Renan Santos,MISSÃO,207520,2.135339488
2026-10-04 20:03:50,20261004-200350,MG,Minas Gerais,Sudeste,16,Hertz Dias,PSTU,3559,0.036621401
2026-10-04 20:03:50,20261004-200350,MG,Minas Gerais,Sudeste,21,Edmilson Costa,PCB,1856,0.019097871
2026-10-04 20:03:50,20261004-200350,MG,Minas Gerais,Sudeste,22,Flavio Bolsonaro,PL,4752312,48.90034441
2026-10-04 20:03:50,20261004-200350,MG,Minas Gerais,Sudeste,27,Clariana Barao,DC,2856,0.029387671
2026-10-04 20:03:50,20261004-200350,MG,Minas Gerais,Sudeste,29,Rui Costa Pimenta,PCO,1247,0.012831382
2026-10-04 20:03:50,20261004-200350,MG,Minas Gerais,Sudeste,30,Zema,NOVO,83625,0.860484602
2026-10-04 20:03:50,20261004-200350,MG,Minas Gerais,Sudeste,35,Veterinário Wilson Grassi,DEMOCRATA,1459,0.01501282
2026-10-04 20:03:50,20261004-200350,MG,Minas Gerais,Sudeste,55,Ronaldo Caiado,PSD,191932,1.974942071
2026-10-04 20:03:50,20261004-200350,MG,Minas Gerais,Sudeste,70,Escritor Augusto Cury,AVANTE,336491,3.462425403
2026-10-04 20:03:50,20261004-200350,MG,Minas Gerais,Sudeste,80,Samara,UP,9499,0.097742819
2026-10-04 20:03:50,20261004-200350,MS,Mato Grosso do Sul,Centro-Oeste,13,Lula,PT,511323,34.516969799
2026-10-04 20:03:50,20261004-200350,MS,Mato Grosso do Sul,Centro-Oeste,14,Renan Santos,MISSÃO,31777,2.145113264
2026-10-04 20:03:50,20261004-200350,MS,Mato Grosso do Sul,Centro-Oeste,16,Hertz Dias,PSTU,353,0.023829341
2026-10-04 20:03:50,20261004-200350,MS,Mato Grosso do Sul,Centro-Oeste,21,Edmilson Costa,PCB,331,0.022344227
2026-10-04 20:03:50,20261004-200350,MS,Mato Grosso do Sul,Centro-Oeste,22,Flavio Bolsonaro,PL,870220,58.744389473
2026-10-04 20:03:50,20261004-200350,MS,Mato Grosso do Sul,Centro-Oeste,27,Clariana Barao,DC,626,0.042258266
2026-10-04 20:03:50,20261004-200350,MS,Mato Grosso do Sul,Centro-Oeste,29,Rui Costa Pimenta,PCO,183,0.012353455
2026-10-04 20:03:50,20261004-200350,MS,Mato Grosso do Sul,Centro-Oeste,30,Zema,NOVO,2782,0.187799512
2026-10-04 20:03:50,20261004-200350,MS,Mato Grosso do Sul,Centro-Oeste,35,Veterinário Wilson Grassi,DEMOCRATA,208,0.014041085
2026-10-04 20:03:50,20261004-200350,MS,Mato Grosso do Sul,Centro-Oeste,55,Ronaldo Caiado,PSD,23228,1.568011168
2026-10-04 20:03:50,20261004-200350,MS,Mato Grosso do Sul,Centro-Oeste,70,Escritor Augusto Cury,AVANTE,39046,2.635808682
2026-10-04 20:03:50,20261004-200350,MS,Mato Grosso do Sul,Centro-Oeste,80,Samara,UP,1290,0.087081729
2026-10-04 20:03:50,20261004-200350,MT,Mato Grosso,Centro-Oeste,13,Lula,PT,551722,28.917247662
2026-10-04 20:03:50,20261004-200350,MT,Mato Grosso,Centro-Oeste,14,Renan Santos,MISSÃO,32085,1.681661944
2026-10-04 20:03:50,20261004-200350,MT,Mato Grosso,Centro-Oeste,16,Hertz Dias,PSTU,328,0.01719137
2026-10-04 20:03:50,20261004-200350,MT,Mato Grosso,Centro-Oeste,21,Edmilson Costa,PCB,231,0.012107337
2026-10-04 20:03:50,20261004-200350,MT,Mato Grosso,Centro-Oeste,22,Flavio Bolsonaro,PL,1247183,65.368246491
2026-10-04 20:03:50,20261004-200350,MT,Mato Grosso,Centro-Oeste,27,Clariana Barao,DC,1817,0.095233902
2026-10-04 20:03:50,20261004-200350,MT,Mato Grosso,Centro-Oeste,29,Rui Costa Pimenta,PCO,123,0.006446764
2026-10-04 20:03:50,20261004-200350,MT,Mato Grosso,Centro-Oeste,30,Zema,NOVO,2359,0.123641593
2026-10-04 20:03:50,20261004-200350,MT,Mato Grosso,Centro-Oeste,35,Veterinário Wilson Grassi,DEMOCRATA,165,0.008648098
2026-10-04 20:03:50,20261004-200350,MT,Mato Grosso,Centro-Oeste,55,Ronaldo Caiado,PSD,31775,1.665414003
2026-10-04 20:03:50,20261004-200350,MT,Mato Grosso,Centro-Oeste,70,Escritor Augusto Cury,AVANTE,38611,2.023707319
2026-10-04 20:03:50,20261004-200350,MT,Mato Grosso,Centro-Oeste,80,Samara,UP,1535,0.080453517
2026-10-04 20:03:50,20261004-200350,PA,Pará,Norte,13,Lula,PT,1942911,48.284744428
2026-10-04 20:03:50,20261004-200350,PA,Pará,Norte,14,Renan Santos,MISSÃO,74082,1.841067572
2026-10-04 20:03:50,20261004-200350,PA,Pará,Norte,16,Hertz Dias,PSTU,954,0.023708572
2026-10-04 20:03:50,20261004-200350,PA,Pará,Norte,21,Edmilson Costa,PCB,566,0.014066092
2026-10-04 20:03:50,20261004-200350,PA,Pará,Norte,22,Flavio Bolsonaro,PL,1844140,45.830111925
2026-10-04 20:03:50,20261004-200350,PA,Pará,Norte,27,Clariana Barao,DC,1157,0.028753478
2026-10-04 20:03:50,20261004-200350,PA,Pará,Norte,29,Rui Costa Pimenta,PCO,275,0.006834232
2026-10-04 20:03:50,20261004-200350,PA,Pará,Norte,30,Zema,NOVO,2731,0.067870138
2026-10-04 20:03:50,20261004-200350,PA,Pará,Norte,35,Veterinário Wilson Grassi,DEMOCRATA,400,0.009940701
2026-10-04 20:03:50,20261004-200350,PA,Pará,Norte,55,Ronaldo Caiado,PSD,45226,1.123945385
2026-10-04 20:03:50,20261004-200350,PA,Pará,Norte,70,Escritor Augusto Cury,AVANTE,107977,2.683417742
2026-10-04 20:03:50,20261004-200350,PA,Pará,Norte,80,Samara,UP,3442,0.085539734
2026-10-04 20:03:50,20261004-200350,PB,Paraíba,Nordeste,13,Lula,PT,1501801,61.206415217
2026-10-04 20:03:50,20261004-200350,PB,Paraíba,Nordeste,14,Renan Santos,MISSÃO,41474,1.690287105
2026-10-04 20:03:50,20261004-200350,PB,Paraíba,Nordeste,16,Hertz Dias,PSTU,614,0.025023781
2026-10-04 20:03:50,20261004-200350,PB,Paraíba,Nordeste,21,Edmilson Costa,PCB,340,0.013856817
2026-10-04 20:03:50,20261004-200350,PB,Paraíba,Nordeste,22,Flavio Bolsonaro,PL,813407,33.15068147
2026-10-04 20:03:50,20261004-200350,PB,Paraíba,Nordeste,27,Clariana Barao,DC,594,0.024208674
2026-10-04 20:03:50,20261004-200350,PB,Paraíba,Nordeste,29,Rui Costa Pimenta,PCO,271,0.011044698
2026-10-04 20:03:50,20261004-200350,PB,Paraíba,Nordeste,30,Zema,NOVO,1959,0.079839717
2026-10-04 20:03:50,20261004-200350,PB,Paraíba,Nordeste,35,Veterinário Wilson Grassi,DEMOCRATA,213,0.008680888
2026-10-04 20:03:50,20261004-200350,PB,Paraíba,Nordeste,55,Ronaldo Caiado,PSD,19157,0.78075011
2026-10-04 20:03:50,20261004-200350,PB,Paraíba,Nordeste,70,Escritor Augusto Cury,AVANTE,72267,2.945266389
2026-10-04 20:03:50,20261004-200350,PB,Paraíba,Nordeste,80,Samara,UP,1569,0.063945134
2026-10-04 20:03:50,20261004-200350,PE,Pernambuco,Nordeste,13,Lula,PT,2578167,62.544852647
2026-10-04 20:03:50,20261004-200350,PE,Pernambuco,Nordeste,14,Renan Santos,MISSÃO,64678,1.569051182
2026-10-04 20:03:50,20261004-200350,PE,Pernambuco,Nordeste,16,Hertz Dias,PSTU,898,0.021784965
2026-10-04 20:03:50,20261004-200350,PE,Pernambuco,Nordeste,21,Edmilson Costa,PCB,512,0.012420826
2026-10-04 20:03:50,20261004-200350,PE,Pernambuco,Nordeste,22,Flavio Bolsonaro,PL,1312420,31.838556428
2026-10-04 20:03:50,20261004-200350,PE,Pernambuco,Nordeste,27,Clariana Barao,DC,687,0.016666226
2026-10-04 20:03:50,20261004-200350,PE,Pernambuco,Nordeste,29,Rui Costa Pimenta,PCO,319,0.007738757
2026-10-04 20:03:50,20261004-200350,PE,Pernambuco,Nordeste,30,Zema,NOVO,4932,0.119647491
2026-10-04 20:03:50,20261004-200350,PE,Pernambuco,Nordeste,35,Veterinário Wilson Grassi,DEMOCRATA,350,0.008490799
2026-10-04 20:03:50,20261004-200350,PE,Pernambuco,Nordeste,55,Ronaldo Caiado,PSD,54942,1.332861407
2026-10-04 20:03:50,20261004-200350,PE,Pernambuco,Nordeste,70,Escritor Augusto Cury,AVANTE,102338,2.482661181
2026-10-04 20:03:50,20261004-200350,PE,Pernambuco,Nordeste,80,Samara,UP,1866,0.04526809
2026-10-04 20:03:50,20261004-200350,PI,Piauí,Nordeste,13,Lula,PT,1272297,70.31875923
2026-10-04 20:03:50,20261004-200350,PI,Piauí,Nordeste,14,Renan Santos,MISSÃO,28100,1.553062795
2026-10-04 20:03:50,20261004-200350,PI,Piauí,Nordeste,16,Hertz Dias,PSTU,391,0.021610233
2026-10-04 20:03:50,20261004-200350,PI,Piauí,Nordeste,21,Edmilson Costa,PCB,263,0.014535783
2026-10-04 20:03:50,20261004-200350,PI,Piauí,Nordeste,22,Flavio Bolsonaro,PL,445734,24.635334224
2026-10-04 20:03:50,20261004-200350,PI,Piauí,Nordeste,27,Clariana Barao,DC,431,0.023820999
2026-10-04 20:03:50,20261004-200350,PI,Piauí,Nordeste,29,Rui Costa Pimenta,PCO,125,0.006908642
2026-10-04 20:03:50,20261004-200350,PI,Piauí,Nordeste,30,Zema,NOVO,1213,0.067041465
2026-10-04 20:03:50,20261004-200350,PI,Piauí,Nordeste,35,Veterinário Wilson Grassi,DEMOCRATA,163,0.00900887
2026-10-04 20:03:50,20261004-200350,PI,Piauí,Nordeste,55,Ronaldo Caiado,PSD,18588,1.027342748
2026-10-04 20:03:50,20261004-200350,PI,Piauí,Nordeste,70,Escritor Augusto Cury,AVANTE,41060,2.269350831
2026-10-04 20:03:50,20261004-200350,PI,Piauí,Nordeste,80,Samara,UP,963,0.05322418
2026-10-04 20:03:50,20261004-200350,PR,Paraná,Sul,13,Lula,PT,2032920,31.136349956
2026-10-04 20:03:50,20261004-200350,PR,Paraná,Sul,14,Renan Santos,MISSÃO,176493,2.703179571
2026-10-04 20:03:50,20261004-200350,PR,Paraná,Sul,16,Hertz Dias,PSTU,2048,0.031367316
2026-10-04 20:03:50,20261004-200350,PR,Paraná,Sul,21,Edmilson Costa,PCB,1178,0.018042333
2026-10-04 20:03:50,20261004-200350,PR,Paraná,Sul,22,Flavio Bolsonaro,PL,3914574,59.955898901
2026-10-04 20:03:50,20261004-200350,PR,Paraná,Sul,27,Clariana Barao,DC,2435,0.037294636
2026-10-04 20:03:50,20261004-200350,PR,Paraná,Sul,29,Rui Costa Pimenta,PCO,911,0.013952942
2026-10-04 20:03:50,20261004-200350,PR,Paraná,Sul,30,Zema,NOVO,17100,0.261904838
2026-10-04 20:03:50,20261004-200350,PR,Paraná,Sul,35,Veterinário Wilson Grassi,DEMOCRATA,962,0.014734062
2026-10-04 20:03:50,20261004-200350,PR,Paraná,Sul,55,Ronaldo Caiado,PSD,170057,2.604605329
2026-10-04 20:03:50,20261004-200350,PR,Paraná,Sul,70,Escritor Augusto Cury,AVANTE,203703,3.119929901
2026-10-04 20:03:50,20261004-200350,PR,Paraná,Sul,80,Samara,UP,6708,0.102740214
2026-10-04 20:03:50,20261004-200350,RJ,Rio de Janeiro,Sudeste,13,Lula,PT,2608074,39.122416689
2026-10-04 20:03:50,20261004-200350,RJ,Rio de Janeiro,Sudeste,14,Renan Santos,MISSÃO,146649,2.199808474
2026-10-04 20:03:50,20261004-200350,RJ,Rio de Janeiro,Sudeste,16,Hertz Dias,PSTU,2823,0.042346414
2026-10-04 20:03:50,20261004-200350,RJ,Rio de Janeiro,Sudeste,21,Edmilson Costa,PCB,2056,0.03084103
2026-10-04 20:03:50,20261004-200350,RJ,Rio de Janeiro,Sudeste,22,Flavio Bolsonaro,PL,3559112,53.388463175
2026-10-04 20:03:50,20261004-200350,RJ,Rio de Janeiro,Sudeste,27,Clariana Barao,DC,2852,0.042781429
2026-10-04 20:03:50,20261004-200350,RJ,Rio de Janeiro,Sudeste,29,Rui Costa Pimenta,PCO,1299,0.019485651
2026-10-04 20:03:50,20261004-200350,RJ,Rio de Janeiro,Sudeste,30,Zema,NOVO,15889,0.238342961
2026-10-04 20:03:50,20261004-200350,RJ,Rio de Janeiro,Sudeste,35,Veterinário Wilson Grassi,DEMOCRATA,1345,0.020175674
2026-10-04 20:03:50,20261004-200350,RJ,Rio de Janeiro,Sudeste,55,Ronaldo Caiado,PSD,140774,2.11168053
2026-10-04 20:03:50,20261004-200350,RJ,Rio de Janeiro,Sudeste,70,Escritor Augusto Cury,AVANTE,175786,2.636878072
2026-10-04 20:03:50,20261004-200350,RJ,Rio de Janeiro,Sudeste,80,Samara,UP,9785,0.146779902
2026-10-04 20:03:50,20261004-200350,RN,Rio Grande do Norte,Nordeste,13,Lula,PT,1020139,59.699914208
2026-10-04 20:03:50,20261004-200350,RN,Rio Grande do Norte,Nordeste,14,Renan Santos,MISSÃO,29440,1.722868623
2026-10-04 20:03:50,20261004-200350,RN,Rio Grande do Norte,Nordeste,16,Hertz Dias,PSTU,469,0.027446514
2026-10-04 20:03:50,20261004-200350,RN,Rio Grande do Norte,Nordeste,21,Edmilson Costa,PCB,263,0.015391116
2026-10-04 20:03:50,20261004-200350,RN,Rio Grande do Norte,Nordeste,22,Flavio Bolsonaro,PL,594226,34.774909321
2026-10-04 20:03:50,20261004-200350,RN,Rio Grande do Norte,Nordeste,27,Clariana Barao,DC,346,0.020248388
2026-10-04 20:03:50,20261004-200350,RN,Rio Grande do Norte,Nordeste,29,Rui Costa Pimenta,PCO,149,0.008719682
2026-10-04 20:03:50,20261004-200350,RN,Rio Grande do Norte,Nordeste,30,Zema,NOVO,1283,0.075082895
2026-10-04 20:03:50,20261004-200350,RN,Rio Grande do Norte,Nordeste,35,Veterinário Wilson Grassi,DEMOCRATA,157,0.009187852
2026-10-04 20:03:50,20261004-200350,RN,Rio Grande do Norte,Nordeste,55,Ronaldo Caiado,PSD,13752,0.804785642
2026-10-04 20:03:50,20261004-200350,RN,Rio Grande do Norte,Nordeste,70,Escritor Augusto Cury,AVANTE,47528,2.78140285
2026-10-04 20:03:50,20261004-200350,RN,Rio Grande do Norte,Nordeste,80,Samara,UP,1026,0.060042908
2026-10-04 20:03:50,20261004-200350,RO,Rondônia,Norte,13,Lula,PT,246413,25.978080043
2026-10-04 20:03:50,20261004-200350,RO,Rondônia,Norte,14,Renan Santos,MISSÃO,18842,1.986417048
2026-10-04 20:03:50,20261004-200350,RO,Rondônia,Norte,16,Hertz Dias,PSTU,174,0.018343943
2026-10-04 20:03:50,20261004-200350,RO,Rondônia,Norte,21,Edmilson Costa,PCB,157,0.016551718
2026-10-04 20:03:50,20261004-200350,RO,Rondônia,Norte,22,Flavio Bolsonaro,PL,638932,67.35937892
2026-10-04 20:03:50,20261004-200350,RO,Rondônia,Norte,27,Clariana Barao,DC,351,0.03700416
2026-10-04 20:03:50,20261004-200350,RO,Rondônia,Norte,29,Rui Costa Pimenta,PCO,59,0.006220072
2026-10-04 20:03:50,20261004-200350,RO,Rondônia,Norte,30,Zema,NOVO,1292,0.136209045
2026-10-04 20:03:50,20261004-200350,RO,Rondônia,Norte,35,Veterinário Wilson Grassi,DEMOCRATA,97,0.010226221
2026-10-04 20:03:50,20261004-200350,RO,Rondônia,Norte,55,Ronaldo Caiado,PSD,16530,1.742674547
2026-10-04 20:03:50,20261004-200350,RO,Rondônia,Norte,70,Escritor Augusto Cury,AVANTE,24857,2.620548168
2026-10-04 20:03:50,20261004-200350,RO,Rondônia,Norte,80,Samara,UP,838,0.088346114
2026-10-04 20:03:50,20261004-200350,RR,Roraima,Norte,13,Lula,PT,71527,22.393966243
2026-10-04 20:03:50,20261004-200350,RR,Roraima,Norte,14,Renan Santos,MISSÃO,6567,2.056023268
2026-10-04 20:03:50,20261004-200350,RR,Roraima,Norte,16,Hertz Dias,PSTU,60,0.018785046
2026-10-04 20:03:50,20261004-200350,RR,Roraima,Norte,21,Edmilson Costa,PCB,42,0.013149532
2026-10-04 20:03:50,20261004-200350,RR,Roraima,Norte,22,Flavio Bolsonaro,PL,228239,71.458001334
2026-10-04 20:03:50,20261004-200350,RR,Roraima,Norte,27,Clariana Barao,DC,167,0.052285044
2026-10-04 20:03:50,20261004-200350,RR,Roraima,Norte,29,Rui Costa Pimenta,PCO,34,0.010644859
2026-10-04 20:03:50,20261004-200350,RR,Roraima,Norte,30,Zema,NOVO,334,0.104570089
2026-10-04 20:03:50,20261004-200350,RR,Roraima,Norte,35,Veterinário Wilson Grassi,DEMOCRATA,41,0.012836448
2026-10-04 20:03:50,20261004-200350,RR,Roraima,Norte,55,Ronaldo Caiado,PSD,3609,1.129920508
2026-10-04 20:03:50,20261004-200350,RR,Roraima,Norte,70,Escritor Augusto Cury,AVANTE,8506,2.663093334
2026-10-04 20:03:50,20261004-200350,RR,Roraima,Norte,80,Samara,UP,277,0.086724295
2026-10-04 20:03:50,20261004-200350,RS,Rio Grande do Sul,Sul,13,Lula,PT,2243861,35.769925194
2026-10-04 20:03:50,20261004-200350,RS,Rio Grande do Sul,Sul,14,Renan Santos,MISSÃO,164305,2.619225326
2026-10-04 20:03:50,20261004-200350,RS,Rio Grande do Sul,Sul,16,Hertz Dias,PSTU,2115,0.033715721
2026-10-04 20:03:50,20261004-200350,RS,Rio Grande do Sul,Sul,21,Edmilson Costa,PCB,1008,0.016068769
2026-10-04 20:03:50,20261004-200350,RS,Rio Grande do Sul,Sul,22,Flavio Bolsonaro,PL,3486455,55.578413521
2026-10-04 20:03:50,20261004-200350,RS,Rio Grande do Sul,Sul,27,Clariana Barao,DC,2032,0.032392598
2026-10-04 20:03:50,20261004-200350,RS,Rio Grande do Sul,Sul,29,Rui Costa Pimenta,PCO,1023,0.016307888
2026-10-04 20:03:50,20261004-200350,RS,Rio Grande do Sul,Sul,30,Zema,NOVO,18659,0.297447584
2026-10-04 20:03:50,20261004-200350,RS,Rio Grande do Sul,Sul,35,Veterinário Wilson Grassi,DEMOCRATA,916,0.014602175
2026-10-04 20:03:50,20261004-200350,RS,Rio Grande do Sul,Sul,55,Ronaldo Caiado,PSD,154779,2.46736908
2026-10-04 20:03:50,20261004-200350,RS,Rio Grande do Sul,Sul,70,Escritor Augusto Cury,AVANTE,191345,3.050276437
2026-10-04 20:03:50,20261004-200350,RS,Rio Grande do Sul,Sul,80,Samara,UP,6540,0.104255705
2026-10-04 20:03:50,20261004-200350,SC,Santa Catarina,Sul,13,Lula,PT,1056818,25.066394692
2026-10-04 20:03:50,20261004-200350,SC,Santa Catarina,Sul,14,Renan Santos,MISSÃO,125423,2.974875921
2026-10-04 20:03:50,20261004-200350,SC,Santa Catarina,Sul,16,Hertz Dias,PSTU,1428,0.033870365
2026-10-04 20:03:50,20261004-200350,SC,Santa Catarina,Sul,21,Edmilson Costa,PCB,773,0.018334588
2026-10-04 20:03:50,20261004-200350,SC,Santa Catarina,Sul,22,Flavio Bolsonaro,PL,2806634,66.569830945
2026-10-04 20:03:50,20261004-200350,SC,Santa Catarina,Sul,27,Clariana Barao,DC,1358,0.032210053
2026-10-04 20:03:50,20261004-200350,SC,Santa Catarina,Sul,29,Rui Costa Pimenta,PCO,613,0.01453959
2026-10-04 20:03:50,20261004-200350,SC,Santa Catarina,Sul,30,Zema,NOVO,16086,0.381539702
2026-10-04 20:03:50,20261004-200350,SC,Santa Catarina,Sul,35,Veterinário Wilson Grassi,DEMOCRATA,531,0.012594653
2026-10-04 20:03:50,20261004-200350,SC,Santa Catarina,Sul,55,Ronaldo Caiado,PSD,75576,1.792567732
2026-10-04 20:03:50,20261004-200350,SC,Santa Catarina,Sul,70,Escritor Augusto Cury,AVANTE,126071,2.990245667
2026-10-04 20:03:50,20261004-200350,SC,Santa Catarina,Sul,80,Samara,UP,4764,0.112996092
2026-10-04 20:03:50,20261004-200350,SE,Sergipe,Nordeste,13,Lula,PT,780086,62.137748982
2026-10-04 20:03:50,20261004-200350,SE,Sergipe,Nordeste,14,Renan Santos,MISSÃO,20168,1.606482005
2026-10-04 20:03:50,20261004-200350,SE,Sergipe,Nordeste,16,Hertz Dias,PSTU,318,0.025330289
2026-10-04 20:03:50,20261004-200350,SE,Sergipe,Nordeste,21,Edmilson Costa,PCB,194,0.01545307
2026-10-04 20:03:50,20261004-200350,SE,Sergipe,Nordeste,22,Flavio Bolsonaro,PL,390595,31.11284405
2026-10-04 20:03:50,20261004-200350,SE,Sergipe,Nordeste,27,Clariana Barao,DC,438,0.034888889
2026-10-04 20:03:50,20261004-200350,SE,Sergipe,Nordeste,29,Rui Costa Pimenta,PCO,99,0.007885845
2026-10-04 20:03:50,20261004-200350,SE,Sergipe,Nordeste,30,Zema,NOVO,1096,0.087301878
2026-10-04 20:03:50,20261004-200350,SE,Sergipe,Nordeste,35,Veterinário Wilson Grassi,DEMOCRATA,130,0.01035515
2026-10-04 20:03:50,20261004-200350,SE,Sergipe,Nordeste,55,Ronaldo Caiado,PSD,24724,1.969390177
2026-10-04 20:03:50,20261004-200350,SE,Sergipe,Nordeste,70,Escritor Augusto Cury,AVANTE,36627,2.917523622
2026-10-04 20:03:50,20261004-200350,SE,Sergipe,Nordeste,80,Samara,UP,939,0.074796043
2026-10-04 20:03:50,20261004-200350,SP,São Paulo,Sudeste,13,Lula,PT,8491721,37.991464167
2026-10-04 20:03:50,20261004-200350,SP,São Paulo,Sudeste,14,Renan Santos,MISSÃO,720539,3.223649434
2026-10-04 20:03:50,20261004-200350,SP,São Paulo,Sudeste,16,Hertz Dias,PSTU,14292,0.063941574
2026-10-04 20:03:50,20261004-200350,SP,São Paulo,Sudeste,21,Edmilson Costa,PCB,5474,0.024490357
2026-10-04 20:03:50,20261004-200350,SP,São Paulo,Sudeste,22,Flavio Bolsonaro,PL,11659202,52.162589303
2026-10-04 20:03:50,20261004-200350,SP,São Paulo,Sudeste,27,Clariana Barao,DC,9395,0.042032682
2026-10-04 20:03:50,20261004-200350,SP,São Paulo,Sudeste,29,Rui Costa Pimenta,PCO,4018,0.017976298
2026-10-04 20:03:50,20261004-200350,SP,São Paulo,Sudeste,30,Zema,NOVO,84626,0.378611785
2026-10-04 20:03:50,20261004-200350,SP,São Paulo,Sudeste,35,Veterinário Wilson Grassi,DEMOCRATA,4650,0.020803829
2026-10-04 20:03:50,20261004-200350,SP,São Paulo,Sudeste,55,Ronaldo Caiado,PSD,519616,2.324731659
2026-10-04 20:03:50,20261004-200350,SP,São Paulo,Sudeste,70,Escritor Augusto Cury,AVANTE,800054,3.579394904
2026-10-04 20:03:50,20261004-200350,SP,São Paulo,Sudeste,80,Samara,UP,38068,0.17031401
2026-10-04 20:03:50,20261004-200350,TO,Tocantins,Norte,13,Lula,PT,399554,43.506249571
2026-10-04 20:03:50,20261004-200350,TO,Tocantins,Norte,14,Renan Santos,MISSÃO,12803,1.394080683
2026-10-04 20:03:50,20261004-200350,TO,Tocantins,Norte,16,Hertz Dias,PSTU,99,0.010779816
2026-10-04 20:03:50,20261004-200350,TO,Tocantins,Norte,21,Edmilson Costa,PCB,115,0.012522009
2026-10-04 20:03:50,20261004-200350,TO,Tocantins,Norte,22,Flavio Bolsonaro,PL,462484,50.358510556
2026-10-04 20:03:50,20261004-200350,TO,Tocantins,Norte,27,Clariana Barao,DC,170,0.018510796
2026-10-04 20:03:50,20261004-200350,TO,Tocantins,Norte,29,Rui Costa Pimenta,PCO,63,0.006859883
2026-10-04 20:03:50,20261004-200350,TO,Tocantins,Norte,30,Zema,NOVO,588,0.064025575
2026-10-04 20:03:50,20261004-200350,TO,Tocantins,Norte,35,Veterinário Wilson Grassi,DEMOCRATA,66,0.007186544
2026-10-04 20:03:50,20261004-200350,TO,Tocantins,Norte,55,Ronaldo Caiado,PSD,19938,2.170989663
2026-10-04 20:03:50,20261004-200350,TO,Tocantins,Norte,70,Escritor Augusto Cury,AVANTE,22113,2.40781896
2026-10-04 20:03:50,20261004-200350,TO,Tocantins,Norte,80,Samara,UP,390,0.042465943
2026-10-04 20:03:50,20261004-200350,ZZ,Exterior,Exterior,13,Lula,PT,122963,51.085583714
2026-10-04 20:03:50,20261004-200350,ZZ,Exterior,Exterior,14,Renan Santos,MISSÃO,6579,2.733277939
2026-10-04 20:03:50,20261004-200350,ZZ,Exterior,Exterior,16,Hertz Dias,PSTU,317,0.131699211
2026-10-04 20:03:50,20261004-200350,ZZ,Exterior,Exterior,21,Edmilson Costa,PCB,353,0.146655588
2026-10-04 20:03:50,20261004-200350,ZZ,Exterior,Exterior,22,Flavio Bolsonaro,PL,95108,39.51308683
2026-10-04 20:03:50,20261004-200350,ZZ,Exterior,Exterior,27,Clariana Barao,DC,718,0.298296635
2026-10-04 20:03:50,20261004-200350,ZZ,Exterior,Exterior,29,Rui Costa Pimenta,PCO,154,0.063980058
2026-10-04 20:03:50,20261004-200350,ZZ,Exterior,Exterior,30,Zema,NOVO,2345,0.974241795
2026-10-04 20:03:50,20261004-200350,ZZ,Exterior,Exterior,35,Veterinário Wilson Grassi,DEMOCRATA,271,0.112588284
2026-10-04 20:03:50,20261004-200350,ZZ,Exterior,Exterior,55,Ronaldo Caiado,PSD,3448,1.432488575
2026-10-04 20:03:50,20261004-200350,ZZ,Exterior,Exterior,70,Escritor Augusto Cury,AVANTE,7536,3.130868301
2026-10-04 20:03:50,20261004-200350,ZZ,Exterior,Exterior,80,Samara,UP,908,0.37723307
2026-10-04 20:06:52,20261004-200652,AC,Acre,Norte,13,Lula,PT,131531,28.661673665
2026-10-04 20:06:52,20261004-200652,AC,Acre,Norte,14,Renan Santos,MISSÃO,7842,1.708835521
2026-10-04 20:06:52,20261004-200652,AC,Acre,Norte,16,Hertz Dias,PSTU,69,0.015035661
2026-10-04 20:06:52,20261004-200652,AC,Acre,Norte,21,Edmilson Costa,PCB,138,0.030071321
2026-10-04 20:06:52,20261004-200652,AC,Acre,Norte,22,Flavio Bolsonaro,PL,296503,64.610412958
2026-10-04 20:06:52,20261004-200652,AC,Acre,Norte,27,Clariana Barao,DC,205,0.044671166
2026-10-04 20:06:52,20261004-200652,AC,Acre,Norte,29,Rui Costa Pimenta,PCO,38,0.008280509
2026-10-04 20:06:52,20261004-200652,AC,Acre,Norte,30,Zema,NOVO,559,0.121810642
2026-10-04 20:06:52,20261004-200652,AC,Acre,Norte,35,Veterinário Wilson Grassi,DEMOCRATA,36,0.007844693
2026-10-04 20:06:52,20261004-200652,AC,Acre,Norte,55,Ronaldo Caiado,PSD,8408,1.83217152
2026-10-04 20:06:52,20261004-200652,AC,Acre,Norte,70,Escritor Augusto Cury,AVANTE,13269,2.891422918
2026-10-04 20:06:52,20261004-200652,AC,Acre,Norte,80,Samara,UP,311,0.067769427
2026-10-04 20:06:52,20261004-200652,AL,Alagoas,Nordeste,13,Lula,PT,565182,56.671666874
2026-10-04 20:06:52,20261004-200652,AL,Alagoas,Nordeste,14,Renan Santos,MISSÃO,13578,1.361486907
2026-10-04 20:06:52,20261004-200652,AL,Alagoas,Nordeste,16,Hertz Dias,PSTU,220,0.022059738
2026-10-04 20:06:52,20261004-200652,AL,Alagoas,Nordeste,21,Edmilson Costa,PCB,145,0.014539373
2026-10-04 20:06:52,20261004-200652,AL,Alagoas,Nordeste,22,Flavio Bolsonaro,PL,386847,38.789742623
2026-10-04 20:06:52,20261004-200652,AL,Alagoas,Nordeste,27,Clariana Barao,DC,329,0.032989335
2026-10-04 20:06:52,20261004-200652,AL,Alagoas,Nordeste,29,Rui Costa Pimenta,PCO,49,0.004913305
2026-10-04 20:06:52,20261004-200652,AL,Alagoas,Nordeste,30,Zema,NOVO,578,0.057956947
2026-10-04 20:06:52,20261004-200652,AL,Alagoas,Nordeste,35,Veterinário Wilson Grassi,DEMOCRATA,123,0.012333399
2026-10-04 20:06:52,20261004-200652,AL,Alagoas,Nordeste,55,Ronaldo Caiado,PSD,6910,0.692876309
2026-10-04 20:06:52,20261004-200652,AL,Alagoas,Nordeste,70,Escritor Augusto Cury,AVANTE,22689,2.275060865
2026-10-04 20:06:52,20261004-200652,AL,Alagoas,Nordeste,80,Samara,UP,642,0.064374326
2026-10-04 20:06:52,20261004-200652,AM,Amazonas,Norte,13,Lula,PT,856705,45.829129546
2026-10-04 20:06:52,20261004-200652,AM,Amazonas,Norte,14,Renan Santos,MISSÃO,32594,1.743604448
2026-10-04 20:06:52,20261004-200652,AM,Amazonas,Norte,16,Hertz Dias,PSTU,441,0.023591138
2026-10-04 20:06:52,20261004-200652,AM,Amazonas,Norte,21,Edmilson Costa,PCB,235,0.012571241
2026-10-04 20:06:52,20261004-200652,AM,Amazonas,Norte,22,Flavio Bolsonaro,PL,878726,47.007135116
2026-10-04 20:06:52,20261004-200652,AM,Amazonas,Norte,27,Clariana Barao,DC,866,0.046326362
2026-10-04 20:06:52,20261004-200652,AM,Amazonas,Norte,29,Rui Costa Pimenta,PCO,158,0.008452154
2026-10-04 20:06:52,20261004-200652,AM,Amazonas,Norte,30,Zema,NOVO,1687,0.090245466
2026-10-04 20:06:52,20261004-200652,AM,Amazonas,Norte,35,Veterinário Wilson Grassi,DEMOCRATA,275,0.014711027
2026-10-04 20:06:52,20261004-200652,AM,Amazonas,Norte,55,Ronaldo Caiado,PSD,25153,1.345550797
2026-10-04 20:06:52,20261004-200652,AM,Amazonas,Norte,70,Escritor Augusto Cury,AVANTE,70744,3.784425141
2026-10-04 20:06:52,20261004-200652,AM,Amazonas,Norte,80,Samara,UP,1762,0.094257564
2026-10-04 20:06:52,20261004-200652,AP,Amapá,Norte,13,Lula,PT,172933,46.337267721
2026-10-04 20:06:52,20261004-200652,AP,Amapá,Norte,14,Renan Santos,MISSÃO,8903,2.385552176
2026-10-04 20:06:52,20261004-200652,AP,Amapá,Norte,16,Hertz Dias,PSTU,100,0.026794925
2026-10-04 20:06:52,20261004-200652,AP,Amapá,Norte,21,Edmilson Costa,PCB,45,0.012057716
2026-10-04 20:06:52,20261004-200652,AP,Amapá,Norte,22,Flavio Bolsonaro,PL,168381,45.117562734
2026-10-04 20:06:52,20261004-200652,AP,Amapá,Norte,27,Clariana Barao,DC,183,0.049034713
2026-10-04 20:06:52,20261004-200652,AP,Amapá,Norte,29,Rui Costa Pimenta,PCO,42,0.011253869
2026-10-04 20:06:52,20261004-200652,AP,Amapá,Norte,30,Zema,NOVO,269,0.072078348
2026-10-04 20:06:52,20261004-200652,AP,Amapá,Norte,35,Veterinário Wilson Grassi,DEMOCRATA,38,0.010182072
2026-10-04 20:06:52,20261004-200652,AP,Amapá,Norte,55,Ronaldo Caiado,PSD,6555,1.756407336
2026-10-04 20:06:52,20261004-200652,AP,Amapá,Norte,70,Escritor Augusto Cury,AVANTE,15348,4.112485095
2026-10-04 20:06:52,20261004-200652,AP,Amapá,Norte,80,Samara,UP,408,0.109323294
2026-10-04 20:06:52,20261004-200652,BA,Bahia,Nordeste,13,Lula,PT,3684429,64.921834156
2026-10-04 20:06:52,20261004-200652,BA,Bahia,Nordeste,14,Renan Santos,MISSÃO,83499,1.471302129
2026-10-04 20:06:52,20261004-200652,BA,Bahia,Nordeste,16,Hertz Dias,PSTU,1287,0.022677707
2026-10-04 20:06:52,20261004-200652,BA,Bahia,Nordeste,21,Edmilson Costa,PCB,868,0.015294677
2026-10-04 20:06:52,20261004-200652,BA,Bahia,Nordeste,22,Flavio Bolsonaro,PL,1675250,29.518903111
2026-10-04 20:06:52,20261004-200652,BA,Bahia,Nordeste,27,Clariana Barao,DC,1169,0.020598476
2026-10-04 20:06:52,20261004-200652,BA,Bahia,Nordeste,29,Rui Costa Pimenta,PCO,558,0.009832292
2026-10-04 20:06:52,20261004-200652,BA,Bahia,Nordeste,30,Zema,NOVO,4827,0.085054616
2026-10-04 20:06:52,20261004-200652,BA,Bahia,Nordeste,35,Veterinário Wilson Grassi,DEMOCRATA,429,0.007559236
2026-10-04 20:06:52,20261004-200652,BA,Bahia,Nordeste,55,Ronaldo Caiado,PSD,86197,1.518842496
2026-10-04 20:06:52,20261004-200652,BA,Bahia,Nordeste,70,Escritor Augusto Cury,AVANTE,133291,2.348666835
2026-10-04 20:06:52,20261004-200652,BA,Bahia,Nordeste,80,Samara,UP,3373,0.05943427
2026-10-04 20:06:52,20261004-200652,CE,Ceará,Nordeste,13,Lula,PT,2397244,61.728033932
2026-10-04 20:06:52,20261004-200652,CE,Ceará,Nordeste,14,Renan Santos,MISSÃO,79777,2.054224502
2026-10-04 20:06:52,20261004-200652,CE,Ceará,Nordeste,16,Hertz Dias,PSTU,1103,0.02840179
2026-10-04 20:06:52,20261004-200652,CE,Ceará,Nordeste,21,Edmilson Costa,PCB,562,0.014471266
2026-10-04 20:06:52,20261004-200652,CE,Ceará,Nordeste,22,Flavio Bolsonaro,PL,1262513,32.509183589
2026-10-04 20:06:52,20261004-200652,CE,Ceará,Nordeste,27,Clariana Barao,DC,780,0.020084675
2026-10-04 20:06:52,20261004-200652,CE,Ceará,Nordeste,29,Rui Costa Pimenta,PCO,372,0.009578845
2026-10-04 20:06:52,20261004-200652,CE,Ceará,Nordeste,30,Zema,NOVO,3478,0.089557051
2026-10-04 20:06:52,20261004-200652,CE,Ceará,Nordeste,35,Veterinário Wilson Grassi,DEMOCRATA,362,0.009321349
2026-10-04 20:06:52,20261004-200652,CE,Ceará,Nordeste,55,Ronaldo Caiado,PSD,33744,0.868893937
2026-10-04 20:06:52,20261004-200652,CE,Ceará,Nordeste,70,Escritor Augusto Cury,AVANTE,100992,2.600501911
2026-10-04 20:06:52,20261004-200652,CE,Ceará,Nordeste,80,Samara,UP,2631,0.067747154
2026-10-04 20:06:52,20261004-200652,DF,Distrito Federal,Centro-Oeste,13,Lula,PT,672045,38.123334343
2026-10-04 20:06:52,20261004-200652,DF,Distrito Federal,Centro-Oeste,14,Renan Santos,MISSÃO,46429,2.6337943
2026-10-04 20:06:52,20261004-200652,DF,Distrito Federal,Centro-Oeste,16,Hertz Dias,PSTU,826,0.046856794
2026-10-04 20:06:52,20261004-200652,DF,Distrito Federal,Centro-Oeste,21,Edmilson Costa,PCB,334,0.018946936
2026-10-04 20:06:52,20261004-200652,DF,Distrito Federal,Centro-Oeste,22,Flavio Bolsonaro,PL,904230,51.294574936
2026-10-04 20:06:52,20261004-200652,DF,Distrito Federal,Centro-Oeste,27,Clariana Barao,DC,711,0.040333148
2026-10-04 20:06:52,20261004-200652,DF,Distrito Federal,Centro-Oeste,29,Rui Costa Pimenta,PCO,380,0.021556394
2026-10-04 20:06:52,20261004-200652,DF,Distrito Federal,Centro-Oeste,30,Zema,NOVO,4898,0.277850578
2026-10-04 20:06:52,20261004-200652,DF,Distrito Federal,Centro-Oeste,35,Veterinário Wilson Grassi,DEMOCRATA,322,0.018266208
2026-10-04 20:06:52,20261004-200652,DF,Distrito Federal,Centro-Oeste,55,Ronaldo Caiado,PSD,84648,4.801857027
2026-10-04 20:06:52,20261004-200652,DF,Distrito Federal,Centro-Oeste,70,Escritor Augusto Cury,AVANTE,45711,2.59306406
2026-10-04 20:06:52,20261004-200652,DF,Distrito Federal,Centro-Oeste,80,Samara,UP,2284,0.129565276
2026-10-04 20:06:52,20261004-200652,ES,Espírito Santo,Sudeste,13,Lula,PT,841258,37.669370626
2026-10-04 20:06:52,20261004-200652,ES,Espírito Santo,Sudeste,14,Renan Santos,MISSÃO,52886,2.368099126
2026-10-04 20:06:52,20261004-200652,ES,Espírito Santo,Sudeste,16,Hertz Dias,PSTU,634,0.02838889
2026-10-04 20:06:52,20261004-200652,ES,Espírito Santo,Sudeste,21,Edmilson Costa,PCB,379,0.016970646
2026-10-04 20:06:52,20261004-200652,ES,Espírito Santo,Sudeste,22,Flavio Bolsonaro,PL,1225274,54.86461992
2026-10-04 20:06:52,20261004-200652,ES,Espírito Santo,Sudeste,27,Clariana Barao,DC,966,0.043254997
2026-10-04 20:06:52,20261004-200652,ES,Espírito Santo,Sudeste,29,Rui Costa Pimenta,PCO,243,0.010880915
2026-10-04 20:06:52,20261004-200652,ES,Espírito Santo,Sudeste,30,Zema,NOVO,5843,0.261634519
2026-10-04 20:06:52,20261004-200652,ES,Espírito Santo,Sudeste,35,Veterinário Wilson Grassi,DEMOCRATA,311,0.013925781
2026-10-04 20:06:52,20261004-200652,ES,Espírito Santo,Sudeste,55,Ronaldo Caiado,PSD,38836,1.738976245
2026-10-04 20:06:52,20261004-200652,ES,Espírito Santo,Sudeste,70,Escritor Augusto Cury,AVANTE,64681,2.896248905
2026-10-04 20:06:52,20261004-200652,ES,Espírito Santo,Sudeste,80,Samara,UP,1957,0.087629429
2026-10-04 20:06:52,20261004-200652,GO,Goiás,Centro-Oeste,13,Lula,PT,1078469,30.656186318
2026-10-04 20:06:52,20261004-200652,GO,Goiás,Centro-Oeste,14,Renan Santos,MISSÃO,50436,1.43367627
2026-10-04 20:06:52,20261004-200652,GO,Goiás,Centro-Oeste,16,Hertz Dias,PSTU,615,0.017481777
2026-10-04 20:06:52,20261004-200652,GO,Goiás,Centro-Oeste,21,Edmilson Costa,PCB,426,0.012109328
2026-10-04 20:06:52,20261004-200652,GO,Goiás,Centro-Oeste,22,Flavio Bolsonaro,PL,1899530,53.995381968
2026-10-04 20:06:52,20261004-200652,GO,Goiás,Centro-Oeste,27,Clariana Barao,DC,522,0.014838191
2026-10-04 20:06:52,20261004-200652,GO,Goiás,Centro-Oeste,29,Rui Costa Pimenta,PCO,247,0.007021136
2026-10-04 20:06:52,20261004-200652,GO,Goiás,Centro-Oeste,30,Zema,NOVO,2524,0.07174635
2026-10-04 20:06:52,20261004-200652,GO,Goiás,Centro-Oeste,35,Veterinário Wilson Grassi,DEMOCRATA,325,0.009238337
2026-10-04 20:06:52,20261004-200652,GO,Goiás,Centro-Oeste,55,Ronaldo Caiado,PSD,432695,12.299638227
2026-10-04 20:06:52,20261004-200652,GO,Goiás,Centro-Oeste,70,Escritor Augusto Cury,AVANTE,50197,1.426882539
2026-10-04 20:06:52,20261004-200652,GO,Goiás,Centro-Oeste,80,Samara,UP,1963,0.055799558
2026-10-04 20:06:52,20261004-200652,MA,Maranhão,Nordeste,13,Lula,PT,1860524,62.577556658
2026-10-04 20:06:52,20261004-200652,MA,Maranhão,Nordeste,14,Renan Santos,MISSÃO,45623,1.534500962
2026-10-04 20:06:52,20261004-200652,MA,Maranhão,Nordeste,16,Hertz Dias,PSTU,1186,0.039890365
2026-10-04 20:06:52,20261004-200652,MA,Maranhão,Nordeste,21,Edmilson Costa,PCB,349,0.011738396
2026-10-04 20:06:52,20261004-200652,MA,Maranhão,Nordeste,22,Flavio Bolsonaro,PL,956670,32.176994829
2026-10-04 20:06:52,20261004-200652,MA,Maranhão,Nordeste,27,Clariana Barao,DC,668,0.022467761
2026-10-04 20:06:52,20261004-200652,MA,Maranhão,Nordeste,29,Rui Costa Pimenta,PCO,172,0.005785112
2026-10-04 20:06:52,20261004-200652,MA,Maranhão,Nordeste,30,Zema,NOVO,3501,0.117753937
2026-10-04 20:06:52,20261004-200652,MA,Maranhão,Nordeste,35,Veterinário Wilson Grassi,DEMOCRATA,220,0.007399562
2026-10-04 20:06:52,20261004-200652,MA,Maranhão,Nordeste,55,Ronaldo Caiado,PSD,38344,1.289676367
2026-10-04 20:06:52,20261004-200652,MA,Maranhão,Nordeste,70,Escritor Augusto Cury,AVANTE,64530,2.170426037
2026-10-04 20:06:52,20261004-200652,MA,Maranhão,Nordeste,80,Samara,UP,1362,0.045810015
2026-10-04 20:06:52,20261004-200652,MG,Minas Gerais,Sudeste,13,Lula,PT,4126005,42.455770062
2026-10-04 20:06:52,20261004-200652,MG,Minas Gerais,Sudeste,14,Renan Santos,MISSÃO,207520,2.135339488
2026-10-04 20:06:52,20261004-200652,MG,Minas Gerais,Sudeste,16,Hertz Dias,PSTU,3559,0.036621401
2026-10-04 20:06:52,20261004-200652,MG,Minas Gerais,Sudeste,21,Edmilson Costa,PCB,1856,0.019097871
2026-10-04 20:06:52,20261004-200652,MG,Minas Gerais,Sudeste,22,Flavio Bolsonaro,PL,4752312,48.90034441
2026-10-04 20:06:52,20261004-200652,MG,Minas Gerais,Sudeste,27,Clariana Barao,DC,2856,0.029387671
2026-10-04 20:06:52,20261004-200652,MG,Minas Gerais,Sudeste,29,Rui Costa Pimenta,PCO,1247,0.012831382
2026-10-04 20:06:52,20261004-200652,MG,Minas Gerais,Sudeste,30,Zema,NOVO,83625,0.860484602
2026-10-04 20:06:52,20261004-200652,MG,Minas Gerais,Sudeste,35,Veterinário Wilson Grassi,DEMOCRATA,1459,0.01501282
2026-10-04 20:06:52,20261004-200652,MG,Minas Gerais,Sudeste,55,Ronaldo Caiado,PSD,191932,1.974942071
2026-10-04 20:06:52,20261004-200652,MG,Minas Gerais,Sudeste,70,Escritor Augusto Cury,AVANTE,336491,3.462425403
2026-10-04 20:06:52,20261004-200652,MG,Minas Gerais,Sudeste,80,Samara,UP,9499,0.097742819
2026-10-04 20:06:52,20261004-200652,MS,Mato Grosso do Sul,Centro-Oeste,13,Lula,PT,512579,34.533871327
2026-10-04 20:06:52,20261004-200652,MS,Mato Grosso do Sul,Centro-Oeste,14,Renan Santos,MISSÃO,31807,2.142925959
2026-10-04 20:06:52,20261004-200652,MS,Mato Grosso do Sul,Centro-Oeste,16,Hertz Dias,PSTU,353,0.023782591
2026-10-04 20:06:52,20261004-200652,MS,Mato Grosso do Sul,Centro-Oeste,21,Edmilson Costa,PCB,331,0.02230039
2026-10-04 20:06:52,20261004-200652,MS,Mato Grosso do Sul,Centro-Oeste,22,Flavio Bolsonaro,PL,871749,58.732152109
2026-10-04 20:06:52,20261004-200652,MS,Mato Grosso do Sul,Centro-Oeste,27,Clariana Barao,DC,626,0.042175359
2026-10-04 20:06:52,20261004-200652,MS,Mato Grosso do Sul,Centro-Oeste,29,Rui Costa Pimenta,PCO,183,0.012329218
2026-10-04 20:06:52,20261004-200652,MS,Mato Grosso do Sul,Centro-Oeste,30,Zema,NOVO,2786,0.18770056
2026-10-04 20:06:52,20261004-200652,MS,Mato Grosso do Sul,Centro-Oeste,35,Veterinário Wilson Grassi,DEMOCRATA,208,0.014013538
2026-10-04 20:06:52,20261004-200652,MS,Mato Grosso do Sul,Centro-Oeste,55,Ronaldo Caiado,PSD,23262,1.567225569
2026-10-04 20:06:52,20261004-200652,MS,Mato Grosso do Sul,Centro-Oeste,70,Escritor Augusto Cury,AVANTE,39104,2.634545123
2026-10-04 20:06:52,20261004-200652,MS,Mato Grosso do Sul,Centro-Oeste,80,Samara,UP,1291,0.086978257
2026-10-04 20:06:52,20261004-200652,MT,Mato Grosso,Centro-Oeste,13,Lula,PT,552750,28.918578571
2026-10-04 20:06:52,20261004-200652,MT,Mato Grosso,Centro-Oeste,14,Renan Santos,MISSÃO,32150,1.682012304
2026-10-04 20:06:52,20261004-200652,MT,Mato Grosso,Centro-Oeste,16,Hertz Dias,PSTU,330,0.017264823
2026-10-04 20:06:52,20261004-200652,MT,Mato Grosso,Centro-Oeste,21,Edmilson Costa,PCB,231,0.012085376
2026-10-04 20:06:52,20261004-200652,MT,Mato Grosso,Centro-Oeste,22,Flavio Bolsonaro,PL,1249440,65.367759042
2026-10-04 20:06:52,20261004-200652,MT,Mato Grosso,Centro-Oeste,27,Clariana Barao,DC,1820,0.095218115
2026-10-04 20:06:52,20261004-200652,MT,Mato Grosso,Centro-Oeste,29,Rui Costa Pimenta,PCO,123,0.00643507
2026-10-04 20:06:52,20261004-200652,MT,Mato Grosso,Centro-Oeste,30,Zema,NOVO,2359,0.123417326
2026-10-04 20:06:52,20261004-200652,MT,Mato Grosso,Centro-Oeste,35,Veterinário Wilson Grassi,DEMOCRATA,165,0.008632412
2026-10-04 20:06:52,20261004-200652,MT,Mato Grosso,Centro-Oeste,55,Ronaldo Caiado,PSD,31822,1.664852116
2026-10-04 20:06:52,20261004-200652,MT,Mato Grosso,Centro-Oeste,70,Escritor Augusto Cury,AVANTE,38675,2.023384941
2026-10-04 20:06:52,20261004-200652,MT,Mato Grosso,Centro-Oeste,80,Samara,UP,1536,0.080359904
2026-10-04 20:06:52,20261004-200652,PA,Pará,Norte,13,Lula,PT,1958406,48.262586703
2026-10-04 20:06:52,20261004-200652,PA,Pará,Norte,14,Renan Santos,MISSÃO,74696,1.840794083
2026-10-04 20:06:52,20261004-200652,PA,Pará,Norte,16,Hertz Dias,PSTU,961,0.023682702
2026-10-04 20:06:52,20261004-200652,PA,Pará,Norte,21,Edmilson Costa,PCB,572,0.01409626
2026-10-04 20:06:52,20261004-200652,PA,Pará,Norte,22,Flavio Bolsonaro,PL,1860624,45.852865607
2026-10-04 20:06:52,20261004-200652,PA,Pará,Norte,27,Clariana Barao,DC,1163,0.028660752
2026-10-04 20:06:52,20261004-200652,PA,Pará,Norte,29,Rui Costa Pimenta,PCO,276,0.006801692
2026-10-04 20:06:52,20261004-200652,PA,Pará,Norte,30,Zema,NOVO,2752,0.067819767
2026-10-04 20:06:52,20261004-200652,PA,Pará,Norte,35,Veterinário Wilson Grassi,DEMOCRATA,402,0.009906812
2026-10-04 20:06:52,20261004-200652,PA,Pará,Norte,55,Ronaldo Caiado,PSD,45539,1.122254495
2026-10-04 20:06:52,20261004-200652,PA,Pará,Norte,70,Escritor Augusto Cury,AVANTE,108955,2.685066393
2026-10-04 20:06:52,20261004-200652,PA,Pará,Norte,80,Samara,UP,3468,0.085464735
2026-10-04 20:06:52,20261004-200652,PB,Paraíba,Nordeste,13,Lula,PT,1501801,61.206415217
2026-10-04 20:06:52,20261004-200652,PB,Paraíba,Nordeste,14,Renan Santos,MISSÃO,41474,1.690287105
2026-10-04 20:06:52,20261004-200652,PB,Paraíba,Nordeste,16,Hertz Dias,PSTU,614,0.025023781
2026-10-04 20:06:52,20261004-200652,PB,Paraíba,Nordeste,21,Edmilson Costa,PCB,340,0.013856817
2026-10-04 20:06:52,20261004-200652,PB,Paraíba,Nordeste,22,Flavio Bolsonaro,PL,813407,33.15068147
2026-10-04 20:06:52,20261004-200652,PB,Paraíba,Nordeste,27,Clariana Barao,DC,594,0.024208674
2026-10-04 20:06:52,20261004-200652,PB,Paraíba,Nordeste,29,Rui Costa Pimenta,PCO,271,0.011044698
2026-10-04 20:06:52,20261004-200652,PB,Paraíba,Nordeste,30,Zema,NOVO,1959,0.079839717
2026-10-04 20:06:52,20261004-200652,PB,Paraíba,Nordeste,35,Veterinário Wilson Grassi,DEMOCRATA,213,0.008680888
2026-10-04 20:06:52,20261004-200652,PB,Paraíba,Nordeste,55,Ronaldo Caiado,PSD,19157,0.78075011
2026-10-04 20:06:52,20261004-200652,PB,Paraíba,Nordeste,70,Escritor Augusto Cury,AVANTE,72267,2.945266389
2026-10-04 20:06:52,20261004-200652,PB,Paraíba,Nordeste,80,Samara,UP,1569,0.063945134
2026-10-04 20:06:52,20261004-200652,PE,Pernambuco,Nordeste,13,Lula,PT,2617493,62.549597722
2026-10-04 20:06:52,20261004-200652,PE,Pernambuco,Nordeste,14,Renan Santos,MISSÃO,65833,1.573195293
2026-10-04 20:06:52,20261004-200652,PE,Pernambuco,Nordeste,16,Hertz Dias,PSTU,909,0.021722153
2026-10-04 20:06:52,20261004-200652,PE,Pernambuco,Nordeste,21,Edmilson Costa,PCB,519,0.012402418
2026-10-04 20:06:52,20261004-200652,PE,Pernambuco,Nordeste,22,Flavio Bolsonaro,PL,1331943,31.829120016
2026-10-04 20:06:52,20261004-200652,PE,Pernambuco,Nordeste,27,Clariana Barao,DC,692,0.016536557
2026-10-04 20:06:52,20261004-200652,PE,Pernambuco,Nordeste,29,Rui Costa Pimenta,PCO,322,0.007694756
2026-10-04 20:06:52,20261004-200652,PE,Pernambuco,Nordeste,30,Zema,NOVO,4987,0.119173134
2026-10-04 20:06:52,20261004-200652,PE,Pernambuco,Nordeste,35,Veterinário Wilson Grassi,DEMOCRATA,357,0.008531143
2026-10-04 20:06:52,20261004-200652,PE,Pernambuco,Nordeste,55,Ronaldo Caiado,PSD,55628,1.329328874
2026-10-04 20:06:52,20261004-200652,PE,Pernambuco,Nordeste,70,Escritor Augusto Cury,AVANTE,104087,2.487341887
2026-10-04 20:06:52,20261004-200652,PE,Pernambuco,Nordeste,80,Samara,UP,1898,0.045356047
2026-10-04 20:06:52,20261004-200652,PI,Piauí,Nordeste,13,Lula,PT,1273531,70.315220956
2026-10-04 20:06:52,20261004-200652,PI,Piauí,Nordeste,14,Renan Santos,MISSÃO,28119,1.552528912
2026-10-04 20:06:52,20261004-200652,PI,Piauí,Nordeste,16,Hertz Dias,PSTU,391,0.021588207
2026-10-04 20:06:52,20261004-200652,PI,Piauí,Nordeste,21,Edmilson Costa,PCB,263,0.014520968
2026-10-04 20:06:52,20261004-200652,PI,Piauí,Nordeste,22,Flavio Bolsonaro,PL,446256,24.639046276
2026-10-04 20:06:52,20261004-200652,PI,Piauí,Nordeste,27,Clariana Barao,DC,431,0.02379672
2026-10-04 20:06:52,20261004-200652,PI,Piauí,Nordeste,29,Rui Costa Pimenta,PCO,125,0.006901601
2026-10-04 20:06:52,20261004-200652,PI,Piauí,Nordeste,30,Zema,NOVO,1214,0.067028347
2026-10-04 20:06:52,20261004-200652,PI,Piauí,Nordeste,35,Veterinário Wilson Grassi,DEMOCRATA,163,0.008999687
2026-10-04 20:06:52,20261004-200652,PI,Piauí,Nordeste,55,Ronaldo Caiado,PSD,18616,1.02784161
2026-10-04 20:06:52,20261004-200652,PI,Piauí,Nordeste,70,Escritor Augusto Cury,AVANTE,41101,2.269301569
2026-10-04 20:06:52,20261004-200652,PI,Piauí,Nordeste,80,Samara,UP,964,0.053225146
2026-10-04 20:06:52,20261004-200652,PR,Paraná,Sul,13,Lula,PT,2032920,31.136349956
2026-10-04 20:06:52,20261004-200652,PR,Paraná,Sul,14,Renan Santos,MISSÃO,176493,2.703179571
2026-10-04 20:06:52,20261004-200652,PR,Paraná,Sul,16,Hertz Dias,PSTU,2048,0.031367316
2026-10-04 20:06:52,20261004-200652,PR,Paraná,Sul,21,Edmilson Costa,PCB,1178,0.018042333
2026-10-04 20:06:52,20261004-200652,PR,Paraná,Sul,22,Flavio Bolsonaro,PL,3914574,59.955898901
2026-10-04 20:06:52,20261004-200652,PR,Paraná,Sul,27,Clariana Barao,DC,2435,0.037294636
2026-10-04 20:06:52,20261004-200652,PR,Paraná,Sul,29,Rui Costa Pimenta,PCO,911,0.013952942
2026-10-04 20:06:52,20261004-200652,PR,Paraná,Sul,30,Zema,NOVO,17100,0.261904838
2026-10-04 20:06:52,20261004-200652,PR,Paraná,Sul,35,Veterinário Wilson Grassi,DEMOCRATA,962,0.014734062
2026-10-04 20:06:52,20261004-200652,PR,Paraná,Sul,55,Ronaldo Caiado,PSD,170057,2.604605329
2026-10-04 20:06:52,20261004-200652,PR,Paraná,Sul,70,Escritor Augusto Cury,AVANTE,203703,3.119929901
2026-10-04 20:06:52,20261004-200652,PR,Paraná,Sul,80,Samara,UP,6708,0.102740214
2026-10-04 20:06:52,20261004-200652,RJ,Rio de Janeiro,Sudeste,13,Lula,PT,2637487,39.160010298
2026-10-04 20:06:52,20261004-200652,RJ,Rio de Janeiro,Sudeste,14,Renan Santos,MISSÃO,148422,2.203691259
2026-10-04 20:06:52,20261004-200652,RJ,Rio de Janeiro,Sudeste,16,Hertz Dias,PSTU,2850,0.042315291
2026-10-04 20:06:52,20261004-200652,RJ,Rio de Janeiro,Sudeste,21,Edmilson Costa,PCB,2080,0.030882739
2026-10-04 20:06:52,20261004-200652,RJ,Rio de Janeiro,Sudeste,22,Flavio Bolsonaro,PL,3592697,53.342462548
2026-10-04 20:06:52,20261004-200652,RJ,Rio de Janeiro,Sudeste,27,Clariana Barao,DC,2874,0.04267163
2026-10-04 20:06:52,20261004-200652,RJ,Rio de Janeiro,Sudeste,29,Rui Costa Pimenta,PCO,1322,0.019628356
2026-10-04 20:06:52,20261004-200652,RJ,Rio de Janeiro,Sudeste,30,Zema,NOVO,16168,0.240053902
2026-10-04 20:06:52,20261004-200652,RJ,Rio de Janeiro,Sudeste,35,Veterinário Wilson Grassi,DEMOCRATA,1368,0.02031134
2026-10-04 20:06:52,20261004-200652,RJ,Rio de Janeiro,Sudeste,55,Ronaldo Caiado,PSD,142506,2.115853624
2026-10-04 20:06:52,20261004-200652,RJ,Rio de Janeiro,Sudeste,70,Escritor Augusto Cury,AVANTE,177485,2.635203293
2026-10-04 20:06:52,20261004-200652,RJ,Rio de Janeiro,Sudeste,80,Samara,UP,9895,0.14691572
2026-10-04 20:06:52,20261004-200652,RN,Rio Grande do Norte,Nordeste,13,Lula,PT,1026181,59.715221437
2026-10-04 20:06:52,20261004-200652,RN,Rio Grande do Norte,Nordeste,14,Renan Santos,MISSÃO,29552,1.719681249
2026-10-04 20:06:52,20261004-200652,RN,Rio Grande do Norte,Nordeste,16,Hertz Dias,PSTU,472,0.027466484
2026-10-04 20:06:52,20261004-200652,RN,Rio Grande do Norte,Nordeste,21,Edmilson Costa,PCB,268,0.015595377
2026-10-04 20:06:52,20261004-200652,RN,Rio Grande do Norte,Nordeste,22,Flavio Bolsonaro,PL,597438,34.765935507
2026-10-04 20:06:52,20261004-200652,RN,Rio Grande do Norte,Nordeste,27,Clariana Barao,DC,349,0.020308905
2026-10-04 20:06:52,20261004-200652,RN,Rio Grande do Norte,Nordeste,29,Rui Costa Pimenta,PCO,149,0.008670564
2026-10-04 20:06:52,20261004-200652,RN,Rio Grande do Norte,Nordeste,30,Zema,NOVO,1290,0.075067299
2026-10-04 20:06:52,20261004-200652,RN,Rio Grande do Norte,Nordeste,35,Veterinário Wilson Grassi,DEMOCRATA,158,0.009194289
2026-10-04 20:06:52,20261004-200652,RN,Rio Grande do Norte,Nordeste,55,Ronaldo Caiado,PSD,13821,0.804267547
2026-10-04 20:06:52,20261004-200652,RN,Rio Grande do Norte,Nordeste,70,Escritor Augusto Cury,AVANTE,47753,2.778828461
2026-10-04 20:06:52,20261004-200652,RN,Rio Grande do Norte,Nordeste,80,Samara,UP,1027,0.05976288
2026-10-04 20:06:52,20261004-200652,RO,Rondônia,Norte,13,Lula,PT,246413,25.978080043
2026-10-04 20:06:52,20261004-200652,RO,Rondônia,Norte,14,Renan Santos,MISSÃO,18842,1.986417048
2026-10-04 20:06:52,20261004-200652,RO,Rondônia,Norte,16,Hertz Dias,PSTU,174,0.018343943
2026-10-04 20:06:52,20261004-200652,RO,Rondônia,Norte,21,Edmilson Costa,PCB,157,0.016551718
2026-10-04 20:06:52,20261004-200652,RO,Rondônia,Norte,22,Flavio Bolsonaro,PL,638932,67.35937892
2026-10-04 20:06:52,20261004-200652,RO,Rondônia,Norte,27,Clariana Barao,DC,351,0.03700416
2026-10-04 20:06:52,20261004-200652,RO,Rondônia,Norte,29,Rui Costa Pimenta,PCO,59,0.006220072
2026-10-04 20:06:52,20261004-200652,RO,Rondônia,Norte,30,Zema,NOVO,1292,0.136209045
2026-10-04 20:06:52,20261004-200652,RO,Rondônia,Norte,35,Veterinário Wilson Grassi,DEMOCRATA,97,0.010226221
2026-10-04 20:06:52,20261004-200652,RO,Rondônia,Norte,55,Ronaldo Caiado,PSD,16530,1.742674547
2026-10-04 20:06:52,20261004-200652,RO,Rondônia,Norte,70,Escritor Augusto Cury,AVANTE,24857,2.620548168
2026-10-04 20:06:52,20261004-200652,RO,Rondônia,Norte,80,Samara,UP,838,0.088346114
2026-10-04 20:06:52,20261004-200652,RR,Roraima,Norte,13,Lula,PT,71760,22.448922133
2026-10-04 20:06:52,20261004-200652,RR,Roraima,Norte,14,Renan Santos,MISSÃO,6567,2.054376695
2026-10-04 20:06:52,20261004-200652,RR,Roraima,Norte,16,Hertz Dias,PSTU,60,0.018770002
2026-10-04 20:06:52,20261004-200652,RR,Roraima,Norte,21,Edmilson Costa,PCB,42,0.013139001
2026-10-04 20:06:52,20261004-200652,RR,Roraima,Norte,22,Flavio Bolsonaro,PL,228262,71.407969117
2026-10-04 20:06:52,20261004-200652,RR,Roraima,Norte,27,Clariana Barao,DC,167,0.052243172
2026-10-04 20:06:52,20261004-200652,RR,Roraima,Norte,29,Rui Costa Pimenta,PCO,34,0.010636334
2026-10-04 20:06:52,20261004-200652,RR,Roraima,Norte,30,Zema,NOVO,334,0.104486343
2026-10-04 20:06:52,20261004-200652,RR,Roraima,Norte,35,Veterinário Wilson Grassi,DEMOCRATA,41,0.012826168
2026-10-04 20:06:52,20261004-200652,RR,Roraima,Norte,55,Ronaldo Caiado,PSD,3609,1.129015607
2026-10-04 20:06:52,20261004-200652,RR,Roraima,Norte,70,Escritor Augusto Cury,AVANTE,8506,2.660960586
2026-10-04 20:06:52,20261004-200652,RR,Roraima,Norte,80,Samara,UP,277,0.086654842
2026-10-04 20:06:52,20261004-200652,RS,Rio Grande do Sul,Sul,13,Lula,PT,2248087,35.750967887
2026-10-04 20:06:52,20261004-200652,RS,Rio Grande do Sul,Sul,14,Renan Santos,MISSÃO,164658,2.61852983
2026-10-04 20:06:52,20261004-200652,RS,Rio Grande do Sul,Sul,16,Hertz Dias,PSTU,2119,0.033698118
2026-10-04 20:06:52,20261004-200652,RS,Rio Grande do Sul,Sul,21,Edmilson Costa,PCB,1010,0.016061868
2026-10-04 20:06:52,20261004-200652,RS,Rio Grande do Sul,Sul,22,Flavio Bolsonaro,PL,3496170,55.599032153
2026-10-04 20:06:52,20261004-200652,RS,Rio Grande do Sul,Sul,27,Clariana Barao,DC,2037,0.032394085
2026-10-04 20:06:52,20261004-200652,RS,Rio Grande do Sul,Sul,29,Rui Costa Pimenta,PCO,1024,0.016284508
2026-10-04 20:06:52,20261004-200652,RS,Rio Grande do Sul,Sul,30,Zema,NOVO,18693,0.297271788
2026-10-04 20:06:52,20261004-200652,RS,Rio Grande do Sul,Sul,35,Veterinário Wilson Grassi,DEMOCRATA,916,0.014567001
2026-10-04 20:06:52,20261004-200652,RS,Rio Grande do Sul,Sul,55,Ronaldo Caiado,PSD,155161,2.467500559
2026-10-04 20:06:52,20261004-200652,RS,Rio Grande do Sul,Sul,70,Escritor Augusto Cury,AVANTE,191761,3.049544503
2026-10-04 20:06:52,20261004-200652,RS,Rio Grande do Sul,Sul,80,Samara,UP,6549,0.104147699
2026-10-04 20:06:52,20261004-200652,SC,Santa Catarina,Sul,13,Lula,PT,1069754,25.06133826
2026-10-04 20:06:52,20261004-200652,SC,Santa Catarina,Sul,14,Renan Santos,MISSÃO,126815,2.970920054
2026-10-04 20:06:52,20261004-200652,SC,Santa Catarina,Sul,16,Hertz Dias,PSTU,1442,0.033782019
2026-10-04 20:06:52,20261004-200652,SC,Santa Catarina,Sul,21,Edmilson Costa,PCB,789,0.018484059
2026-10-04 20:06:52,20261004-200652,SC,Santa Catarina,Sul,22,Flavio Bolsonaro,PL,2842270,66.586420706
2026-10-04 20:06:52,20261004-200652,SC,Santa Catarina,Sul,27,Clariana Barao,DC,1373,0.032165542
2026-10-04 20:06:52,20261004-200652,SC,Santa Catarina,Sul,29,Rui Costa Pimenta,PCO,618,0.014478008
2026-10-04 20:06:52,20261004-200652,SC,Santa Catarina,Sul,30,Zema,NOVO,16190,0.379286328
2026-10-04 20:06:52,20261004-200652,SC,Santa Catarina,Sul,35,Veterinário Wilson Grassi,DEMOCRATA,537,0.012580405
2026-10-04 20:06:52,20261004-200652,SC,Santa Catarina,Sul,55,Ronaldo Caiado,PSD,76301,1.787518598
2026-10-04 20:06:52,20261004-200652,SC,Santa Catarina,Sul,70,Escritor Augusto Cury,AVANTE,127614,2.989638385
2026-10-04 20:06:52,20261004-200652,SC,Santa Catarina,Sul,80,Samara,UP,4840,0.113387636
2026-10-04 20:06:52,20261004-200652,SE,Sergipe,Nordeste,13,Lula,PT,782281,62.169228703
2026-10-04 20:06:52,20261004-200652,SE,Sergipe,Nordeste,14,Renan Santos,MISSÃO,20204,1.605646944
2026-10-04 20:06:52,20261004-200652,SE,Sergipe,Nordeste,16,Hertz Dias,PSTU,318,0.025272012
2026-10-04 20:06:52,20261004-200652,SE,Sergipe,Nordeste,21,Edmilson Costa,PCB,195,0.015496988
2026-10-04 20:06:52,20261004-200652,SE,Sergipe,Nordeste,22,Flavio Bolsonaro,PL,391141,31.084654087
2026-10-04 20:06:52,20261004-200652,SE,Sergipe,Nordeste,27,Clariana Barao,DC,439,0.034888092
2026-10-04 20:06:52,20261004-200652,SE,Sergipe,Nordeste,29,Rui Costa Pimenta,PCO,99,0.007867702
2026-10-04 20:06:52,20261004-200652,SE,Sergipe,Nordeste,30,Zema,NOVO,1096,0.087101022
2026-10-04 20:06:52,20261004-200652,SE,Sergipe,Nordeste,35,Veterinário Wilson Grassi,DEMOCRATA,130,0.010331326
2026-10-04 20:06:52,20261004-200652,SE,Sergipe,Nordeste,55,Ronaldo Caiado,PSD,24785,1.969706964
2026-10-04 20:06:52,20261004-200652,SE,Sergipe,Nordeste,70,Escritor Augusto Cury,AVANTE,36682,2.915182201
2026-10-04 20:06:52,20261004-200652,SE,Sergipe,Nordeste,80,Samara,UP,939,0.07462396
2026-10-04 20:06:52,20261004-200652,SP,São Paulo,Sudeste,13,Lula,PT,8535273,37.988777757
2026-10-04 20:06:52,20261004-200652,SP,São Paulo,Sudeste,14,Renan Santos,MISSÃO,725179,3.227625392
2026-10-04 20:06:52,20261004-200652,SP,São Paulo,Sudeste,16,Hertz Dias,PSTU,14359,0.063909011
2026-10-04 20:06:52,20261004-200652,SP,São Paulo,Sudeste,21,Edmilson Costa,PCB,5505,0.024501644
2026-10-04 20:06:52,20261004-200652,SP,São Paulo,Sudeste,22,Flavio Bolsonaro,PL,11716981,52.149918016
2026-10-04 20:06:52,20261004-200652,SP,São Paulo,Sudeste,27,Clariana Barao,DC,9447,0.042046691
2026-10-04 20:06:52,20261004-200652,SP,São Paulo,Sudeste,29,Rui Costa Pimenta,PCO,4044,0.017999028
2026-10-04 20:06:52,20261004-200652,SP,São Paulo,Sudeste,30,Zema,NOVO,85918,0.38240368
2026-10-04 20:06:52,20261004-200652,SP,São Paulo,Sudeste,35,Veterinário Wilson Grassi,DEMOCRATA,4683,0.020843088
2026-10-04 20:06:52,20261004-200652,SP,São Paulo,Sudeste,55,Ronaldo Caiado,PSD,524228,2.333233042
2026-10-04 20:06:52,20261004-200652,SP,São Paulo,Sudeste,70,Escritor Augusto Cury,AVANTE,804031,3.578579732
2026-10-04 20:06:52,20261004-200652,SP,São Paulo,Sudeste,80,Samara,UP,38232,0.170162917
2026-10-04 20:06:52,20261004-200652,TO,Tocantins,Norte,13,Lula,PT,399678,43.507386975
2026-10-04 20:06:52,20261004-200652,TO,Tocantins,Norte,14,Renan Santos,MISSÃO,12804,1.393793461
2026-10-04 20:06:52,20261004-200652,TO,Tocantins,Norte,16,Hertz Dias,PSTU,99,0.010776754
2026-10-04 20:06:52,20261004-200652,TO,Tocantins,Norte,21,Edmilson Costa,PCB,115,0.012518451
2026-10-04 20:06:52,20261004-200652,TO,Tocantins,Norte,22,Flavio Bolsonaro,PL,462603,50.357156853
2026-10-04 20:06:52,20261004-200652,TO,Tocantins,Norte,27,Clariana Barao,DC,170,0.018505536
2026-10-04 20:06:52,20261004-200652,TO,Tocantins,Norte,29,Rui Costa Pimenta,PCO,63,0.006857934
2026-10-04 20:06:52,20261004-200652,TO,Tocantins,Norte,30,Zema,NOVO,589,0.064116241
2026-10-04 20:06:52,20261004-200652,TO,Tocantins,Norte,35,Veterinário Wilson Grassi,DEMOCRATA,66,0.007184502
2026-10-04 20:06:52,20261004-200652,TO,Tocantins,Norte,55,Ronaldo Caiado,PSD,19948,2.171461415
2026-10-04 20:06:52,20261004-200652,TO,Tocantins,Norte,70,Escritor Augusto Cury,AVANTE,22119,2.407788001
2026-10-04 20:06:52,20261004-200652,TO,Tocantins,Norte,80,Samara,UP,390,0.042453878
2026-10-04 20:06:52,20261004-200652,ZZ,Exterior,Exterior,13,Lula,PT,122963,51.085583714
2026-10-04 20:06:52,20261004-200652,ZZ,Exterior,Exterior,14,Renan Santos,MISSÃO,6579,2.733277939
2026-10-04 20:06:52,20261004-200652,ZZ,Exterior,Exterior,16,Hertz Dias,PSTU,317,0.131699211
2026-10-04 20:06:52,20261004-200652,ZZ,Exterior,Exterior,21,Edmilson Costa,PCB,353,0.146655588
2026-10-04 20:06:52,20261004-200652,ZZ,Exterior,Exterior,22,Flavio Bolsonaro,PL,95108,39.51308683
2026-10-04 20:06:52,20261004-200652,ZZ,Exterior,Exterior,27,Clariana Barao,DC,718,0.298296635
2026-10-04 20:06:52,20261004-200652,ZZ,Exterior,Exterior,29,Rui Costa Pimenta,PCO,154,0.063980058
2026-10-04 20:06:52,20261004-200652,ZZ,Exterior,Exterior,30,Zema,NOVO,2345,0.974241795
2026-10-04 20:06:52,20261004-200652,ZZ,Exterior,Exterior,35,Veterinário Wilson Grassi,DEMOCRATA,271,0.112588284
2026-10-04 20:06:52,20261004-200652,ZZ,Exterior,Exterior,55,Ronaldo Caiado,PSD,3448,1.432488575
2026-10-04 20:06:52,20261004-200652,ZZ,Exterior,Exterior,70,Escritor Augusto Cury,AVANTE,7536,3.130868301
2026-10-04 20:06:52,20261004-200652,ZZ,Exterior,Exterior,80,Samara,UP,908,0.37723307
2026-10-04 20:07:27,20261004-200727,AC,Acre,Norte,13,Lula,PT,131531,28.661673665
2026-10-04 20:07:27,20261004-200727,AC,Acre,Norte,14,Renan Santos,MISSÃO,7842,1.708835521
2026-10-04 20:07:27,20261004-200727,AC,Acre,Norte,16,Hertz Dias,PSTU,69,0.015035661
2026-10-04 20:07:27,20261004-200727,AC,Acre,Norte,21,Edmilson Costa,PCB,138,0.030071321
2026-10-04 20:07:27,20261004-200727,AC,Acre,Norte,22,Flavio Bolsonaro,PL,296503,64.610412958
2026-10-04 20:07:27,20261004-200727,AC,Acre,Norte,27,Clariana Barao,DC,205,0.044671166
2026-10-04 20:07:27,20261004-200727,AC,Acre,Norte,29,Rui Costa Pimenta,PCO,38,0.008280509
2026-10-04 20:07:27,20261004-200727,AC,Acre,Norte,30,Zema,NOVO,559,0.121810642
2026-10-04 20:07:27,20261004-200727,AC,Acre,Norte,35,Veterinário Wilson Grassi,DEMOCRATA,36,0.007844693
2026-10-04 20:07:27,20261004-200727,AC,Acre,Norte,55,Ronaldo Caiado,PSD,8408,1.83217152
2026-10-04 20:07:27,20261004-200727,AC,Acre,Norte,70,Escritor Augusto Cury,AVANTE,13269,2.891422918
2026-10-04 20:07:27,20261004-200727,AC,Acre,Norte,80,Samara,UP,311,0.067769427
2026-10-04 20:07:27,20261004-200727,AL,Alagoas,Nordeste,13,Lula,PT,565182,56.671666874
2026-10-04 20:07:27,20261004-200727,AL,Alagoas,Nordeste,14,Renan Santos,MISSÃO,13578,1.361486907
2026-10-04 20:07:27,20261004-200727,AL,Alagoas,Nordeste,16,Hertz Dias,PSTU,220,0.022059738
2026-10-04 20:07:27,20261004-200727,AL,Alagoas,Nordeste,21,Edmilson Costa,PCB,145,0.014539373
2026-10-04 20:07:27,20261004-200727,AL,Alagoas,Nordeste,22,Flavio Bolsonaro,PL,386847,38.789742623
2026-10-04 20:07:27,20261004-200727,AL,Alagoas,Nordeste,27,Clariana Barao,DC,329,0.032989335
2026-10-04 20:07:27,20261004-200727,AL,Alagoas,Nordeste,29,Rui Costa Pimenta,PCO,49,0.004913305
2026-10-04 20:07:27,20261004-200727,AL,Alagoas,Nordeste,30,Zema,NOVO,578,0.057956947
2026-10-04 20:07:27,20261004-200727,AL,Alagoas,Nordeste,35,Veterinário Wilson Grassi,DEMOCRATA,123,0.012333399
2026-10-04 20:07:27,20261004-200727,AL,Alagoas,Nordeste,55,Ronaldo Caiado,PSD,6910,0.692876309
2026-10-04 20:07:27,20261004-200727,AL,Alagoas,Nordeste,70,Escritor Augusto Cury,AVANTE,22689,2.275060865
2026-10-04 20:07:27,20261004-200727,AL,Alagoas,Nordeste,80,Samara,UP,642,0.064374326
2026-10-04 20:07:27,20261004-200727,AM,Amazonas,Norte,13,Lula,PT,856705,45.829129546
2026-10-04 20:07:27,20261004-200727,AM,Amazonas,Norte,14,Renan Santos,MISSÃO,32594,1.743604448
2026-10-04 20:07:27,20261004-200727,AM,Amazonas,Norte,16,Hertz Dias,PSTU,441,0.023591138
2026-10-04 20:07:27,20261004-200727,AM,Amazonas,Norte,21,Edmilson Costa,PCB,235,0.012571241
2026-10-04 20:07:27,20261004-200727,AM,Amazonas,Norte,22,Flavio Bolsonaro,PL,878726,47.007135116
2026-10-04 20:07:27,20261004-200727,AM,Amazonas,Norte,27,Clariana Barao,DC,866,0.046326362
2026-10-04 20:07:27,20261004-200727,AM,Amazonas,Norte,29,Rui Costa Pimenta,PCO,158,0.008452154
2026-10-04 20:07:27,20261004-200727,AM,Amazonas,Norte,30,Zema,NOVO,1687,0.090245466
2026-10-04 20:07:27,20261004-200727,AM,Amazonas,Norte,35,Veterinário Wilson Grassi,DEMOCRATA,275,0.014711027
2026-10-04 20:07:27,20261004-200727,AM,Amazonas,Norte,55,Ronaldo Caiado,PSD,25153,1.345550797
2026-10-04 20:07:27,20261004-200727,AM,Amazonas,Norte,70,Escritor Augusto Cury,AVANTE,70744,3.784425141
2026-10-04 20:07:27,20261004-200727,AM,Amazonas,Norte,80,Samara,UP,1762,0.094257564
2026-10-04 20:07:27,20261004-200727,AP,Amapá,Norte,13,Lula,PT,172933,46.337267721
2026-10-04 20:07:27,20261004-200727,AP,Amapá,Norte,14,Renan Santos,MISSÃO,8903,2.385552176
2026-10-04 20:07:27,20261004-200727,AP,Amapá,Norte,16,Hertz Dias,PSTU,100,0.026794925
2026-10-04 20:07:27,20261004-200727,AP,Amapá,Norte,21,Edmilson Costa,PCB,45,0.012057716
2026-10-04 20:07:27,20261004-200727,AP,Amapá,Norte,22,Flavio Bolsonaro,PL,168381,45.117562734
2026-10-04 20:07:27,20261004-200727,AP,Amapá,Norte,27,Clariana Barao,DC,183,0.049034713
2026-10-04 20:07:27,20261004-200727,AP,Amapá,Norte,29,Rui Costa Pimenta,PCO,42,0.011253869
2026-10-04 20:07:27,20261004-200727,AP,Amapá,Norte,30,Zema,NOVO,269,0.072078348
2026-10-04 20:07:27,20261004-200727,AP,Amapá,Norte,35,Veterinário Wilson Grassi,DEMOCRATA,38,0.010182072
2026-10-04 20:07:27,20261004-200727,AP,Amapá,Norte,55,Ronaldo Caiado,PSD,6555,1.756407336
2026-10-04 20:07:27,20261004-200727,AP,Amapá,Norte,70,Escritor Augusto Cury,AVANTE,15348,4.112485095
2026-10-04 20:07:27,20261004-200727,AP,Amapá,Norte,80,Samara,UP,408,0.109323294
2026-10-04 20:07:27,20261004-200727,BA,Bahia,Nordeste,13,Lula,PT,3684429,64.921834156
2026-10-04 20:07:27,20261004-200727,BA,Bahia,Nordeste,14,Renan Santos,MISSÃO,83499,1.471302129
2026-10-04 20:07:27,20261004-200727,BA,Bahia,Nordeste,16,Hertz Dias,PSTU,1287,0.022677707
2026-10-04 20:07:27,20261004-200727,BA,Bahia,Nordeste,21,Edmilson Costa,PCB,868,0.015294677
2026-10-04 20:07:27,20261004-200727,BA,Bahia,Nordeste,22,Flavio Bolsonaro,PL,1675250,29.518903111
2026-10-04 20:07:27,20261004-200727,BA,Bahia,Nordeste,27,Clariana Barao,DC,1169,0.020598476
2026-10-04 20:07:27,20261004-200727,BA,Bahia,Nordeste,29,Rui Costa Pimenta,PCO,558,0.009832292
2026-10-04 20:07:27,20261004-200727,BA,Bahia,Nordeste,30,Zema,NOVO,4827,0.085054616
2026-10-04 20:07:27,20261004-200727,BA,Bahia,Nordeste,35,Veterinário Wilson Grassi,DEMOCRATA,429,0.007559236
2026-10-04 20:07:27,20261004-200727,BA,Bahia,Nordeste,55,Ronaldo Caiado,PSD,86197,1.518842496
2026-10-04 20:07:27,20261004-200727,BA,Bahia,Nordeste,70,Escritor Augusto Cury,AVANTE,133291,2.348666835
2026-10-04 20:07:27,20261004-200727,BA,Bahia,Nordeste,80,Samara,UP,3373,0.05943427
2026-10-04 20:07:27,20261004-200727,CE,Ceará,Nordeste,13,Lula,PT,2397244,61.728033932
2026-10-04 20:07:27,20261004-200727,CE,Ceará,Nordeste,14,Renan Santos,MISSÃO,79777,2.054224502
2026-10-04 20:07:27,20261004-200727,CE,Ceará,Nordeste,16,Hertz Dias,PSTU,1103,0.02840179
2026-10-04 20:07:27,20261004-200727,CE,Ceará,Nordeste,21,Edmilson Costa,PCB,562,0.014471266
2026-10-04 20:07:27,20261004-200727,CE,Ceará,Nordeste,22,Flavio Bolsonaro,PL,1262513,32.509183589
2026-10-04 20:07:27,20261004-200727,CE,Ceará,Nordeste,27,Clariana Barao,DC,780,0.020084675
2026-10-04 20:07:27,20261004-200727,CE,Ceará,Nordeste,29,Rui Costa Pimenta,PCO,372,0.009578845
2026-10-04 20:07:27,20261004-200727,CE,Ceará,Nordeste,30,Zema,NOVO,3478,0.089557051
2026-10-04 20:07:27,20261004-200727,CE,Ceará,Nordeste,35,Veterinário Wilson Grassi,DEMOCRATA,362,0.009321349
2026-10-04 20:07:27,20261004-200727,CE,Ceará,Nordeste,55,Ronaldo Caiado,PSD,33744,0.868893937
2026-10-04 20:07:27,20261004-200727,CE,Ceará,Nordeste,70,Escritor Augusto Cury,AVANTE,100992,2.600501911
2026-10-04 20:07:27,20261004-200727,CE,Ceará,Nordeste,80,Samara,UP,2631,0.067747154
2026-10-04 20:07:27,20261004-200727,DF,Distrito Federal,Centro-Oeste,13,Lula,PT,672045,38.123334343
2026-10-04 20:07:27,20261004-200727,DF,Distrito Federal,Centro-Oeste,14,Renan Santos,MISSÃO,46429,2.6337943
2026-10-04 20:07:27,20261004-200727,DF,Distrito Federal,Centro-Oeste,16,Hertz Dias,PSTU,826,0.046856794
2026-10-04 20:07:27,20261004-200727,DF,Distrito Federal,Centro-Oeste,21,Edmilson Costa,PCB,334,0.018946936
2026-10-04 20:07:27,20261004-200727,DF,Distrito Federal,Centro-Oeste,22,Flavio Bolsonaro,PL,904230,51.294574936
2026-10-04 20:07:27,20261004-200727,DF,Distrito Federal,Centro-Oeste,27,Clariana Barao,DC,711,0.040333148
2026-10-04 20:07:27,20261004-200727,DF,Distrito Federal,Centro-Oeste,29,Rui Costa Pimenta,PCO,380,0.021556394
2026-10-04 20:07:27,20261004-200727,DF,Distrito Federal,Centro-Oeste,30,Zema,NOVO,4898,0.277850578
2026-10-04 20:07:27,20261004-200727,DF,Distrito Federal,Centro-Oeste,35,Veterinário Wilson Grassi,DEMOCRATA,322,0.018266208
2026-10-04 20:07:27,20261004-200727,DF,Distrito Federal,Centro-Oeste,55,Ronaldo Caiado,PSD,84648,4.801857027
2026-10-04 20:07:27,20261004-200727,DF,Distrito Federal,Centro-Oeste,70,Escritor Augusto Cury,AVANTE,45711,2.59306406
2026-10-04 20:07:27,20261004-200727,DF,Distrito Federal,Centro-Oeste,80,Samara,UP,2284,0.129565276
2026-10-04 20:07:27,20261004-200727,ES,Espírito Santo,Sudeste,13,Lula,PT,841258,37.669370626
2026-10-04 20:07:27,20261004-200727,ES,Espírito Santo,Sudeste,14,Renan Santos,MISSÃO,52886,2.368099126
2026-10-04 20:07:27,20261004-200727,ES,Espírito Santo,Sudeste,16,Hertz Dias,PSTU,634,0.02838889
2026-10-04 20:07:27,20261004-200727,ES,Espírito Santo,Sudeste,21,Edmilson Costa,PCB,379,0.016970646
2026-10-04 20:07:27,20261004-200727,ES,Espírito Santo,Sudeste,22,Flavio Bolsonaro,PL,1225274,54.86461992
2026-10-04 20:07:27,20261004-200727,ES,Espírito Santo,Sudeste,27,Clariana Barao,DC,966,0.043254997
2026-10-04 20:07:27,20261004-200727,ES,Espírito Santo,Sudeste,29,Rui Costa Pimenta,PCO,243,0.010880915
2026-10-04 20:07:27,20261004-200727,ES,Espírito Santo,Sudeste,30,Zema,NOVO,5843,0.261634519
2026-10-04 20:07:27,20261004-200727,ES,Espírito Santo,Sudeste,35,Veterinário Wilson Grassi,DEMOCRATA,311,0.013925781
2026-10-04 20:07:27,20261004-200727,ES,Espírito Santo,Sudeste,55,Ronaldo Caiado,PSD,38836,1.738976245
2026-10-04 20:07:27,20261004-200727,ES,Espírito Santo,Sudeste,70,Escritor Augusto Cury,AVANTE,64681,2.896248905
2026-10-04 20:07:27,20261004-200727,ES,Espírito Santo,Sudeste,80,Samara,UP,1957,0.087629429
2026-10-04 20:07:27,20261004-200727,GO,Goiás,Centro-Oeste,13,Lula,PT,1078469,30.656186318
2026-10-04 20:07:27,20261004-200727,GO,Goiás,Centro-Oeste,14,Renan Santos,MISSÃO,50436,1.43367627
2026-10-04 20:07:27,20261004-200727,GO,Goiás,Centro-Oeste,16,Hertz Dias,PSTU,615,0.017481777
2026-10-04 20:07:27,20261004-200727,GO,Goiás,Centro-Oeste,21,Edmilson Costa,PCB,426,0.012109328
2026-10-04 20:07:27,20261004-200727,GO,Goiás,Centro-Oeste,22,Flavio Bolsonaro,PL,1899530,53.995381968
2026-10-04 20:07:27,20261004-200727,GO,Goiás,Centro-Oeste,27,Clariana Barao,DC,522,0.014838191
2026-10-04 20:07:27,20261004-200727,GO,Goiás,Centro-Oeste,29,Rui Costa Pimenta,PCO,247,0.007021136
2026-10-04 20:07:27,20261004-200727,GO,Goiás,Centro-Oeste,30,Zema,NOVO,2524,0.07174635
2026-10-04 20:07:27,20261004-200727,GO,Goiás,Centro-Oeste,35,Veterinário Wilson Grassi,DEMOCRATA,325,0.009238337
2026-10-04 20:07:27,20261004-200727,GO,Goiás,Centro-Oeste,55,Ronaldo Caiado,PSD,432695,12.299638227
2026-10-04 20:07:27,20261004-200727,GO,Goiás,Centro-Oeste,70,Escritor Augusto Cury,AVANTE,50197,1.426882539
2026-10-04 20:07:27,20261004-200727,GO,Goiás,Centro-Oeste,80,Samara,UP,1963,0.055799558
2026-10-04 20:07:27,20261004-200727,MA,Maranhão,Nordeste,13,Lula,PT,1860524,62.577556658
2026-10-04 20:07:27,20261004-200727,MA,Maranhão,Nordeste,14,Renan Santos,MISSÃO,45623,1.534500962
2026-10-04 20:07:27,20261004-200727,MA,Maranhão,Nordeste,16,Hertz Dias,PSTU,1186,0.039890365
2026-10-04 20:07:27,20261004-200727,MA,Maranhão,Nordeste,21,Edmilson Costa,PCB,349,0.011738396
2026-10-04 20:07:27,20261004-200727,MA,Maranhão,Nordeste,22,Flavio Bolsonaro,PL,956670,32.176994829
2026-10-04 20:07:27,20261004-200727,MA,Maranhão,Nordeste,27,Clariana Barao,DC,668,0.022467761
2026-10-04 20:07:27,20261004-200727,MA,Maranhão,Nordeste,29,Rui Costa Pimenta,PCO,172,0.005785112
2026-10-04 20:07:27,20261004-200727,MA,Maranhão,Nordeste,30,Zema,NOVO,3501,0.117753937
2026-10-04 20:07:27,20261004-200727,MA,Maranhão,Nordeste,35,Veterinário Wilson Grassi,DEMOCRATA,220,0.007399562
2026-10-04 20:07:27,20261004-200727,MA,Maranhão,Nordeste,55,Ronaldo Caiado,PSD,38344,1.289676367
2026-10-04 20:07:27,20261004-200727,MA,Maranhão,Nordeste,70,Escritor Augusto Cury,AVANTE,64530,2.170426037
2026-10-04 20:07:27,20261004-200727,MA,Maranhão,Nordeste,80,Samara,UP,1362,0.045810015
2026-10-04 20:07:27,20261004-200727,MG,Minas Gerais,Sudeste,13,Lula,PT,4126005,42.455770062
2026-10-04 20:07:27,20261004-200727,MG,Minas Gerais,Sudeste,14,Renan Santos,MISSÃO,207520,2.135339488
2026-10-04 20:07:27,20261004-200727,MG,Minas Gerais,Sudeste,16,Hertz Dias,PSTU,3559,0.036621401
2026-10-04 20:07:27,20261004-200727,MG,Minas Gerais,Sudeste,21,Edmilson Costa,PCB,1856,0.019097871
2026-10-04 20:07:27,20261004-200727,MG,Minas Gerais,Sudeste,22,Flavio Bolsonaro,PL,4752312,48.90034441
2026-10-04 20:07:27,20261004-200727,MG,Minas Gerais,Sudeste,27,Clariana Barao,DC,2856,0.029387671
2026-10-04 20:07:27,20261004-200727,MG,Minas Gerais,Sudeste,29,Rui Costa Pimenta,PCO,1247,0.012831382
2026-10-04 20:07:27,20261004-200727,MG,Minas Gerais,Sudeste,30,Zema,NOVO,83625,0.860484602
2026-10-04 20:07:27,20261004-200727,MG,Minas Gerais,Sudeste,35,Veterinário Wilson Grassi,DEMOCRATA,1459,0.01501282
2026-10-04 20:07:27,20261004-200727,MG,Minas Gerais,Sudeste,55,Ronaldo Caiado,PSD,191932,1.974942071
2026-10-04 20:07:27,20261004-200727,MG,Minas Gerais,Sudeste,70,Escritor Augusto Cury,AVANTE,336491,3.462425403
2026-10-04 20:07:27,20261004-200727,MG,Minas Gerais,Sudeste,80,Samara,UP,9499,0.097742819
2026-10-04 20:07:27,20261004-200727,MS,Mato Grosso do Sul,Centro-Oeste,13,Lula,PT,512579,34.533871327
2026-10-04 20:07:27,20261004-200727,MS,Mato Grosso do Sul,Centro-Oeste,14,Renan Santos,MISSÃO,31807,2.142925959
2026-10-04 20:07:27,20261004-200727,MS,Mato Grosso do Sul,Centro-Oeste,16,Hertz Dias,PSTU,353,0.023782591
2026-10-04 20:07:27,20261004-200727,MS,Mato Grosso do Sul,Centro-Oeste,21,Edmilson Costa,PCB,331,0.02230039
2026-10-04 20:07:27,20261004-200727,MS,Mato Grosso do Sul,Centro-Oeste,22,Flavio Bolsonaro,PL,871749,58.732152109
2026-10-04 20:07:27,20261004-200727,MS,Mato Grosso do Sul,Centro-Oeste,27,Clariana Barao,DC,626,0.042175359
2026-10-04 20:07:27,20261004-200727,MS,Mato Grosso do Sul,Centro-Oeste,29,Rui Costa Pimenta,PCO,183,0.012329218
2026-10-04 20:07:27,20261004-200727,MS,Mato Grosso do Sul,Centro-Oeste,30,Zema,NOVO,2786,0.18770056
2026-10-04 20:07:27,20261004-200727,MS,Mato Grosso do Sul,Centro-Oeste,35,Veterinário Wilson Grassi,DEMOCRATA,208,0.014013538
2026-10-04 20:07:27,20261004-200727,MS,Mato Grosso do Sul,Centro-Oeste,55,Ronaldo Caiado,PSD,23262,1.567225569
2026-10-04 20:07:27,20261004-200727,MS,Mato Grosso do Sul,Centro-Oeste,70,Escritor Augusto Cury,AVANTE,39104,2.634545123
2026-10-04 20:07:27,20261004-200727,MS,Mato Grosso do Sul,Centro-Oeste,80,Samara,UP,1291,0.086978257
2026-10-04 20:07:27,20261004-200727,MT,Mato Grosso,Centro-Oeste,13,Lula,PT,552750,28.918578571
2026-10-04 20:07:27,20261004-200727,MT,Mato Grosso,Centro-Oeste,14,Renan Santos,MISSÃO,32150,1.682012304
2026-10-04 20:07:27,20261004-200727,MT,Mato Grosso,Centro-Oeste,16,Hertz Dias,PSTU,330,0.017264823
2026-10-04 20:07:27,20261004-200727,MT,Mato Grosso,Centro-Oeste,21,Edmilson Costa,PCB,231,0.012085376
2026-10-04 20:07:27,20261004-200727,MT,Mato Grosso,Centro-Oeste,22,Flavio Bolsonaro,PL,1249440,65.367759042
2026-10-04 20:07:27,20261004-200727,MT,Mato Grosso,Centro-Oeste,27,Clariana Barao,DC,1820,0.095218115
2026-10-04 20:07:27,20261004-200727,MT,Mato Grosso,Centro-Oeste,29,Rui Costa Pimenta,PCO,123,0.00643507
2026-10-04 20:07:27,20261004-200727,MT,Mato Grosso,Centro-Oeste,30,Zema,NOVO,2359,0.123417326
2026-10-04 20:07:27,20261004-200727,MT,Mato Grosso,Centro-Oeste,35,Veterinário Wilson Grassi,DEMOCRATA,165,0.008632412
2026-10-04 20:07:27,20261004-200727,MT,Mato Grosso,Centro-Oeste,55,Ronaldo Caiado,PSD,31822,1.664852116
2026-10-04 20:07:27,20261004-200727,MT,Mato Grosso,Centro-Oeste,70,Escritor Augusto Cury,AVANTE,38675,2.023384941
2026-10-04 20:07:27,20261004-200727,MT,Mato Grosso,Centro-Oeste,80,Samara,UP,1536,0.080359904
2026-10-04 20:07:27,20261004-200727,PA,Pará,Norte,13,Lula,PT,1958406,48.262586703
2026-10-04 20:07:27,20261004-200727,PA,Pará,Norte,14,Renan Santos,MISSÃO,74696,1.840794083
2026-10-04 20:07:27,20261004-200727,PA,Pará,Norte,16,Hertz Dias,PSTU,961,0.023682702
2026-10-04 20:07:27,20261004-200727,PA,Pará,Norte,21,Edmilson Costa,PCB,572,0.01409626
2026-10-04 20:07:27,20261004-200727,PA,Pará,Norte,22,Flavio Bolsonaro,PL,1860624,45.852865607
2026-10-04 20:07:27,20261004-200727,PA,Pará,Norte,27,Clariana Barao,DC,1163,0.028660752
2026-10-04 20:07:27,20261004-200727,PA,Pará,Norte,29,Rui Costa Pimenta,PCO,276,0.006801692
2026-10-04 20:07:27,20261004-200727,PA,Pará,Norte,30,Zema,NOVO,2752,0.067819767
2026-10-04 20:07:27,20261004-200727,PA,Pará,Norte,35,Veterinário Wilson Grassi,DEMOCRATA,402,0.009906812
2026-10-04 20:07:27,20261004-200727,PA,Pará,Norte,55,Ronaldo Caiado,PSD,45539,1.122254495
2026-10-04 20:07:27,20261004-200727,PA,Pará,Norte,70,Escritor Augusto Cury,AVANTE,108955,2.685066393
2026-10-04 20:07:27,20261004-200727,PA,Pará,Norte,80,Samara,UP,3468,0.085464735
2026-10-04 20:07:27,20261004-200727,PB,Paraíba,Nordeste,13,Lula,PT,1501801,61.206415217
2026-10-04 20:07:27,20261004-200727,PB,Paraíba,Nordeste,14,Renan Santos,MISSÃO,41474,1.690287105
2026-10-04 20:07:27,20261004-200727,PB,Paraíba,Nordeste,16,Hertz Dias,PSTU,614,0.025023781
2026-10-04 20:07:27,20261004-200727,PB,Paraíba,Nordeste,21,Edmilson Costa,PCB,340,0.013856817
2026-10-04 20:07:27,20261004-200727,PB,Paraíba,Nordeste,22,Flavio Bolsonaro,PL,813407,33.15068147
2026-10-04 20:07:27,20261004-200727,PB,Paraíba,Nordeste,27,Clariana Barao,DC,594,0.024208674
2026-10-04 20:07:27,20261004-200727,PB,Paraíba,Nordeste,29,Rui Costa Pimenta,PCO,271,0.011044698
2026-10-04 20:07:27,20261004-200727,PB,Paraíba,Nordeste,30,Zema,NOVO,1959,0.079839717
2026-10-04 20:07:27,20261004-200727,PB,Paraíba,Nordeste,35,Veterinário Wilson Grassi,DEMOCRATA,213,0.008680888
2026-10-04 20:07:27,20261004-200727,PB,Paraíba,Nordeste,55,Ronaldo Caiado,PSD,19157,0.78075011
2026-10-04 20:07:27,20261004-200727,PB,Paraíba,Nordeste,70,Escritor Augusto Cury,AVANTE,72267,2.945266389
2026-10-04 20:07:27,20261004-200727,PB,Paraíba,Nordeste,80,Samara,UP,1569,0.063945134
2026-10-04 20:07:27,20261004-200727,PE,Pernambuco,Nordeste,13,Lula,PT,2646911,62.495522814
2026-10-04 20:07:27,20261004-200727,PE,Pernambuco,Nordeste,14,Renan Santos,MISSÃO,66689,1.574576524
2026-10-04 20:07:27,20261004-200727,PE,Pernambuco,Nordeste,16,Hertz Dias,PSTU,922,0.021769101
2026-10-04 20:07:27,20261004-200727,PE,Pernambuco,Nordeste,21,Edmilson Costa,PCB,523,0.012348416
2026-10-04 20:07:27,20261004-200727,PE,Pernambuco,Nordeste,22,Flavio Bolsonaro,PL,1350188,31.878935467
2026-10-04 20:07:27,20261004-200727,PE,Pernambuco,Nordeste,27,Clariana Barao,DC,699,0.016503906
2026-10-04 20:07:27,20261004-200727,PE,Pernambuco,Nordeste,29,Rui Costa Pimenta,PCO,325,0.00767349
2026-10-04 20:07:27,20261004-200727,PE,Pernambuco,Nordeste,30,Zema,NOVO,5029,0.118738403
2026-10-04 20:07:27,20261004-200727,PE,Pernambuco,Nordeste,35,Veterinário Wilson Grassi,DEMOCRATA,362,0.008547087
2026-10-04 20:07:27,20261004-200727,PE,Pernambuco,Nordeste,55,Ronaldo Caiado,PSD,56251,1.328127638
2026-10-04 20:07:27,20261004-200727,PE,Pernambuco,Nordeste,70,Escritor Augusto Cury,AVANTE,105535,2.491759262
2026-10-04 20:07:27,20261004-200727,PE,Pernambuco,Nordeste,80,Samara,UP,1927,0.045497893
2026-10-04 20:07:27,20261004-200727,PI,Piauí,Nordeste,13,Lula,PT,1273531,70.315220956
2026-10-04 20:07:27,20261004-200727,PI,Piauí,Nordeste,14,Renan Santos,MISSÃO,28119,1.552528912
2026-10-04 20:07:27,20261004-200727,PI,Piauí,Nordeste,16,Hertz Dias,PSTU,391,0.021588207
2026-10-04 20:07:27,20261004-200727,PI,Piauí,Nordeste,21,Edmilson Costa,PCB,263,0.014520968
2026-10-04 20:07:27,20261004-200727,PI,Piauí,Nordeste,22,Flavio Bolsonaro,PL,446256,24.639046276
2026-10-04 20:07:27,20261004-200727,PI,Piauí,Nordeste,27,Clariana Barao,DC,431,0.02379672
2026-10-04 20:07:27,20261004-200727,PI,Piauí,Nordeste,29,Rui Costa Pimenta,PCO,125,0.006901601
2026-10-04 20:07:27,20261004-200727,PI,Piauí,Nordeste,30,Zema,NOVO,1214,0.067028347
2026-10-04 20:07:27,20261004-200727,PI,Piauí,Nordeste,35,Veterinário Wilson Grassi,DEMOCRATA,163,0.008999687
2026-10-04 20:07:27,20261004-200727,PI,Piauí,Nordeste,55,Ronaldo Caiado,PSD,18616,1.02784161
2026-10-04 20:07:27,20261004-200727,PI,Piauí,Nordeste,70,Escritor Augusto Cury,AVANTE,41101,2.269301569
2026-10-04 20:07:27,20261004-200727,PI,Piauí,Nordeste,80,Samara,UP,964,0.053225146
2026-10-04 20:07:27,20261004-200727,PR,Paraná,Sul,13,Lula,PT,2032920,31.136349956
2026-10-04 20:07:27,20261004-200727,PR,Paraná,Sul,14,Renan Santos,MISSÃO,176493,2.703179571
2026-10-04 20:07:27,20261004-200727,PR,Paraná,Sul,16,Hertz Dias,PSTU,2048,0.031367316
2026-10-04 20:07:27,20261004-200727,PR,Paraná,Sul,21,Edmilson Costa,PCB,1178,0.018042333
2026-10-04 20:07:27,20261004-200727,PR,Paraná,Sul,22,Flavio Bolsonaro,PL,3914574,59.955898901
2026-10-04 20:07:27,20261004-200727,PR,Paraná,Sul,27,Clariana Barao,DC,2435,0.037294636
2026-10-04 20:07:27,20261004-200727,PR,Paraná,Sul,29,Rui Costa Pimenta,PCO,911,0.013952942
2026-10-04 20:07:27,20261004-200727,PR,Paraná,Sul,30,Zema,NOVO,17100,0.261904838
2026-10-04 20:07:27,20261004-200727,PR,Paraná,Sul,35,Veterinário Wilson Grassi,DEMOCRATA,962,0.014734062
2026-10-04 20:07:27,20261004-200727,PR,Paraná,Sul,55,Ronaldo Caiado,PSD,170057,2.604605329
2026-10-04 20:07:27,20261004-200727,PR,Paraná,Sul,70,Escritor Augusto Cury,AVANTE,203703,3.119929901
2026-10-04 20:07:27,20261004-200727,PR,Paraná,Sul,80,Samara,UP,6708,0.102740214
2026-10-04 20:07:27,20261004-200727,RJ,Rio de Janeiro,Sudeste,13,Lula,PT,2637487,39.160010298
2026-10-04 20:07:27,20261004-200727,RJ,Rio de Janeiro,Sudeste,14,Renan Santos,MISSÃO,148422,2.203691259
2026-10-04 20:07:27,20261004-200727,RJ,Rio de Janeiro,Sudeste,16,Hertz Dias,PSTU,2850,0.042315291
2026-10-04 20:07:27,20261004-200727,RJ,Rio de Janeiro,Sudeste,21,Edmilson Costa,PCB,2080,0.030882739
2026-10-04 20:07:27,20261004-200727,RJ,Rio de Janeiro,Sudeste,22,Flavio Bolsonaro,PL,3592697,53.342462548
2026-10-04 20:07:27,20261004-200727,RJ,Rio de Janeiro,Sudeste,27,Clariana Barao,DC,2874,0.04267163
2026-10-04 20:07:27,20261004-200727,RJ,Rio de Janeiro,Sudeste,29,Rui Costa Pimenta,PCO,1322,0.019628356
2026-10-04 20:07:27,20261004-200727,RJ,Rio de Janeiro,Sudeste,30,Zema,NOVO,16168,0.240053902
2026-10-04 20:07:27,20261004-200727,RJ,Rio de Janeiro,Sudeste,35,Veterinário Wilson Grassi,DEMOCRATA,1368,0.02031134
2026-10-04 20:07:27,20261004-200727,RJ,Rio de Janeiro,Sudeste,55,Ronaldo Caiado,PSD,142506,2.115853624
2026-10-04 20:07:27,20261004-200727,RJ,Rio de Janeiro,Sudeste,70,Escritor Augusto Cury,AVANTE,177485,2.635203293
2026-10-04 20:07:27,20261004-200727,RJ,Rio de Janeiro,Sudeste,80,Samara,UP,9895,0.14691572
2026-10-04 20:07:27,20261004-200727,RN,Rio Grande do Norte,Nordeste,13,Lula,PT,1026181,59.715221437
2026-10-04 20:07:27,20261004-200727,RN,Rio Grande do Norte,Nordeste,14,Renan Santos,MISSÃO,29552,1.719681249
2026-10-04 20:07:27,20261004-200727,RN,Rio Grande do Norte,Nordeste,16,Hertz Dias,PSTU,472,0.027466484
2026-10-04 20:07:27,20261004-200727,RN,Rio Grande do Norte,Nordeste,21,Edmilson Costa,PCB,268,0.015595377
2026-10-04 20:07:27,20261004-200727,RN,Rio Grande do Norte,Nordeste,22,Flavio Bolsonaro,PL,597438,34.765935507
2026-10-04 20:07:27,20261004-200727,RN,Rio Grande do Norte,Nordeste,27,Clariana Barao,DC,349,0.020308905
2026-10-04 20:07:27,20261004-200727,RN,Rio Grande do Norte,Nordeste,29,Rui Costa Pimenta,PCO,149,0.008670564
2026-10-04 20:07:27,20261004-200727,RN,Rio Grande do Norte,Nordeste,30,Zema,NOVO,1290,0.075067299
2026-10-04 20:07:27,20261004-200727,RN,Rio Grande do Norte,Nordeste,35,Veterinário Wilson Grassi,DEMOCRATA,158,0.009194289
2026-10-04 20:07:27,20261004-200727,RN,Rio Grande do Norte,Nordeste,55,Ronaldo Caiado,PSD,13821,0.804267547
2026-10-04 20:07:27,20261004-200727,RN,Rio Grande do Norte,Nordeste,70,Escritor Augusto Cury,AVANTE,47753,2.778828461
2026-10-04 20:07:27,20261004-200727,RN,Rio Grande do Norte,Nordeste,80,Samara,UP,1027,0.05976288
2026-10-04 20:07:27,20261004-200727,RO,Rondônia,Norte,13,Lula,PT,246413,25.978080043
2026-10-04 20:07:27,20261004-200727,RO,Rondônia,Norte,14,Renan Santos,MISSÃO,18842,1.986417048
2026-10-04 20:07:27,20261004-200727,RO,Rondônia,Norte,16,Hertz Dias,PSTU,174,0.018343943
2026-10-04 20:07:27,20261004-200727,RO,Rondônia,Norte,21,Edmilson Costa,PCB,157,0.016551718
2026-10-04 20:07:27,20261004-200727,RO,Rondônia,Norte,22,Flavio Bolsonaro,PL,638932,67.35937892
2026-10-04 20:07:27,20261004-200727,RO,Rondônia,Norte,27,Clariana Barao,DC,351,0.03700416
2026-10-04 20:07:27,20261004-200727,RO,Rondônia,Norte,29,Rui Costa Pimenta,PCO,59,0.006220072
2026-10-04 20:07:27,20261004-200727,RO,Rondônia,Norte,30,Zema,NOVO,1292,0.136209045
2026-10-04 20:07:27,20261004-200727,RO,Rondônia,Norte,35,Veterinário Wilson Grassi,DEMOCRATA,97,0.010226221
2026-10-04 20:07:27,20261004-200727,RO,Rondônia,Norte,55,Ronaldo Caiado,PSD,16530,1.742674547
2026-10-04 20:07:27,20261004-200727,RO,Rondônia,Norte,70,Escritor Augusto Cury,AVANTE,24857,2.620548168
2026-10-04 20:07:27,20261004-200727,RO,Rondônia,Norte,80,Samara,UP,838,0.088346114
2026-10-04 20:07:27,20261004-200727,RR,Roraima,Norte,13,Lula,PT,71760,22.448922133
2026-10-04 20:07:27,20261004-200727,RR,Roraima,Norte,14,Renan Santos,MISSÃO,6567,2.054376695
2026-10-04 20:07:27,20261004-200727,RR,Roraima,Norte,16,Hertz Dias,PSTU,60,0.018770002
2026-10-04 20:07:27,20261004-200727,RR,Roraima,Norte,21,Edmilson Costa,PCB,42,0.013139001
2026-10-04 20:07:27,20261004-200727,RR,Roraima,Norte,22,Flavio Bolsonaro,PL,228262,71.407969117
2026-10-04 20:07:27,20261004-200727,RR,Roraima,Norte,27,Clariana Barao,DC,167,0.052243172
2026-10-04 20:07:27,20261004-200727,RR,Roraima,Norte,29,Rui Costa Pimenta,PCO,34,0.010636334
2026-10-04 20:07:27,20261004-200727,RR,Roraima,Norte,30,Zema,NOVO,334,0.104486343
2026-10-04 20:07:27,20261004-200727,RR,Roraima,Norte,35,Veterinário Wilson Grassi,DEMOCRATA,41,0.012826168
2026-10-04 20:07:27,20261004-200727,RR,Roraima,Norte,55,Ronaldo Caiado,PSD,3609,1.129015607
2026-10-04 20:07:27,20261004-200727,RR,Roraima,Norte,70,Escritor Augusto Cury,AVANTE,8506,2.660960586
2026-10-04 20:07:27,20261004-200727,RR,Roraima,Norte,80,Samara,UP,277,0.086654842
2026-10-04 20:07:27,20261004-200727,RS,Rio Grande do Sul,Sul,13,Lula,PT,2248087,35.750967887
2026-10-04 20:07:27,20261004-200727,RS,Rio Grande do Sul,Sul,14,Renan Santos,MISSÃO,164658,2.61852983
2026-10-04 20:07:27,20261004-200727,RS,Rio Grande do Sul,Sul,16,Hertz Dias,PSTU,2119,0.033698118
2026-10-04 20:07:27,20261004-200727,RS,Rio Grande do Sul,Sul,21,Edmilson Costa,PCB,1010,0.016061868
2026-10-04 20:07:27,20261004-200727,RS,Rio Grande do Sul,Sul,22,Flavio Bolsonaro,PL,3496170,55.599032153
2026-10-04 20:07:27,20261004-200727,RS,Rio Grande do Sul,Sul,27,Clariana Barao,DC,2037,0.032394085
2026-10-04 20:07:27,20261004-200727,RS,Rio Grande do Sul,Sul,29,Rui Costa Pimenta,PCO,1024,0.016284508
2026-10-04 20:07:27,20261004-200727,RS,Rio Grande do Sul,Sul,30,Zema,NOVO,18693,0.297271788
2026-10-04 20:07:27,20261004-200727,RS,Rio Grande do Sul,Sul,35,Veterinário Wilson Grassi,DEMOCRATA,916,0.014567001
2026-10-04 20:07:27,20261004-200727,RS,Rio Grande do Sul,Sul,55,Ronaldo Caiado,PSD,155161,2.467500559
2026-10-04 20:07:27,20261004-200727,RS,Rio Grande do Sul,Sul,70,Escritor Augusto Cury,AVANTE,191761,3.049544503
2026-10-04 20:07:27,20261004-200727,RS,Rio Grande do Sul,Sul,80,Samara,UP,6549,0.104147699
2026-10-04 20:07:27,20261004-200727,SC,Santa Catarina,Sul,13,Lula,PT,1069754,25.06133826
2026-10-04 20:07:27,20261004-200727,SC,Santa Catarina,Sul,14,Renan Santos,MISSÃO,126815,2.970920054
2026-10-04 20:07:27,20261004-200727,SC,Santa Catarina,Sul,16,Hertz Dias,PSTU,1442,0.033782019
2026-10-04 20:07:27,20261004-200727,SC,Santa Catarina,Sul,21,Edmilson Costa,PCB,789,0.018484059
2026-10-04 20:07:27,20261004-200727,SC,Santa Catarina,Sul,22,Flavio Bolsonaro,PL,2842270,66.586420706
2026-10-04 20:07:27,20261004-200727,SC,Santa Catarina,Sul,27,Clariana Barao,DC,1373,0.032165542
2026-10-04 20:07:27,20261004-200727,SC,Santa Catarina,Sul,29,Rui Costa Pimenta,PCO,618,0.014478008
2026-10-04 20:07:27,20261004-200727,SC,Santa Catarina,Sul,30,Zema,NOVO,16190,0.379286328
2026-10-04 20:07:27,20261004-200727,SC,Santa Catarina,Sul,35,Veterinário Wilson Grassi,DEMOCRATA,537,0.012580405
2026-10-04 20:07:27,20261004-200727,SC,Santa Catarina,Sul,55,Ronaldo Caiado,PSD,76301,1.787518598
2026-10-04 20:07:27,20261004-200727,SC,Santa Catarina,Sul,70,Escritor Augusto Cury,AVANTE,127614,2.989638385
2026-10-04 20:07:27,20261004-200727,SC,Santa Catarina,Sul,80,Samara,UP,4840,0.113387636
2026-10-04 20:07:27,20261004-200727,SE,Sergipe,Nordeste,13,Lula,PT,782281,62.169228703
2026-10-04 20:07:27,20261004-200727,SE,Sergipe,Nordeste,14,Renan Santos,MISSÃO,20204,1.605646944
2026-10-04 20:07:27,20261004-200727,SE,Sergipe,Nordeste,16,Hertz Dias,PSTU,318,0.025272012
2026-10-04 20:07:27,20261004-200727,SE,Sergipe,Nordeste,21,Edmilson Costa,PCB,195,0.015496988
2026-10-04 20:07:27,20261004-200727,SE,Sergipe,Nordeste,22,Flavio Bolsonaro,PL,391141,31.084654087
2026-10-04 20:07:27,20261004-200727,SE,Sergipe,Nordeste,27,Clariana Barao,DC,439,0.034888092
2026-10-04 20:07:27,20261004-200727,SE,Sergipe,Nordeste,29,Rui Costa Pimenta,PCO,99,0.007867702
2026-10-04 20:07:27,20261004-200727,SE,Sergipe,Nordeste,30,Zema,NOVO,1096,0.087101022
2026-10-04 20:07:27,20261004-200727,SE,Sergipe,Nordeste,35,Veterinário Wilson Grassi,DEMOCRATA,130,0.010331326
2026-10-04 20:07:27,20261004-200727,SE,Sergipe,Nordeste,55,Ronaldo Caiado,PSD,24785,1.969706964
2026-10-04 20:07:27,20261004-200727,SE,Sergipe,Nordeste,70,Escritor Augusto Cury,AVANTE,36682,2.915182201
2026-10-04 20:07:27,20261004-200727,SE,Sergipe,Nordeste,80,Samara,UP,939,0.07462396
2026-10-04 20:07:27,20261004-200727,SP,São Paulo,Sudeste,13,Lula,PT,8535273,37.988777757
2026-10-04 20:07:27,20261004-200727,SP,São Paulo,Sudeste,14,Renan Santos,MISSÃO,725179,3.227625392
2026-10-04 20:07:27,20261004-200727,SP,São Paulo,Sudeste,16,Hertz Dias,PSTU,14359,0.063909011
2026-10-04 20:07:27,20261004-200727,SP,São Paulo,Sudeste,21,Edmilson Costa,PCB,5505,0.024501644
2026-10-04 20:07:27,20261004-200727,SP,São Paulo,Sudeste,22,Flavio Bolsonaro,PL,11716981,52.149918016
2026-10-04 20:07:27,20261004-200727,SP,São Paulo,Sudeste,27,Clariana Barao,DC,9447,0.042046691
2026-10-04 20:07:27,20261004-200727,SP,São Paulo,Sudeste,29,Rui Costa Pimenta,PCO,4044,0.017999028
2026-10-04 20:07:27,20261004-200727,SP,São Paulo,Sudeste,30,Zema,NOVO,85918,0.38240368
2026-10-04 20:07:27,20261004-200727,SP,São Paulo,Sudeste,35,Veterinário Wilson Grassi,DEMOCRATA,4683,0.020843088
2026-10-04 20:07:27,20261004-200727,SP,São Paulo,Sudeste,55,Ronaldo Caiado,PSD,524228,2.333233042
2026-10-04 20:07:27,20261004-200727,SP,São Paulo,Sudeste,70,Escritor Augusto Cury,AVANTE,804031,3.578579732
2026-10-04 20:07:27,20261004-200727,SP,São Paulo,Sudeste,80,Samara,UP,38232,0.170162917
2026-10-04 20:07:27,20261004-200727,TO,Tocantins,Norte,13,Lula,PT,399678,43.507386975
2026-10-04 20:07:27,20261004-200727,TO,Tocantins,Norte,14,Renan Santos,MISSÃO,12804,1.393793461
2026-10-04 20:07:27,20261004-200727,TO,Tocantins,Norte,16,Hertz Dias,PSTU,99,0.010776754
2026-10-04 20:07:27,20261004-200727,TO,Tocantins,Norte,21,Edmilson Costa,PCB,115,0.012518451
2026-10-04 20:07:27,20261004-200727,TO,Tocantins,Norte,22,Flavio Bolsonaro,PL,462603,50.357156853
2026-10-04 20:07:27,20261004-200727,TO,Tocantins,Norte,27,Clariana Barao,DC,170,0.018505536
2026-10-04 20:07:27,20261004-200727,TO,Tocantins,Norte,29,Rui Costa Pimenta,PCO,63,0.006857934
2026-10-04 20:07:27,20261004-200727,TO,Tocantins,Norte,30,Zema,NOVO,589,0.064116241
2026-10-04 20:07:27,20261004-200727,TO,Tocantins,Norte,35,Veterinário Wilson Grassi,DEMOCRATA,66,0.007184502
2026-10-04 20:07:27,20261004-200727,TO,Tocantins,Norte,55,Ronaldo Caiado,PSD,19948,2.171461415
2026-10-04 20:07:27,20261004-200727,TO,Tocantins,Norte,70,Escritor Augusto Cury,AVANTE,22119,2.407788001
2026-10-04 20:07:27,20261004-200727,TO,Tocantins,Norte,80,Samara,UP,390,0.042453878
2026-10-04 20:07:27,20261004-200727,ZZ,Exterior,Exterior,13,Lula,PT,122963,51.085583714
2026-10-04 20:07:27,20261004-200727,ZZ,Exterior,Exterior,14,Renan Santos,MISSÃO,6579,2.733277939
2026-10-04 20:07:27,20261004-200727,ZZ,Exterior,Exterior,16,Hertz Dias,PSTU,317,0.131699211
2026-10-04 20:07:27,20261004-200727,ZZ,Exterior,Exterior,21,Edmilson Costa,PCB,353,0.146655588
2026-10-04 20:07:27,20261004-200727,ZZ,Exterior,Exterior,22,Flavio Bolsonaro,PL,95108,39.51308683
2026-10-04 20:07:27,20261004-200727,ZZ,Exterior,Exterior,27,Clariana Barao,DC,718,0.298296635
2026-10-04 20:07:27,20261004-200727,ZZ,Exterior,Exterior,29,Rui Costa Pimenta,PCO,154,0.063980058
2026-10-04 20:07:27,20261004-200727,ZZ,Exterior,Exterior,30,Zema,NOVO,2345,0.974241795
2026-10-04 20:07:27,20261004-200727,ZZ,Exterior,Exterior,35,Veterinário Wilson Grassi,DEMOCRATA,271,0.112588284
2026-10-04 20:07:27,20261004-200727,ZZ,Exterior,Exterior,55,Ronaldo Caiado,PSD,3448,1.432488575
2026-10-04 20:07:27,20261004-200727,ZZ,Exterior,Exterior,70,Escritor Augusto Cury,AVANTE,7536,3.130868301
2026-10-04 20:07:27,20261004-200727,ZZ,Exterior,Exterior,80,Samara,UP,908,0.37723307
2026-10-04 20:10:57,20261004-201057,AC,Acre,Norte,13,Lula,PT,132248,28.646189837
2026-10-04 20:10:57,20261004-201057,AC,Acre,Norte,14,Renan Santos,MISSÃO,7889,1.708833341
2026-10-04 20:10:57,20261004-201057,AC,Acre,Norte,16,Hertz Dias,PSTU,71,0.015379283
2026-10-04 20:10:57,20261004-201057,AC,Acre,Norte,21,Edmilson Costa,PCB,139,0.030108738
2026-10-04 20:10:57,20261004-201057,AC,Acre,Norte,22,Flavio Bolsonaro,PL,298327,64.620499935
2026-10-04 20:10:57,20261004-201057,AC,Acre,Norte,27,Clariana Barao,DC,208,0.045054802
2026-10-04 20:10:57,20261004-201057,AC,Acre,Norte,29,Rui Costa Pimenta,PCO,38,0.008231166
2026-10-04 20:10:57,20261004-201057,AC,Acre,Norte,30,Zema,NOVO,565,0.122384439
2026-10-04 20:10:57,20261004-201057,AC,Acre,Norte,35,Veterinário Wilson Grassi,DEMOCRATA,37,0.008014556
2026-10-04 20:10:57,20261004-201057,AC,Acre,Norte,55,Ronaldo Caiado,PSD,8469,1.834466924
2026-10-04 20:10:57,20261004-201057,AC,Acre,Norte,70,Escritor Augusto Cury,AVANTE,13358,2.893471386
2026-10-04 20:10:57,20261004-201057,AC,Acre,Norte,80,Samara,UP,311,0.067365594
2026-10-04 20:10:57,20261004-201057,AL,Alagoas,Nordeste,13,Lula,PT,580773,56.779879748
2026-10-04 20:10:57,20261004-201057,AL,Alagoas,Nordeste,14,Renan Santos,MISSÃO,13900,1.358948037
2026-10-04 20:10:57,20261004-201057,AL,Alagoas,Nordeste,16,Hertz Dias,PSTU,227,0.022192892
2026-10-04 20:10:57,20261004-201057,AL,Alagoas,Nordeste,21,Edmilson Costa,PCB,148,0.014469375
2026-10-04 20:10:57,20261004-201057,AL,Alagoas,Nordeste,22,Flavio Bolsonaro,PL,395766,38.692476903
2026-10-04 20:10:57,20261004-201057,AL,Alagoas,Nordeste,27,Clariana Barao,DC,334,0.032653859
2026-10-04 20:10:57,20261004-201057,AL,Alagoas,Nordeste,29,Rui Costa Pimenta,PCO,50,0.004888302
2026-10-04 20:10:57,20261004-201057,AL,Alagoas,Nordeste,30,Zema,NOVO,589,0.057584201
2026-10-04 20:10:57,20261004-201057,AL,Alagoas,Nordeste,35,Veterinário Wilson Grassi,DEMOCRATA,126,0.012318522
2026-10-04 20:10:57,20261004-201057,AL,Alagoas,Nordeste,55,Ronaldo Caiado,PSD,7037,0.687979665
2026-10-04 20:10:57,20261004-201057,AL,Alagoas,Nordeste,70,Escritor Augusto Cury,AVANTE,23250,2.273060566
2026-10-04 20:10:57,20261004-201057,AL,Alagoas,Nordeste,80,Samara,UP,650,0.06354793
2026-10-04 20:10:57,20261004-201057,AM,Amazonas,Norte,13,Lula,PT,872170,46.068634167
2026-10-04 20:10:57,20261004-201057,AM,Amazonas,Norte,14,Renan Santos,MISSÃO,32927,1.739227349
2026-10-04 20:10:57,20261004-201057,AM,Amazonas,Norte,16,Hertz Dias,PSTU,444,0.023452393
2026-10-04 20:10:57,20261004-201057,AM,Amazonas,Norte,21,Edmilson Costa,PCB,237,0.012518507
2026-10-04 20:10:57,20261004-201057,AM,Amazonas,Norte,22,Flavio Bolsonaro,PL,885825,46.789900893
2026-10-04 20:10:57,20261004-201057,AM,Amazonas,Norte,27,Clariana Barao,DC,869,0.045901193
2026-10-04 20:10:57,20261004-201057,AM,Amazonas,Norte,29,Rui Costa Pimenta,PCO,158,0.008345671
2026-10-04 20:10:57,20261004-201057,AM,Amazonas,Norte,30,Zema,NOVO,1696,0.089583915
2026-10-04 20:10:57,20261004-201057,AM,Amazonas,Norte,35,Veterinário Wilson Grassi,DEMOCRATA,276,0.014578515
2026-10-04 20:10:57,20261004-201057,AM,Amazonas,Norte,55,Ronaldo Caiado,PSD,25377,1.340431028
2026-10-04 20:10:57,20261004-201057,AM,Amazonas,Norte,70,Escritor Augusto Cury,AVANTE,71442,3.773616797
2026-10-04 20:10:57,20261004-201057,AM,Amazonas,Norte,80,Samara,UP,1776,0.093809572
2026-10-04 20:10:57,20261004-201057,AP,Amapá,Norte,13,Lula,PT,179934,46.19116809
2026-10-04 20:10:57,20261004-201057,AP,Amapá,Norte,14,Renan Santos,MISSÃO,9332,2.395633847
2026-10-04 20:10:57,20261004-201057,AP,Amapá,Norte,16,Hertz Dias,PSTU,106,0.027211443
2026-10-04 20:10:57,20261004-201057,AP,Amapá,Norte,21,Edmilson Costa,PCB,51,0.013092298
2026-10-04 20:10:57,20261004-201057,AP,Amapá,Norte,22,Flavio Bolsonaro,PL,176281,45.253400147
2026-10-04 20:10:57,20261004-201057,AP,Amapá,Norte,27,Clariana Barao,DC,190,0.048775228
2026-10-04 20:10:57,20261004-201057,AP,Amapá,Norte,29,Rui Costa Pimenta,PCO,44,0.011295316
2026-10-04 20:10:57,20261004-201057,AP,Amapá,Norte,30,Zema,NOVO,279,0.071622572
2026-10-04 20:10:57,20261004-201057,AP,Amapá,Norte,35,Veterinário Wilson Grassi,DEMOCRATA,39,0.010011757
2026-10-04 20:10:57,20261004-201057,AP,Amapá,Norte,55,Ronaldo Caiado,PSD,6861,1.761299167
2026-10-04 20:10:57,20261004-201057,AP,Amapá,Norte,70,Escritor Augusto Cury,AVANTE,15999,4.107130938
2026-10-04 20:10:57,20261004-201057,AP,Amapá,Norte,80,Samara,UP,426,0.109359196
2026-10-04 20:10:57,20261004-201057,BA,Bahia,Nordeste,13,Lula,PT,3830065,64.845904704
2026-10-04 20:10:57,20261004-201057,BA,Bahia,Nordeste,14,Renan Santos,MISSÃO,87037,1.473602408
2026-10-04 20:10:57,20261004-201057,BA,Bahia,Nordeste,16,Hertz Dias,PSTU,1332,0.02255177
2026-10-04 20:10:57,20261004-201057,BA,Bahia,Nordeste,21,Edmilson Costa,PCB,905,0.015322336
2026-10-04 20:10:57,20261004-201057,BA,Bahia,Nordeste,22,Flavio Bolsonaro,PL,1747930,29.593780317
2026-10-04 20:10:57,20261004-201057,BA,Bahia,Nordeste,27,Clariana Barao,DC,1221,0.020672456
2026-10-04 20:10:57,20261004-201057,BA,Bahia,Nordeste,29,Rui Costa Pimenta,PCO,578,0.009785978
2026-10-04 20:10:57,20261004-201057,BA,Bahia,Nordeste,30,Zema,NOVO,5036,0.085263299
2026-10-04 20:10:57,20261004-201057,BA,Bahia,Nordeste,35,Veterinário Wilson Grassi,DEMOCRATA,445,0.007534187
2026-10-04 20:10:57,20261004-201057,BA,Bahia,Nordeste,55,Ronaldo Caiado,PSD,89502,1.515336727
2026-10-04 20:10:57,20261004-201057,BA,Bahia,Nordeste,70,Escritor Augusto Cury,AVANTE,138832,2.350531033
2026-10-04 20:10:57,20261004-201057,BA,Bahia,Nordeste,80,Samara,UP,3527,0.059714784
2026-10-04 20:10:57,20261004-201057,CE,Ceará,Nordeste,13,Lula,PT,2478547,61.820020727
2026-10-04 20:10:57,20261004-201057,CE,Ceará,Nordeste,14,Renan Santos,MISSÃO,81933,2.04357624
2026-10-04 20:10:57,20261004-201057,CE,Ceará,Nordeste,16,Hertz Dias,PSTU,1130,0.028184506
2026-10-04 20:10:57,20261004-201057,CE,Ceará,Nordeste,21,Edmilson Costa,PCB,569,0.014192021
2026-10-04 20:10:57,20261004-201057,CE,Ceará,Nordeste,22,Flavio Bolsonaro,PL,1300569,32.438845233
2026-10-04 20:10:57,20261004-201057,CE,Ceará,Nordeste,27,Clariana Barao,DC,799,0.019928691
2026-10-04 20:10:57,20261004-201057,CE,Ceará,Nordeste,29,Rui Costa Pimenta,PCO,382,0.00952786
2026-10-04 20:10:57,20261004-201057,CE,Ceará,Nordeste,30,Zema,NOVO,3549,0.088519303
2026-10-04 20:10:57,20261004-201057,CE,Ceará,Nordeste,35,Veterinário Wilson Grassi,DEMOCRATA,371,0.009253497
2026-10-04 20:10:57,20261004-201057,CE,Ceará,Nordeste,55,Ronaldo Caiado,PSD,34705,0.865613531
2026-10-04 20:10:57,20261004-201057,CE,Ceará,Nordeste,70,Escritor Augusto Cury,AVANTE,104061,2.595493721
2026-10-04 20:10:57,20261004-201057,CE,Ceará,Nordeste,80,Samara,UP,2680,0.06684467
2026-10-04 20:10:57,20261004-201057,DF,Distrito Federal,Centro-Oeste,13,Lula,PT,675401,38.11049205
2026-10-04 20:10:57,20261004-201057,DF,Distrito Federal,Centro-Oeste,14,Renan Santos,MISSÃO,46698,2.635003143
2026-10-04 20:10:57,20261004-201057,DF,Distrito Federal,Centro-Oeste,16,Hertz Dias,PSTU,827,0.046664688
2026-10-04 20:10:57,20261004-201057,DF,Distrito Federal,Centro-Oeste,21,Edmilson Costa,PCB,334,0.01884644
2026-10-04 20:10:57,20261004-201057,DF,Distrito Federal,Centro-Oeste,22,Flavio Bolsonaro,PL,909304,51.308811896
2026-10-04 20:10:57,20261004-201057,DF,Distrito Federal,Centro-Oeste,27,Clariana Barao,DC,716,0.04040135
2026-10-04 20:10:57,20261004-201057,DF,Distrito Federal,Centro-Oeste,29,Rui Costa Pimenta,PCO,382,0.02155491
2026-10-04 20:10:57,20261004-201057,DF,Distrito Federal,Centro-Oeste,30,Zema,NOVO,4914,0.277279657
2026-10-04 20:10:57,20261004-201057,DF,Distrito Federal,Centro-Oeste,35,Veterinário Wilson Grassi,DEMOCRATA,324,0.018282175
2026-10-04 20:10:57,20261004-201057,DF,Distrito Federal,Centro-Oeste,55,Ronaldo Caiado,PSD,85055,4.799353127
2026-10-04 20:10:57,20261004-201057,DF,Distrito Federal,Centro-Oeste,70,Escritor Augusto Cury,AVANTE,45967,2.593755396
2026-10-04 20:10:57,20261004-201057,DF,Distrito Federal,Centro-Oeste,80,Samara,UP,2296,0.129555168
2026-10-04 20:10:57,20261004-201057,ES,Espírito Santo,Sudeste,13,Lula,PT,842069,37.68492968
2026-10-04 20:10:57,20261004-201057,ES,Espírito Santo,Sudeste,14,Renan Santos,MISSÃO,52897,2.367287865
2026-10-04 20:10:57,20261004-201057,ES,Espírito Santo,Sudeste,16,Hertz Dias,PSTU,635,0.028418016
2026-10-04 20:10:57,20261004-201057,ES,Espírito Santo,Sudeste,21,Edmilson Costa,PCB,380,0.017006057
2026-10-04 20:10:57,20261004-201057,ES,Espírito Santo,Sudeste,22,Flavio Bolsonaro,PL,1225640,54.850798703
2026-10-04 20:10:57,20261004-201057,ES,Espírito Santo,Sudeste,27,Clariana Barao,DC,966,0.043231187
2026-10-04 20:10:57,20261004-201057,ES,Espírito Santo,Sudeste,29,Rui Costa Pimenta,PCO,243,0.010874926
2026-10-04 20:10:57,20261004-201057,ES,Espírito Santo,Sudeste,30,Zema,NOVO,5845,0.261580006
2026-10-04 20:10:57,20261004-201057,ES,Espírito Santo,Sudeste,35,Veterinário Wilson Grassi,DEMOCRATA,311,0.013918115
2026-10-04 20:10:57,20261004-201057,ES,Espírito Santo,Sudeste,55,Ronaldo Caiado,PSD,38860,1.739093076
2026-10-04 20:10:57,20261004-201057,ES,Espírito Santo,Sudeste,70,Escritor Augusto Cury,AVANTE,64695,2.895281177
2026-10-04 20:10:57,20261004-201057,ES,Espírito Santo,Sudeste,80,Samara,UP,1957,0.087581193
2026-10-04 20:10:57,20261004-201057,GO,Goiás,Centro-Oeste,13,Lula,PT,1095527,30.715061532
2026-10-04 20:10:57,20261004-201057,GO,Goiás,Centro-Oeste,14,Renan Santos,MISSÃO,51242,1.436661244
2026-10-04 20:10:57,20261004-201057,GO,Goiás,Centro-Oeste,16,Hertz Dias,PSTU,626,0.017551031
2026-10-04 20:10:57,20261004-201057,GO,Goiás,Centro-Oeste,21,Edmilson Costa,PCB,435,0.012196004
2026-10-04 20:10:57,20261004-201057,GO,Goiás,Centro-Oeste,22,Flavio Bolsonaro,PL,1923746,53.935664536
2026-10-04 20:10:57,20261004-201057,GO,Goiás,Centro-Oeste,27,Clariana Barao,DC,526,0.014747352
2026-10-04 20:10:57,20261004-201057,GO,Goiás,Centro-Oeste,29,Rui Costa Pimenta,PCO,251,0.007037235
2026-10-04 20:10:57,20261004-201057,GO,Goiás,Centro-Oeste,30,Zema,NOVO,2556,0.071662038
2026-10-04 20:10:57,20261004-201057,GO,Goiás,Centro-Oeste,35,Veterinário Wilson Grassi,DEMOCRATA,331,0.009280178
2026-10-04 20:10:57,20261004-201057,GO,Goiás,Centro-Oeste,55,Ronaldo Caiado,PSD,438656,12.298506592
2026-10-04 20:10:57,20261004-201057,GO,Goiás,Centro-Oeste,70,Escritor Augusto Cury,AVANTE,50851,1.425698859
2026-10-04 20:10:57,20261004-201057,GO,Goiás,Centro-Oeste,80,Samara,UP,1995,0.055933398
2026-10-04 20:10:57,20261004-201057,MA,Maranhão,Nordeste,13,Lula,PT,1975188,62.630854318
2026-10-04 20:10:57,20261004-201057,MA,Maranhão,Nordeste,14,Renan Santos,MISSÃO,48528,1.538764967
2026-10-04 20:10:57,20261004-201057,MA,Maranhão,Nordeste,16,Hertz Dias,PSTU,1239,0.039287211
2026-10-04 20:10:57,20261004-201057,MA,Maranhão,Nordeste,21,Edmilson Costa,PCB,372,0.011795676
2026-10-04 20:10:57,20261004-201057,MA,Maranhão,Nordeste,22,Flavio Bolsonaro,PL,1012921,32.118516104
2026-10-04 20:10:57,20261004-201057,MA,Maranhão,Nordeste,27,Clariana Barao,DC,720,0.022830341
2026-10-04 20:10:57,20261004-201057,MA,Maranhão,Nordeste,29,Rui Costa Pimenta,PCO,184,0.00583442
2026-10-04 20:10:57,20261004-201057,MA,Maranhão,Nordeste,30,Zema,NOVO,3694,0.117132332
2026-10-04 20:10:57,20261004-201057,MA,Maranhão,Nordeste,35,Veterinário Wilson Grassi,DEMOCRATA,238,0.007546696
2026-10-04 20:10:57,20261004-201057,MA,Maranhão,Nordeste,55,Ronaldo Caiado,PSD,40577,1.286648246
2026-10-04 20:10:57,20261004-201057,MA,Maranhão,Nordeste,70,Escritor Augusto Cury,AVANTE,68576,2.174463122
2026-10-04 20:10:57,20261004-201057,MA,Maranhão,Nordeste,80,Samara,UP,1461,0.046326566
2026-10-04 20:10:57,20261004-201057,MG,Minas Gerais,Sudeste,13,Lula,PT,4221338,42.478193305
2026-10-04 20:10:57,20261004-201057,MG,Minas Gerais,Sudeste,14,Renan Santos,MISSÃO,211742,2.130703016
2026-10-04 20:10:57,20261004-201057,MG,Minas Gerais,Sudeste,16,Hertz Dias,PSTU,3629,0.036517655
2026-10-04 20:10:57,20261004-201057,MG,Minas Gerais,Sudeste,21,Edmilson Costa,PCB,1900,0.019119191
2026-10-04 20:10:57,20261004-201057,MG,Minas Gerais,Sudeste,22,Flavio Bolsonaro,PL,4858589,48.890679384
2026-10-04 20:10:57,20261004-201057,MG,Minas Gerais,Sudeste,27,Clariana Barao,DC,2928,0.02946368
2026-10-04 20:10:57,20261004-201057,MG,Minas Gerais,Sudeste,29,Rui Costa Pimenta,PCO,1264,0.012719293
2026-10-04 20:10:57,20261004-201057,MG,Minas Gerais,Sudeste,30,Zema,NOVO,85428,0.859639076
2026-10-04 20:10:57,20261004-201057,MG,Minas Gerais,Sudeste,35,Veterinário Wilson Grassi,DEMOCRATA,1487,0.014963283
2026-10-04 20:10:57,20261004-201057,MG,Minas Gerais,Sudeste,55,Ronaldo Caiado,PSD,195761,1.969890494
2026-10-04 20:10:57,20261004-201057,MG,Minas Gerais,Sudeste,70,Escritor Augusto Cury,AVANTE,343925,3.46082513
2026-10-04 20:10:57,20261004-201057,MG,Minas Gerais,Sudeste,80,Samara,UP,9668,0.097286494
2026-10-04 20:10:57,20261004-201057,MS,Mato Grosso do Sul,Centro-Oeste,13,Lula,PT,512579,34.533871327
2026-10-04 20:10:57,20261004-201057,MS,Mato Grosso do Sul,Centro-Oeste,14,Renan Santos,MISSÃO,31807,2.142925959
2026-10-04 20:10:57,20261004-201057,MS,Mato Grosso do Sul,Centro-Oeste,16,Hertz Dias,PSTU,353,0.023782591
2026-10-04 20:10:57,20261004-201057,MS,Mato Grosso do Sul,Centro-Oeste,21,Edmilson Costa,PCB,331,0.02230039
2026-10-04 20:10:57,20261004-201057,MS,Mato Grosso do Sul,Centro-Oeste,22,Flavio Bolsonaro,PL,871749,58.732152109
2026-10-04 20:10:57,20261004-201057,MS,Mato Grosso do Sul,Centro-Oeste,27,Clariana Barao,DC,626,0.042175359
2026-10-04 20:10:57,20261004-201057,MS,Mato Grosso do Sul,Centro-Oeste,29,Rui Costa Pimenta,PCO,183,0.012329218
2026-10-04 20:10:57,20261004-201057,MS,Mato Grosso do Sul,Centro-Oeste,30,Zema,NOVO,2786,0.18770056
2026-10-04 20:10:57,20261004-201057,MS,Mato Grosso do Sul,Centro-Oeste,35,Veterinário Wilson Grassi,DEMOCRATA,208,0.014013538
2026-10-04 20:10:57,20261004-201057,MS,Mato Grosso do Sul,Centro-Oeste,55,Ronaldo Caiado,PSD,23262,1.567225569
2026-10-04 20:10:57,20261004-201057,MS,Mato Grosso do Sul,Centro-Oeste,70,Escritor Augusto Cury,AVANTE,39104,2.634545123
2026-10-04 20:10:57,20261004-201057,MS,Mato Grosso do Sul,Centro-Oeste,80,Samara,UP,1291,0.086978257
2026-10-04 20:10:57,20261004-201057,MT,Mato Grosso,Centro-Oeste,13,Lula,PT,561734,28.978319421
2026-10-04 20:10:57,20261004-201057,MT,Mato Grosso,Centro-Oeste,14,Renan Santos,MISSÃO,32495,1.676328101
2026-10-04 20:10:57,20261004-201057,MT,Mato Grosso,Centro-Oeste,16,Hertz Dias,PSTU,333,0.017178558
2026-10-04 20:10:57,20261004-201057,MT,Mato Grosso,Centro-Oeste,21,Edmilson Costa,PCB,234,0.012071419
2026-10-04 20:10:57,20261004-201057,MT,Mato Grosso,Centro-Oeste,22,Flavio Bolsonaro,PL,1266276,65.323712653
2026-10-04 20:10:57,20261004-201057,MT,Mato Grosso,Centro-Oeste,27,Clariana Barao,DC,1840,0.094920563
2026-10-04 20:10:57,20261004-201057,MT,Mato Grosso,Centro-Oeste,29,Rui Costa Pimenta,PCO,124,0.006396821
2026-10-04 20:10:57,20261004-201057,MT,Mato Grosso,Centro-Oeste,30,Zema,NOVO,2380,0.122777685
2026-10-04 20:10:57,20261004-201057,MT,Mato Grosso,Centro-Oeste,35,Veterinário Wilson Grassi,DEMOCRATA,167,0.008615073
2026-10-04 20:10:57,20261004-201057,MT,Mato Grosso,Centro-Oeste,55,Ronaldo Caiado,PSD,32217,1.661986842
2026-10-04 20:10:57,20261004-201057,MT,Mato Grosso,Centro-Oeste,70,Escritor Augusto Cury,AVANTE,39117,2.017938955
2026-10-04 20:10:57,20261004-201057,MT,Mato Grosso,Centro-Oeste,80,Samara,UP,1546,0.079753908
2026-10-04 20:10:57,20261004-201057,PA,Pará,Norte,13,Lula,PT,2033236,48.453146623
2026-10-04 20:10:57,20261004-201057,PA,Pará,Norte,14,Renan Santos,MISSÃO,76651,1.826636033
2026-10-04 20:10:57,20261004-201057,PA,Pará,Norte,16,Hertz Dias,PSTU,976,0.023258624
2026-10-04 20:10:57,20261004-201057,PA,Pará,Norte,21,Edmilson Costa,PCB,586,0.013964706
2026-10-04 20:10:57,20261004-201057,PA,Pará,Norte,22,Flavio Bolsonaro,PL,1918014,45.707342171
2026-10-04 20:10:57,20261004-201057,PA,Pará,Norte,27,Clariana Barao,DC,1187,0.028286871
2026-10-04 20:10:57,20261004-201057,PA,Pará,Norte,29,Rui Costa Pimenta,PCO,282,0.006720217
2026-10-04 20:10:57,20261004-201057,PA,Pará,Norte,30,Zema,NOVO,2821,0.067226002
2026-10-04 20:10:57,20261004-201057,PA,Pará,Norte,35,Veterinário Wilson Grassi,DEMOCRATA,406,0.009675206
2026-10-04 20:10:57,20261004-201057,PA,Pará,Norte,55,Ronaldo Caiado,PSD,46659,1.111909964
2026-10-04 20:10:57,20261004-201057,PA,Pará,Norte,70,Escritor Augusto Cury,AVANTE,111939,2.667568733
2026-10-04 20:10:57,20261004-201057,PA,Pará,Norte,80,Samara,UP,3536,0.08426485
2026-10-04 20:10:57,20261004-201057,PB,Paraíba,Nordeste,13,Lula,PT,1512575,61.198434531
2026-10-04 20:10:57,20261004-201057,PB,Paraíba,Nordeste,14,Renan Santos,MISSÃO,41748,1.689114421
2026-10-04 20:10:57,20261004-201057,PB,Paraíba,Nordeste,16,Hertz Dias,PSTU,620,0.025085057
2026-10-04 20:10:57,20261004-201057,PB,Paraíba,Nordeste,21,Edmilson Costa,PCB,340,0.013756321
2026-10-04 20:10:57,20261004-201057,PB,Paraíba,Nordeste,22,Flavio Bolsonaro,PL,819598,33.160745447
2026-10-04 20:10:57,20261004-201057,PB,Paraíba,Nordeste,27,Clariana Barao,DC,597,0.024154482
2026-10-04 20:10:57,20261004-201057,PB,Paraíba,Nordeste,29,Rui Costa Pimenta,PCO,271,0.010964597
2026-10-04 20:10:57,20261004-201057,PB,Paraíba,Nordeste,30,Zema,NOVO,1969,0.079665284
2026-10-04 20:10:57,20261004-201057,PB,Paraíba,Nordeste,35,Veterinário Wilson Grassi,DEMOCRATA,213,0.008617931
2026-10-04 20:10:57,20261004-201057,PB,Paraíba,Nordeste,55,Ronaldo Caiado,PSD,19266,0.779497902
2026-10-04 20:10:57,20261004-201057,PB,Paraíba,Nordeste,70,Escritor Augusto Cury,AVANTE,72818,2.946199432
2026-10-04 20:10:57,20261004-201057,PB,Paraíba,Nordeste,80,Samara,UP,1576,0.063764595
2026-10-04 20:10:57,20261004-201057,PE,Pernambuco,Nordeste,13,Lula,PT,2740391,62.53730594
2026-10-04 20:10:57,20261004-201057,PE,Pernambuco,Nordeste,14,Renan Santos,MISSÃO,68916,1.572702938
2026-10-04 20:10:57,20261004-201057,PE,Pernambuco,Nordeste,16,Hertz Dias,PSTU,945,0.021565446
2026-10-04 20:10:57,20261004-201057,PE,Pernambuco,Nordeste,21,Edmilson Costa,PCB,544,0.012414394
2026-10-04 20:10:57,20261004-201057,PE,Pernambuco,Nordeste,22,Flavio Bolsonaro,PL,1395221,31.839749339
2026-10-04 20:10:57,20261004-201057,PE,Pernambuco,Nordeste,27,Clariana Barao,DC,722,0.016476457
2026-10-04 20:10:57,20261004-201057,PE,Pernambuco,Nordeste,29,Rui Costa Pimenta,PCO,333,0.007599252
2026-10-04 20:10:57,20261004-201057,PE,Pernambuco,Nordeste,30,Zema,NOVO,5160,0.117754181
2026-10-04 20:10:57,20261004-201057,PE,Pernambuco,Nordeste,35,Veterinário Wilson Grassi,DEMOCRATA,369,0.008420793
2026-10-04 20:10:57,20261004-201057,PE,Pernambuco,Nordeste,55,Ronaldo Caiado,PSD,58243,1.329138911
2026-10-04 20:10:57,20261004-201057,PE,Pernambuco,Nordeste,70,Escritor Augusto Cury,AVANTE,109183,2.491619143
2026-10-04 20:10:57,20261004-201057,PE,Pernambuco,Nordeste,80,Samara,UP,1983,0.045253206
2026-10-04 20:10:57,20261004-201057,PI,Piauí,Nordeste,13,Lula,PT,1304107,70.287827675
2026-10-04 20:10:57,20261004-201057,PI,Piauí,Nordeste,14,Renan Santos,MISSÃO,28863,1.55563736
2026-10-04 20:10:57,20261004-201057,PI,Piauí,Nordeste,16,Hertz Dias,PSTU,402,0.021666709
2026-10-04 20:10:57,20261004-201057,PI,Piauí,Nordeste,21,Edmilson Costa,PCB,265,0.014282781
2026-10-04 20:10:57,20261004-201057,PI,Piauí,Nordeste,22,Flavio Bolsonaro,PL,457543,24.660325831
2026-10-04 20:10:57,20261004-201057,PI,Piauí,Nordeste,27,Clariana Barao,DC,439,0.023660908
2026-10-04 20:10:57,20261004-201057,PI,Piauí,Nordeste,29,Rui Costa Pimenta,PCO,127,0.006844955
2026-10-04 20:10:57,20261004-201057,PI,Piauí,Nordeste,30,Zema,NOVO,1240,0.066832634
2026-10-04 20:10:57,20261004-201057,PI,Piauí,Nordeste,35,Veterinário Wilson Grassi,DEMOCRATA,167,0.009000847
2026-10-04 20:10:57,20261004-201057,PI,Piauí,Nordeste,55,Ronaldo Caiado,PSD,19107,1.02981544
2026-10-04 20:10:57,20261004-201057,PI,Piauí,Nordeste,70,Escritor Augusto Cury,AVANTE,42133,2.270854342
2026-10-04 20:10:57,20261004-201057,PI,Piauí,Nordeste,80,Samara,UP,988,0.053250518
2026-10-04 20:10:57,20261004-201057,PR,Paraná,Sul,13,Lula,PT,2033646,31.141254614
2026-10-04 20:10:57,20261004-201057,PR,Paraná,Sul,14,Renan Santos,MISSÃO,176503,2.702793339
2026-10-04 20:10:57,20261004-201057,PR,Paraná,Sul,16,Hertz Dias,PSTU,2048,0.031361058
2026-10-04 20:10:57,20261004-201057,PR,Paraná,Sul,21,Edmilson Costa,PCB,1178,0.018038733
2026-10-04 20:10:57,20261004-201057,PR,Paraná,Sul,22,Flavio Bolsonaro,PL,3915106,59.952082509
2026-10-04 20:10:57,20261004-201057,PR,Paraná,Sul,27,Clariana Barao,DC,2435,0.037287195
2026-10-04 20:10:57,20261004-201057,PR,Paraná,Sul,29,Rui Costa Pimenta,PCO,911,0.013950158
2026-10-04 20:10:57,20261004-201057,PR,Paraná,Sul,30,Zema,NOVO,17101,0.261867894
2026-10-04 20:10:57,20261004-201057,PR,Paraná,Sul,35,Veterinário Wilson Grassi,DEMOCRATA,962,0.014731122
2026-10-04 20:10:57,20261004-201057,PR,Paraná,Sul,55,Ronaldo Caiado,PSD,170074,2.604345957
2026-10-04 20:10:57,20261004-201057,PR,Paraná,Sul,70,Escritor Augusto Cury,AVANTE,203720,3.119567707
2026-10-04 20:10:57,20261004-201057,PR,Paraná,Sul,80,Samara,UP,6708,0.102719714
2026-10-04 20:10:57,20261004-201057,RJ,Rio de Janeiro,Sudeste,13,Lula,PT,2770272,39.126566109
2026-10-04 20:10:57,20261004-201057,RJ,Rio de Janeiro,Sudeste,14,Renan Santos,MISSÃO,157506,2.224571783
2026-10-04 20:10:57,20261004-201057,RJ,Rio de Janeiro,Sudeste,16,Hertz Dias,PSTU,2997,0.042328811
2026-10-04 20:10:57,20261004-201057,RJ,Rio de Janeiro,Sudeste,21,Edmilson Costa,PCB,2175,0.030719107
2026-10-04 20:10:57,20261004-201057,RJ,Rio de Janeiro,Sudeste,22,Flavio Bolsonaro,PL,3776938,53.344442116
2026-10-04 20:10:57,20261004-201057,RJ,Rio de Janeiro,Sudeste,27,Clariana Barao,DC,3034,0.042851388
2026-10-04 20:10:57,20261004-201057,RJ,Rio de Janeiro,Sudeste,29,Rui Costa Pimenta,PCO,1386,0.019575486
2026-10-04 20:10:57,20261004-201057,RJ,Rio de Janeiro,Sudeste,30,Zema,NOVO,17160,0.242363159
2026-10-04 20:10:57,20261004-201057,RJ,Rio de Janeiro,Sudeste,35,Veterinário Wilson Grassi,DEMOCRATA,1432,0.020225177
2026-10-04 20:10:57,20261004-201057,RJ,Rio de Janeiro,Sudeste,55,Ronaldo Caiado,PSD,150153,2.120720016
2026-10-04 20:10:57,20261004-201057,RJ,Rio de Janeiro,Sudeste,70,Escritor Augusto Cury,AVANTE,186778,2.638001526
2026-10-04 20:10:57,20261004-201057,RJ,Rio de Janeiro,Sudeste,80,Samara,UP,10453,0.147635321
2026-10-04 20:10:57,20261004-201057,RN,Rio Grande do Norte,Nordeste,13,Lula,PT,1056326,59.750122461
2026-10-04 20:10:57,20261004-201057,RN,Rio Grande do Norte,Nordeste,14,Renan Santos,MISSÃO,30509,1.725713924
2026-10-04 20:10:57,20261004-201057,RN,Rio Grande do Norte,Nordeste,16,Hertz Dias,PSTU,489,0.027659842
2026-10-04 20:10:57,20261004-201057,RN,Rio Grande do Norte,Nordeste,21,Edmilson Costa,PCB,273,0.015441997
2026-10-04 20:10:57,20261004-201057,RN,Rio Grande do Norte,Nordeste,22,Flavio Bolsonaro,PL,613909,34.725205978
2026-10-04 20:10:57,20261004-201057,RN,Rio Grande do Norte,Nordeste,27,Clariana Barao,DC,355,0.020080253
2026-10-04 20:10:57,20261004-201057,RN,Rio Grande do Norte,Nordeste,29,Rui Costa Pimenta,PCO,151,0.008541178
2026-10-04 20:10:57,20261004-201057,RN,Rio Grande do Norte,Nordeste,30,Zema,NOVO,1323,0.074834295
2026-10-04 20:10:57,20261004-201057,RN,Rio Grande do Norte,Nordeste,35,Veterinário Wilson Grassi,DEMOCRATA,160,0.009050255
2026-10-04 20:10:57,20261004-201057,RN,Rio Grande do Norte,Nordeste,55,Ronaldo Caiado,PSD,14205,0.803492946
2026-10-04 20:10:57,20261004-201057,RN,Rio Grande do Norte,Nordeste,70,Escritor Augusto Cury,AVANTE,49153,2.78029488
2026-10-04 20:10:57,20261004-201057,RN,Rio Grande do Norte,Nordeste,80,Samara,UP,1053,0.05956199
2026-10-04 20:10:57,20261004-201057,RO,Rondônia,Norte,13,Lula,PT,248109,25.934539875
2026-10-04 20:10:57,20261004-201057,RO,Rondônia,Norte,14,Renan Santos,MISSÃO,19012,1.987301839
2026-10-04 20:10:57,20261004-201057,RO,Rondônia,Norte,16,Hertz Dias,PSTU,174,0.018188014
2026-10-04 20:10:57,20261004-201057,RO,Rondônia,Norte,21,Edmilson Costa,PCB,157,0.016411024
2026-10-04 20:10:57,20261004-201057,RO,Rondônia,Norte,22,Flavio Bolsonaro,PL,644818,67.402061726
2026-10-04 20:10:57,20261004-201057,RO,Rondônia,Norte,27,Clariana Barao,DC,352,0.036794143
2026-10-04 20:10:57,20261004-201057,RO,Rondônia,Norte,29,Rui Costa Pimenta,PCO,59,0.0061672
2026-10-04 20:10:57,20261004-201057,RO,Rondônia,Norte,30,Zema,NOVO,1305,0.136410104
2026-10-04 20:10:57,20261004-201057,RO,Rondônia,Norte,35,Veterinário Wilson Grassi,DEMOCRATA,97,0.010139295
2026-10-04 20:10:57,20261004-201057,RO,Rondônia,Norte,55,Ronaldo Caiado,PSD,16730,1.748767083
2026-10-04 20:10:57,20261004-201057,RO,Rondônia,Norte,70,Escritor Augusto Cury,AVANTE,25020,2.615310963
2026-10-04 20:10:57,20261004-201057,RO,Rondônia,Norte,80,Samara,UP,841,0.087908734
2026-10-04 20:10:57,20261004-201057,RR,Roraima,Norte,13,Lula,PT,72592,22.521787422
2026-10-04 20:10:57,20261004-201057,RR,Roraima,Norte,14,Renan Santos,MISSÃO,6598,2.047040354
2026-10-04 20:10:57,20261004-201057,RR,Roraima,Norte,16,Hertz Dias,PSTU,60,0.018615099
2026-10-04 20:10:57,20261004-201057,RR,Roraima,Norte,21,Edmilson Costa,PCB,42,0.013030569
2026-10-04 20:10:57,20261004-201057,RR,Roraima,Norte,22,Flavio Bolsonaro,PL,230001,71.358188627
2026-10-04 20:10:57,20261004-201057,RR,Roraima,Norte,27,Clariana Barao,DC,168,0.052122276
2026-10-04 20:10:57,20261004-201057,RR,Roraima,Norte,29,Rui Costa Pimenta,PCO,34,0.010548556
2026-10-04 20:10:57,20261004-201057,RR,Roraima,Norte,30,Zema,NOVO,337,0.104554804
2026-10-04 20:10:57,20261004-201057,RR,Roraima,Norte,35,Veterinário Wilson Grassi,DEMOCRATA,41,0.012720317
2026-10-04 20:10:57,20261004-201057,RR,Roraima,Norte,55,Ronaldo Caiado,PSD,3626,1.124972465
2026-10-04 20:10:57,20261004-201057,RR,Roraima,Norte,70,Escritor Augusto Cury,AVANTE,8542,2.650169553
2026-10-04 20:10:57,20261004-201057,RR,Roraima,Norte,80,Samara,UP,278,0.086249957
2026-10-04 20:10:57,20261004-201057,RS,Rio Grande do Sul,Sul,13,Lula,PT,2260447,35.763414522
2026-10-04 20:10:57,20261004-201057,RS,Rio Grande do Sul,Sul,14,Renan Santos,MISSÃO,165417,2.61712694
2026-10-04 20:10:57,20261004-201057,RS,Rio Grande do Sul,Sul,16,Hertz Dias,PSTU,2131,0.033715383
2026-10-04 20:10:57,20261004-201057,RS,Rio Grande do Sul,Sul,21,Edmilson Costa,PCB,1013,0.016027069
2026-10-04 20:10:57,20261004-201057,RS,Rio Grande do Sul,Sul,22,Flavio Bolsonaro,PL,3513365,55.58631937
2026-10-04 20:10:57,20261004-201057,RS,Rio Grande do Sul,Sul,27,Clariana Barao,DC,2043,0.032323101
2026-10-04 20:10:57,20261004-201057,RS,Rio Grande do Sul,Sul,29,Rui Costa Pimenta,PCO,1031,0.016311854
2026-10-04 20:10:57,20261004-201057,RS,Rio Grande do Sul,Sul,30,Zema,NOVO,18765,0.296888391
2026-10-04 20:10:57,20261004-201057,RS,Rio Grande do Sul,Sul,35,Veterinário Wilson Grassi,DEMOCRATA,918,0.014524036
2026-10-04 20:10:57,20261004-201057,RS,Rio Grande do Sul,Sul,55,Ronaldo Caiado,PSD,156136,2.470288615
2026-10-04 20:10:57,20261004-201057,RS,Rio Grande do Sul,Sul,70,Escritor Augusto Cury,AVANTE,192716,3.049035077
2026-10-04 20:10:57,20261004-201057,RS,Rio Grande do Sul,Sul,80,Samara,UP,6575,0.104025642
2026-10-04 20:10:57,20261004-201057,SC,Santa Catarina,Sul,13,Lula,PT,1079306,25.054848526
2026-10-04 20:10:57,20261004-201057,SC,Santa Catarina,Sul,14,Renan Santos,MISSÃO,127844,2.967751551
2026-10-04 20:10:57,20261004-201057,SC,Santa Catarina,Sul,16,Hertz Dias,PSTU,1450,0.033660084
2026-10-04 20:10:57,20261004-201057,SC,Santa Catarina,Sul,21,Edmilson Costa,PCB,796,0.018478225
2026-10-04 20:10:57,20261004-201057,SC,Santa Catarina,Sul,22,Flavio Bolsonaro,PL,2869092,66.602673818
2026-10-04 20:10:57,20261004-201057,SC,Santa Catarina,Sul,27,Clariana Barao,DC,1377,0.031965473
2026-10-04 20:10:57,20261004-201057,SC,Santa Catarina,Sul,29,Rui Costa Pimenta,PCO,622,0.014439015
2026-10-04 20:10:57,20261004-201057,SC,Santa Catarina,Sul,30,Zema,NOVO,16289,0.378130417
2026-10-04 20:10:57,20261004-201057,SC,Santa Catarina,Sul,35,Veterinário Wilson Grassi,DEMOCRATA,541,0.012558693
2026-10-04 20:10:57,20261004-201057,SC,Santa Catarina,Sul,55,Ronaldo Caiado,PSD,76841,1.783775515
2026-10-04 20:10:57,20261004-201057,SC,Santa Catarina,Sul,70,Escritor Augusto Cury,AVANTE,128739,2.988527947
2026-10-04 20:10:57,20261004-201057,SC,Santa Catarina,Sul,80,Samara,UP,4876,0.113190737
2026-10-04 20:10:57,20261004-201057,SE,Sergipe,Nordeste,13,Lula,PT,797853,62.327104162
2026-10-04 20:10:57,20261004-201057,SE,Sergipe,Nordeste,14,Renan Santos,MISSÃO,20471,1.599164444
2026-10-04 20:10:57,20261004-201057,SE,Sergipe,Nordeste,16,Hertz Dias,PSTU,320,0.02499793
2026-10-04 20:10:57,20261004-201057,SE,Sergipe,Nordeste,21,Edmilson Costa,PCB,196,0.015311232
2026-10-04 20:10:57,20261004-201057,SE,Sergipe,Nordeste,22,Flavio Bolsonaro,PL,396160,30.947437165
2026-10-04 20:10:57,20261004-201057,SE,Sergipe,Nordeste,27,Clariana Barao,DC,441,0.034450272
2026-10-04 20:10:57,20261004-201057,SE,Sergipe,Nordeste,29,Rui Costa Pimenta,PCO,101,0.007889972
2026-10-04 20:10:57,20261004-201057,SE,Sergipe,Nordeste,30,Zema,NOVO,1109,0.086633451
2026-10-04 20:10:57,20261004-201057,SE,Sergipe,Nordeste,35,Veterinário Wilson Grassi,DEMOCRATA,133,0.010389765
2026-10-04 20:10:57,20261004-201057,SE,Sergipe,Nordeste,55,Ronaldo Caiado,PSD,25169,1.966165302
2026-10-04 20:10:57,20261004-201057,SE,Sergipe,Nordeste,70,Escritor Augusto Cury,AVANTE,37201,2.906087465
2026-10-04 20:10:57,20261004-201057,SE,Sergipe,Nordeste,80,Samara,UP,952,0.074368841
2026-10-04 20:10:57,20261004-201057,SP,São Paulo,Sudeste,13,Lula,PT,8662781,38.045831827
2026-10-04 20:10:57,20261004-201057,SP,São Paulo,Sudeste,14,Renan Santos,MISSÃO,735079,3.22837343
2026-10-04 20:10:57,20261004-201057,SP,São Paulo,Sudeste,16,Hertz Dias,PSTU,14550,0.063901749
2026-10-04 20:10:57,20261004-201057,SP,São Paulo,Sudeste,21,Edmilson Costa,PCB,5577,0.024493474
2026-10-04 20:10:57,20261004-201057,SP,São Paulo,Sudeste,22,Flavio Bolsonaro,PL,11860932,52.09170406
2026-10-04 20:10:57,20261004-201057,SP,São Paulo,Sudeste,27,Clariana Barao,DC,9613,0.042219073
2026-10-04 20:10:57,20261004-201057,SP,São Paulo,Sudeste,29,Rui Costa Pimenta,PCO,4091,0.017967151
2026-10-04 20:10:57,20261004-201057,SP,São Paulo,Sudeste,30,Zema,NOVO,86898,0.381644958
2026-10-04 20:10:57,20261004-201057,SP,São Paulo,Sudeste,35,Veterinário Wilson Grassi,DEMOCRATA,4745,0.020839436
2026-10-04 20:10:57,20261004-201057,SP,São Paulo,Sudeste,55,Ronaldo Caiado,PSD,530974,2.331970242
2026-10-04 20:10:57,20261004-201057,SP,São Paulo,Sudeste,70,Escritor Augusto Cury,AVANTE,815303,3.58070703
2026-10-04 20:10:57,20261004-201057,SP,São Paulo,Sudeste,80,Samara,UP,38787,0.170347568
2026-10-04 20:10:57,20261004-201057,TO,Tocantins,Norte,13,Lula,PT,400706,43.457315513
2026-10-04 20:10:57,20261004-201057,TO,Tocantins,Norte,14,Renan Santos,MISSÃO,12851,1.393714997
2026-10-04 20:10:57,20261004-201057,TO,Tocantins,Norte,16,Hertz Dias,PSTU,100,0.010845187
2026-10-04 20:10:57,20261004-201057,TO,Tocantins,Norte,21,Edmilson Costa,PCB,115,0.012471965
2026-10-04 20:10:57,20261004-201057,TO,Tocantins,Norte,22,Flavio Bolsonaro,PL,464801,50.408538199
2026-10-04 20:10:57,20261004-201057,TO,Tocantins,Norte,27,Clariana Barao,DC,170,0.018436818
2026-10-04 20:10:57,20261004-201057,TO,Tocantins,Norte,29,Rui Costa Pimenta,PCO,64,0.00694092
2026-10-04 20:10:57,20261004-201057,TO,Tocantins,Norte,30,Zema,NOVO,590,0.063986604
2026-10-04 20:10:57,20261004-201057,TO,Tocantins,Norte,35,Veterinário Wilson Grassi,DEMOCRATA,67,0.007266275
2026-10-04 20:10:57,20261004-201057,TO,Tocantins,Norte,55,Ronaldo Caiado,PSD,20021,2.171314914
2026-10-04 20:10:57,20261004-201057,TO,Tocantins,Norte,70,Escritor Augusto Cury,AVANTE,22191,2.406655474
2026-10-04 20:10:57,20261004-201057,TO,Tocantins,Norte,80,Samara,UP,392,0.042513134
2026-10-04 20:10:57,20261004-201057,ZZ,Exterior,Exterior,13,Lula,PT,125958,49.792265394
2026-10-04 20:10:57,20261004-201057,ZZ,Exterior,Exterior,14,Renan Santos,MISSÃO,6900,2.727628505
2026-10-04 20:10:57,20261004-201057,ZZ,Exterior,Exterior,16,Hertz Dias,PSTU,322,0.12728933
2026-10-04 20:10:57,20261004-201057,ZZ,Exterior,Exterior,21,Edmilson Costa,PCB,359,0.141915744
2026-10-04 20:10:57,20261004-201057,ZZ,Exterior,Exterior,22,Flavio Bolsonaro,PL,103489,40.91007918
2026-10-04 20:10:57,20261004-201057,ZZ,Exterior,Exterior,27,Clariana Barao,DC,736,0.290947041
2026-10-04 20:10:57,20261004-201057,ZZ,Exterior,Exterior,29,Rui Costa Pimenta,PCO,154,0.060877506
2026-10-04 20:10:57,20261004-201057,ZZ,Exterior,Exterior,30,Zema,NOVO,2447,0.967319848
2026-10-04 20:10:57,20261004-201057,ZZ,Exterior,Exterior,35,Veterinário Wilson Grassi,DEMOCRATA,283,0.1118723
2026-10-04 20:10:57,20261004-201057,ZZ,Exterior,Exterior,55,Ronaldo Caiado,PSD,3605,1.425087067
2026-10-04 20:10:57,20261004-201057,ZZ,Exterior,Exterior,70,Escritor Augusto Cury,AVANTE,7798,3.082615519
2026-10-04 20:10:57,20261004-201057,ZZ,Exterior,Exterior,80,Samara,UP,916,0.362102567
2026-10-04 20:14:27,20261004-201427,AC,Acre,Norte,13,Lula,PT,133393,28.742668511
2026-10-04 20:14:27,20261004-201427,AC,Acre,Norte,14,Renan Santos,MISSÃO,7908,1.703965145
2026-10-04 20:14:27,20261004-201427,AC,Acre,Norte,16,Hertz Dias,PSTU,71,0.015298625
2026-10-04 20:14:27,20261004-201427,AC,Acre,Norte,21,Edmilson Costa,PCB,139,0.029950829
2026-10-04 20:14:27,20261004-201427,AC,Acre,Norte,22,Flavio Bolsonaro,PL,299525,64.539726866
2026-10-04 20:14:27,20261004-201427,AC,Acre,Norte,27,Clariana Barao,DC,209,0.04503398
2026-10-04 20:14:27,20261004-201427,AC,Acre,Norte,29,Rui Costa Pimenta,PCO,38,0.008187996
2026-10-04 20:14:27,20261004-201427,AC,Acre,Norte,30,Zema,NOVO,569,0.122604472
2026-10-04 20:14:27,20261004-201427,AC,Acre,Norte,35,Veterinário Wilson Grassi,DEMOCRATA,38,0.008187996
2026-10-04 20:14:27,20261004-201427,AC,Acre,Norte,55,Ronaldo Caiado,PSD,8498,1.831094563
2026-10-04 20:14:27,20261004-201427,AC,Acre,Norte,70,Escritor Augusto Cury,AVANTE,13393,2.885837783
2026-10-04 20:14:27,20261004-201427,AC,Acre,Norte,80,Samara,UP,313,0.067443233
2026-10-04 20:14:27,20261004-201427,AL,Alagoas,Nordeste,13,Lula,PT,652833,56.49083974
2026-10-04 20:14:27,20261004-201427,AL,Alagoas,Nordeste,14,Renan Santos,MISSÃO,15997,1.384249821
2026-10-04 20:14:27,20261004-201427,AL,Alagoas,Nordeste,16,Hertz Dias,PSTU,265,0.022930937
2026-10-04 20:14:27,20261004-201427,AL,Alagoas,Nordeste,21,Edmilson Costa,PCB,169,0.014623881
2026-10-04 20:14:27,20261004-201427,AL,Alagoas,Nordeste,22,Flavio Bolsonaro,PL,450036,38.942442482
2026-10-04 20:14:27,20261004-201427,AL,Alagoas,Nordeste,27,Clariana Barao,DC,383,0.033141694
2026-10-04 20:14:27,20261004-201427,AL,Alagoas,Nordeste,29,Rui Costa Pimenta,PCO,58,0.005018847
2026-10-04 20:14:27,20261004-201427,AL,Alagoas,Nordeste,30,Zema,NOVO,664,0.057457141
2026-10-04 20:14:27,20261004-201427,AL,Alagoas,Nordeste,35,Veterinário Wilson Grassi,DEMOCRATA,149,0.012893244
2026-10-04 20:14:27,20261004-201427,AL,Alagoas,Nordeste,55,Ronaldo Caiado,PSD,7985,0.690956731
2026-10-04 20:14:27,20261004-201427,AL,Alagoas,Nordeste,70,Escritor Augusto Cury,AVANTE,26357,2.280719668
2026-10-04 20:14:27,20261004-201427,AL,Alagoas,Nordeste,80,Samara,UP,748,0.064725815
2026-10-04 20:14:27,20261004-201427,AM,Amazonas,Norte,13,Lula,PT,905610,46.500988186
2026-10-04 20:14:27,20261004-201427,AM,Amazonas,Norte,14,Renan Santos,MISSÃO,33477,1.718966864
2026-10-04 20:14:27,20261004-201427,AM,Amazonas,Norte,16,Hertz Dias,PSTU,445,0.022849725
2026-10-04 20:14:27,20261004-201427,AM,Amazonas,Norte,21,Edmilson Costa,PCB,239,0.0122721
2026-10-04 20:14:27,20261004-201427,AM,Amazonas,Norte,22,Flavio Bolsonaro,PL,904044,46.420577692
2026-10-04 20:14:27,20261004-201427,AM,Amazonas,Norte,27,Clariana Barao,DC,883,0.045340017
2026-10-04 20:14:27,20261004-201427,AM,Amazonas,Norte,29,Rui Costa Pimenta,PCO,158,0.008112936
2026-10-04 20:14:27,20261004-201427,AM,Amazonas,Norte,30,Zema,NOVO,1718,0.088215344
2026-10-04 20:14:27,20261004-201427,AM,Amazonas,Norte,35,Veterinário Wilson Grassi,DEMOCRATA,280,0.014377355
2026-10-04 20:14:27,20261004-201427,AM,Amazonas,Norte,55,Ronaldo Caiado,PSD,25930,1.331445792
2026-10-04 20:14:27,20261004-201427,AM,Amazonas,Norte,70,Escritor Augusto Cury,AVANTE,72922,3.744376785
2026-10-04 20:14:27,20261004-201427,AM,Amazonas,Norte,80,Samara,UP,1801,0.092477203
2026-10-04 20:14:27,20261004-201427,AP,Amapá,Norte,13,Lula,PT,184807,46.133817953
2026-10-04 20:14:27,20261004-201427,AP,Amapá,Norte,14,Renan Santos,MISSÃO,9562,2.386985164
2026-10-04 20:14:27,20261004-201427,AP,Amapá,Norte,16,Hertz Dias,PSTU,107,0.026710669
2026-10-04 20:14:27,20261004-201427,AP,Amapá,Norte,21,Edmilson Costa,PCB,52,0.012980886
2026-10-04 20:14:27,20261004-201427,AP,Amapá,Norte,22,Flavio Bolsonaro,PL,181612,45.336242383
2026-10-04 20:14:27,20261004-201427,AP,Amapá,Norte,27,Clariana Barao,DC,196,0.048927954
2026-10-04 20:14:27,20261004-201427,AP,Amapá,Norte,29,Rui Costa Pimenta,PCO,44,0.010983826
2026-10-04 20:14:27,20261004-201427,AP,Amapá,Norte,30,Zema,NOVO,281,0.070146709
2026-10-04 20:14:27,20261004-201427,AP,Amapá,Norte,35,Veterinário Wilson Grassi,DEMOCRATA,40,0.009985297
2026-10-04 20:14:27,20261004-201427,AP,Amapá,Norte,55,Ronaldo Caiado,PSD,7035,1.756164048
2026-10-04 20:14:27,20261004-201427,AP,Amapá,Norte,70,Escritor Augusto Cury,AVANTE,16423,4.099713172
2026-10-04 20:14:27,20261004-201427,AP,Amapá,Norte,80,Samara,UP,430,0.107341939
2026-10-04 20:14:27,20261004-201427,BA,Bahia,Nordeste,13,Lula,PT,4014871,64.98108043
2026-10-04 20:14:27,20261004-201427,BA,Bahia,Nordeste,14,Renan Santos,MISSÃO,90502,1.464783736
2026-10-04 20:14:27,20261004-201427,BA,Bahia,Nordeste,16,Hertz Dias,PSTU,1374,0.022238325
2026-10-04 20:14:27,20261004-201427,BA,Bahia,Nordeste,21,Edmilson Costa,PCB,930,0.015052141
2026-10-04 20:14:27,20261004-201427,BA,Bahia,Nordeste,22,Flavio Bolsonaro,PL,1821538,29.481770967
2026-10-04 20:14:27,20261004-201427,BA,Bahia,Nordeste,27,Clariana Barao,DC,1267,0.020506519
2026-10-04 20:14:27,20261004-201427,BA,Bahia,Nordeste,29,Rui Costa Pimenta,PCO,591,0.009565393
2026-10-04 20:14:27,20261004-201427,BA,Bahia,Nordeste,30,Zema,NOVO,5187,0.083952103
2026-10-04 20:14:27,20261004-201427,BA,Bahia,Nordeste,35,Veterinário Wilson Grassi,DEMOCRATA,469,0.007590811
2026-10-04 20:14:27,20261004-201427,BA,Bahia,Nordeste,55,Ronaldo Caiado,PSD,93176,1.508062687
2026-10-04 20:14:27,20261004-201427,BA,Bahia,Nordeste,70,Escritor Augusto Cury,AVANTE,144969,2.346337466
2026-10-04 20:14:27,20261004-201427,BA,Bahia,Nordeste,80,Samara,UP,3649,0.059059422
2026-10-04 20:14:27,20261004-201427,CE,Ceará,Nordeste,13,Lula,PT,2650744,61.915318479
2026-10-04 20:14:27,20261004-201427,CE,Ceará,Nordeste,14,Renan Santos,MISSÃO,87018,2.032541499
2026-10-04 20:14:27,20261004-201427,CE,Ceará,Nordeste,16,Hertz Dias,PSTU,1209,0.028239475
2026-10-04 20:14:27,20261004-201427,CE,Ceará,Nordeste,21,Edmilson Costa,PCB,600,0.014014628
2026-10-04 20:14:27,20261004-201427,CE,Ceará,Nordeste,22,Flavio Bolsonaro,PL,1385461,32.361200876
2026-10-04 20:14:27,20261004-201427,CE,Ceará,Nordeste,27,Clariana Barao,DC,860,0.020087633
2026-10-04 20:14:27,20261004-201427,CE,Ceará,Nordeste,29,Rui Costa Pimenta,PCO,403,0.009413158
2026-10-04 20:14:27,20261004-201427,CE,Ceará,Nordeste,30,Zema,NOVO,3734,0.087217702
2026-10-04 20:14:27,20261004-201427,CE,Ceará,Nordeste,35,Veterinário Wilson Grassi,DEMOCRATA,399,0.009319728
2026-10-04 20:14:27,20261004-201427,CE,Ceará,Nordeste,55,Ronaldo Caiado,PSD,36830,0.860264582
2026-10-04 20:14:27,20261004-201427,CE,Ceará,Nordeste,70,Escritor Augusto Cury,AVANTE,111149,2.59618648
2026-10-04 20:14:27,20261004-201427,CE,Ceará,Nordeste,80,Samara,UP,2834,0.06619576
2026-10-04 20:14:27,20261004-201427,DF,Distrito Federal,Centro-Oeste,13,Lula,PT,675627,38.110556812
2026-10-04 20:14:27,20261004-201427,DF,Distrito Federal,Centro-Oeste,14,Renan Santos,MISSÃO,46714,2.635028723
2026-10-04 20:14:27,20261004-201427,DF,Distrito Federal,Centro-Oeste,16,Hertz Dias,PSTU,828,0.046705565
2026-10-04 20:14:27,20261004-201427,DF,Distrito Federal,Centro-Oeste,21,Edmilson Costa,PCB,334,0.018840168
2026-10-04 20:14:27,20261004-201427,DF,Distrito Federal,Centro-Oeste,22,Flavio Bolsonaro,PL,909616,51.309335247
2026-10-04 20:14:27,20261004-201427,DF,Distrito Federal,Centro-Oeste,27,Clariana Barao,DC,716,0.040387904
2026-10-04 20:14:27,20261004-201427,DF,Distrito Federal,Centro-Oeste,29,Rui Costa Pimenta,PCO,382,0.021547737
2026-10-04 20:14:27,20261004-201427,DF,Distrito Federal,Centro-Oeste,30,Zema,NOVO,4915,0.277243785
2026-10-04 20:14:27,20261004-201427,DF,Distrito Federal,Centro-Oeste,35,Veterinário Wilson Grassi,DEMOCRATA,324,0.018276091
2026-10-04 20:14:27,20261004-201427,DF,Distrito Federal,Centro-Oeste,55,Ronaldo Caiado,PSD,85076,4.798940438
2026-10-04 20:14:27,20261004-201427,DF,Distrito Federal,Centro-Oeste,70,Escritor Augusto Cury,AVANTE,45979,2.593569072
2026-10-04 20:14:27,20261004-201427,DF,Distrito Federal,Centro-Oeste,80,Samara,UP,2297,0.129568459
2026-10-04 20:14:27,20261004-201427,ES,Espírito Santo,Sudeste,13,Lula,PT,844357,37.708397066
2026-10-04 20:14:27,20261004-201427,ES,Espírito Santo,Sudeste,14,Renan Santos,MISSÃO,52994,2.366675226
2026-10-04 20:14:27,20261004-201427,ES,Espírito Santo,Sudeste,16,Hertz Dias,PSTU,636,0.028403318
2026-10-04 20:14:27,20261004-201427,ES,Espírito Santo,Sudeste,21,Edmilson Costa,PCB,380,0.016970536
2026-10-04 20:14:27,20261004-201427,ES,Espírito Santo,Sudeste,22,Flavio Bolsonaro,PL,1227748,54.830372794
2026-10-04 20:14:27,20261004-201427,ES,Espírito Santo,Sudeste,27,Clariana Barao,DC,971,0.043364185
2026-10-04 20:14:27,20261004-201427,ES,Espírito Santo,Sudeste,29,Rui Costa Pimenta,PCO,243,0.010852211
2026-10-04 20:14:27,20261004-201427,ES,Espírito Santo,Sudeste,30,Zema,NOVO,5849,0.261212277
2026-10-04 20:14:27,20261004-201427,ES,Espírito Santo,Sudeste,35,Veterinário Wilson Grassi,DEMOCRATA,311,0.013889044
2026-10-04 20:14:27,20261004-201427,ES,Espírito Santo,Sudeste,55,Ronaldo Caiado,PSD,38922,1.738229482
2026-10-04 20:14:27,20261004-201427,ES,Espírito Santo,Sudeste,70,Escritor Augusto Cury,AVANTE,64805,2.894146282
2026-10-04 20:14:27,20261004-201427,ES,Espírito Santo,Sudeste,80,Samara,UP,1959,0.087487579
2026-10-04 20:14:27,20261004-201427,GO,Goiás,Centro-Oeste,13,Lula,PT,1123358,30.76558617
2026-10-04 20:14:27,20261004-201427,GO,Goiás,Centro-Oeste,14,Renan Santos,MISSÃO,52186,1.429226373
2026-10-04 20:14:27,20261004-201427,GO,Goiás,Centro-Oeste,16,Hertz Dias,PSTU,638,0.017473009
2026-10-04 20:14:27,20261004-201427,GO,Goiás,Centro-Oeste,21,Edmilson Costa,PCB,444,0.012159899
2026-10-04 20:14:27,20261004-201427,GO,Goiás,Centro-Oeste,22,Flavio Bolsonaro,PL,1967549,53.885580824
2026-10-04 20:14:27,20261004-201427,GO,Goiás,Centro-Oeste,27,Clariana Barao,DC,541,0.014816454
2026-10-04 20:14:27,20261004-201427,GO,Goiás,Centro-Oeste,29,Rui Costa Pimenta,PCO,253,0.006928952
2026-10-04 20:14:27,20261004-201427,GO,Goiás,Centro-Oeste,30,Zema,NOVO,2603,0.07128878
2026-10-04 20:14:27,20261004-201427,GO,Goiás,Centro-Oeste,35,Veterinário Wilson Grassi,DEMOCRATA,338,0.00925686
2026-10-04 20:14:27,20261004-201427,GO,Goiás,Centro-Oeste,55,Ronaldo Caiado,PSD,449611,12.31356875
2026-10-04 20:14:27,20261004-201427,GO,Goiás,Centro-Oeste,70,Escritor Augusto Cury,AVANTE,51798,1.418600155
2026-10-04 20:14:27,20261004-201427,GO,Goiás,Centro-Oeste,80,Samara,UP,2027,0.055513775
2026-10-04 20:14:27,20261004-201427,MA,Maranhão,Nordeste,13,Lula,PT,2018702,62.813769043
2026-10-04 20:14:27,20261004-201427,MA,Maranhão,Nordeste,14,Renan Santos,MISSÃO,49198,1.53084101
2026-10-04 20:14:27,20261004-201427,MA,Maranhão,Nordeste,16,Hertz Dias,PSTU,1247,0.038801552
2026-10-04 20:14:27,20261004-201427,MA,Maranhão,Nordeste,21,Edmilson Costa,PCB,377,0.011730702
2026-10-04 20:14:27,20261004-201427,MA,Maranhão,Nordeste,22,Flavio Bolsonaro,PL,1027116,31.959658833
2026-10-04 20:14:27,20261004-201427,MA,Maranhão,Nordeste,27,Clariana Barao,DC,732,0.022776853
2026-10-04 20:14:27,20261004-201427,MA,Maranhão,Nordeste,29,Rui Costa Pimenta,PCO,187,0.005818677
2026-10-04 20:14:27,20261004-201427,MA,Maranhão,Nordeste,30,Zema,NOVO,3754,0.116809162
2026-10-04 20:14:27,20261004-201427,MA,Maranhão,Nordeste,35,Veterinário Wilson Grassi,DEMOCRATA,242,0.007530053
2026-10-04 20:14:27,20261004-201427,MA,Maranhão,Nordeste,55,Ronaldo Caiado,PSD,41135,1.279953351
2026-10-04 20:14:27,20261004-201427,MA,Maranhão,Nordeste,70,Escritor Augusto Cury,AVANTE,69630,2.166601479
2026-10-04 20:14:27,20261004-201427,MA,Maranhão,Nordeste,80,Samara,UP,1469,0.045709286
2026-10-04 20:14:27,20261004-201427,MG,Minas Gerais,Sudeste,13,Lula,PT,4363896,42.540036012
2026-10-04 20:14:27,20261004-201427,MG,Minas Gerais,Sudeste,14,Renan Santos,MISSÃO,217844,2.12358214
2026-10-04 20:14:27,20261004-201427,MG,Minas Gerais,Sudeste,16,Hertz Dias,PSTU,3708,0.036146245
2026-10-04 20:14:27,20261004-201427,MG,Minas Gerais,Sudeste,21,Edmilson Costa,PCB,1970,0.019203911
2026-10-04 20:14:27,20261004-201427,MG,Minas Gerais,Sudeste,22,Flavio Bolsonaro,PL,5011208,48.850148762
2026-10-04 20:14:27,20261004-201427,MG,Minas Gerais,Sudeste,27,Clariana Barao,DC,2997,0.02921529
2026-10-04 20:14:27,20261004-201427,MG,Minas Gerais,Sudeste,29,Rui Costa Pimenta,PCO,1283,0.012506913
2026-10-04 20:14:27,20261004-201427,MG,Minas Gerais,Sudeste,30,Zema,NOVO,87719,0.855100447
2026-10-04 20:14:27,20261004-201427,MG,Minas Gerais,Sudeste,35,Veterinário Wilson Grassi,DEMOCRATA,1525,0.014865972
2026-10-04 20:14:27,20261004-201427,MG,Minas Gerais,Sudeste,55,Ronaldo Caiado,PSD,201417,1.963448816
2026-10-04 20:14:27,20261004-201427,MG,Minas Gerais,Sudeste,70,Escritor Augusto Cury,AVANTE,354857,3.459209284
2026-10-04 20:14:27,20261004-201427,MG,Minas Gerais,Sudeste,80,Samara,UP,9903,0.096536209
2026-10-04 20:14:27,20261004-201427,MS,Mato Grosso do Sul,Centro-Oeste,13,Lula,PT,515784,34.640368363
2026-10-04 20:14:27,20261004-201427,MS,Mato Grosso do Sul,Centro-Oeste,14,Renan Santos,MISSÃO,31843,2.138595322
2026-10-04 20:14:27,20261004-201427,MS,Mato Grosso do Sul,Centro-Oeste,16,Hertz Dias,PSTU,353,0.023707696
2026-10-04 20:14:27,20261004-201427,MS,Mato Grosso do Sul,Centro-Oeste,21,Edmilson Costa,PCB,332,0.022297323
2026-10-04 20:14:27,20261004-201427,MS,Mato Grosso do Sul,Centro-Oeste,22,Flavio Bolsonaro,PL,873130,58.639943907
2026-10-04 20:14:27,20261004-201427,MS,Mato Grosso do Sul,Centro-Oeste,27,Clariana Barao,DC,626,0.042042542
2026-10-04 20:14:27,20261004-201427,MS,Mato Grosso do Sul,Centro-Oeste,29,Rui Costa Pimenta,PCO,183,0.012290392
2026-10-04 20:14:27,20261004-201427,MS,Mato Grosso do Sul,Centro-Oeste,30,Zema,NOVO,2792,0.187512425
2026-10-04 20:14:27,20261004-201427,MS,Mato Grosso do Sul,Centro-Oeste,35,Veterinário Wilson Grassi,DEMOCRATA,209,0.014036568
2026-10-04 20:14:27,20261004-201427,MS,Mato Grosso do Sul,Centro-Oeste,55,Ronaldo Caiado,PSD,23284,1.563767657
2026-10-04 20:14:27,20261004-201427,MS,Mato Grosso do Sul,Centro-Oeste,70,Escritor Augusto Cury,AVANTE,39141,2.628733458
2026-10-04 20:14:27,20261004-201427,MS,Mato Grosso do Sul,Centro-Oeste,80,Samara,UP,1291,0.086704348
2026-10-04 20:14:27,20261004-201427,MT,Mato Grosso,Centro-Oeste,13,Lula,PT,563467,28.982646942
2026-10-04 20:14:27,20261004-201427,MT,Mato Grosso,Centro-Oeste,14,Renan Santos,MISSÃO,32567,1.675125363
2026-10-04 20:14:27,20261004-201427,MT,Mato Grosso,Centro-Oeste,16,Hertz Dias,PSTU,333,0.017128282
2026-10-04 20:14:27,20261004-201427,MT,Mato Grosso,Centro-Oeste,21,Edmilson Costa,PCB,234,0.01203609
2026-10-04 20:14:27,20261004-201427,MT,Mato Grosso,Centro-Oeste,22,Flavio Bolsonaro,PL,1269950,65.321505046
2026-10-04 20:14:27,20261004-201427,MT,Mato Grosso,Centro-Oeste,27,Clariana Barao,DC,1842,0.09474563
2026-10-04 20:14:27,20261004-201427,MT,Mato Grosso,Centro-Oeste,29,Rui Costa Pimenta,PCO,125,0.006429535
2026-10-04 20:14:27,20261004-201427,MT,Mato Grosso,Centro-Oeste,30,Zema,NOVO,2388,0.122829839
2026-10-04 20:14:27,20261004-201427,MT,Mato Grosso,Centro-Oeste,35,Veterinário Wilson Grassi,DEMOCRATA,167,0.008589859
2026-10-04 20:14:27,20261004-201427,MT,Mato Grosso,Centro-Oeste,55,Ronaldo Caiado,PSD,32330,1.662934964
2026-10-04 20:14:27,20261004-201427,MT,Mato Grosso,Centro-Oeste,70,Escritor Augusto Cury,AVANTE,39199,2.016250779
2026-10-04 20:14:27,20261004-201427,MT,Mato Grosso,Centro-Oeste,80,Samara,UP,1551,0.079777672
2026-10-04 20:14:27,20261004-201427,PA,Pará,Norte,13,Lula,PT,2048008,48.5072474
2026-10-04 20:14:27,20261004-201427,PA,Pará,Norte,14,Renan Santos,MISSÃO,76949,1.82254375
2026-10-04 20:14:27,20261004-201427,PA,Pará,Norte,16,Hertz Dias,PSTU,979,0.0231877
2026-10-04 20:14:27,20261004-201427,PA,Pará,Norte,21,Edmilson Costa,PCB,588,0.013926831
2026-10-04 20:14:27,20261004-201427,PA,Pará,Norte,22,Flavio Bolsonaro,PL,1927926,45.663094798
2026-10-04 20:14:27,20261004-201427,PA,Pará,Norte,27,Clariana Barao,DC,1191,0.028208938
2026-10-04 20:14:27,20261004-201427,PA,Pará,Norte,29,Rui Costa Pimenta,PCO,284,0.006726565
2026-10-04 20:14:27,20261004-201427,PA,Pará,Norte,30,Zema,NOVO,2830,0.067028796
2026-10-04 20:14:27,20261004-201427,PA,Pará,Norte,35,Veterinário Wilson Grassi,DEMOCRATA,407,0.00963983
2026-10-04 20:14:27,20261004-201427,PA,Pará,Norte,55,Ronaldo Caiado,PSD,46901,1.11085426
2026-10-04 20:14:27,20261004-201427,PA,Pará,Norte,70,Escritor Augusto Cury,AVANTE,112455,2.663506444
2026-10-04 20:14:27,20261004-201427,PA,Pará,Norte,80,Samara,UP,3548,0.084034688
2026-10-04 20:14:27,20261004-201427,PB,Paraíba,Nordeste,13,Lula,PT,1519530,61.236579701
2026-10-04 20:14:27,20261004-201427,PB,Paraíba,Nordeste,14,Renan Santos,MISSÃO,41859,1.686904497
2026-10-04 20:14:27,20261004-201427,PB,Paraíba,Nordeste,16,Hertz Dias,PSTU,622,0.025066404
2026-10-04 20:14:27,20261004-201427,PB,Paraíba,Nordeste,21,Edmilson Costa,PCB,343,0.013822792
2026-10-04 20:14:27,20261004-201427,PB,Paraíba,Nordeste,22,Flavio Bolsonaro,PL,822087,33.129846793
2026-10-04 20:14:27,20261004-201427,PB,Paraíba,Nordeste,27,Clariana Barao,DC,598,0.024099211
2026-10-04 20:14:27,20261004-201427,PB,Paraíba,Nordeste,29,Rui Costa Pimenta,PCO,271,0.010921215
2026-10-04 20:14:27,20261004-201427,PB,Paraíba,Nordeste,30,Zema,NOVO,1971,0.079430678
2026-10-04 20:14:27,20261004-201427,PB,Paraíba,Nordeste,35,Veterinário Wilson Grassi,DEMOCRATA,214,0.008624132
2026-10-04 20:14:27,20261004-201427,PB,Paraíba,Nordeste,55,Ronaldo Caiado,PSD,19297,0.777663013
2026-10-04 20:14:27,20261004-201427,PB,Paraíba,Nordeste,70,Escritor Augusto Cury,AVANTE,73036,2.943327763
2026-10-04 20:14:27,20261004-201427,PB,Paraíba,Nordeste,80,Samara,UP,1581,0.063713801
2026-10-04 20:14:27,20261004-201427,PE,Pernambuco,Nordeste,13,Lula,PT,2910691,62.7428634
2026-10-04 20:14:27,20261004-201427,PE,Pernambuco,Nordeste,14,Renan Santos,MISSÃO,72344,1.559447468
2026-10-04 20:14:27,20261004-201427,PE,Pernambuco,Nordeste,16,Hertz Dias,PSTU,989,0.021318887
2026-10-04 20:14:27,20261004-201427,PE,Pernambuco,Nordeste,21,Edmilson Costa,PCB,582,0.012545594
2026-10-04 20:14:27,20261004-201427,PE,Pernambuco,Nordeste,22,Flavio Bolsonaro,PL,1468952,31.664733452
2026-10-04 20:14:27,20261004-201427,PE,Pernambuco,Nordeste,27,Clariana Barao,DC,754,0.016253226
2026-10-04 20:14:27,20261004-201427,PE,Pernambuco,Nordeste,29,Rui Costa Pimenta,PCO,357,0.007695493
2026-10-04 20:14:27,20261004-201427,PE,Pernambuco,Nordeste,30,Zema,NOVO,5368,0.115712623
2026-10-04 20:14:27,20261004-201427,PE,Pernambuco,Nordeste,35,Veterinário Wilson Grassi,DEMOCRATA,390,0.008406841
2026-10-04 20:14:27,20261004-201427,PE,Pernambuco,Nordeste,55,Ronaldo Caiado,PSD,61501,1.325715729
2026-10-04 20:14:27,20261004-201427,PE,Pernambuco,Nordeste,70,Escritor Augusto Cury,AVANTE,115088,2.480837252
2026-10-04 20:14:27,20261004-201427,PE,Pernambuco,Nordeste,80,Samara,UP,2063,0.044470034
2026-10-04 20:14:27,20261004-201427,PI,Piauí,Nordeste,13,Lula,PT,1335345,70.472593244
2026-10-04 20:14:27,20261004-201427,PI,Piauí,Nordeste,14,Renan Santos,MISSÃO,29230,1.542608016
2026-10-04 20:14:27,20261004-201427,PI,Piauí,Nordeste,16,Hertz Dias,PSTU,406,0.021426577
2026-10-04 20:14:27,20261004-201427,PI,Piauí,Nordeste,21,Edmilson Costa,PCB,267,0.014090877
2026-10-04 20:14:27,20261004-201427,PI,Piauí,Nordeste,22,Flavio Bolsonaro,PL,464462,24.511898875
2026-10-04 20:14:27,20261004-201427,PI,Piauí,Nordeste,27,Clariana Barao,DC,449,0.023695895
2026-10-04 20:14:27,20261004-201427,PI,Piauí,Nordeste,29,Rui Costa Pimenta,PCO,127,0.006702402
2026-10-04 20:14:27,20261004-201427,PI,Piauí,Nordeste,30,Zema,NOVO,1255,0.0662324
2026-10-04 20:14:27,20261004-201427,PI,Piauí,Nordeste,35,Veterinário Wilson Grassi,DEMOCRATA,168,0.00886617
2026-10-04 20:14:27,20261004-201427,PI,Piauí,Nordeste,55,Ronaldo Caiado,PSD,19407,1.02420095
2026-10-04 20:14:27,20261004-201427,PI,Piauí,Nordeste,70,Escritor Augusto Cury,AVANTE,42729,2.255015323
2026-10-04 20:14:27,20261004-201427,PI,Piauí,Nordeste,80,Samara,UP,998,0.052669271
2026-10-04 20:14:27,20261004-201427,PR,Paraná,Sul,13,Lula,PT,2045495,31.165178286
2026-10-04 20:14:27,20261004-201427,PR,Paraná,Sul,14,Renan Santos,MISSÃO,177152,2.699089298
2026-10-04 20:14:27,20261004-201427,PR,Paraná,Sul,16,Hertz Dias,PSTU,2049,0.03121858
2026-10-04 20:14:27,20261004-201427,PR,Paraná,Sul,21,Edmilson Costa,PCB,1189,0.018115614
2026-10-04 20:14:27,20261004-201427,PR,Paraná,Sul,22,Flavio Bolsonaro,PL,3933839,59.936002672
2026-10-04 20:14:27,20261004-201427,PR,Paraná,Sul,27,Clariana Barao,DC,2439,0.037160624
2026-10-04 20:14:27,20261004-201427,PR,Paraná,Sul,29,Rui Costa Pimenta,PCO,913,0.013910475
2026-10-04 20:14:27,20261004-201427,PR,Paraná,Sul,30,Zema,NOVO,17145,0.261221358
2026-10-04 20:14:27,20261004-201427,PR,Paraná,Sul,35,Veterinário Wilson Grassi,DEMOCRATA,962,0.01465704
2026-10-04 20:14:27,20261004-201427,PR,Paraná,Sul,55,Ronaldo Caiado,PSD,170823,2.602660603
2026-10-04 20:14:27,20261004-201427,PR,Paraná,Sul,70,Escritor Augusto Cury,AVANTE,204667,3.11830806
2026-10-04 20:14:27,20261004-201427,PR,Paraná,Sul,80,Samara,UP,6726,0.10247739
2026-10-04 20:14:27,20261004-201427,RJ,Rio de Janeiro,Sudeste,13,Lula,PT,2906594,39.18736672
2026-10-04 20:14:27,20261004-201427,RJ,Rio de Janeiro,Sudeste,14,Renan Santos,MISSÃO,165196,2.227210347
2026-10-04 20:14:27,20261004-201427,RJ,Rio de Janeiro,Sudeste,16,Hertz Dias,PSTU,3136,0.042280271
2026-10-04 20:14:27,20261004-201427,RJ,Rio de Janeiro,Sudeste,21,Edmilson Costa,PCB,2268,0.030577696
2026-10-04 20:14:27,20261004-201427,RJ,Rio de Janeiro,Sudeste,22,Flavio Bolsonaro,PL,3951476,53.27470541
2026-10-04 20:14:27,20261004-201427,RJ,Rio de Janeiro,Sudeste,27,Clariana Barao,DC,3201,0.043156616
2026-10-04 20:14:27,20261004-201427,RJ,Rio de Janeiro,Sudeste,29,Rui Costa Pimenta,PCO,1446,0.019495304
2026-10-04 20:14:27,20261004-201427,RJ,Rio de Janeiro,Sudeste,30,Zema,NOVO,17999,0.242666645
2026-10-04 20:14:27,20261004-201427,RJ,Rio de Janeiro,Sudeste,35,Veterinário Wilson Grassi,DEMOCRATA,1502,0.020250308
2026-10-04 20:14:27,20261004-201427,RJ,Rio de Janeiro,Sudeste,55,Ronaldo Caiado,PSD,157937,2.129342845
2026-10-04 20:14:27,20261004-201427,RJ,Rio de Janeiro,Sudeste,70,Escritor Augusto Cury,AVANTE,195411,2.634575905
2026-10-04 20:14:27,20261004-201427,RJ,Rio de Janeiro,Sudeste,80,Samara,UP,11005,0.148371933
2026-10-04 20:14:27,20261004-201427,RN,Rio Grande do Norte,Nordeste,13,Lula,PT,1097571,59.71316684
2026-10-04 20:14:27,20261004-201427,RN,Rio Grande do Norte,Nordeste,14,Renan Santos,MISSÃO,31837,1.732086665
2026-10-04 20:14:27,20261004-201427,RN,Rio Grande do Norte,Nordeste,16,Hertz Dias,PSTU,511,0.02780087
2026-10-04 20:14:27,20261004-201427,RN,Rio Grande do Norte,Nordeste,21,Edmilson Costa,PCB,284,0.015450973
2026-10-04 20:14:27,20261004-201427,RN,Rio Grande do Norte,Nordeste,22,Flavio Bolsonaro,PL,638834,34.755657015
2026-10-04 20:14:27,20261004-201427,RN,Rio Grande do Norte,Nordeste,27,Clariana Barao,DC,368,0.020020979
2026-10-04 20:14:27,20261004-201427,RN,Rio Grande do Norte,Nordeste,29,Rui Costa Pimenta,PCO,159,0.008650368
2026-10-04 20:14:27,20261004-201427,RN,Rio Grande do Norte,Nordeste,30,Zema,NOVO,1393,0.075785932
2026-10-04 20:14:27,20261004-201427,RN,Rio Grande do Norte,Nordeste,35,Veterinário Wilson Grassi,DEMOCRATA,167,0.009085607
2026-10-04 20:14:27,20261004-201427,RN,Rio Grande do Norte,Nordeste,55,Ronaldo Caiado,PSD,14717,0.800675926
2026-10-04 20:14:27,20261004-201427,RN,Rio Grande do Norte,Nordeste,70,Escritor Augusto Cury,AVANTE,51128,2.781610296
2026-10-04 20:14:27,20261004-201427,RN,Rio Grande do Norte,Nordeste,80,Samara,UP,1103,0.060008531
2026-10-04 20:14:27,20261004-201427,RO,Rondônia,Norte,13,Lula,PT,249919,25.904865163
2026-10-04 20:14:27,20261004-201427,RO,Rondônia,Norte,14,Renan Santos,MISSÃO,19106,1.980395063
2026-10-04 20:14:27,20261004-201427,RO,Rondônia,Norte,16,Hertz Dias,PSTU,174,0.01803563
2026-10-04 20:14:27,20261004-201427,RO,Rondônia,Norte,21,Edmilson Costa,PCB,157,0.016273528
2026-10-04 20:14:27,20261004-201427,RO,Rondônia,Norte,22,Flavio Bolsonaro,PL,650677,67.444651866
2026-10-04 20:14:27,20261004-201427,RO,Rondônia,Norte,27,Clariana Barao,DC,355,0.036796831
2026-10-04 20:14:27,20261004-201427,RO,Rondônia,Norte,29,Rui Costa Pimenta,PCO,60,0.006219183
2026-10-04 20:14:27,20261004-201427,RO,Rondônia,Norte,30,Zema,NOVO,1313,0.136096447
2026-10-04 20:14:27,20261004-201427,RO,Rondônia,Norte,35,Veterinário Wilson Grassi,DEMOCRATA,97,0.010054345
2026-10-04 20:14:27,20261004-201427,RO,Rondônia,Norte,55,Ronaldo Caiado,PSD,16842,1.745724571
2026-10-04 20:14:27,20261004-201427,RO,Rondônia,Norte,70,Escritor Augusto Cury,AVANTE,25215,2.61361151
2026-10-04 20:14:27,20261004-201427,RO,Rondônia,Norte,80,Samara,UP,842,0.087275863
2026-10-04 20:14:27,20261004-201427,RR,Roraima,Norte,13,Lula,PT,72718,22.5412974
2026-10-04 20:14:27,20261004-201427,RR,Roraima,Norte,14,Renan Santos,MISSÃO,6607,2.048053466
2026-10-04 20:14:27,20261004-201427,RR,Roraima,Norte,16,Hertz Dias,PSTU,60,0.018598942
2026-10-04 20:14:27,20261004-201427,RR,Roraima,Norte,21,Edmilson Costa,PCB,42,0.013019259
2026-10-04 20:14:27,20261004-201427,RR,Roraima,Norte,22,Flavio Bolsonaro,PL,230137,71.338410844
2026-10-04 20:14:27,20261004-201427,RR,Roraima,Norte,27,Clariana Barao,DC,168,0.052077037
2026-10-04 20:14:27,20261004-201427,RR,Roraima,Norte,29,Rui Costa Pimenta,PCO,34,0.0105394
2026-10-04 20:14:27,20261004-201427,RR,Roraima,Norte,30,Zema,NOVO,337,0.104464056
2026-10-04 20:14:27,20261004-201427,RR,Roraima,Norte,35,Veterinário Wilson Grassi,DEMOCRATA,41,0.012709277
2026-10-04 20:14:27,20261004-201427,RR,Roraima,Norte,55,Ronaldo Caiado,PSD,3629,1.124925992
2026-10-04 20:14:27,20261004-201427,RR,Roraima,Norte,70,Escritor Augusto Cury,AVANTE,8548,2.64972923
2026-10-04 20:14:27,20261004-201427,RR,Roraima,Norte,80,Samara,UP,278,0.086175097
2026-10-04 20:14:27,20261004-201427,RS,Rio Grande do Sul,Sul,13,Lula,PT,2271315,35.740839789
2026-10-04 20:14:27,20261004-201427,RS,Rio Grande do Sul,Sul,14,Renan Santos,MISSÃO,166027,2.612558983
2026-10-04 20:14:27,20261004-201427,RS,Rio Grande do Sul,Sul,16,Hertz Dias,PSTU,2138,0.033643029
2026-10-04 20:14:27,20261004-201427,RS,Rio Grande do Sul,Sul,21,Edmilson Costa,PCB,1020,0.016050463
2026-10-04 20:14:27,20261004-201427,RS,Rio Grande do Sul,Sul,22,Flavio Bolsonaro,PL,3534527,55.618425113
2026-10-04 20:14:27,20261004-201427,RS,Rio Grande do Sul,Sul,27,Clariana Barao,DC,2050,0.032258283
2026-10-04 20:14:27,20261004-201427,RS,Rio Grande do Sul,Sul,29,Rui Costa Pimenta,PCO,1036,0.016302235
2026-10-04 20:14:27,20261004-201427,RS,Rio Grande do Sul,Sul,30,Zema,NOVO,18838,0.296430015
2026-10-04 20:14:27,20261004-201427,RS,Rio Grande do Sul,Sul,35,Veterinário Wilson Grassi,DEMOCRATA,922,0.014508359
2026-10-04 20:14:27,20261004-201427,RS,Rio Grande do Sul,Sul,55,Ronaldo Caiado,PSD,157015,2.470748425
2026-10-04 20:14:27,20261004-201427,RS,Rio Grande do Sul,Sul,70,Escritor Augusto Cury,AVANTE,193473,3.044442315
2026-10-04 20:14:27,20261004-201427,RS,Rio Grande do Sul,Sul,80,Samara,UP,6596,0.103792992
2026-10-04 20:14:27,20261004-201427,SC,Santa Catarina,Sul,13,Lula,PT,1089294,25.041765242
2026-10-04 20:14:27,20261004-201427,SC,Santa Catarina,Sul,14,Renan Santos,MISSÃO,128886,2.962958535
2026-10-04 20:14:27,20261004-201427,SC,Santa Catarina,Sul,16,Hertz Dias,PSTU,1463,0.033632887
2026-10-04 20:14:27,20261004-201427,SC,Santa Catarina,Sul,21,Edmilson Costa,PCB,805,0.018506134
2026-10-04 20:14:27,20261004-201427,SC,Santa Catarina,Sul,22,Flavio Bolsonaro,PL,2898090,66.624152367
2026-10-04 20:14:27,20261004-201427,SC,Santa Catarina,Sul,27,Clariana Barao,DC,1388,0.031908713
2026-10-04 20:14:27,20261004-201427,SC,Santa Catarina,Sul,29,Rui Costa Pimenta,PCO,626,0.014391106
2026-10-04 20:14:27,20261004-201427,SC,Santa Catarina,Sul,30,Zema,NOVO,16391,0.37681248
2026-10-04 20:14:27,20261004-201427,SC,Santa Catarina,Sul,35,Veterinário Wilson Grassi,DEMOCRATA,547,0.012574976
2026-10-04 20:14:27,20261004-201427,SC,Santa Catarina,Sul,55,Ronaldo Caiado,PSD,77578,1.783439608
2026-10-04 20:14:27,20261004-201427,SC,Santa Catarina,Sul,70,Escritor Augusto Cury,AVANTE,129917,2.986660181
2026-10-04 20:14:27,20261004-201427,SC,Santa Catarina,Sul,80,Samara,UP,4924,0.11319777
2026-10-04 20:14:27,20261004-201427,SE,Sergipe,Nordeste,13,Lula,PT,804219,62.365764005
2026-10-04 20:14:27,20261004-201427,SE,Sergipe,Nordeste,14,Renan Santos,MISSÃO,20619,1.598967058
2026-10-04 20:14:27,20261004-201427,SE,Sergipe,Nordeste,16,Hertz Dias,PSTU,323,0.02504808
2026-10-04 20:14:27,20261004-201427,SE,Sergipe,Nordeste,21,Edmilson Costa,PCB,198,0.015354551
2026-10-04 20:14:27,20261004-201427,SE,Sergipe,Nordeste,22,Flavio Bolsonaro,PL,398661,30.915456914
2026-10-04 20:14:27,20261004-201427,SE,Sergipe,Nordeste,27,Clariana Barao,DC,444,0.034431416
2026-10-04 20:14:27,20261004-201427,SE,Sergipe,Nordeste,29,Rui Costa Pimenta,PCO,103,0.007987468
2026-10-04 20:14:27,20261004-201427,SE,Sergipe,Nordeste,30,Zema,NOVO,1114,0.086388734
2026-10-04 20:14:27,20261004-201427,SE,Sergipe,Nordeste,35,Veterinário Wilson Grassi,DEMOCRATA,136,0.01054656
2026-10-04 20:14:27,20261004-201427,SE,Sergipe,Nordeste,55,Ronaldo Caiado,PSD,25328,1.964141696
2026-10-04 20:14:27,20261004-201427,SE,Sergipe,Nordeste,70,Escritor Augusto Cury,AVANTE,37418,2.901699857
2026-10-04 20:14:27,20261004-201427,SE,Sergipe,Nordeste,80,Samara,UP,957,0.074213661
2026-10-04 20:14:27,20261004-201427,SP,São Paulo,Sudeste,13,Lula,PT,8818132,38.083848773
2026-10-04 20:14:27,20261004-201427,SP,São Paulo,Sudeste,14,Renan Santos,MISSÃO,747204,3.227033133
2026-10-04 20:14:27,20261004-201427,SP,São Paulo,Sudeste,16,Hertz Dias,PSTU,14807,0.06394864
2026-10-04 20:14:27,20261004-201427,SP,São Paulo,Sudeste,21,Edmilson Costa,PCB,5669,0.024483342
2026-10-04 20:14:27,20261004-201427,SP,São Paulo,Sudeste,22,Flavio Bolsonaro,PL,12053052,52.05485806
2026-10-04 20:14:27,20261004-201427,SP,São Paulo,Sudeste,27,Clariana Barao,DC,9806,0.042350264
2026-10-04 20:14:27,20261004-201427,SP,São Paulo,Sudeste,29,Rui Costa Pimenta,PCO,4158,0.017957618
2026-10-04 20:14:27,20261004-201427,SP,São Paulo,Sudeste,30,Zema,NOVO,88281,0.381268987
2026-10-04 20:14:27,20261004-201427,SP,São Paulo,Sudeste,35,Veterinário Wilson Grassi,DEMOCRATA,4828,0.020851221
2026-10-04 20:14:27,20261004-201427,SP,São Paulo,Sudeste,55,Ronaldo Caiado,PSD,539768,2.331156177
2026-10-04 20:14:27,20261004-201427,SP,São Paulo,Sudeste,70,Escritor Augusto Cury,AVANTE,829308,3.581624822
2026-10-04 20:14:27,20261004-201427,SP,São Paulo,Sudeste,80,Samara,UP,39506,0.170618962
2026-10-04 20:14:27,20261004-201427,TO,Tocantins,Norte,13,Lula,PT,400818,43.458527594
2026-10-04 20:14:27,20261004-201427,TO,Tocantins,Norte,14,Renan Santos,MISSÃO,12858,1.394123387
2026-10-04 20:14:27,20261004-201427,TO,Tocantins,Norte,16,Hertz Dias,PSTU,100,0.010842459
2026-10-04 20:14:27,20261004-201427,TO,Tocantins,Norte,21,Edmilson Costa,PCB,115,0.012468828
2026-10-04 20:14:27,20261004-201427,TO,Tocantins,Norte,22,Flavio Bolsonaro,PL,464900,50.406592215
2026-10-04 20:14:27,20261004-201427,TO,Tocantins,Norte,27,Clariana Barao,DC,170,0.01843218
2026-10-04 20:14:27,20261004-201427,TO,Tocantins,Norte,29,Rui Costa Pimenta,PCO,64,0.006939174
2026-10-04 20:14:27,20261004-201427,TO,Tocantins,Norte,30,Zema,NOVO,590,0.063970509
2026-10-04 20:14:27,20261004-201427,TO,Tocantins,Norte,35,Veterinário Wilson Grassi,DEMOCRATA,67,0.007264448
2026-10-04 20:14:27,20261004-201427,TO,Tocantins,Norte,55,Ronaldo Caiado,PSD,20025,2.171202429
2026-10-04 20:14:27,20261004-201427,TO,Tocantins,Norte,70,Escritor Augusto Cury,AVANTE,22200,2.407025913
2026-10-04 20:14:27,20261004-201427,TO,Tocantins,Norte,80,Samara,UP,393,0.042610864
2026-10-04 20:14:27,20261004-201427,ZZ,Exterior,Exterior,13,Lula,PT,125958,49.792265394
2026-10-04 20:14:27,20261004-201427,ZZ,Exterior,Exterior,14,Renan Santos,MISSÃO,6900,2.727628505
2026-10-04 20:14:27,20261004-201427,ZZ,Exterior,Exterior,16,Hertz Dias,PSTU,322,0.12728933
2026-10-04 20:14:27,20261004-201427,ZZ,Exterior,Exterior,21,Edmilson Costa,PCB,359,0.141915744
2026-10-04 20:14:27,20261004-201427,ZZ,Exterior,Exterior,22,Flavio Bolsonaro,PL,103489,40.91007918
2026-10-04 20:14:27,20261004-201427,ZZ,Exterior,Exterior,27,Clariana Barao,DC,736,0.290947041
2026-10-04 20:14:27,20261004-201427,ZZ,Exterior,Exterior,29,Rui Costa Pimenta,PCO,154,0.060877506
2026-10-04 20:14:27,20261004-201427,ZZ,Exterior,Exterior,30,Zema,NOVO,2447,0.967319848
2026-10-04 20:14:27,20261004-201427,ZZ,Exterior,Exterior,35,Veterinário Wilson Grassi,DEMOCRATA,283,0.1118723
2026-10-04 20:14:27,20261004-201427,ZZ,Exterior,Exterior,55,Ronaldo Caiado,PSD,3605,1.425087067
2026-10-04 20:14:27,20261004-201427,ZZ,Exterior,Exterior,70,Escritor Augusto Cury,AVANTE,7798,3.082615519
2026-10-04 20:14:27,20261004-201427,ZZ,Exterior,Exterior,80,Samara,UP,916,0.362102567
2026-10-04 20:17:56,20261004-201756,AC,Acre,Norte,13,Lula,PT,133442,28.74170759
2026-10-04 20:17:56,20261004-201756,AC,Acre,Norte,14,Renan Santos,MISSÃO,7908,1.703282502
2026-10-04 20:17:56,20261004-201756,AC,Acre,Norte,16,Hertz Dias,PSTU,71,0.015292496
2026-10-04 20:17:56,20261004-201756,AC,Acre,Norte,21,Edmilson Costa,PCB,139,0.02993883
2026-10-04 20:17:56,20261004-201756,AC,Acre,Norte,22,Flavio Bolsonaro,PL,299659,64.542732834
2026-10-04 20:17:56,20261004-201756,AC,Acre,Norte,27,Clariana Barao,DC,210,0.045231326
2026-10-04 20:17:56,20261004-201756,AC,Acre,Norte,29,Rui Costa Pimenta,PCO,38,0.008184716
2026-10-04 20:17:56,20261004-201756,AC,Acre,Norte,30,Zema,NOVO,569,0.122555355
2026-10-04 20:17:56,20261004-201756,AC,Acre,Norte,35,Veterinário Wilson Grassi,DEMOCRATA,39,0.008400103
2026-10-04 20:17:56,20261004-201756,AC,Acre,Norte,55,Ronaldo Caiado,PSD,8498,1.830360989
2026-10-04 20:17:56,20261004-201756,AC,Acre,Norte,70,Escritor Augusto Cury,AVANTE,13394,2.884897045
2026-10-04 20:17:56,20261004-201756,AC,Acre,Norte,80,Samara,UP,313,0.067416214
2026-10-04 20:17:56,20261004-201756,AL,Alagoas,Nordeste,13,Lula,PT,679813,56.37115358
2026-10-04 20:17:56,20261004-201756,AL,Alagoas,Nordeste,14,Renan Santos,MISSÃO,16779,1.391340833
2026-10-04 20:17:56,20261004-201756,AL,Alagoas,Nordeste,16,Hertz Dias,PSTU,278,0.023052193
2026-10-04 20:17:56,20261004-201756,AL,Alagoas,Nordeste,21,Edmilson Costa,PCB,180,0.014925881
2026-10-04 20:17:56,20261004-201756,AL,Alagoas,Nordeste,22,Flavio Bolsonaro,PL,470722,39.033001951
2026-10-04 20:17:56,20261004-201756,AL,Alagoas,Nordeste,27,Clariana Barao,DC,407,0.033749074
2026-10-04 20:17:56,20261004-201756,AL,Alagoas,Nordeste,29,Rui Costa Pimenta,PCO,60,0.004975294
2026-10-04 20:17:56,20261004-201756,AL,Alagoas,Nordeste,30,Zema,NOVO,705,0.058459699
2026-10-04 20:17:56,20261004-201756,AL,Alagoas,Nordeste,35,Veterinário Wilson Grassi,DEMOCRATA,153,0.012686998
2026-10-04 20:17:56,20261004-201756,AL,Alagoas,Nordeste,55,Ronaldo Caiado,PSD,8474,0.702677288
2026-10-04 20:17:56,20261004-201756,AL,Alagoas,Nordeste,70,Escritor Augusto Cury,AVANTE,27599,2.288552098
2026-10-04 20:17:56,20261004-201756,AL,Alagoas,Nordeste,80,Samara,UP,789,0.06542511
2026-10-04 20:17:56,20261004-201756,AM,Amazonas,Norte,13,Lula,PT,911778,46.548996324
2026-10-04 20:17:56,20261004-201756,AM,Amazonas,Norte,14,Renan Santos,MISSÃO,33607,1.715737953
2026-10-04 20:17:56,20261004-201756,AM,Amazonas,Norte,16,Hertz Dias,PSTU,447,0.022820688
2026-10-04 20:17:56,20261004-201756,AM,Amazonas,Norte,21,Edmilson Costa,PCB,242,0.012354824
2026-10-04 20:17:56,20261004-201756,AM,Amazonas,Norte,22,Flavio Bolsonaro,PL,908569,46.385167267
2026-10-04 20:17:56,20261004-201756,AM,Amazonas,Norte,27,Clariana Barao,DC,885,0.045181899
2026-10-04 20:17:56,20261004-201756,AM,Amazonas,Norte,29,Rui Costa Pimenta,PCO,158,0.008066373
2026-10-04 20:17:56,20261004-201756,AM,Amazonas,Norte,30,Zema,NOVO,1722,0.087913255
2026-10-04 20:17:56,20261004-201756,AM,Amazonas,Norte,35,Veterinário Wilson Grassi,DEMOCRATA,281,0.014345891
2026-10-04 20:17:56,20261004-201756,AM,Amazonas,Norte,55,Ronaldo Caiado,PSD,26028,1.328807315
2026-10-04 20:17:56,20261004-201756,AM,Amazonas,Norte,70,Escritor Augusto Cury,AVANTE,73226,3.738406503
2026-10-04 20:17:56,20261004-201756,AM,Amazonas,Norte,80,Samara,UP,1806,0.092201706
2026-10-04 20:17:56,20261004-201756,AP,Amapá,Norte,13,Lula,PT,189235,46.039330558
2026-10-04 20:17:56,20261004-201756,AP,Amapá,Norte,14,Renan Santos,MISSÃO,9821,2.38936912
2026-10-04 20:17:56,20261004-201756,AP,Amapá,Norte,16,Hertz Dias,PSTU,108,0.026275518
2026-10-04 20:17:56,20261004-201756,AP,Amapá,Norte,21,Edmilson Costa,PCB,53,0.012894467
2026-10-04 20:17:56,20261004-201756,AP,Amapá,Norte,22,Flavio Bolsonaro,PL,186636,45.407015077
2026-10-04 20:17:56,20261004-201756,AP,Amapá,Norte,27,Clariana Barao,DC,203,0.049388243
2026-10-04 20:17:56,20261004-201756,AP,Amapá,Norte,29,Rui Costa Pimenta,PCO,46,0.011191424
2026-10-04 20:17:56,20261004-201756,AP,Amapá,Norte,30,Zema,NOVO,292,0.071041216
2026-10-04 20:17:56,20261004-201756,AP,Amapá,Norte,35,Veterinário Wilson Grassi,DEMOCRATA,41,0.009974965
2026-10-04 20:17:56,20261004-201756,AP,Amapá,Norte,55,Ronaldo Caiado,PSD,7255,1.765082269
2026-10-04 20:17:56,20261004-201756,AP,Amapá,Norte,70,Escritor Augusto Cury,AVANTE,16900,4.111632026
2026-10-04 20:17:56,20261004-201756,AP,Amapá,Norte,80,Samara,UP,439,0.106805116
2026-10-04 20:17:56,20261004-201756,BA,Bahia,Nordeste,13,Lula,PT,4174683,65.124175103
2026-10-04 20:17:56,20261004-201756,BA,Bahia,Nordeste,14,Renan Santos,MISSÃO,93219,1.454196757
2026-10-04 20:17:56,20261004-201756,BA,Bahia,Nordeste,16,Hertz Dias,PSTU,1427,0.022260899
2026-10-04 20:17:56,20261004-201756,BA,Bahia,Nordeste,21,Edmilson Costa,PCB,963,0.015022597
2026-10-04 20:17:56,20261004-201756,BA,Bahia,Nordeste,22,Flavio Bolsonaro,PL,1882663,29.369146082
2026-10-04 20:17:56,20261004-201756,BA,Bahia,Nordeste,27,Clariana Barao,DC,1301,0.020295326
2026-10-04 20:17:56,20261004-201756,BA,Bahia,Nordeste,29,Rui Costa Pimenta,PCO,610,0.009515871
2026-10-04 20:17:56,20261004-201756,BA,Bahia,Nordeste,30,Zema,NOVO,5319,0.082975279
2026-10-04 20:17:56,20261004-201756,BA,Bahia,Nordeste,35,Veterinário Wilson Grassi,DEMOCRATA,478,0.007456699
2026-10-04 20:17:56,20261004-201756,BA,Bahia,Nordeste,55,Ronaldo Caiado,PSD,95989,1.497408173
2026-10-04 20:17:56,20261004-201756,BA,Bahia,Nordeste,70,Escritor Augusto Cury,AVANTE,149953,2.339235202
2026-10-04 20:17:56,20261004-201756,BA,Bahia,Nordeste,80,Samara,UP,3738,0.058312012
2026-10-04 20:17:56,20261004-201756,CE,Ceará,Nordeste,13,Lula,PT,2711325,61.954082241
2026-10-04 20:17:56,20261004-201756,CE,Ceará,Nordeste,14,Renan Santos,MISSÃO,88908,2.031557834
2026-10-04 20:17:56,20261004-201756,CE,Ceará,Nordeste,16,Hertz Dias,PSTU,1240,0.02833414
2026-10-04 20:17:56,20261004-201756,CE,Ceará,Nordeste,21,Edmilson Costa,PCB,620,0.01416707
2026-10-04 20:17:56,20261004-201756,CE,Ceará,Nordeste,22,Flavio Bolsonaro,PL,1414907,32.330784632
2026-10-04 20:17:56,20261004-201756,CE,Ceará,Nordeste,27,Clariana Barao,DC,879,0.020085249
2026-10-04 20:17:56,20261004-201756,CE,Ceará,Nordeste,29,Rui Costa Pimenta,PCO,411,0.009391396
2026-10-04 20:17:56,20261004-201756,CE,Ceará,Nordeste,30,Zema,NOVO,3798,0.086784729
2026-10-04 20:17:56,20261004-201756,CE,Ceará,Nordeste,35,Veterinário Wilson Grassi,DEMOCRATA,405,0.009254296
2026-10-04 20:17:56,20261004-201756,CE,Ceará,Nordeste,55,Ronaldo Caiado,PSD,37562,0.858295939
2026-10-04 20:17:56,20261004-201756,CE,Ceará,Nordeste,70,Escritor Augusto Cury,AVANTE,113404,2.591294198
2026-10-04 20:17:56,20261004-201756,CE,Ceará,Nordeste,80,Samara,UP,2887,0.065968276
2026-10-04 20:17:56,20261004-201756,DF,Distrito Federal,Centro-Oeste,13,Lula,PT,675627,38.110556812
2026-10-04 20:17:56,20261004-201756,DF,Distrito Federal,Centro-Oeste,14,Renan Santos,MISSÃO,46714,2.635028723
2026-10-04 20:17:56,20261004-201756,DF,Distrito Federal,Centro-Oeste,16,Hertz Dias,PSTU,828,0.046705565
2026-10-04 20:17:56,20261004-201756,DF,Distrito Federal,Centro-Oeste,21,Edmilson Costa,PCB,334,0.018840168
2026-10-04 20:17:56,20261004-201756,DF,Distrito Federal,Centro-Oeste,22,Flavio Bolsonaro,PL,909616,51.309335247
2026-10-04 20:17:56,20261004-201756,DF,Distrito Federal,Centro-Oeste,27,Clariana Barao,DC,716,0.040387904
2026-10-04 20:17:56,20261004-201756,DF,Distrito Federal,Centro-Oeste,29,Rui Costa Pimenta,PCO,382,0.021547737
2026-10-04 20:17:56,20261004-201756,DF,Distrito Federal,Centro-Oeste,30,Zema,NOVO,4915,0.277243785
2026-10-04 20:17:56,20261004-201756,DF,Distrito Federal,Centro-Oeste,35,Veterinário Wilson Grassi,DEMOCRATA,324,0.018276091
2026-10-04 20:17:56,20261004-201756,DF,Distrito Federal,Centro-Oeste,55,Ronaldo Caiado,PSD,85076,4.798940438
2026-10-04 20:17:56,20261004-201756,DF,Distrito Federal,Centro-Oeste,70,Escritor Augusto Cury,AVANTE,45979,2.593569072
2026-10-04 20:17:56,20261004-201756,DF,Distrito Federal,Centro-Oeste,80,Samara,UP,2297,0.129568459
2026-10-04 20:17:56,20261004-201756,ES,Espírito Santo,Sudeste,13,Lula,PT,845511,37.733409677
2026-10-04 20:17:56,20261004-201756,ES,Espírito Santo,Sudeste,14,Renan Santos,MISSÃO,53008,2.365637561
2026-10-04 20:17:56,20261004-201756,ES,Espírito Santo,Sudeste,16,Hertz Dias,PSTU,636,0.028383366
2026-10-04 20:17:56,20261004-201756,ES,Espírito Santo,Sudeste,21,Edmilson Costa,PCB,380,0.016958615
2026-10-04 20:17:56,20261004-201756,ES,Espírito Santo,Sudeste,22,Flavio Bolsonaro,PL,1228103,54.807700461
2026-10-04 20:17:56,20261004-201756,ES,Espírito Santo,Sudeste,27,Clariana Barao,DC,971,0.043333725
2026-10-04 20:17:56,20261004-201756,ES,Espírito Santo,Sudeste,29,Rui Costa Pimenta,PCO,243,0.010844588
2026-10-04 20:17:56,20261004-201756,ES,Espírito Santo,Sudeste,30,Zema,NOVO,5852,0.261162674
2026-10-04 20:17:56,20261004-201756,ES,Espírito Santo,Sudeste,35,Veterinário Wilson Grassi,DEMOCRATA,311,0.013879288
2026-10-04 20:17:56,20261004-201756,ES,Espírito Santo,Sudeste,55,Ronaldo Caiado,PSD,38939,1.737767148
2026-10-04 20:17:56,20261004-201756,ES,Espírito Santo,Sudeste,70,Escritor Augusto Cury,AVANTE,64834,2.893407517
2026-10-04 20:17:56,20261004-201756,ES,Espírito Santo,Sudeste,80,Samara,UP,1961,0.08751538
2026-10-04 20:17:56,20261004-201756,GO,Goiás,Centro-Oeste,13,Lula,PT,1128563,30.782253828
2026-10-04 20:17:56,20261004-201756,GO,Goiás,Centro-Oeste,14,Renan Santos,MISSÃO,52341,1.427633147
2026-10-04 20:17:56,20261004-201756,GO,Goiás,Centro-Oeste,16,Hertz Dias,PSTU,638,0.017401845
2026-10-04 20:17:56,20261004-201756,GO,Goiás,Centro-Oeste,21,Edmilson Costa,PCB,445,0.01213765
2026-10-04 20:17:56,20261004-201756,GO,Goiás,Centro-Oeste,22,Flavio Bolsonaro,PL,1974883,53.866155267
2026-10-04 20:17:56,20261004-201756,GO,Goiás,Centro-Oeste,27,Clariana Barao,DC,542,0.014783385
2026-10-04 20:17:56,20261004-201756,GO,Goiás,Centro-Oeste,29,Rui Costa Pimenta,PCO,254,0.006928007
2026-10-04 20:17:56,20261004-201756,GO,Goiás,Centro-Oeste,30,Zema,NOVO,2607,0.071107537
2026-10-04 20:17:56,20261004-201756,GO,Goiás,Centro-Oeste,35,Veterinário Wilson Grassi,DEMOCRATA,338,0.009219159
2026-10-04 20:17:56,20261004-201756,GO,Goiás,Centro-Oeste,55,Ronaldo Caiado,PSD,451651,12.319060366
2026-10-04 20:17:56,20261004-201756,GO,Goiás,Centro-Oeste,70,Escritor Augusto Cury,AVANTE,51986,1.417950303
2026-10-04 20:17:56,20261004-201756,GO,Goiás,Centro-Oeste,80,Samara,UP,2030,0.055369506
2026-10-04 20:17:56,20261004-201756,MA,Maranhão,Nordeste,13,Lula,PT,2055356,62.856576656
2026-10-04 20:17:56,20261004-201756,MA,Maranhão,Nordeste,14,Renan Santos,MISSÃO,50201,1.535239153
2026-10-04 20:17:56,20261004-201756,MA,Maranhão,Nordeste,16,Hertz Dias,PSTU,1259,0.038502542
2026-10-04 20:17:56,20261004-201756,MA,Maranhão,Nordeste,21,Edmilson Costa,PCB,385,0.01177401
2026-10-04 20:17:56,20261004-201756,MA,Maranhão,Nordeste,22,Flavio Bolsonaro,PL,1043532,31.913132884
2026-10-04 20:17:56,20261004-201756,MA,Maranhão,Nordeste,27,Clariana Barao,DC,747,0.022844638
2026-10-04 20:17:56,20261004-201756,MA,Maranhão,Nordeste,29,Rui Costa Pimenta,PCO,188,0.005749387
2026-10-04 20:17:56,20261004-201756,MA,Maranhão,Nordeste,30,Zema,NOVO,3804,0.116333335
2026-10-04 20:17:56,20261004-201756,MA,Maranhão,Nordeste,35,Veterinário Wilson Grassi,DEMOCRATA,246,0.007523134
2026-10-04 20:17:56,20261004-201756,MA,Maranhão,Nordeste,55,Ronaldo Caiado,PSD,41844,1.279666682
2026-10-04 20:17:56,20261004-201756,MA,Maranhão,Nordeste,70,Escritor Augusto Cury,AVANTE,70852,2.166784815
2026-10-04 20:17:56,20261004-201756,MA,Maranhão,Nordeste,80,Samara,UP,1500,0.045872766
2026-10-04 20:17:56,20261004-201756,MG,Minas Gerais,Sudeste,13,Lula,PT,4448024,42.575888623
2026-10-04 20:17:56,20261004-201756,MG,Minas Gerais,Sudeste,14,Renan Santos,MISSÃO,221213,2.11742114
2026-10-04 20:17:56,20261004-201756,MG,Minas Gerais,Sudeste,16,Hertz Dias,PSTU,3755,0.035942356
2026-10-04 20:17:56,20261004-201756,MG,Minas Gerais,Sudeste,21,Edmilson Costa,PCB,2020,0.019335169
2026-10-04 20:17:56,20261004-201756,MG,Minas Gerais,Sudeste,22,Flavio Bolsonaro,PL,5101313,48.829083233
2026-10-04 20:17:56,20261004-201756,MG,Minas Gerais,Sudeste,27,Clariana Barao,DC,3048,0.029175047
2026-10-04 20:17:56,20261004-201756,MG,Minas Gerais,Sudeste,29,Rui Costa Pimenta,PCO,1303,0.012472141
2026-10-04 20:17:56,20261004-201756,MG,Minas Gerais,Sudeste,30,Zema,NOVO,89006,0.851953484
2026-10-04 20:17:56,20261004-201756,MG,Minas Gerais,Sudeste,35,Veterinário Wilson Grassi,DEMOCRATA,1551,0.014845964
2026-10-04 20:17:56,20261004-201756,MG,Minas Gerais,Sudeste,55,Ronaldo Caiado,PSD,204867,1.960959423
2026-10-04 20:17:56,20261004-201756,MG,Minas Gerais,Sudeste,70,Escritor Augusto Cury,AVANTE,361135,3.456735741
2026-10-04 20:17:56,20261004-201756,MG,Minas Gerais,Sudeste,80,Samara,UP,10049,0.096187679
2026-10-04 20:17:56,20261004-201756,MS,Mato Grosso do Sul,Centro-Oeste,13,Lula,PT,516014,34.649299512
2026-10-04 20:17:56,20261004-201756,MS,Mato Grosso do Sul,Centro-Oeste,14,Renan Santos,MISSÃO,31846,2.13839468
2026-10-04 20:17:56,20261004-201756,MS,Mato Grosso do Sul,Centro-Oeste,16,Hertz Dias,PSTU,353,0.023703238
2026-10-04 20:17:56,20261004-201756,MS,Mato Grosso do Sul,Centro-Oeste,21,Edmilson Costa,PCB,332,0.02229313
2026-10-04 20:17:56,20261004-201756,MS,Mato Grosso do Sul,Centro-Oeste,22,Flavio Bolsonaro,PL,873173,58.63180612
2026-10-04 20:17:56,20261004-201756,MS,Mato Grosso do Sul,Centro-Oeste,27,Clariana Barao,DC,626,0.042034638
2026-10-04 20:17:56,20261004-201756,MS,Mato Grosso do Sul,Centro-Oeste,29,Rui Costa Pimenta,PCO,183,0.012288081
2026-10-04 20:17:56,20261004-201756,MS,Mato Grosso do Sul,Centro-Oeste,30,Zema,NOVO,2792,0.18747717
2026-10-04 20:17:56,20261004-201756,MS,Mato Grosso do Sul,Centro-Oeste,35,Veterinário Wilson Grassi,DEMOCRATA,209,0.014033929
2026-10-04 20:17:56,20261004-201756,MS,Mato Grosso do Sul,Centro-Oeste,55,Ronaldo Caiado,PSD,23285,1.563540794
2026-10-04 20:17:56,20261004-201756,MS,Mato Grosso do Sul,Centro-Oeste,70,Escritor Augusto Cury,AVANTE,39144,2.628440663
2026-10-04 20:17:56,20261004-201756,MS,Mato Grosso do Sul,Centro-Oeste,80,Samara,UP,1291,0.086688047
2026-10-04 20:17:56,20261004-201756,MT,Mato Grosso,Centro-Oeste,13,Lula,PT,566072,29.014930024
2026-10-04 20:17:56,20261004-201756,MT,Mato Grosso,Centro-Oeste,14,Renan Santos,MISSÃO,32657,1.673887014
2026-10-04 20:17:56,20261004-201756,MT,Mato Grosso,Centro-Oeste,16,Hertz Dias,PSTU,333,0.01706845
2026-10-04 20:17:56,20261004-201756,MT,Mato Grosso,Centro-Oeste,21,Edmilson Costa,PCB,234,0.011994046
2026-10-04 20:17:56,20261004-201756,MT,Mato Grosso,Centro-Oeste,22,Flavio Bolsonaro,PL,1273832,65.292306178
2026-10-04 20:17:56,20261004-201756,MT,Mato Grosso,Centro-Oeste,27,Clariana Barao,DC,1850,0.094824723
2026-10-04 20:17:56,20261004-201756,MT,Mato Grosso,Centro-Oeste,29,Rui Costa Pimenta,PCO,126,0.006458332
2026-10-04 20:17:56,20261004-201756,MT,Mato Grosso,Centro-Oeste,30,Zema,NOVO,2393,0.12265706
2026-10-04 20:17:56,20261004-201756,MT,Mato Grosso,Centro-Oeste,35,Veterinário Wilson Grassi,DEMOCRATA,167,0.008559853
2026-10-04 20:17:56,20261004-201756,MT,Mato Grosso,Centro-Oeste,55,Ronaldo Caiado,PSD,32445,1.663020613
2026-10-04 20:17:56,20261004-201756,MT,Mato Grosso,Centro-Oeste,70,Escritor Augusto Cury,AVANTE,39303,2.014538424
2026-10-04 20:17:56,20261004-201756,MT,Mato Grosso,Centro-Oeste,80,Samara,UP,1556,0.07975528
2026-10-04 20:17:56,20261004-201756,PA,Pará,Norte,13,Lula,PT,2062159,48.511046822
2026-10-04 20:17:56,20261004-201756,PA,Pará,Norte,14,Renan Santos,MISSÃO,77318,1.818859321
2026-10-04 20:17:56,20261004-201756,PA,Pará,Norte,16,Hertz Dias,PSTU,985,0.023171531
2026-10-04 20:17:56,20261004-201756,PA,Pará,Norte,21,Edmilson Costa,PCB,591,0.013902919
2026-10-04 20:17:56,20261004-201756,PA,Pará,Norte,22,Flavio Bolsonaro,PL,1941320,45.668382223
2026-10-04 20:17:56,20261004-201756,PA,Pará,Norte,27,Clariana Barao,DC,1198,0.028182228
2026-10-04 20:17:56,20261004-201756,PA,Pará,Norte,29,Rui Costa Pimenta,PCO,287,0.006751502
2026-10-04 20:17:56,20261004-201756,PA,Pará,Norte,30,Zema,NOVO,2838,0.066762238
2026-10-04 20:17:56,20261004-201756,PA,Pará,Norte,35,Veterinário Wilson Grassi,DEMOCRATA,408,0.009597954
2026-10-04 20:17:56,20261004-201756,PA,Pará,Norte,55,Ronaldo Caiado,PSD,47175,1.109763425
2026-10-04 20:17:56,20261004-201756,PA,Pará,Norte,70,Escritor Augusto Cury,AVANTE,113071,2.659927084
2026-10-04 20:17:56,20261004-201756,PA,Pará,Norte,80,Samara,UP,3556,0.083652755
2026-10-04 20:17:56,20261004-201756,PB,Paraíba,Nordeste,13,Lula,PT,1524273,61.257211705
2026-10-04 20:17:56,20261004-201756,PB,Paraíba,Nordeste,14,Renan Santos,MISSÃO,41939,1.685437059
2026-10-04 20:17:56,20261004-201756,PB,Paraíba,Nordeste,16,Hertz Dias,PSTU,622,0.024996825
2026-10-04 20:17:56,20261004-201756,PB,Paraíba,Nordeste,21,Edmilson Costa,PCB,344,0.013824611
2026-10-04 20:17:56,20261004-201756,PB,Paraíba,Nordeste,22,Flavio Bolsonaro,PL,823951,33.112795963
2026-10-04 20:17:56,20261004-201756,PB,Paraíba,Nordeste,27,Clariana Barao,DC,599,0.024072505
2026-10-04 20:17:56,20261004-201756,PB,Paraíba,Nordeste,29,Rui Costa Pimenta,PCO,271,0.0108909
2026-10-04 20:17:56,20261004-201756,PB,Paraíba,Nordeste,30,Zema,NOVO,1976,0.079411136
2026-10-04 20:17:56,20261004-201756,PB,Paraíba,Nordeste,35,Veterinário Wilson Grassi,DEMOCRATA,215,0.008640382
2026-10-04 20:17:56,20261004-201756,PB,Paraíba,Nordeste,55,Ronaldo Caiado,PSD,19322,0.776509093
2026-10-04 20:17:56,20261004-201756,PB,Paraíba,Nordeste,70,Escritor Augusto Cury,AVANTE,73221,2.9425925
2026-10-04 20:17:56,20261004-201756,PB,Paraíba,Nordeste,80,Samara,UP,1583,0.063617322
2026-10-04 20:17:56,20261004-201756,PE,Pernambuco,Nordeste,13,Lula,PT,2962074,62.761895116
2026-10-04 20:17:56,20261004-201756,PE,Pernambuco,Nordeste,14,Renan Santos,MISSÃO,73468,1.556676474
2026-10-04 20:17:56,20261004-201756,PE,Pernambuco,Nordeste,16,Hertz Dias,PSTU,996,0.021103743
2026-10-04 20:17:56,20261004-201756,PE,Pernambuco,Nordeste,21,Edmilson Costa,PCB,591,0.012522402
2026-10-04 20:17:56,20261004-201756,PE,Pernambuco,Nordeste,22,Flavio Bolsonaro,PL,1493714,31.64955413
2026-10-04 20:17:56,20261004-201756,PE,Pernambuco,Nordeste,27,Clariana Barao,DC,758,0.01606088
2026-10-04 20:17:56,20261004-201756,PE,Pernambuco,Nordeste,29,Rui Costa Pimenta,PCO,364,0.007712613
2026-10-04 20:17:56,20261004-201756,PE,Pernambuco,Nordeste,30,Zema,NOVO,5441,0.11528661
2026-10-04 20:17:56,20261004-201756,PE,Pernambuco,Nordeste,35,Veterinário Wilson Grassi,DEMOCRATA,397,0.008411833
2026-10-04 20:17:56,20261004-201756,PE,Pernambuco,Nordeste,55,Ronaldo Caiado,PSD,62525,1.324810755
2026-10-04 20:17:56,20261004-201756,PE,Pernambuco,Nordeste,70,Escritor Augusto Cury,AVANTE,117124,2.481681485
2026-10-04 20:17:56,20261004-201756,PE,Pernambuco,Nordeste,80,Samara,UP,2090,0.044283958
2026-10-04 20:17:56,20261004-201756,PI,Piauí,Nordeste,13,Lula,PT,1352196,70.47933071
2026-10-04 20:17:56,20261004-201756,PI,Piauí,Nordeste,14,Renan Santos,MISSÃO,29508,1.538019703
2026-10-04 20:17:56,20261004-201756,PI,Piauí,Nordeste,16,Hertz Dias,PSTU,407,0.021213705
2026-10-04 20:17:56,20261004-201756,PI,Piauí,Nordeste,21,Edmilson Costa,PCB,272,0.014177218
2026-10-04 20:17:56,20261004-201756,PI,Piauí,Nordeste,22,Flavio Bolsonaro,PL,470200,24.507823792
2026-10-04 20:17:56,20261004-201756,PI,Piauí,Nordeste,27,Clariana Barao,DC,451,0.023507079
2026-10-04 20:17:56,20261004-201756,PI,Piauí,Nordeste,29,Rui Costa Pimenta,PCO,129,0.006723754
2026-10-04 20:17:56,20261004-201756,PI,Piauí,Nordeste,30,Zema,NOVO,1260,0.065673879
2026-10-04 20:17:56,20261004-201756,PI,Piauí,Nordeste,35,Veterinário Wilson Grassi,DEMOCRATA,170,0.008860761
2026-10-04 20:17:56,20261004-201756,PI,Piauí,Nordeste,55,Ronaldo Caiado,PSD,19587,1.020916088
2026-10-04 20:17:56,20261004-201756,PI,Piauí,Nordeste,70,Escritor Augusto Cury,AVANTE,43388,2.261474816
2026-10-04 20:17:56,20261004-201756,PI,Piauí,Nordeste,80,Samara,UP,1003,0.052278493
2026-10-04 20:17:56,20261004-201756,PR,Paraná,Sul,13,Lula,PT,2046676,31.170539284
2026-10-04 20:17:56,20261004-201756,PR,Paraná,Sul,14,Renan Santos,MISSÃO,177180,2.698422296
2026-10-04 20:17:56,20261004-201756,PR,Paraná,Sul,16,Hertz Dias,PSTU,2049,0.031205933
2026-10-04 20:17:56,20261004-201756,PR,Paraná,Sul,21,Edmilson Costa,PCB,1189,0.018108275
2026-10-04 20:17:56,20261004-201756,PR,Paraná,Sul,22,Flavio Bolsonaro,PL,3935159,59.931825163
2026-10-04 20:17:56,20261004-201756,PR,Paraná,Sul,27,Clariana Barao,DC,2439,0.037145569
2026-10-04 20:17:56,20261004-201756,PR,Paraná,Sul,29,Rui Costa Pimenta,PCO,913,0.01390484
2026-10-04 20:17:56,20261004-201756,PR,Paraná,Sul,30,Zema,NOVO,17150,0.261191683
2026-10-04 20:17:56,20261004-201756,PR,Paraná,Sul,35,Veterinário Wilson Grassi,DEMOCRATA,962,0.014651102
2026-10-04 20:17:56,20261004-201756,PR,Paraná,Sul,55,Ronaldo Caiado,PSD,170873,2.602367722
2026-10-04 20:17:56,20261004-201756,PR,Paraná,Sul,70,Escritor Augusto Cury,AVANTE,204741,3.118171798
2026-10-04 20:17:56,20261004-201756,PR,Paraná,Sul,80,Samara,UP,6728,0.102466335
2026-10-04 20:17:56,20261004-201756,RJ,Rio de Janeiro,Sudeste,13,Lula,PT,2952508,39.194427596
2026-10-04 20:17:56,20261004-201756,RJ,Rio de Janeiro,Sudeste,14,Renan Santos,MISSÃO,167917,2.229091572
2026-10-04 20:17:56,20261004-201756,RJ,Rio de Janeiro,Sudeste,16,Hertz Dias,PSTU,3189,0.04233385
2026-10-04 20:17:56,20261004-201756,RJ,Rio de Janeiro,Sudeste,21,Edmilson Costa,PCB,2296,0.03047931
2026-10-04 20:17:56,20261004-201756,RJ,Rio de Janeiro,Sudeste,22,Flavio Bolsonaro,PL,4012248,53.262434423
2026-10-04 20:17:56,20261004-201756,RJ,Rio de Janeiro,Sudeste,27,Clariana Barao,DC,3238,0.042984323
2026-10-04 20:17:56,20261004-201756,RJ,Rio de Janeiro,Sudeste,29,Rui Costa Pimenta,PCO,1474,0.019567292
2026-10-04 20:17:56,20261004-201756,RJ,Rio de Janeiro,Sudeste,30,Zema,NOVO,18228,0.241975983
2026-10-04 20:17:56,20261004-201756,RJ,Rio de Janeiro,Sudeste,35,Veterinário Wilson Grassi,DEMOCRATA,1532,0.02033724
2026-10-04 20:17:56,20261004-201756,RJ,Rio de Janeiro,Sudeste,55,Ronaldo Caiado,PSD,160520,2.130896688
2026-10-04 20:17:56,20261004-201756,RJ,Rio de Janeiro,Sudeste,70,Escritor Augusto Cury,AVANTE,198639,2.636924914
2026-10-04 20:17:56,20261004-201756,RJ,Rio de Janeiro,Sudeste,80,Samara,UP,11190,0.14854681
2026-10-04 20:17:56,20261004-201756,RN,Rio Grande do Norte,Nordeste,13,Lula,PT,1118348,59.735738257
2026-10-04 20:17:56,20261004-201756,RN,Rio Grande do Norte,Nordeste,14,Renan Santos,MISSÃO,32301,1.725334226
2026-10-04 20:17:56,20261004-201756,RN,Rio Grande do Norte,Nordeste,16,Hertz Dias,PSTU,520,0.027775419
2026-10-04 20:17:56,20261004-201756,RN,Rio Grande do Norte,Nordeste,21,Edmilson Costa,PCB,288,0.015383309
2026-10-04 20:17:56,20261004-201756,RN,Rio Grande do Norte,Nordeste,22,Flavio Bolsonaro,PL,650501,34.746033857
2026-10-04 20:17:56,20261004-201756,RN,Rio Grande do Norte,Nordeste,27,Clariana Barao,DC,370,0.019763279
2026-10-04 20:17:56,20261004-201756,RN,Rio Grande do Norte,Nordeste,29,Rui Costa Pimenta,PCO,161,0.008599697
2026-10-04 20:17:56,20261004-201756,RN,Rio Grande do Norte,Nordeste,30,Zema,NOVO,1409,0.075260702
2026-10-04 20:17:56,20261004-201756,RN,Rio Grande do Norte,Nordeste,35,Veterinário Wilson Grassi,DEMOCRATA,170,0.009080425
2026-10-04 20:17:56,20261004-201756,RN,Rio Grande do Norte,Nordeste,55,Ronaldo Caiado,PSD,14960,0.799077429
2026-10-04 20:17:56,20261004-201756,RN,Rio Grande do Norte,Nordeste,70,Escritor Augusto Cury,AVANTE,52020,2.77861015
2026-10-04 20:17:56,20261004-201756,RN,Rio Grande do Norte,Nordeste,80,Samara,UP,1111,0.05934325
2026-10-04 20:17:56,20261004-201756,RO,Rondônia,Norte,13,Lula,PT,249919,25.904865163
2026-10-04 20:17:56,20261004-201756,RO,Rondônia,Norte,14,Renan Santos,MISSÃO,19106,1.980395063
2026-10-04 20:17:56,20261004-201756,RO,Rondônia,Norte,16,Hertz Dias,PSTU,174,0.01803563
2026-10-04 20:17:56,20261004-201756,RO,Rondônia,Norte,21,Edmilson Costa,PCB,157,0.016273528
2026-10-04 20:17:56,20261004-201756,RO,Rondônia,Norte,22,Flavio Bolsonaro,PL,650677,67.444651866
2026-10-04 20:17:56,20261004-201756,RO,Rondônia,Norte,27,Clariana Barao,DC,355,0.036796831
2026-10-04 20:17:56,20261004-201756,RO,Rondônia,Norte,29,Rui Costa Pimenta,PCO,60,0.006219183
2026-10-04 20:17:56,20261004-201756,RO,Rondônia,Norte,30,Zema,NOVO,1313,0.136096447
2026-10-04 20:17:56,20261004-201756,RO,Rondônia,Norte,35,Veterinário Wilson Grassi,DEMOCRATA,97,0.010054345
2026-10-04 20:17:56,20261004-201756,RO,Rondônia,Norte,55,Ronaldo Caiado,PSD,16842,1.745724571
2026-10-04 20:17:56,20261004-201756,RO,Rondônia,Norte,70,Escritor Augusto Cury,AVANTE,25215,2.61361151
2026-10-04 20:17:56,20261004-201756,RO,Rondônia,Norte,80,Samara,UP,842,0.087275863
2026-10-04 20:17:56,20261004-201756,RR,Roraima,Norte,13,Lula,PT,73239,22.655464576
2026-10-04 20:17:56,20261004-201756,RR,Roraima,Norte,14,Renan Santos,MISSÃO,6607,2.043783428
2026-10-04 20:17:56,20261004-201756,RR,Roraima,Norte,16,Hertz Dias,PSTU,60,0.018560164
2026-10-04 20:17:56,20261004-201756,RR,Roraima,Norte,21,Edmilson Costa,PCB,42,0.012992115
2026-10-04 20:17:56,20261004-201756,RR,Roraima,Norte,22,Flavio Bolsonaro,PL,230288,71.236385346
2026-10-04 20:17:56,20261004-201756,RR,Roraima,Norte,27,Clariana Barao,DC,168,0.05196846
2026-10-04 20:17:56,20261004-201756,RR,Roraima,Norte,29,Rui Costa Pimenta,PCO,34,0.010517426
2026-10-04 20:17:56,20261004-201756,RR,Roraima,Norte,30,Zema,NOVO,337,0.104246256
2026-10-04 20:17:56,20261004-201756,RR,Roraima,Norte,35,Veterinário Wilson Grassi,DEMOCRATA,41,0.012682779
2026-10-04 20:17:56,20261004-201756,RR,Roraima,Norte,55,Ronaldo Caiado,PSD,3629,1.122580605
2026-10-04 20:17:56,20261004-201756,RR,Roraima,Norte,70,Escritor Augusto Cury,AVANTE,8550,2.644823416
2026-10-04 20:17:56,20261004-201756,RR,Roraima,Norte,80,Samara,UP,278,0.085995428
2026-10-04 20:17:56,20261004-201756,RS,Rio Grande do Sul,Sul,13,Lula,PT,2274110,35.730856281
2026-10-04 20:17:56,20261004-201756,RS,Rio Grande do Sul,Sul,14,Renan Santos,MISSÃO,166171,2.610881672
2026-10-04 20:17:56,20261004-201756,RS,Rio Grande do Sul,Sul,16,Hertz Dias,PSTU,2140,0.033623718
2026-10-04 20:17:56,20261004-201756,RS,Rio Grande do Sul,Sul,21,Edmilson Costa,PCB,1021,0.01604197
2026-10-04 20:17:56,20261004-201756,RS,Rio Grande do Sul,Sul,22,Flavio Bolsonaro,PL,3540750,55.632326219
2026-10-04 20:17:56,20261004-201756,RS,Rio Grande do Sul,Sul,27,Clariana Barao,DC,2051,0.032225348
2026-10-04 20:17:56,20261004-201756,RS,Rio Grande do Sul,Sul,29,Rui Costa Pimenta,PCO,1036,0.01627765
2026-10-04 20:17:56,20261004-201756,RS,Rio Grande do Sul,Sul,30,Zema,NOVO,18853,0.296218667
2026-10-04 20:17:56,20261004-201756,RS,Rio Grande do Sul,Sul,35,Veterinário Wilson Grassi,DEMOCRATA,923,0.014502192
2026-10-04 20:17:56,20261004-201756,RS,Rio Grande do Sul,Sul,55,Ronaldo Caiado,PSD,157228,2.470369099
2026-10-04 20:17:56,20261004-201756,RS,Rio Grande do Sul,Sul,70,Escritor Augusto Cury,AVANTE,193674,3.043009291
2026-10-04 20:17:56,20261004-201756,RS,Rio Grande do Sul,Sul,80,Samara,UP,6598,0.103667892
2026-10-04 20:17:56,20261004-201756,SC,Santa Catarina,Sul,13,Lula,PT,1095788,25.025990042
2026-10-04 20:17:56,20261004-201756,SC,Santa Catarina,Sul,14,Renan Santos,MISSÃO,129625,2.960421139
2026-10-04 20:17:56,20261004-201756,SC,Santa Catarina,Sul,16,Hertz Dias,PSTU,1470,0.033572375
2026-10-04 20:17:56,20261004-201756,SC,Santa Catarina,Sul,21,Edmilson Costa,PCB,811,0.018521902
2026-10-04 20:17:56,20261004-201756,SC,Santa Catarina,Sul,22,Flavio Bolsonaro,PL,2918240,66.647786964
2026-10-04 20:17:56,20261004-201756,SC,Santa Catarina,Sul,27,Clariana Barao,DC,1399,0.031950852
2026-10-04 20:17:56,20261004-201756,SC,Santa Catarina,Sul,29,Rui Costa Pimenta,PCO,628,0.014342484
2026-10-04 20:17:56,20261004-201756,SC,Santa Catarina,Sul,30,Zema,NOVO,16458,0.375873567
2026-10-04 20:17:56,20261004-201756,SC,Santa Catarina,Sul,35,Veterinário Wilson Grassi,DEMOCRATA,549,0.012538254
2026-10-04 20:17:56,20261004-201756,SC,Santa Catarina,Sul,55,Ronaldo Caiado,PSD,77998,1.781345636
2026-10-04 20:17:56,20261004-201756,SC,Santa Catarina,Sul,70,Escritor Augusto Cury,AVANTE,130685,2.98462979
2026-10-04 20:17:56,20261004-201756,SC,Santa Catarina,Sul,80,Samara,UP,4949,0.113026995
2026-10-04 20:17:56,20261004-201756,SE,Sergipe,Nordeste,13,Lula,PT,812829,62.445617477
2026-10-04 20:17:56,20261004-201756,SE,Sergipe,Nordeste,14,Renan Santos,MISSÃO,20742,1.593504904
2026-10-04 20:17:56,20261004-201756,SE,Sergipe,Nordeste,16,Hertz Dias,PSTU,324,0.024891312
2026-10-04 20:17:56,20261004-201756,SE,Sergipe,Nordeste,21,Edmilson Costa,PCB,199,0.015288182
2026-10-04 20:17:56,20261004-201756,SE,Sergipe,Nordeste,22,Flavio Bolsonaro,PL,401659,30.857467278
2026-10-04 20:17:56,20261004-201756,SE,Sergipe,Nordeste,27,Clariana Barao,DC,447,0.034340791
2026-10-04 20:17:56,20261004-201756,SE,Sergipe,Nordeste,29,Rui Costa Pimenta,PCO,103,0.007912979
2026-10-04 20:17:56,20261004-201756,SE,Sergipe,Nordeste,30,Zema,NOVO,1119,0.085967216
2026-10-04 20:17:56,20261004-201756,SE,Sergipe,Nordeste,35,Veterinário Wilson Grassi,DEMOCRATA,137,0.01052503
2026-10-04 20:17:56,20261004-201756,SE,Sergipe,Nordeste,55,Ronaldo Caiado,PSD,25518,1.960421278
2026-10-04 20:17:56,20261004-201756,SE,Sergipe,Nordeste,70,Escritor Augusto Cury,AVANTE,37624,2.890465168
2026-10-04 20:17:56,20261004-201756,SE,Sergipe,Nordeste,80,Samara,UP,958,0.073598385
2026-10-04 20:17:56,20261004-201756,SP,São Paulo,Sudeste,13,Lula,PT,8863325,38.080699164
2026-10-04 20:17:56,20261004-201756,SP,São Paulo,Sudeste,14,Renan Santos,MISSÃO,751524,3.228873968
2026-10-04 20:17:56,20261004-201756,SP,São Paulo,Sudeste,16,Hertz Dias,PSTU,14869,0.063883691
2026-10-04 20:17:56,20261004-201756,SP,São Paulo,Sudeste,21,Edmilson Costa,PCB,5704,0.024506865
2026-10-04 20:17:56,20261004-201756,SP,São Paulo,Sudeste,22,Flavio Bolsonaro,PL,12115451,52.053246921
2026-10-04 20:17:56,20261004-201756,SP,São Paulo,Sudeste,27,Clariana Barao,DC,9850,0.042319884
2026-10-04 20:17:56,20261004-201756,SP,São Paulo,Sudeste,29,Rui Costa Pimenta,PCO,4177,0.017946209
2026-10-04 20:17:56,20261004-201756,SP,São Paulo,Sudeste,30,Zema,NOVO,88951,0.382172184
2026-10-04 20:17:56,20261004-201756,SP,São Paulo,Sudeste,35,Veterinário Wilson Grassi,DEMOCRATA,4853,0.020850599
2026-10-04 20:17:56,20261004-201756,SP,São Paulo,Sudeste,55,Ronaldo Caiado,PSD,543140,2.33356567
2026-10-04 20:17:56,20261004-201756,SP,São Paulo,Sudeste,70,Escritor Augusto Cury,AVANTE,833551,3.581297636
2026-10-04 20:17:56,20261004-201756,SP,São Paulo,Sudeste,80,Samara,UP,39716,0.17063721
2026-10-04 20:17:56,20261004-201756,TO,Tocantins,Norte,13,Lula,PT,401003,43.4674636
2026-10-04 20:17:56,20261004-201756,TO,Tocantins,Norte,14,Renan Santos,MISSÃO,12858,1.393766747
2026-10-04 20:17:56,20261004-201756,TO,Tocantins,Norte,16,Hertz Dias,PSTU,100,0.010839685
2026-10-04 20:17:56,20261004-201756,TO,Tocantins,Norte,21,Edmilson Costa,PCB,116,0.012574035
2026-10-04 20:17:56,20261004-201756,TO,Tocantins,Norte,22,Flavio Bolsonaro,PL,464945,50.398575232
2026-10-04 20:17:56,20261004-201756,TO,Tocantins,Norte,27,Clariana Barao,DC,170,0.018427465
2026-10-04 20:17:56,20261004-201756,TO,Tocantins,Norte,29,Rui Costa Pimenta,PCO,64,0.006937399
2026-10-04 20:17:56,20261004-201756,TO,Tocantins,Norte,30,Zema,NOVO,590,0.063954144
2026-10-04 20:17:56,20261004-201756,TO,Tocantins,Norte,35,Veterinário Wilson Grassi,DEMOCRATA,67,0.007262589
2026-10-04 20:17:56,20261004-201756,TO,Tocantins,Norte,55,Ronaldo Caiado,PSD,20026,2.170755396
2026-10-04 20:17:56,20261004-201756,TO,Tocantins,Norte,70,Escritor Augusto Cury,AVANTE,22204,2.406843744
2026-10-04 20:17:56,20261004-201756,TO,Tocantins,Norte,80,Samara,UP,393,0.042599964
2026-10-04 20:17:56,20261004-201756,ZZ,Exterior,Exterior,13,Lula,PT,125958,49.792265394
2026-10-04 20:17:56,20261004-201756,ZZ,Exterior,Exterior,14,Renan Santos,MISSÃO,6900,2.727628505
2026-10-04 20:17:56,20261004-201756,ZZ,Exterior,Exterior,16,Hertz Dias,PSTU,322,0.12728933
2026-10-04 20:17:56,20261004-201756,ZZ,Exterior,Exterior,21,Edmilson Costa,PCB,359,0.141915744
2026-10-04 20:17:56,20261004-201756,ZZ,Exterior,Exterior,22,Flavio Bolsonaro,PL,103489,40.91007918
2026-10-04 20:17:56,20261004-201756,ZZ,Exterior,Exterior,27,Clariana Barao,DC,736,0.290947041
2026-10-04 20:17:56,20261004-201756,ZZ,Exterior,Exterior,29,Rui Costa Pimenta,PCO,154,0.060877506
2026-10-04 20:17:56,20261004-201756,ZZ,Exterior,Exterior,30,Zema,NOVO,2447,0.967319848
2026-10-04 20:17:56,20261004-201756,ZZ,Exterior,Exterior,35,Veterinário Wilson Grassi,DEMOCRATA,283,0.1118723
2026-10-04 20:17:56,20261004-201756,ZZ,Exterior,Exterior,55,Ronaldo Caiado,PSD,3605,1.425087067
2026-10-04 20:17:56,20261004-201756,ZZ,Exterior,Exterior,70,Escritor Augusto Cury,AVANTE,7798,3.082615519
2026-10-04 20:17:56,20261004-201756,ZZ,Exterior,Exterior,80,Samara,UP,916,0.362102567
2026-10-04 20:21:17,20261004-202117,AC,Acre,Norte,13,Lula,PT,133681,28.736551339
2026-10-04 20:21:17,20261004-202117,AC,Acre,Norte,14,Renan Santos,MISSÃO,7922,1.702941777
2026-10-04 20:21:17,20261004-202117,AC,Acre,Norte,16,Hertz Dias,PSTU,71,0.015262417
2026-10-04 20:21:17,20261004-202117,AC,Acre,Norte,21,Edmilson Costa,PCB,139,0.029879943
2026-10-04 20:21:17,20261004-202117,AC,Acre,Norte,22,Flavio Bolsonaro,PL,300286,64.550564817
2026-10-04 20:21:17,20261004-202117,AC,Acre,Norte,27,Clariana Barao,DC,210,0.04514236
2026-10-04 20:21:17,20261004-202117,AC,Acre,Norte,29,Rui Costa Pimenta,PCO,38,0.008168617
2026-10-04 20:21:17,20261004-202117,AC,Acre,Norte,30,Zema,NOVO,569,0.122314298
2026-10-04 20:21:17,20261004-202117,AC,Acre,Norte,35,Veterinário Wilson Grassi,DEMOCRATA,39,0.008383581
2026-10-04 20:21:17,20261004-202117,AC,Acre,Norte,55,Ronaldo Caiado,PSD,8518,1.831060093
2026-10-04 20:21:17,20261004-202117,AC,Acre,Norte,70,Escritor Augusto Cury,AVANTE,13409,2.882447146
2026-10-04 20:21:17,20261004-202117,AC,Acre,Norte,80,Samara,UP,313,0.067283612
2026-10-04 20:21:17,20261004-202117,AL,Alagoas,Nordeste,13,Lula,PT,691035,56.432165195
2026-10-04 20:21:17,20261004-202117,AL,Alagoas,Nordeste,14,Renan Santos,MISSÃO,17068,1.393828381
2026-10-04 20:21:17,20261004-202117,AL,Alagoas,Nordeste,16,Hertz Dias,PSTU,284,0.023192364
2026-10-04 20:21:17,20261004-202117,AL,Alagoas,Nordeste,21,Edmilson Costa,PCB,183,0.014944375
2026-10-04 20:21:17,20261004-202117,AL,Alagoas,Nordeste,22,Flavio Bolsonaro,PL,477177,38.967825495
2026-10-04 20:21:17,20261004-202117,AL,Alagoas,Nordeste,27,Clariana Barao,DC,412,0.03364526
2026-10-04 20:21:17,20261004-202117,AL,Alagoas,Nordeste,29,Rui Costa Pimenta,PCO,61,0.004981458
2026-10-04 20:21:17,20261004-202117,AL,Alagoas,Nordeste,30,Zema,NOVO,715,0.058389225
2026-10-04 20:21:17,20261004-202117,AL,Alagoas,Nordeste,35,Veterinário Wilson Grassi,DEMOCRATA,154,0.012576141
2026-10-04 20:21:17,20261004-202117,AL,Alagoas,Nordeste,55,Ronaldo Caiado,PSD,8617,0.703692241
2026-10-04 20:21:17,20261004-202117,AL,Alagoas,Nordeste,70,Escritor Augusto Cury,AVANTE,28038,2.289674253
2026-10-04 20:21:17,20261004-202117,AL,Alagoas,Nordeste,80,Samara,UP,797,0.065085612
2026-10-04 20:21:17,20261004-202117,AM,Amazonas,Norte,13,Lula,PT,914877,46.572751837
2026-10-04 20:21:17,20261004-202117,AM,Amazonas,Norte,14,Renan Santos,MISSÃO,33679,1.714464031
2026-10-04 20:21:17,20261004-202117,AM,Amazonas,Norte,16,Hertz Dias,PSTU,447,0.022754993
2026-10-04 20:21:17,20261004-202117,AM,Amazonas,Norte,21,Edmilson Costa,PCB,243,0.012370164
2026-10-04 20:21:17,20261004-202117,AM,Amazonas,Norte,22,Flavio Bolsonaro,PL,910841,46.367295119
2026-10-04 20:21:17,20261004-202117,AM,Amazonas,Norte,27,Clariana Barao,DC,890,0.045306363
2026-10-04 20:21:17,20261004-202117,AM,Amazonas,Norte,29,Rui Costa Pimenta,PCO,158,0.008043152
2026-10-04 20:21:17,20261004-202117,AM,Amazonas,Norte,30,Zema,NOVO,1724,0.087761988
2026-10-04 20:21:17,20261004-202117,AM,Amazonas,Norte,35,Veterinário Wilson Grassi,DEMOCRATA,281,0.014304593
2026-10-04 20:21:17,20261004-202117,AM,Amazonas,Norte,55,Ronaldo Caiado,PSD,26082,1.327730956
2026-10-04 20:21:17,20261004-202117,AM,Amazonas,Norte,70,Escritor Augusto Cury,AVANTE,73373,3.735127805
2026-10-04 20:21:17,20261004-202117,AM,Amazonas,Norte,80,Samara,UP,1809,0.092089
2026-10-04 20:21:17,20261004-202117,AP,Amapá,Norte,13,Lula,PT,192024,46.006885795
2026-10-04 20:21:17,20261004-202117,AP,Amapá,Norte,14,Renan Santos,MISSÃO,10016,2.39972591
2026-10-04 20:21:17,20261004-202117,AP,Amapá,Norte,16,Hertz Dias,PSTU,112,0.026833996
2026-10-04 20:21:17,20261004-202117,AP,Amapá,Norte,21,Edmilson Costa,PCB,53,0.01269823
2026-10-04 20:21:17,20261004-202117,AP,Amapá,Norte,22,Flavio Bolsonaro,PL,189552,45.414621173
2026-10-04 20:21:17,20261004-202117,AP,Amapá,Norte,27,Clariana Barao,DC,205,0.049115796
2026-10-04 20:21:17,20261004-202117,AP,Amapá,Norte,29,Rui Costa Pimenta,PCO,47,0.011260695
2026-10-04 20:21:17,20261004-202117,AP,Amapá,Norte,30,Zema,NOVO,305,0.073074721
2026-10-04 20:21:17,20261004-202117,AP,Amapá,Norte,35,Veterinário Wilson Grassi,DEMOCRATA,43,0.010302338
2026-10-04 20:21:17,20261004-202117,AP,Amapá,Norte,55,Ronaldo Caiado,PSD,7393,1.771283312
2026-10-04 20:21:17,20261004-202117,AP,Amapá,Norte,70,Escritor Augusto Cury,AVANTE,17181,4.116382873
2026-10-04 20:21:17,20261004-202117,AP,Amapá,Norte,80,Samara,UP,450,0.107815162
2026-10-04 20:21:17,20261004-202117,BA,Bahia,Nordeste,13,Lula,PT,4211790,65.15142351
2026-10-04 20:21:17,20261004-202117,BA,Bahia,Nordeste,14,Renan Santos,MISSÃO,93874,1.452120056
2026-10-04 20:21:17,20261004-202117,BA,Bahia,Nordeste,16,Hertz Dias,PSTU,1434,0.022182289
2026-10-04 20:21:17,20261004-202117,BA,Bahia,Nordeste,21,Edmilson Costa,PCB,968,0.014973818
2026-10-04 20:21:17,20261004-202117,BA,Bahia,Nordeste,22,Flavio Bolsonaro,PL,1897148,29.346641881
2026-10-04 20:21:17,20261004-202117,BA,Bahia,Nordeste,27,Clariana Barao,DC,1313,0.020310561
2026-10-04 20:21:17,20261004-202117,BA,Bahia,Nordeste,29,Rui Costa Pimenta,PCO,612,0.009466918
2026-10-04 20:21:17,20261004-202117,BA,Bahia,Nordeste,30,Zema,NOVO,5346,0.082696314
2026-10-04 20:21:17,20261004-202117,BA,Bahia,Nordeste,35,Veterinário Wilson Grassi,DEMOCRATA,480,0.007425034
2026-10-04 20:21:17,20261004-202117,BA,Bahia,Nordeste,55,Ronaldo Caiado,PSD,96657,1.495169783
2026-10-04 20:21:17,20261004-202117,BA,Bahia,Nordeste,70,Escritor Augusto Cury,AVANTE,151229,2.339334256
2026-10-04 20:21:17,20261004-202117,BA,Bahia,Nordeste,80,Samara,UP,3766,0.058255578
2026-10-04 20:21:17,20261004-202117,CE,Ceará,Nordeste,13,Lula,PT,2734283,61.989329598
2026-10-04 20:21:17,20261004-202117,CE,Ceará,Nordeste,14,Renan Santos,MISSÃO,89504,2.029158268
2026-10-04 20:21:17,20261004-202117,CE,Ceará,Nordeste,16,Hertz Dias,PSTU,1252,0.028384275
2026-10-04 20:21:17,20261004-202117,CE,Ceará,Nordeste,21,Edmilson Costa,PCB,630,0.014282822
2026-10-04 20:21:17,20261004-202117,CE,Ceará,Nordeste,22,Flavio Bolsonaro,PL,1424823,32.302370518
2026-10-04 20:21:17,20261004-202117,CE,Ceará,Nordeste,27,Clariana Barao,DC,887,0.020109307
2026-10-04 20:21:17,20261004-202117,CE,Ceará,Nordeste,29,Rui Costa Pimenta,PCO,414,0.009385855
2026-10-04 20:21:17,20261004-202117,CE,Ceará,Nordeste,30,Zema,NOVO,3815,0.086490423
2026-10-04 20:21:17,20261004-202117,CE,Ceará,Nordeste,35,Veterinário Wilson Grassi,DEMOCRATA,406,0.009204485
2026-10-04 20:21:17,20261004-202117,CE,Ceará,Nordeste,55,Ronaldo Caiado,PSD,37783,0.856583916
2026-10-04 20:21:17,20261004-202117,CE,Ceará,Nordeste,70,Escritor Augusto Cury,AVANTE,114196,2.588954209
2026-10-04 20:21:17,20261004-202117,CE,Ceará,Nordeste,80,Samara,UP,2900,0.065746324
2026-10-04 20:21:17,20261004-202117,DF,Distrito Federal,Centro-Oeste,13,Lula,PT,675627,38.110556812
2026-10-04 20:21:17,20261004-202117,DF,Distrito Federal,Centro-Oeste,14,Renan Santos,MISSÃO,46714,2.635028723
2026-10-04 20:21:17,20261004-202117,DF,Distrito Federal,Centro-Oeste,16,Hertz Dias,PSTU,828,0.046705565
2026-10-04 20:21:17,20261004-202117,DF,Distrito Federal,Centro-Oeste,21,Edmilson Costa,PCB,334,0.018840168
2026-10-04 20:21:17,20261004-202117,DF,Distrito Federal,Centro-Oeste,22,Flavio Bolsonaro,PL,909616,51.309335247
2026-10-04 20:21:17,20261004-202117,DF,Distrito Federal,Centro-Oeste,27,Clariana Barao,DC,716,0.040387904
2026-10-04 20:21:17,20261004-202117,DF,Distrito Federal,Centro-Oeste,29,Rui Costa Pimenta,PCO,382,0.021547737
2026-10-04 20:21:17,20261004-202117,DF,Distrito Federal,Centro-Oeste,30,Zema,NOVO,4915,0.277243785
2026-10-04 20:21:17,20261004-202117,DF,Distrito Federal,Centro-Oeste,35,Veterinário Wilson Grassi,DEMOCRATA,324,0.018276091
2026-10-04 20:21:17,20261004-202117,DF,Distrito Federal,Centro-Oeste,55,Ronaldo Caiado,PSD,85076,4.798940438
2026-10-04 20:21:17,20261004-202117,DF,Distrito Federal,Centro-Oeste,70,Escritor Augusto Cury,AVANTE,45979,2.593569072
2026-10-04 20:21:17,20261004-202117,DF,Distrito Federal,Centro-Oeste,80,Samara,UP,2297,0.129568459
2026-10-04 20:21:17,20261004-202117,ES,Espírito Santo,Sudeste,13,Lula,PT,846133,37.746916816
2026-10-04 20:21:17,20261004-202117,ES,Espírito Santo,Sudeste,14,Renan Santos,MISSÃO,53019,2.365235468
2026-10-04 20:21:17,20261004-202117,ES,Espírito Santo,Sudeste,16,Hertz Dias,PSTU,636,0.028372654
2026-10-04 20:21:17,20261004-202117,ES,Espírito Santo,Sudeste,21,Edmilson Costa,PCB,381,0.016996826
2026-10-04 20:21:17,20261004-202117,ES,Espírito Santo,Sudeste,22,Flavio Bolsonaro,PL,1228293,54.795491603
2026-10-04 20:21:17,20261004-202117,ES,Espírito Santo,Sudeste,27,Clariana Barao,DC,971,0.04331737
2026-10-04 20:21:17,20261004-202117,ES,Espírito Santo,Sudeste,29,Rui Costa Pimenta,PCO,243,0.010840495
2026-10-04 20:21:17,20261004-202117,ES,Espírito Santo,Sudeste,30,Zema,NOVO,5852,0.261064108
2026-10-04 20:21:17,20261004-202117,ES,Espírito Santo,Sudeste,35,Veterinário Wilson Grassi,DEMOCRATA,311,0.01387405
2026-10-04 20:21:17,20261004-202117,ES,Espírito Santo,Sudeste,55,Ronaldo Caiado,PSD,38941,1.73720052
2026-10-04 20:21:17,20261004-202117,ES,Espírito Santo,Sudeste,70,Escritor Augusto Cury,AVANTE,64854,2.893207738
2026-10-04 20:21:17,20261004-202117,ES,Espírito Santo,Sudeste,80,Samara,UP,1961,0.087482351
2026-10-04 20:21:17,20261004-202117,GO,Goiás,Centro-Oeste,13,Lula,PT,1132409,30.796244106
2026-10-04 20:21:17,20261004-202117,GO,Goiás,Centro-Oeste,14,Renan Santos,MISSÃO,52497,1.427673594
2026-10-04 20:21:17,20261004-202117,GO,Goiás,Centro-Oeste,16,Hertz Dias,PSTU,642,0.017459406
2026-10-04 20:21:17,20261004-202117,GO,Goiás,Centro-Oeste,21,Edmilson Costa,PCB,445,0.012101925
2026-10-04 20:21:17,20261004-202117,GO,Goiás,Centro-Oeste,22,Flavio Bolsonaro,PL,1979981,53.846250076
2026-10-04 20:21:17,20261004-202117,GO,Goiás,Centro-Oeste,27,Clariana Barao,DC,544,0.014794263
2026-10-04 20:21:17,20261004-202117,GO,Goiás,Centro-Oeste,29,Rui Costa Pimenta,PCO,254,0.006907616
2026-10-04 20:21:17,20261004-202117,GO,Goiás,Centro-Oeste,30,Zema,NOVO,2610,0.070979829
2026-10-04 20:21:17,20261004-202117,GO,Goiás,Centro-Oeste,35,Veterinário Wilson Grassi,DEMOCRATA,338,0.009192024
2026-10-04 20:21:17,20261004-202117,GO,Goiás,Centro-Oeste,55,Ronaldo Caiado,PSD,453211,12.325225769
2026-10-04 20:21:17,20261004-202117,GO,Goiás,Centro-Oeste,70,Escritor Augusto Cury,AVANTE,52134,1.417801687
2026-10-04 20:21:17,20261004-202117,GO,Goiás,Centro-Oeste,80,Samara,UP,2036,0.055369706
2026-10-04 20:21:17,20261004-202117,MA,Maranhão,Nordeste,13,Lula,PT,2080816,62.897804851
2026-10-04 20:21:17,20261004-202117,MA,Maranhão,Nordeste,14,Renan Santos,MISSÃO,50771,1.534678919
2026-10-04 20:21:17,20261004-202117,MA,Maranhão,Nordeste,16,Hertz Dias,PSTU,1269,0.03835866
2026-10-04 20:21:17,20261004-202117,MA,Maranhão,Nordeste,21,Edmilson Costa,PCB,391,0.011818941
2026-10-04 20:21:17,20261004-202117,MA,Maranhão,Nordeste,22,Flavio Bolsonaro,PL,1054620,31.87849524
2026-10-04 20:21:17,20261004-202117,MA,Maranhão,Nordeste,27,Clariana Barao,DC,753,0.022761286
2026-10-04 20:21:17,20261004-202117,MA,Maranhão,Nordeste,29,Rui Costa Pimenta,PCO,190,0.005743219
2026-10-04 20:21:17,20261004-202117,MA,Maranhão,Nordeste,30,Zema,NOVO,3841,0.116103715
2026-10-04 20:21:17,20261004-202117,MA,Maranhão,Nordeste,35,Veterinário Wilson Grassi,DEMOCRATA,247,0.007466185
2026-10-04 20:21:17,20261004-202117,MA,Maranhão,Nordeste,55,Ronaldo Caiado,PSD,42253,1.277201323
2026-10-04 20:21:17,20261004-202117,MA,Maranhão,Nordeste,70,Escritor Augusto Cury,AVANTE,71579,2.163652131
2026-10-04 20:21:17,20261004-202117,MA,Maranhão,Nordeste,80,Samara,UP,1519,0.045915528
2026-10-04 20:21:17,20261004-202117,MG,Minas Gerais,Sudeste,13,Lula,PT,4469409,42.584346497
2026-10-04 20:21:17,20261004-202117,MG,Minas Gerais,Sudeste,14,Renan Santos,MISSÃO,222068,2.115854838
2026-10-04 20:21:17,20261004-202117,MG,Minas Gerais,Sudeste,16,Hertz Dias,PSTU,3762,0.035844182
2026-10-04 20:21:17,20261004-202117,MG,Minas Gerais,Sudeste,21,Edmilson Costa,PCB,2028,0.019322701
2026-10-04 20:21:17,20261004-202117,MG,Minas Gerais,Sudeste,22,Flavio Bolsonaro,PL,5124383,48.824912031
2026-10-04 20:21:17,20261004-202117,MG,Minas Gerais,Sudeste,27,Clariana Barao,DC,3053,0.029088859
2026-10-04 20:21:17,20261004-202117,MG,Minas Gerais,Sudeste,29,Rui Costa Pimenta,PCO,1304,0.012424459
2026-10-04 20:21:17,20261004-202117,MG,Minas Gerais,Sudeste,30,Zema,NOVO,89340,0.851227873
2026-10-04 20:21:17,20261004-202117,MG,Minas Gerais,Sudeste,35,Veterinário Wilson Grassi,DEMOCRATA,1557,0.014835032
2026-10-04 20:21:17,20261004-202117,MG,Minas Gerais,Sudeste,55,Ronaldo Caiado,PSD,205727,1.960158458
2026-10-04 20:21:17,20261004-202117,MG,Minas Gerais,Sudeste,70,Escritor Augusto Cury,AVANTE,362717,3.455952769
2026-10-04 20:21:17,20261004-202117,MG,Minas Gerais,Sudeste,80,Samara,UP,10079,0.096032301
2026-10-04 20:21:17,20261004-202117,MS,Mato Grosso do Sul,Centro-Oeste,13,Lula,PT,516014,34.649299512
2026-10-04 20:21:17,20261004-202117,MS,Mato Grosso do Sul,Centro-Oeste,14,Renan Santos,MISSÃO,31846,2.13839468
2026-10-04 20:21:17,20261004-202117,MS,Mato Grosso do Sul,Centro-Oeste,16,Hertz Dias,PSTU,353,0.023703238
2026-10-04 20:21:17,20261004-202117,MS,Mato Grosso do Sul,Centro-Oeste,21,Edmilson Costa,PCB,332,0.02229313
2026-10-04 20:21:17,20261004-202117,MS,Mato Grosso do Sul,Centro-Oeste,22,Flavio Bolsonaro,PL,873173,58.63180612
2026-10-04 20:21:17,20261004-202117,MS,Mato Grosso do Sul,Centro-Oeste,27,Clariana Barao,DC,626,0.042034638
2026-10-04 20:21:17,20261004-202117,MS,Mato Grosso do Sul,Centro-Oeste,29,Rui Costa Pimenta,PCO,183,0.012288081
2026-10-04 20:21:17,20261004-202117,MS,Mato Grosso do Sul,Centro-Oeste,30,Zema,NOVO,2792,0.18747717
2026-10-04 20:21:17,20261004-202117,MS,Mato Grosso do Sul,Centro-Oeste,35,Veterinário Wilson Grassi,DEMOCRATA,209,0.014033929
2026-10-04 20:21:17,20261004-202117,MS,Mato Grosso do Sul,Centro-Oeste,55,Ronaldo Caiado,PSD,23285,1.563540794
2026-10-04 20:21:17,20261004-202117,MS,Mato Grosso do Sul,Centro-Oeste,70,Escritor Augusto Cury,AVANTE,39144,2.628440663
2026-10-04 20:21:17,20261004-202117,MS,Mato Grosso do Sul,Centro-Oeste,80,Samara,UP,1291,0.086688047
2026-10-04 20:21:17,20261004-202117,MT,Mato Grosso,Centro-Oeste,13,Lula,PT,567253,29.022535387
2026-10-04 20:21:17,20261004-202117,MT,Mato Grosso,Centro-Oeste,14,Renan Santos,MISSÃO,32688,1.672425949
2026-10-04 20:21:17,20261004-202117,MT,Mato Grosso,Centro-Oeste,16,Hertz Dias,PSTU,333,0.017037379
2026-10-04 20:21:17,20261004-202117,MT,Mato Grosso,Centro-Oeste,21,Edmilson Costa,PCB,234,0.011972212
2026-10-04 20:21:17,20261004-202117,MT,Mato Grosso,Centro-Oeste,22,Flavio Bolsonaro,PL,1276054,65.287133556
2026-10-04 20:21:17,20261004-202117,MT,Mato Grosso,Centro-Oeste,27,Clariana Barao,DC,1851,0.094703268
2026-10-04 20:21:17,20261004-202117,MT,Mato Grosso,Centro-Oeste,29,Rui Costa Pimenta,PCO,127,0.006497739
2026-10-04 20:21:17,20261004-202117,MT,Mato Grosso,Centro-Oeste,30,Zema,NOVO,2396,0.122587267
2026-10-04 20:21:17,20261004-202117,MT,Mato Grosso,Centro-Oeste,35,Veterinário Wilson Grassi,DEMOCRATA,167,0.008544271
2026-10-04 20:21:17,20261004-202117,MT,Mato Grosso,Centro-Oeste,55,Ronaldo Caiado,PSD,32500,1.662807248
2026-10-04 20:21:17,20261004-202117,MT,Mato Grosso,Centro-Oeste,70,Escritor Augusto Cury,AVANTE,39364,2.013992139
2026-10-04 20:21:17,20261004-202117,MT,Mato Grosso,Centro-Oeste,80,Samara,UP,1559,0.079763585
2026-10-04 20:21:17,20261004-202117,PA,Pará,Norte,13,Lula,PT,2076828,48.54563738
2026-10-04 20:21:17,20261004-202117,PA,Pará,Norte,14,Renan Santos,MISSÃO,77688,1.815948878
2026-10-04 20:21:17,20261004-202117,PA,Pará,Norte,16,Hertz Dias,PSTU,988,0.023094397
2026-10-04 20:21:17,20261004-202117,PA,Pará,Norte,21,Edmilson Costa,PCB,595,0.013908063
2026-10-04 20:21:17,20261004-202117,PA,Pará,Norte,22,Flavio Bolsonaro,PL,1952626,45.642428614
2026-10-04 20:21:17,20261004-202117,PA,Pará,Norte,27,Clariana Barao,DC,1201,0.028073249
2026-10-04 20:21:17,20261004-202117,PA,Pará,Norte,29,Rui Costa Pimenta,PCO,287,0.006708595
2026-10-04 20:21:17,20261004-202117,PA,Pará,Norte,30,Zema,NOVO,2847,0.066548327
2026-10-04 20:21:17,20261004-202117,PA,Pará,Norte,35,Veterinário Wilson Grassi,DEMOCRATA,408,0.009536957
2026-10-04 20:21:17,20261004-202117,PA,Pará,Norte,55,Ronaldo Caiado,PSD,47392,1.107783045
2026-10-04 20:21:17,20261004-202117,PA,Pará,Norte,70,Escritor Augusto Cury,AVANTE,113664,2.656884117
2026-10-04 20:21:17,20261004-202117,PA,Pará,Norte,80,Samara,UP,3570,0.083448377
2026-10-04 20:21:17,20261004-202117,PB,Paraíba,Nordeste,13,Lula,PT,1524635,61.259548732
2026-10-04 20:21:17,20261004-202117,PB,Paraíba,Nordeste,14,Renan Santos,MISSÃO,41946,1.685382423
2026-10-04 20:21:17,20261004-202117,PB,Paraíba,Nordeste,16,Hertz Dias,PSTU,622,0.024991843
2026-10-04 20:21:17,20261004-202117,PB,Paraíba,Nordeste,21,Edmilson Costa,PCB,344,0.013821856
2026-10-04 20:21:17,20261004-202117,PB,Paraíba,Nordeste,22,Flavio Bolsonaro,PL,824058,33.110496092
2026-10-04 20:21:17,20261004-202117,PB,Paraíba,Nordeste,27,Clariana Barao,DC,599,0.024067708
2026-10-04 20:21:17,20261004-202117,PB,Paraíba,Nordeste,29,Rui Costa Pimenta,PCO,271,0.010888729
2026-10-04 20:21:17,20261004-202117,PB,Paraíba,Nordeste,30,Zema,NOVO,1976,0.07939531
2026-10-04 20:21:17,20261004-202117,PB,Paraíba,Nordeste,35,Veterinário Wilson Grassi,DEMOCRATA,215,0.00863866
2026-10-04 20:21:17,20261004-202117,PB,Paraíba,Nordeste,55,Ronaldo Caiado,PSD,19326,0.77651506
2026-10-04 20:21:17,20261004-202117,PB,Paraíba,Nordeste,70,Escritor Augusto Cury,AVANTE,73236,2.942608763
2026-10-04 20:21:17,20261004-202117,PB,Paraíba,Nordeste,80,Samara,UP,1584,0.063644823
2026-10-04 20:21:17,20261004-202117,PE,Pernambuco,Nordeste,13,Lula,PT,2982929,62.78479835
2026-10-04 20:21:17,20261004-202117,PE,Pernambuco,Nordeste,14,Renan Santos,MISSÃO,73886,1.555155222
2026-10-04 20:21:17,20261004-202117,PE,Pernambuco,Nordeste,16,Hertz Dias,PSTU,1001,0.021069084
2026-10-04 20:21:17,20261004-202117,PE,Pernambuco,Nordeste,21,Edmilson Costa,PCB,598,0.012586726
2026-10-04 20:21:17,20261004-202117,PE,Pernambuco,Nordeste,22,Flavio Bolsonaro,PL,1502807,31.631136529
2026-10-04 20:21:17,20261004-202117,PE,Pernambuco,Nordeste,27,Clariana Barao,DC,759,0.01597546
2026-10-04 20:21:17,20261004-202117,PE,Pernambuco,Nordeste,29,Rui Costa Pimenta,PCO,366,0.007703581
2026-10-04 20:21:17,20261004-202117,PE,Pernambuco,Nordeste,30,Zema,NOVO,5460,0.114922279
2026-10-04 20:21:17,20261004-202117,PE,Pernambuco,Nordeste,35,Veterinário Wilson Grassi,DEMOCRATA,399,0.008398167
2026-10-04 20:21:17,20261004-202117,PE,Pernambuco,Nordeste,55,Ronaldo Caiado,PSD,62884,1.323584725
2026-10-04 20:21:17,20261004-202117,PE,Pernambuco,Nordeste,70,Escritor Augusto Cury,AVANTE,117851,2.480532145
2026-10-04 20:21:17,20261004-202117,PE,Pernambuco,Nordeste,80,Samara,UP,2097,0.044137732
2026-10-04 20:21:17,20261004-202117,PI,Piauí,Nordeste,13,Lula,PT,1355835,70.494069667
2026-10-04 20:21:17,20261004-202117,PI,Piauí,Nordeste,14,Renan Santos,MISSÃO,29564,1.537124116
2026-10-04 20:21:17,20261004-202117,PI,Piauí,Nordeste,16,Hertz Dias,PSTU,407,0.021161193
2026-10-04 20:21:17,20261004-202117,PI,Piauí,Nordeste,21,Edmilson Costa,PCB,272,0.014142124
2026-10-04 20:21:17,20261004-202117,PI,Piauí,Nordeste,22,Flavio Bolsonaro,PL,471131,24.495562909
2026-10-04 20:21:17,20261004-202117,PI,Piauí,Nordeste,27,Clariana Barao,DC,453,0.023552876
2026-10-04 20:21:17,20261004-202117,PI,Piauí,Nordeste,29,Rui Costa Pimenta,PCO,130,0.006759103
2026-10-04 20:21:17,20261004-202117,PI,Piauí,Nordeste,30,Zema,NOVO,1260,0.065511311
2026-10-04 20:21:17,20261004-202117,PI,Piauí,Nordeste,35,Veterinário Wilson Grassi,DEMOCRATA,171,0.008890821
2026-10-04 20:21:17,20261004-202117,PI,Piauí,Nordeste,55,Ronaldo Caiado,PSD,19633,1.020780604
2026-10-04 20:21:17,20261004-202117,PI,Piauí,Nordeste,70,Escritor Augusto Cury,AVANTE,43472,2.260244201
2026-10-04 20:21:17,20261004-202117,PI,Piauí,Nordeste,80,Samara,UP,1004,0.052201076
2026-10-04 20:21:17,20261004-202117,PR,Paraná,Sul,13,Lula,PT,2046676,31.170539284
2026-10-04 20:21:17,20261004-202117,PR,Paraná,Sul,14,Renan Santos,MISSÃO,177180,2.698422296
2026-10-04 20:21:17,20261004-202117,PR,Paraná,Sul,16,Hertz Dias,PSTU,2049,0.031205933
2026-10-04 20:21:17,20261004-202117,PR,Paraná,Sul,21,Edmilson Costa,PCB,1189,0.018108275
2026-10-04 20:21:17,20261004-202117,PR,Paraná,Sul,22,Flavio Bolsonaro,PL,3935159,59.931825163
2026-10-04 20:21:17,20261004-202117,PR,Paraná,Sul,27,Clariana Barao,DC,2439,0.037145569
2026-10-04 20:21:17,20261004-202117,PR,Paraná,Sul,29,Rui Costa Pimenta,PCO,913,0.01390484
2026-10-04 20:21:17,20261004-202117,PR,Paraná,Sul,30,Zema,NOVO,17150,0.261191683
2026-10-04 20:21:17,20261004-202117,PR,Paraná,Sul,35,Veterinário Wilson Grassi,DEMOCRATA,962,0.014651102
2026-10-04 20:21:17,20261004-202117,PR,Paraná,Sul,55,Ronaldo Caiado,PSD,170873,2.602367722
2026-10-04 20:21:17,20261004-202117,PR,Paraná,Sul,70,Escritor Augusto Cury,AVANTE,204741,3.118171798
2026-10-04 20:21:17,20261004-202117,PR,Paraná,Sul,80,Samara,UP,6728,0.102466335
2026-10-04 20:21:17,20261004-202117,RJ,Rio de Janeiro,Sudeste,13,Lula,PT,2984235,39.189279162
2026-10-04 20:21:17,20261004-202117,RJ,Rio de Janeiro,Sudeste,14,Renan Santos,MISSÃO,169866,2.230697681
2026-10-04 20:21:17,20261004-202117,RJ,Rio de Janeiro,Sudeste,16,Hertz Dias,PSTU,3225,0.04235103
2026-10-04 20:21:17,20261004-202117,RJ,Rio de Janeiro,Sudeste,21,Edmilson Costa,PCB,2321,0.030479609
2026-10-04 20:21:17,20261004-202117,RJ,Rio de Janeiro,Sudeste,22,Flavio Bolsonaro,PL,4056061,53.264607789
2026-10-04 20:21:17,20261004-202117,RJ,Rio de Janeiro,Sudeste,27,Clariana Barao,DC,3269,0.042928842
2026-10-04 20:21:17,20261004-202117,RJ,Rio de Janeiro,Sudeste,29,Rui Costa Pimenta,PCO,1493,0.019606229
2026-10-04 20:21:17,20261004-202117,RJ,Rio de Janeiro,Sudeste,30,Zema,NOVO,18422,0.241919588
2026-10-04 20:21:17,20261004-202117,RJ,Rio de Janeiro,Sudeste,35,Veterinário Wilson Grassi,DEMOCRATA,1550,0.020354758
2026-10-04 20:21:17,20261004-202117,RJ,Rio de Janeiro,Sudeste,55,Ronaldo Caiado,PSD,162263,2.130854308
2026-10-04 20:21:17,20261004-202117,RJ,Rio de Janeiro,Sudeste,70,Escritor Augusto Cury,AVANTE,200906,2.638318135
2026-10-04 20:21:17,20261004-202117,RJ,Rio de Janeiro,Sudeste,80,Samara,UP,11316,0.148602869
2026-10-04 20:21:17,20261004-202117,RN,Rio Grande do Norte,Nordeste,13,Lula,PT,1124792,59.768035882
2026-10-04 20:21:17,20261004-202117,RN,Rio Grande do Norte,Nordeste,14,Renan Santos,MISSÃO,32431,1.723284991
2026-10-04 20:21:17,20261004-202117,RN,Rio Grande do Norte,Nordeste,16,Hertz Dias,PSTU,523,0.027790634
2026-10-04 20:21:17,20261004-202117,RN,Rio Grande do Norte,Nordeste,21,Edmilson Costa,PCB,292,0.015515994
2026-10-04 20:21:17,20261004-202117,RN,Rio Grande do Norte,Nordeste,22,Flavio Bolsonaro,PL,653363,34.717728458
2026-10-04 20:21:17,20261004-202117,RN,Rio Grande do Norte,Nordeste,27,Clariana Barao,DC,370,0.019660678
2026-10-04 20:21:17,20261004-202117,RN,Rio Grande do Norte,Nordeste,29,Rui Costa Pimenta,PCO,162,0.008608189
2026-10-04 20:21:17,20261004-202117,RN,Rio Grande do Norte,Nordeste,30,Zema,NOVO,1412,0.075029398
2026-10-04 20:21:17,20261004-202117,RN,Rio Grande do Norte,Nordeste,35,Veterinário Wilson Grassi,DEMOCRATA,170,0.009033284
2026-10-04 20:21:17,20261004-202117,RN,Rio Grande do Norte,Nordeste,55,Ronaldo Caiado,PSD,15021,0.798170388
2026-10-04 20:21:17,20261004-202117,RN,Rio Grande do Norte,Nordeste,70,Escritor Augusto Cury,AVANTE,52275,2.777734973
2026-10-04 20:21:17,20261004-202117,RN,Rio Grande do Norte,Nordeste,80,Samara,UP,1118,0.05940713
2026-10-04 20:21:17,20261004-202117,RO,Rondônia,Norte,13,Lula,PT,250179,25.901208928
2026-10-04 20:21:17,20261004-202117,RO,Rondônia,Norte,14,Renan Santos,MISSÃO,19131,1.980645969
2026-10-04 20:21:17,20261004-202117,RO,Rondônia,Norte,16,Hertz Dias,PSTU,174,0.018014343
2026-10-04 20:21:17,20261004-202117,RO,Rondônia,Norte,21,Edmilson Costa,PCB,160,0.016564913
2026-10-04 20:21:17,20261004-202117,RO,Rondônia,Norte,22,Flavio Bolsonaro,PL,651476,67.447771346
2026-10-04 20:21:17,20261004-202117,RO,Rondônia,Norte,27,Clariana Barao,DC,355,0.036753401
2026-10-04 20:21:17,20261004-202117,RO,Rondônia,Norte,29,Rui Costa Pimenta,PCO,60,0.006211842
2026-10-04 20:21:17,20261004-202117,RO,Rondônia,Norte,30,Zema,NOVO,1315,0.136142881
2026-10-04 20:21:17,20261004-202117,RO,Rondônia,Norte,35,Veterinário Wilson Grassi,DEMOCRATA,97,0.010042479
2026-10-04 20:21:17,20261004-202117,RO,Rondônia,Norte,55,Ronaldo Caiado,PSD,16876,1.747184224
2026-10-04 20:21:17,20261004-202117,RO,Rondônia,Norte,70,Escritor Augusto Cury,AVANTE,25232,2.612286817
2026-10-04 20:21:17,20261004-202117,RO,Rondônia,Norte,80,Samara,UP,842,0.087172856
2026-10-04 20:21:17,20261004-202117,RR,Roraima,Norte,13,Lula,PT,73239,22.655464576
2026-10-04 20:21:17,20261004-202117,RR,Roraima,Norte,14,Renan Santos,MISSÃO,6607,2.043783428
2026-10-04 20:21:17,20261004-202117,RR,Roraima,Norte,16,Hertz Dias,PSTU,60,0.018560164
2026-10-04 20:21:17,20261004-202117,RR,Roraima,Norte,21,Edmilson Costa,PCB,42,0.012992115
2026-10-04 20:21:17,20261004-202117,RR,Roraima,Norte,22,Flavio Bolsonaro,PL,230288,71.236385346
2026-10-04 20:21:17,20261004-202117,RR,Roraima,Norte,27,Clariana Barao,DC,168,0.05196846
2026-10-04 20:21:17,20261004-202117,RR,Roraima,Norte,29,Rui Costa Pimenta,PCO,34,0.010517426
2026-10-04 20:21:17,20261004-202117,RR,Roraima,Norte,30,Zema,NOVO,337,0.104246256
2026-10-04 20:21:17,20261004-202117,RR,Roraima,Norte,35,Veterinário Wilson Grassi,DEMOCRATA,41,0.012682779
2026-10-04 20:21:17,20261004-202117,RR,Roraima,Norte,55,Ronaldo Caiado,PSD,3629,1.122580605
2026-10-04 20:21:17,20261004-202117,RR,Roraima,Norte,70,Escritor Augusto Cury,AVANTE,8550,2.644823416
2026-10-04 20:21:17,20261004-202117,RR,Roraima,Norte,80,Samara,UP,278,0.085995428
2026-10-04 20:21:17,20261004-202117,RS,Rio Grande do Sul,Sul,13,Lula,PT,2275160,35.727515743
2026-10-04 20:21:17,20261004-202117,RS,Rio Grande do Sul,Sul,14,Renan Santos,MISSÃO,166235,2.610437762
2026-10-04 20:21:17,20261004-202117,RS,Rio Grande do Sul,Sul,16,Hertz Dias,PSTU,2140,0.033605058
2026-10-04 20:21:17,20261004-202117,RS,Rio Grande do Sul,Sul,21,Edmilson Costa,PCB,1021,0.016033067
2026-10-04 20:21:17,20261004-202117,RS,Rio Grande do Sul,Sul,22,Flavio Bolsonaro,PL,3542984,55.636533974
2026-10-04 20:21:17,20261004-202117,RS,Rio Grande do Sul,Sul,27,Clariana Barao,DC,2052,0.032223168
2026-10-04 20:21:17,20261004-202117,RS,Rio Grande do Sul,Sul,29,Rui Costa Pimenta,PCO,1036,0.016268617
2026-10-04 20:21:17,20261004-202117,RS,Rio Grande do Sul,Sul,30,Zema,NOVO,18859,0.296148499
2026-10-04 20:21:17,20261004-202117,RS,Rio Grande do Sul,Sul,35,Veterinário Wilson Grassi,DEMOCRATA,923,0.014494144
2026-10-04 20:21:17,20261004-202117,RS,Rio Grande do Sul,Sul,55,Ronaldo Caiado,PSD,157330,2.470599893
2026-10-04 20:21:17,20261004-202117,RS,Rio Grande do Sul,Sul,70,Escritor Augusto Cury,AVANTE,193751,3.042529713
2026-10-04 20:21:17,20261004-202117,RS,Rio Grande do Sul,Sul,80,Samara,UP,6598,0.103610361
2026-10-04 20:21:17,20261004-202117,SC,Santa Catarina,Sul,13,Lula,PT,1101411,25.030333125
2026-10-04 20:21:17,20261004-202117,SC,Santa Catarina,Sul,14,Renan Santos,MISSÃO,130165,2.958090405
2026-10-04 20:21:17,20261004-202117,SC,Santa Catarina,Sul,16,Hertz Dias,PSTU,1476,0.033543129
2026-10-04 20:21:17,20261004-202117,SC,Santa Catarina,Sul,21,Edmilson Costa,PCB,815,0.018521443
2026-10-04 20:21:17,20261004-202117,SC,Santa Catarina,Sul,22,Flavio Bolsonaro,PL,2932783,66.649539066
2026-10-04 20:21:17,20261004-202117,SC,Santa Catarina,Sul,27,Clariana Barao,DC,1406,0.031952331
2026-10-04 20:21:17,20261004-202117,SC,Santa Catarina,Sul,29,Rui Costa Pimenta,PCO,634,0.014408092
2026-10-04 20:21:17,20261004-202117,SC,Santa Catarina,Sul,30,Zema,NOVO,16502,0.375019459
2026-10-04 20:21:17,20261004-202117,SC,Santa Catarina,Sul,35,Veterinário Wilson Grassi,DEMOCRATA,550,0.012499134
2026-10-04 20:21:17,20261004-202117,SC,Santa Catarina,Sul,55,Ronaldo Caiado,PSD,78311,1.779672091
2026-10-04 20:21:17,20261004-202117,SC,Santa Catarina,Sul,70,Escritor Augusto Cury,AVANTE,131281,2.983452283
2026-10-04 20:21:17,20261004-202117,SC,Santa Catarina,Sul,80,Samara,UP,4971,0.112969442
2026-10-04 20:21:17,20261004-202117,SE,Sergipe,Nordeste,13,Lula,PT,814572,62.457694307
2026-10-04 20:21:17,20261004-202117,SE,Sergipe,Nordeste,14,Renan Santos,MISSÃO,20756,1.591476141
2026-10-04 20:21:17,20261004-202117,SE,Sergipe,Nordeste,16,Hertz Dias,PSTU,325,0.024919529
2026-10-04 20:21:17,20261004-202117,SE,Sergipe,Nordeste,21,Edmilson Costa,PCB,199,0.015258419
2026-10-04 20:21:17,20261004-202117,SE,Sergipe,Nordeste,22,Flavio Bolsonaro,PL,402335,30.849226881
2026-10-04 20:21:17,20261004-202117,SE,Sergipe,Nordeste,27,Clariana Barao,DC,447,0.034273937
2026-10-04 20:21:17,20261004-202117,SE,Sergipe,Nordeste,29,Rui Costa Pimenta,PCO,103,0.007897574
2026-10-04 20:21:17,20261004-202117,SE,Sergipe,Nordeste,30,Zema,NOVO,1121,0.085953206
2026-10-04 20:21:17,20261004-202117,SE,Sergipe,Nordeste,35,Veterinário Wilson Grassi,DEMOCRATA,137,0.01050454
2026-10-04 20:21:17,20261004-202117,SE,Sergipe,Nordeste,55,Ronaldo Caiado,PSD,25581,1.961435304
2026-10-04 20:21:17,20261004-202117,SE,Sergipe,Nordeste,70,Escritor Augusto Cury,AVANTE,37663,2.887828382
2026-10-04 20:21:17,20261004-202117,SE,Sergipe,Nordeste,80,Samara,UP,959,0.07353178
2026-10-04 20:21:17,20261004-202117,SP,São Paulo,Sudeste,13,Lula,PT,8934524,38.101491918
2026-10-04 20:21:17,20261004-202117,SP,São Paulo,Sudeste,14,Renan Santos,MISSÃO,757282,3.229447255
2026-10-04 20:21:17,20261004-202117,SP,São Paulo,Sudeste,16,Hertz Dias,PSTU,14979,0.063878305
2026-10-04 20:21:17,20261004-202117,SP,São Paulo,Sudeste,21,Edmilson Costa,PCB,5747,0.024508219
2026-10-04 20:21:17,20261004-202117,SP,São Paulo,Sudeste,22,Flavio Bolsonaro,PL,12201137,52.032041416
2026-10-04 20:21:17,20261004-202117,SP,São Paulo,Sudeste,27,Clariana Barao,DC,9931,0.042350988
2026-10-04 20:21:17,20261004-202117,SP,São Paulo,Sudeste,29,Rui Costa Pimenta,PCO,4212,0.017962175
2026-10-04 20:21:17,20261004-202117,SP,São Paulo,Sudeste,30,Zema,NOVO,89559,0.381926504
2026-10-04 20:21:17,20261004-202117,SP,São Paulo,Sudeste,35,Veterinário Wilson Grassi,DEMOCRATA,4889,0.020849258
2026-10-04 20:21:17,20261004-202117,SP,São Paulo,Sudeste,55,Ronaldo Caiado,PSD,547031,2.332826822
2026-10-04 20:21:17,20261004-202117,SP,São Paulo,Sudeste,70,Escritor Augusto Cury,AVANTE,839960,3.582029569
2026-10-04 20:21:17,20261004-202117,SP,São Paulo,Sudeste,80,Samara,UP,40025,0.170687573
2026-10-04 20:21:17,20261004-202117,TO,Tocantins,Norte,13,Lula,PT,401003,43.4674636
2026-10-04 20:21:17,20261004-202117,TO,Tocantins,Norte,14,Renan Santos,MISSÃO,12858,1.393766747
2026-10-04 20:21:17,20261004-202117,TO,Tocantins,Norte,16,Hertz Dias,PSTU,100,0.010839685
2026-10-04 20:21:17,20261004-202117,TO,Tocantins,Norte,21,Edmilson Costa,PCB,116,0.012574035
2026-10-04 20:21:17,20261004-202117,TO,Tocantins,Norte,22,Flavio Bolsonaro,PL,464945,50.398575232
2026-10-04 20:21:17,20261004-202117,TO,Tocantins,Norte,27,Clariana Barao,DC,170,0.018427465
2026-10-04 20:21:17,20261004-202117,TO,Tocantins,Norte,29,Rui Costa Pimenta,PCO,64,0.006937399
2026-10-04 20:21:17,20261004-202117,TO,Tocantins,Norte,30,Zema,NOVO,590,0.063954144
2026-10-04 20:21:17,20261004-202117,TO,Tocantins,Norte,35,Veterinário Wilson Grassi,DEMOCRATA,67,0.007262589
2026-10-04 20:21:17,20261004-202117,TO,Tocantins,Norte,55,Ronaldo Caiado,PSD,20026,2.170755396
2026-10-04 20:21:17,20261004-202117,TO,Tocantins,Norte,70,Escritor Augusto Cury,AVANTE,22204,2.406843744
2026-10-04 20:21:17,20261004-202117,TO,Tocantins,Norte,80,Samara,UP,393,0.042599964
2026-10-04 20:21:17,20261004-202117,ZZ,Exterior,Exterior,13,Lula,PT,126203,49.78539926
2026-10-04 20:21:17,20261004-202117,ZZ,Exterior,Exterior,14,Renan Santos,MISSÃO,6905,2.723930349
2026-10-04 20:21:17,20261004-202117,ZZ,Exterior,Exterior,16,Hertz Dias,PSTU,322,0.127024703
2026-10-04 20:21:17,20261004-202117,ZZ,Exterior,Exterior,21,Edmilson Costa,PCB,359,0.141620709
2026-10-04 20:21:17,20261004-202117,ZZ,Exterior,Exterior,22,Flavio Bolsonaro,PL,103741,40.924440026
2026-10-04 20:21:17,20261004-202117,ZZ,Exterior,Exterior,27,Clariana Barao,DC,737,0.290736664
2026-10-04 20:21:17,20261004-202117,ZZ,Exterior,Exterior,29,Rui Costa Pimenta,PCO,155,0.061145431
2026-10-04 20:21:17,20261004-202117,ZZ,Exterior,Exterior,30,Zema,NOVO,2449,0.966097817
2026-10-04 20:21:17,20261004-202117,ZZ,Exterior,Exterior,35,Veterinário Wilson Grassi,DEMOCRATA,284,0.11203421
2026-10-04 20:21:17,20261004-202117,ZZ,Exterior,Exterior,55,Ronaldo Caiado,PSD,3613,1.425280283
2026-10-04 20:21:17,20261004-202117,ZZ,Exterior,Exterior,70,Escritor Augusto Cury,AVANTE,7810,3.080940772
2026-10-04 20:21:17,20261004-202117,ZZ,Exterior,Exterior,80,Samara,UP,916,0.361349776
2026-10-04 20:23:11,20261004-202311,AC,Acre,Norte,13,Lula,PT,133768,28.738881966
2026-10-04 20:23:11,20261004-202311,AC,Acre,Norte,14,Renan Santos,MISSÃO,7924,1.702401925
2026-10-04 20:23:11,20261004-202311,AC,Acre,Norte,16,Hertz Dias,PSTU,71,0.015253727
2026-10-04 20:23:11,20261004-202311,AC,Acre,Norte,21,Edmilson Costa,PCB,139,0.029862931
2026-10-04 20:23:11,20261004-202311,AC,Acre,Norte,22,Flavio Bolsonaro,PL,300451,64.549263095
2026-10-04 20:23:11,20261004-202311,AC,Acre,Norte,27,Clariana Barao,DC,210,0.045116659
2026-10-04 20:23:11,20261004-202311,AC,Acre,Norte,29,Rui Costa Pimenta,PCO,38,0.008163967
2026-10-04 20:23:11,20261004-202311,AC,Acre,Norte,30,Zema,NOVO,569,0.122244661
2026-10-04 20:23:11,20261004-202311,AC,Acre,Norte,35,Veterinário Wilson Grassi,DEMOCRATA,39,0.008378808
2026-10-04 20:23:11,20261004-202311,AC,Acre,Norte,55,Ronaldo Caiado,PSD,8520,1.830447299
2026-10-04 20:23:11,20261004-202311,AC,Acre,Norte,70,Escritor Augusto Cury,AVANTE,13418,2.882739655
2026-10-04 20:23:11,20261004-202311,AC,Acre,Norte,80,Samara,UP,313,0.067245306
2026-10-04 20:23:11,20261004-202311,AL,Alagoas,Nordeste,13,Lula,PT,704381,56.266934855
2026-10-04 20:23:11,20261004-202311,AL,Alagoas,Nordeste,14,Renan Santos,MISSÃO,17589,1.405033806
2026-10-04 20:23:11,20261004-202311,AL,Alagoas,Nordeste,16,Hertz Dias,PSTU,296,0.023644892
2026-10-04 20:23:11,20261004-202311,AL,Alagoas,Nordeste,21,Edmilson Costa,PCB,187,0.01493782
2026-10-04 20:23:11,20261004-202311,AL,Alagoas,Nordeste,22,Flavio Bolsonaro,PL,489532,39.104497642
2026-10-04 20:23:11,20261004-202311,AL,Alagoas,Nordeste,27,Clariana Barao,DC,423,0.033789829
2026-10-04 20:23:11,20261004-202311,AL,Alagoas,Nordeste,29,Rui Costa Pimenta,PCO,64,0.005112409
2026-10-04 20:23:11,20261004-202311,AL,Alagoas,Nordeste,30,Zema,NOVO,743,0.059351874
2026-10-04 20:23:11,20261004-202311,AL,Alagoas,Nordeste,35,Veterinário Wilson Grassi,DEMOCRATA,158,0.01262126
2026-10-04 20:23:11,20261004-202311,AL,Alagoas,Nordeste,55,Ronaldo Caiado,PSD,8911,0.711823085
2026-10-04 20:23:11,20261004-202311,AL,Alagoas,Nordeste,70,Escritor Augusto Cury,AVANTE,28757,2.297149193
2026-10-04 20:23:11,20261004-202311,AL,Alagoas,Nordeste,80,Samara,UP,815,0.065103335
2026-10-04 20:23:11,20261004-202311,AM,Amazonas,Norte,13,Lula,PT,915384,46.579805058
2026-10-04 20:23:11,20261004-202311,AM,Amazonas,Norte,14,Renan Santos,MISSÃO,33683,1.713977493
2026-10-04 20:23:11,20261004-202311,AM,Amazonas,Norte,16,Hertz Dias,PSTU,447,0.022745834
2026-10-04 20:23:11,20261004-202311,AM,Amazonas,Norte,21,Edmilson Costa,PCB,243,0.012365185
2026-10-04 20:23:11,20261004-202311,AM,Amazonas,Norte,22,Flavio Bolsonaro,PL,911098,46.361709652
2026-10-04 20:23:11,20261004-202311,AM,Amazonas,Norte,27,Clariana Barao,DC,892,0.045389898
2026-10-04 20:23:11,20261004-202311,AM,Amazonas,Norte,29,Rui Costa Pimenta,PCO,158,0.008039915
2026-10-04 20:23:11,20261004-202311,AM,Amazonas,Norte,30,Zema,NOVO,1724,0.087726663
2026-10-04 20:23:11,20261004-202311,AM,Amazonas,Norte,35,Veterinário Wilson Grassi,DEMOCRATA,281,0.014298835
2026-10-04 20:23:11,20261004-202311,AM,Amazonas,Norte,55,Ronaldo Caiado,PSD,26089,1.327552736
2026-10-04 20:23:11,20261004-202311,AM,Amazonas,Norte,70,Escritor Augusto Cury,AVANTE,73387,3.734336796
2026-10-04 20:23:11,20261004-202311,AM,Amazonas,Norte,80,Samara,UP,1809,0.092051934
2026-10-04 20:23:11,20261004-202311,AP,Amapá,Norte,13,Lula,PT,192024,46.006885795
2026-10-04 20:23:11,20261004-202311,AP,Amapá,Norte,14,Renan Santos,MISSÃO,10016,2.39972591
2026-10-04 20:23:11,20261004-202311,AP,Amapá,Norte,16,Hertz Dias,PSTU,112,0.026833996
2026-10-04 20:23:11,20261004-202311,AP,Amapá,Norte,21,Edmilson Costa,PCB,53,0.01269823
2026-10-04 20:23:11,20261004-202311,AP,Amapá,Norte,22,Flavio Bolsonaro,PL,189552,45.414621173
2026-10-04 20:23:11,20261004-202311,AP,Amapá,Norte,27,Clariana Barao,DC,205,0.049115796
2026-10-04 20:23:11,20261004-202311,AP,Amapá,Norte,29,Rui Costa Pimenta,PCO,47,0.011260695
2026-10-04 20:23:11,20261004-202311,AP,Amapá,Norte,30,Zema,NOVO,305,0.073074721
2026-10-04 20:23:11,20261004-202311,AP,Amapá,Norte,35,Veterinário Wilson Grassi,DEMOCRATA,43,0.010302338
2026-10-04 20:23:11,20261004-202311,AP,Amapá,Norte,55,Ronaldo Caiado,PSD,7393,1.771283312
2026-10-04 20:23:11,20261004-202311,AP,Amapá,Norte,70,Escritor Augusto Cury,AVANTE,17181,4.116382873
2026-10-04 20:23:11,20261004-202311,AP,Amapá,Norte,80,Samara,UP,450,0.107815162
2026-10-04 20:23:11,20261004-202311,BA,Bahia,Nordeste,13,Lula,PT,4238734,65.176468019
2026-10-04 20:23:11,20261004-202311,BA,Bahia,Nordeste,14,Renan Santos,MISSÃO,94346,1.450701802
2026-10-04 20:23:11,20261004-202311,BA,Bahia,Nordeste,16,Hertz Dias,PSTU,1437,0.022095886
2026-10-04 20:23:11,20261004-202311,BA,Bahia,Nordeste,21,Edmilson Costa,PCB,977,0.015022742
2026-10-04 20:23:11,20261004-202311,BA,Bahia,Nordeste,22,Flavio Bolsonaro,PL,1907236,29.326422974
2026-10-04 20:23:11,20261004-202311,BA,Bahia,Nordeste,27,Clariana Barao,DC,1321,0.020312224
2026-10-04 20:23:11,20261004-202311,BA,Bahia,Nordeste,29,Rui Costa Pimenta,PCO,613,0.009425733
2026-10-04 20:23:11,20261004-202311,BA,Bahia,Nordeste,30,Zema,NOVO,5374,0.082632772
2026-10-04 20:23:11,20261004-202311,BA,Bahia,Nordeste,35,Veterinário Wilson Grassi,DEMOCRATA,482,0.007411425
2026-10-04 20:23:11,20261004-202311,BA,Bahia,Nordeste,55,Ronaldo Caiado,PSD,97110,1.493202171
2026-10-04 20:23:11,20261004-202311,BA,Bahia,Nordeste,70,Escritor Augusto Cury,AVANTE,152053,2.338027697
2026-10-04 20:23:11,20261004-202311,BA,Bahia,Nordeste,80,Samara,UP,3790,0.058276555
2026-10-04 20:23:11,20261004-202311,CE,Ceará,Nordeste,13,Lula,PT,2740392,61.989076101
2026-10-04 20:23:11,20261004-202311,CE,Ceará,Nordeste,14,Renan Santos,MISSÃO,89673,2.028449368
2026-10-04 20:23:11,20261004-202311,CE,Ceará,Nordeste,16,Hertz Dias,PSTU,1255,0.028388745
2026-10-04 20:23:11,20261004-202311,CE,Ceará,Nordeste,21,Edmilson Costa,PCB,632,0.014296165
2026-10-04 20:23:11,20261004-202311,CE,Ceará,Nordeste,22,Flavio Bolsonaro,PL,1428084,32.303994376
2026-10-04 20:23:11,20261004-202311,CE,Ceará,Nordeste,27,Clariana Barao,DC,887,0.020064396
2026-10-04 20:23:11,20261004-202311,CE,Ceará,Nordeste,29,Rui Costa Pimenta,PCO,414,0.009364893
2026-10-04 20:23:11,20261004-202311,CE,Ceará,Nordeste,30,Zema,NOVO,3820,0.086410364
2026-10-04 20:23:11,20261004-202311,CE,Ceará,Nordeste,35,Veterinário Wilson Grassi,DEMOCRATA,407,0.009206549
2026-10-04 20:23:11,20261004-202311,CE,Ceará,Nordeste,55,Ronaldo Caiado,PSD,37854,0.856276944
2026-10-04 20:23:11,20261004-202311,CE,Ceará,Nordeste,70,Escritor Augusto Cury,AVANTE,114444,2.588782125
2026-10-04 20:23:11,20261004-202311,CE,Ceará,Nordeste,80,Samara,UP,2904,0.065689973
2026-10-04 20:23:11,20261004-202311,DF,Distrito Federal,Centro-Oeste,13,Lula,PT,675627,38.110556812
2026-10-04 20:23:11,20261004-202311,DF,Distrito Federal,Centro-Oeste,14,Renan Santos,MISSÃO,46714,2.635028723
2026-10-04 20:23:11,20261004-202311,DF,Distrito Federal,Centro-Oeste,16,Hertz Dias,PSTU,828,0.046705565
2026-10-04 20:23:11,20261004-202311,DF,Distrito Federal,Centro-Oeste,21,Edmilson Costa,PCB,334,0.018840168
2026-10-04 20:23:11,20261004-202311,DF,Distrito Federal,Centro-Oeste,22,Flavio Bolsonaro,PL,909616,51.309335247
2026-10-04 20:23:11,20261004-202311,DF,Distrito Federal,Centro-Oeste,27,Clariana Barao,DC,716,0.040387904
2026-10-04 20:23:11,20261004-202311,DF,Distrito Federal,Centro-Oeste,29,Rui Costa Pimenta,PCO,382,0.021547737
2026-10-04 20:23:11,20261004-202311,DF,Distrito Federal,Centro-Oeste,30,Zema,NOVO,4915,0.277243785
2026-10-04 20:23:11,20261004-202311,DF,Distrito Federal,Centro-Oeste,35,Veterinário Wilson Grassi,DEMOCRATA,324,0.018276091
2026-10-04 20:23:11,20261004-202311,DF,Distrito Federal,Centro-Oeste,55,Ronaldo Caiado,PSD,85076,4.798940438
2026-10-04 20:23:11,20261004-202311,DF,Distrito Federal,Centro-Oeste,70,Escritor Augusto Cury,AVANTE,45979,2.593569072
2026-10-04 20:23:11,20261004-202311,DF,Distrito Federal,Centro-Oeste,80,Samara,UP,2297,0.129568459
2026-10-04 20:23:11,20261004-202311,ES,Espírito Santo,Sudeste,13,Lula,PT,846133,37.746916816
2026-10-04 20:23:11,20261004-202311,ES,Espírito Santo,Sudeste,14,Renan Santos,MISSÃO,53019,2.365235468
2026-10-04 20:23:11,20261004-202311,ES,Espírito Santo,Sudeste,16,Hertz Dias,PSTU,636,0.028372654
2026-10-04 20:23:11,20261004-202311,ES,Espírito Santo,Sudeste,21,Edmilson Costa,PCB,381,0.016996826
2026-10-04 20:23:11,20261004-202311,ES,Espírito Santo,Sudeste,22,Flavio Bolsonaro,PL,1228293,54.795491603
2026-10-04 20:23:11,20261004-202311,ES,Espírito Santo,Sudeste,27,Clariana Barao,DC,971,0.04331737
2026-10-04 20:23:11,20261004-202311,ES,Espírito Santo,Sudeste,29,Rui Costa Pimenta,PCO,243,0.010840495
2026-10-04 20:23:11,20261004-202311,ES,Espírito Santo,Sudeste,30,Zema,NOVO,5852,0.261064108
2026-10-04 20:23:11,20261004-202311,ES,Espírito Santo,Sudeste,35,Veterinário Wilson Grassi,DEMOCRATA,311,0.01387405
2026-10-04 20:23:11,20261004-202311,ES,Espírito Santo,Sudeste,55,Ronaldo Caiado,PSD,38941,1.73720052
2026-10-04 20:23:11,20261004-202311,ES,Espírito Santo,Sudeste,70,Escritor Augusto Cury,AVANTE,64854,2.893207738
2026-10-04 20:23:11,20261004-202311,ES,Espírito Santo,Sudeste,80,Samara,UP,1961,0.087482351
2026-10-04 20:23:11,20261004-202311,GO,Goiás,Centro-Oeste,13,Lula,PT,1133372,30.803718607
2026-10-04 20:23:11,20261004-202311,GO,Goiás,Centro-Oeste,14,Renan Santos,MISSÃO,52519,1.42740468
2026-10-04 20:23:11,20261004-202311,GO,Goiás,Centro-Oeste,16,Hertz Dias,PSTU,642,0.017448805
2026-10-04 20:23:11,20261004-202311,GO,Goiás,Centro-Oeste,21,Edmilson Costa,PCB,445,0.012094577
2026-10-04 20:23:11,20261004-202311,GO,Goiás,Centro-Oeste,22,Flavio Bolsonaro,PL,1980990,53.840979416
2026-10-04 20:23:11,20261004-202311,GO,Goiás,Centro-Oeste,27,Clariana Barao,DC,544,0.01478528
2026-10-04 20:23:11,20261004-202311,GO,Goiás,Centro-Oeste,29,Rui Costa Pimenta,PCO,254,0.006903421
2026-10-04 20:23:11,20261004-202311,GO,Goiás,Centro-Oeste,30,Zema,NOVO,2612,0.070991089
2026-10-04 20:23:11,20261004-202311,GO,Goiás,Centro-Oeste,35,Veterinário Wilson Grassi,DEMOCRATA,338,0.009186443
2026-10-04 20:23:11,20261004-202311,GO,Goiás,Centro-Oeste,55,Ronaldo Caiado,PSD,453430,12.323694363
2026-10-04 20:23:11,20261004-202311,GO,Goiás,Centro-Oeste,70,Escritor Augusto Cury,AVANTE,52152,1.417430052
2026-10-04 20:23:11,20261004-202311,GO,Goiás,Centro-Oeste,80,Samara,UP,2037,0.055363265
2026-10-04 20:23:11,20261004-202311,MA,Maranhão,Nordeste,13,Lula,PT,2088662,62.880501391
2026-10-04 20:23:11,20261004-202311,MA,Maranhão,Nordeste,14,Renan Santos,MISSÃO,51065,1.537344388
2026-10-04 20:23:11,20261004-202311,MA,Maranhão,Nordeste,16,Hertz Dias,PSTU,1275,0.038384688
2026-10-04 20:23:11,20261004-202311,MA,Maranhão,Nordeste,21,Edmilson Costa,PCB,391,0.011771304
2026-10-04 20:23:11,20261004-202311,MA,Maranhão,Nordeste,22,Flavio Bolsonaro,PL,1059293,31.890691247
2026-10-04 20:23:11,20261004-202311,MA,Maranhão,Nordeste,27,Clariana Barao,DC,756,0.022759862
2026-10-04 20:23:11,20261004-202311,MA,Maranhão,Nordeste,29,Rui Costa Pimenta,PCO,190,0.005720071
2026-10-04 20:23:11,20261004-202311,MA,Maranhão,Nordeste,30,Zema,NOVO,3852,0.115966916
2026-10-04 20:23:11,20261004-202311,MA,Maranhão,Nordeste,35,Veterinário Wilson Grassi,DEMOCRATA,249,0.007496304
2026-10-04 20:23:11,20261004-202311,MA,Maranhão,Nordeste,55,Ronaldo Caiado,PSD,42430,1.277382206
2026-10-04 20:23:11,20261004-202311,MA,Maranhão,Nordeste,70,Escritor Augusto Cury,AVANTE,71944,2.165919997
2026-10-04 20:23:11,20261004-202311,MA,Maranhão,Nordeste,80,Samara,UP,1530,0.046061626
2026-10-04 20:23:11,20261004-202311,MG,Minas Gerais,Sudeste,13,Lula,PT,4469409,42.584346497
2026-10-04 20:23:11,20261004-202311,MG,Minas Gerais,Sudeste,14,Renan Santos,MISSÃO,222068,2.115854838
2026-10-04 20:23:11,20261004-202311,MG,Minas Gerais,Sudeste,16,Hertz Dias,PSTU,3762,0.035844182
2026-10-04 20:23:11,20261004-202311,MG,Minas Gerais,Sudeste,21,Edmilson Costa,PCB,2028,0.019322701
2026-10-04 20:23:11,20261004-202311,MG,Minas Gerais,Sudeste,22,Flavio Bolsonaro,PL,5124383,48.824912031
2026-10-04 20:23:11,20261004-202311,MG,Minas Gerais,Sudeste,27,Clariana Barao,DC,3053,0.029088859
2026-10-04 20:23:11,20261004-202311,MG,Minas Gerais,Sudeste,29,Rui Costa Pimenta,PCO,1304,0.012424459
2026-10-04 20:23:11,20261004-202311,MG,Minas Gerais,Sudeste,30,Zema,NOVO,89340,0.851227873
2026-10-04 20:23:11,20261004-202311,MG,Minas Gerais,Sudeste,35,Veterinário Wilson Grassi,DEMOCRATA,1557,0.014835032
2026-10-04 20:23:11,20261004-202311,MG,Minas Gerais,Sudeste,55,Ronaldo Caiado,PSD,205727,1.960158458
2026-10-04 20:23:11,20261004-202311,MG,Minas Gerais,Sudeste,70,Escritor Augusto Cury,AVANTE,362717,3.455952769
2026-10-04 20:23:11,20261004-202311,MG,Minas Gerais,Sudeste,80,Samara,UP,10079,0.096032301
2026-10-04 20:23:11,20261004-202311,MS,Mato Grosso do Sul,Centro-Oeste,13,Lula,PT,516014,34.649299512
2026-10-04 20:23:11,20261004-202311,MS,Mato Grosso do Sul,Centro-Oeste,14,Renan Santos,MISSÃO,31846,2.13839468
2026-10-04 20:23:11,20261004-202311,MS,Mato Grosso do Sul,Centro-Oeste,16,Hertz Dias,PSTU,353,0.023703238
2026-10-04 20:23:11,20261004-202311,MS,Mato Grosso do Sul,Centro-Oeste,21,Edmilson Costa,PCB,332,0.02229313
2026-10-04 20:23:11,20261004-202311,MS,Mato Grosso do Sul,Centro-Oeste,22,Flavio Bolsonaro,PL,873173,58.63180612
2026-10-04 20:23:11,20261004-202311,MS,Mato Grosso do Sul,Centro-Oeste,27,Clariana Barao,DC,626,0.042034638
2026-10-04 20:23:11,20261004-202311,MS,Mato Grosso do Sul,Centro-Oeste,29,Rui Costa Pimenta,PCO,183,0.012288081
2026-10-04 20:23:11,20261004-202311,MS,Mato Grosso do Sul,Centro-Oeste,30,Zema,NOVO,2792,0.18747717
2026-10-04 20:23:11,20261004-202311,MS,Mato Grosso do Sul,Centro-Oeste,35,Veterinário Wilson Grassi,DEMOCRATA,209,0.014033929
2026-10-04 20:23:11,20261004-202311,MS,Mato Grosso do Sul,Centro-Oeste,55,Ronaldo Caiado,PSD,23285,1.563540794
2026-10-04 20:23:11,20261004-202311,MS,Mato Grosso do Sul,Centro-Oeste,70,Escritor Augusto Cury,AVANTE,39144,2.628440663
2026-10-04 20:23:11,20261004-202311,MS,Mato Grosso do Sul,Centro-Oeste,80,Samara,UP,1291,0.086688047
2026-10-04 20:23:11,20261004-202311,MT,Mato Grosso,Centro-Oeste,13,Lula,PT,567779,29.01791327
2026-10-04 20:23:11,20261004-202311,MT,Mato Grosso,Centro-Oeste,14,Renan Santos,MISSÃO,32713,1.671888176
2026-10-04 20:23:11,20261004-202311,MT,Mato Grosso,Centro-Oeste,16,Hertz Dias,PSTU,333,0.017018884
2026-10-04 20:23:11,20261004-202311,MT,Mato Grosso,Centro-Oeste,21,Edmilson Costa,PCB,234,0.011959216
2026-10-04 20:23:11,20261004-202311,MT,Mato Grosso,Centro-Oeste,22,Flavio Bolsonaro,PL,1277551,65.292770807
2026-10-04 20:23:11,20261004-202311,MT,Mato Grosso,Centro-Oeste,27,Clariana Barao,DC,1852,0.094651573
2026-10-04 20:23:11,20261004-202311,MT,Mato Grosso,Centro-Oeste,29,Rui Costa Pimenta,PCO,127,0.006490686
2026-10-04 20:23:11,20261004-202311,MT,Mato Grosso,Centro-Oeste,30,Zema,NOVO,2399,0.122607518
2026-10-04 20:23:11,20261004-202311,MT,Mato Grosso,Centro-Oeste,35,Veterinário Wilson Grassi,DEMOCRATA,168,0.008586104
2026-10-04 20:23:11,20261004-202311,MT,Mato Grosso,Centro-Oeste,55,Ronaldo Caiado,PSD,32526,1.662331025
2026-10-04 20:23:11,20261004-202311,MT,Mato Grosso,Centro-Oeste,70,Escritor Augusto Cury,AVANTE,39408,2.014054634
2026-10-04 20:23:11,20261004-202311,MT,Mato Grosso,Centro-Oeste,80,Samara,UP,1560,0.079728107
2026-10-04 20:23:11,20261004-202311,PA,Pará,Norte,13,Lula,PT,2082370,48.571545863
2026-10-04 20:23:11,20261004-202311,PA,Pará,Norte,14,Renan Santos,MISSÃO,77785,1.814345047
2026-10-04 20:23:11,20261004-202311,PA,Pará,Norte,16,Hertz Dias,PSTU,990,0.023091876
2026-10-04 20:23:11,20261004-202311,PA,Pará,Norte,21,Edmilson Costa,PCB,595,0.013878451
2026-10-04 20:23:11,20261004-202311,PA,Pará,Norte,22,Flavio Bolsonaro,PL,1955860,45.620683977
2026-10-04 20:23:11,20261004-202311,PA,Pará,Norte,27,Clariana Barao,DC,1201,0.028013478
2026-10-04 20:23:11,20261004-202311,PA,Pará,Norte,29,Rui Costa Pimenta,PCO,287,0.006694312
2026-10-04 20:23:11,20261004-202311,PA,Pará,Norte,30,Zema,NOVO,2848,0.066429963
2026-10-04 20:23:11,20261004-202311,PA,Pará,Norte,35,Veterinário Wilson Grassi,DEMOCRATA,409,0.009539977
2026-10-04 20:23:11,20261004-202311,PA,Pará,Norte,55,Ronaldo Caiado,PSD,47465,1.107127179
2026-10-04 20:23:11,20261004-202311,PA,Pará,Norte,70,Escritor Augusto Cury,AVANTE,113837,2.655262545
2026-10-04 20:23:11,20261004-202311,PA,Pará,Norte,80,Samara,UP,3575,0.083387331
2026-10-04 20:23:11,20261004-202311,PB,Paraíba,Nordeste,13,Lula,PT,1525226,61.263282623
2026-10-04 20:23:11,20261004-202311,PB,Paraíba,Nordeste,14,Renan Santos,MISSÃO,41956,1.68523372
2026-10-04 20:23:11,20261004-202311,PB,Paraíba,Nordeste,16,Hertz Dias,PSTU,622,0.024983682
2026-10-04 20:23:11,20261004-202311,PB,Paraíba,Nordeste,21,Edmilson Costa,PCB,344,0.013817342
2026-10-04 20:23:11,20261004-202311,PB,Paraíba,Nordeste,22,Flavio Bolsonaro,PL,824245,33.107194859
2026-10-04 20:23:11,20261004-202311,PB,Paraíba,Nordeste,27,Clariana Barao,DC,599,0.024059848
2026-10-04 20:23:11,20261004-202311,PB,Paraíba,Nordeste,29,Rui Costa Pimenta,PCO,271,0.010885173
2026-10-04 20:23:11,20261004-202311,PB,Paraíba,Nordeste,30,Zema,NOVO,1976,0.079369383
2026-10-04 20:23:11,20261004-202311,PB,Paraíba,Nordeste,35,Veterinário Wilson Grassi,DEMOCRATA,215,0.008635839
2026-10-04 20:23:11,20261004-202311,PB,Paraíba,Nordeste,55,Ronaldo Caiado,PSD,19331,0.776462319
2026-10-04 20:23:11,20261004-202311,PB,Paraíba,Nordeste,70,Escritor Augusto Cury,AVANTE,73256,2.942451172
2026-10-04 20:23:11,20261004-202311,PB,Paraíba,Nordeste,80,Samara,UP,1584,0.06362404
2026-10-04 20:23:11,20261004-202311,PE,Pernambuco,Nordeste,13,Lula,PT,3000734,62.809173171
2026-10-04 20:23:11,20261004-202311,PE,Pernambuco,Nordeste,14,Renan Santos,MISSÃO,74221,1.553539781
2026-10-04 20:23:11,20261004-202311,PE,Pernambuco,Nordeste,16,Hertz Dias,PSTU,1002,0.020973132
2026-10-04 20:23:11,20261004-202311,PE,Pernambuco,Nordeste,21,Edmilson Costa,PCB,603,0.012621556
2026-10-04 20:23:11,20261004-202311,PE,Pernambuco,Nordeste,22,Flavio Bolsonaro,PL,1510177,31.609922343
2026-10-04 20:23:11,20261004-202311,PE,Pernambuco,Nordeste,27,Clariana Barao,DC,761,0.015928696
2026-10-04 20:23:11,20261004-202311,PE,Pernambuco,Nordeste,29,Rui Costa Pimenta,PCO,369,0.007723639
2026-10-04 20:23:11,20261004-202311,PE,Pernambuco,Nordeste,30,Zema,NOVO,5474,0.114577771
2026-10-04 20:23:11,20261004-202311,PE,Pernambuco,Nordeste,35,Veterinário Wilson Grassi,DEMOCRATA,400,0.008372508
2026-10-04 20:23:11,20261004-202311,PE,Pernambuco,Nordeste,55,Ronaldo Caiado,PSD,63241,1.323714438
2026-10-04 20:23:11,20261004-202311,PE,Pernambuco,Nordeste,70,Escritor Augusto Cury,AVANTE,118458,2.479476367
2026-10-04 20:23:11,20261004-202311,PE,Pernambuco,Nordeste,80,Samara,UP,2101,0.043976598
2026-10-04 20:23:11,20261004-202311,PI,Piauí,Nordeste,13,Lula,PT,1358609,70.503803579
2026-10-04 20:23:11,20261004-202311,PI,Piauí,Nordeste,14,Renan Santos,MISSÃO,29597,1.535909945
2026-10-04 20:23:11,20261004-202311,PI,Piauí,Nordeste,16,Hertz Dias,PSTU,407,0.021120902
2026-10-04 20:23:11,20261004-202311,PI,Piauí,Nordeste,21,Edmilson Costa,PCB,274,0.014218986
2026-10-04 20:23:11,20261004-202311,PI,Piauí,Nordeste,22,Flavio Bolsonaro,PL,471921,24.489919829
2026-10-04 20:23:11,20261004-202311,PI,Piauí,Nordeste,27,Clariana Barao,DC,453,0.023508031
2026-10-04 20:23:11,20261004-202311,PI,Piauí,Nordeste,29,Rui Costa Pimenta,PCO,130,0.006746234
2026-10-04 20:23:11,20261004-202311,PI,Piauí,Nordeste,30,Zema,NOVO,1260,0.065386577
2026-10-04 20:23:11,20261004-202311,PI,Piauí,Nordeste,35,Veterinário Wilson Grassi,DEMOCRATA,171,0.008873893
2026-10-04 20:23:11,20261004-202311,PI,Piauí,Nordeste,55,Ronaldo Caiado,PSD,19657,1.020082501
2026-10-04 20:23:11,20261004-202311,PI,Piauí,Nordeste,70,Escritor Augusto Cury,AVANTE,43517,2.258275943
2026-10-04 20:23:11,20261004-202311,PI,Piauí,Nordeste,80,Samara,UP,1005,0.05215358
2026-10-04 20:23:11,20261004-202311,PR,Paraná,Sul,13,Lula,PT,2046676,31.170539284
2026-10-04 20:23:11,20261004-202311,PR,Paraná,Sul,14,Renan Santos,MISSÃO,177180,2.698422296
2026-10-04 20:23:11,20261004-202311,PR,Paraná,Sul,16,Hertz Dias,PSTU,2049,0.031205933
2026-10-04 20:23:11,20261004-202311,PR,Paraná,Sul,21,Edmilson Costa,PCB,1189,0.018108275
2026-10-04 20:23:11,20261004-202311,PR,Paraná,Sul,22,Flavio Bolsonaro,PL,3935159,59.931825163
2026-10-04 20:23:11,20261004-202311,PR,Paraná,Sul,27,Clariana Barao,DC,2439,0.037145569
2026-10-04 20:23:11,20261004-202311,PR,Paraná,Sul,29,Rui Costa Pimenta,PCO,913,0.01390484
2026-10-04 20:23:11,20261004-202311,PR,Paraná,Sul,30,Zema,NOVO,17150,0.261191683
2026-10-04 20:23:11,20261004-202311,PR,Paraná,Sul,35,Veterinário Wilson Grassi,DEMOCRATA,962,0.014651102
2026-10-04 20:23:11,20261004-202311,PR,Paraná,Sul,55,Ronaldo Caiado,PSD,170873,2.602367722
2026-10-04 20:23:11,20261004-202311,PR,Paraná,Sul,70,Escritor Augusto Cury,AVANTE,204741,3.118171798
2026-10-04 20:23:11,20261004-202311,PR,Paraná,Sul,80,Samara,UP,6728,0.102466335
2026-10-04 20:23:11,20261004-202311,RJ,Rio de Janeiro,Sudeste,13,Lula,PT,2994449,39.188280352
2026-10-04 20:23:11,20261004-202311,RJ,Rio de Janeiro,Sudeste,14,Renan Santos,MISSÃO,170501,2.23134239
2026-10-04 20:23:11,20261004-202311,RJ,Rio de Janeiro,Sudeste,16,Hertz Dias,PSTU,3240,0.0424018
2026-10-04 20:23:11,20261004-202311,RJ,Rio de Janeiro,Sudeste,21,Edmilson Costa,PCB,2328,0.030466479
2026-10-04 20:23:11,20261004-202311,RJ,Rio de Janeiro,Sudeste,22,Flavio Bolsonaro,PL,4070033,53.264421683
2026-10-04 20:23:11,20261004-202311,RJ,Rio de Janeiro,Sudeste,27,Clariana Barao,DC,3279,0.042912192
2026-10-04 20:23:11,20261004-202311,RJ,Rio de Janeiro,Sudeste,29,Rui Costa Pimenta,PCO,1498,0.019604289
2026-10-04 20:23:11,20261004-202311,RJ,Rio de Janeiro,Sudeste,30,Zema,NOVO,18488,0.241952001
2026-10-04 20:23:11,20261004-202311,RJ,Rio de Janeiro,Sudeste,35,Veterinário Wilson Grassi,DEMOCRATA,1559,0.020402595
2026-10-04 20:23:11,20261004-202311,RJ,Rio de Janeiro,Sudeste,55,Ronaldo Caiado,PSD,162817,2.130782071
2026-10-04 20:23:11,20261004-202311,RJ,Rio de Janeiro,Sudeste,70,Escritor Augusto Cury,AVANTE,201640,2.638857716
2026-10-04 20:23:11,20261004-202311,RJ,Rio de Janeiro,Sudeste,80,Samara,UP,11353,0.148576432
2026-10-04 20:23:11,20261004-202311,RN,Rio Grande do Norte,Nordeste,13,Lula,PT,1130616,59.756737601
2026-10-04 20:23:11,20261004-202311,RN,Rio Grande do Norte,Nordeste,14,Renan Santos,MISSÃO,32577,1.721800541
2026-10-04 20:23:11,20261004-202311,RN,Rio Grande do Norte,Nordeste,16,Hertz Dias,PSTU,523,0.027642253
2026-10-04 20:23:11,20261004-202311,RN,Rio Grande do Norte,Nordeste,21,Edmilson Costa,PCB,292,0.015433151
2026-10-04 20:23:11,20261004-202311,RN,Rio Grande do Norte,Nordeste,22,Flavio Bolsonaro,PL,657114,34.730614879
2026-10-04 20:23:11,20261004-202311,RN,Rio Grande do Norte,Nordeste,27,Clariana Barao,DC,371,0.019608558
2026-10-04 20:23:11,20261004-202311,RN,Rio Grande do Norte,Nordeste,29,Rui Costa Pimenta,PCO,163,0.008615081
2026-10-04 20:23:11,20261004-202311,RN,Rio Grande do Norte,Nordeste,30,Zema,NOVO,1417,0.074893065
2026-10-04 20:23:11,20261004-202311,RN,Rio Grande do Norte,Nordeste,35,Veterinário Wilson Grassi,DEMOCRATA,171,0.009037907
2026-10-04 20:23:11,20261004-202311,RN,Rio Grande do Norte,Nordeste,55,Ronaldo Caiado,PSD,15084,0.797238523
2026-10-04 20:23:11,20261004-202311,RN,Rio Grande do Norte,Nordeste,70,Escritor Augusto Cury,AVANTE,52582,2.77912994
2026-10-04 20:23:11,20261004-202311,RN,Rio Grande do Norte,Nordeste,80,Samara,UP,1121,0.059248501
2026-10-04 20:23:11,20261004-202311,RO,Rondônia,Norte,13,Lula,PT,250179,25.901208928
2026-10-04 20:23:11,20261004-202311,RO,Rondônia,Norte,14,Renan Santos,MISSÃO,19131,1.980645969
2026-10-04 20:23:11,20261004-202311,RO,Rondônia,Norte,16,Hertz Dias,PSTU,174,0.018014343
2026-10-04 20:23:11,20261004-202311,RO,Rondônia,Norte,21,Edmilson Costa,PCB,160,0.016564913
2026-10-04 20:23:11,20261004-202311,RO,Rondônia,Norte,22,Flavio Bolsonaro,PL,651476,67.447771346
2026-10-04 20:23:11,20261004-202311,RO,Rondônia,Norte,27,Clariana Barao,DC,355,0.036753401
2026-10-04 20:23:11,20261004-202311,RO,Rondônia,Norte,29,Rui Costa Pimenta,PCO,60,0.006211842
2026-10-04 20:23:11,20261004-202311,RO,Rondônia,Norte,30,Zema,NOVO,1315,0.136142881
2026-10-04 20:23:11,20261004-202311,RO,Rondônia,Norte,35,Veterinário Wilson Grassi,DEMOCRATA,97,0.010042479
2026-10-04 20:23:11,20261004-202311,RO,Rondônia,Norte,55,Ronaldo Caiado,PSD,16876,1.747184224
2026-10-04 20:23:11,20261004-202311,RO,Rondônia,Norte,70,Escritor Augusto Cury,AVANTE,25232,2.612286817
2026-10-04 20:23:11,20261004-202311,RO,Rondônia,Norte,80,Samara,UP,842,0.087172856
2026-10-04 20:23:11,20261004-202311,RR,Roraima,Norte,13,Lula,PT,73239,22.655464576
2026-10-04 20:23:11,20261004-202311,RR,Roraima,Norte,14,Renan Santos,MISSÃO,6607,2.043783428
2026-10-04 20:23:11,20261004-202311,RR,Roraima,Norte,16,Hertz Dias,PSTU,60,0.018560164
2026-10-04 20:23:11,20261004-202311,RR,Roraima,Norte,21,Edmilson Costa,PCB,42,0.012992115
2026-10-04 20:23:11,20261004-202311,RR,Roraima,Norte,22,Flavio Bolsonaro,PL,230288,71.236385346
2026-10-04 20:23:11,20261004-202311,RR,Roraima,Norte,27,Clariana Barao,DC,168,0.05196846
2026-10-04 20:23:11,20261004-202311,RR,Roraima,Norte,29,Rui Costa Pimenta,PCO,34,0.010517426
2026-10-04 20:23:11,20261004-202311,RR,Roraima,Norte,30,Zema,NOVO,337,0.104246256
2026-10-04 20:23:11,20261004-202311,RR,Roraima,Norte,35,Veterinário Wilson Grassi,DEMOCRATA,41,0.012682779
2026-10-04 20:23:11,20261004-202311,RR,Roraima,Norte,55,Ronaldo Caiado,PSD,3629,1.122580605
2026-10-04 20:23:11,20261004-202311,RR,Roraima,Norte,70,Escritor Augusto Cury,AVANTE,8550,2.644823416
2026-10-04 20:23:11,20261004-202311,RR,Roraima,Norte,80,Samara,UP,278,0.085995428
2026-10-04 20:23:11,20261004-202311,RS,Rio Grande do Sul,Sul,13,Lula,PT,2275578,35.726298364
2026-10-04 20:23:11,20261004-202311,RS,Rio Grande do Sul,Sul,14,Renan Santos,MISSÃO,166264,2.610324617
2026-10-04 20:23:11,20261004-202311,RS,Rio Grande do Sul,Sul,16,Hertz Dias,PSTU,2140,0.03359774
2026-10-04 20:23:11,20261004-202311,RS,Rio Grande do Sul,Sul,21,Edmilson Costa,PCB,1022,0.016045276
2026-10-04 20:23:11,20261004-202311,RS,Rio Grande do Sul,Sul,22,Flavio Bolsonaro,PL,3543823,55.63759091
2026-10-04 20:23:11,20261004-202311,RS,Rio Grande do Sul,Sul,27,Clariana Barao,DC,2054,0.032247551
2026-10-04 20:23:11,20261004-202311,RS,Rio Grande do Sul,Sul,29,Rui Costa Pimenta,PCO,1036,0.016265074
2026-10-04 20:23:11,20261004-202311,RS,Rio Grande do Sul,Sul,30,Zema,NOVO,18861,0.29611541
2026-10-04 20:23:11,20261004-202311,RS,Rio Grande do Sul,Sul,35,Veterinário Wilson Grassi,DEMOCRATA,923,0.014490988
2026-10-04 20:23:11,20261004-202311,RS,Rio Grande do Sul,Sul,55,Ronaldo Caiado,PSD,157379,2.470831196
2026-10-04 20:23:11,20261004-202311,RS,Rio Grande do Sul,Sul,70,Escritor Augusto Cury,AVANTE,193798,3.042605075
2026-10-04 20:23:11,20261004-202311,RS,Rio Grande do Sul,Sul,80,Samara,UP,6598,0.103587799
2026-10-04 20:23:11,20261004-202311,SC,Santa Catarina,Sul,13,Lula,PT,1102087,25.027341688
2026-10-04 20:23:11,20261004-202311,SC,Santa Catarina,Sul,14,Renan Santos,MISSÃO,130248,2.957807505
2026-10-04 20:23:11,20261004-202311,SC,Santa Catarina,Sul,16,Hertz Dias,PSTU,1476,0.033518548
2026-10-04 20:23:11,20261004-202311,SC,Santa Catarina,Sul,21,Edmilson Costa,PCB,815,0.018507871
2026-10-04 20:23:11,20261004-202311,SC,Santa Catarina,Sul,22,Flavio Bolsonaro,PL,2935119,66.653745221
2026-10-04 20:23:11,20261004-202311,SC,Santa Catarina,Sul,27,Clariana Barao,DC,1407,0.031951624
2026-10-04 20:23:11,20261004-202311,SC,Santa Catarina,Sul,29,Rui Costa Pimenta,PCO,634,0.014397534
2026-10-04 20:23:11,20261004-202311,SC,Santa Catarina,Sul,30,Zema,NOVO,16509,0.3749036
2026-10-04 20:23:11,20261004-202311,SC,Santa Catarina,Sul,35,Veterinário Wilson Grassi,DEMOCRATA,551,0.012512683
2026-10-04 20:23:11,20261004-202311,SC,Santa Catarina,Sul,55,Ronaldo Caiado,PSD,78354,1.779344399
2026-10-04 20:23:11,20261004-202311,SC,Santa Catarina,Sul,70,Escritor Augusto Cury,AVANTE,131357,2.982991835
2026-10-04 20:23:11,20261004-202311,SC,Santa Catarina,Sul,80,Samara,UP,4975,0.112977492
2026-10-04 20:23:11,20261004-202311,SE,Sergipe,Nordeste,13,Lula,PT,815679,62.472877556
2026-10-04 20:23:11,20261004-202311,SE,Sergipe,Nordeste,14,Renan Santos,MISSÃO,20769,1.590698294
2026-10-04 20:23:11,20261004-202311,SE,Sergipe,Nordeste,16,Hertz Dias,PSTU,325,0.024891759
2026-10-04 20:23:11,20261004-202311,SE,Sergipe,Nordeste,21,Edmilson Costa,PCB,199,0.015241416
2026-10-04 20:23:11,20261004-202311,SE,Sergipe,Nordeste,22,Flavio Bolsonaro,PL,402613,30.836140996
2026-10-04 20:23:11,20261004-202311,SE,Sergipe,Nordeste,27,Clariana Barao,DC,447,0.034235743
2026-10-04 20:23:11,20261004-202311,SE,Sergipe,Nordeste,29,Rui Costa Pimenta,PCO,103,0.007888773
2026-10-04 20:23:11,20261004-202311,SE,Sergipe,Nordeste,30,Zema,NOVO,1124,0.086087192
2026-10-04 20:23:11,20261004-202311,SE,Sergipe,Nordeste,35,Veterinário Wilson Grassi,DEMOCRATA,137,0.010492834
2026-10-04 20:23:11,20261004-202311,SE,Sergipe,Nordeste,55,Ronaldo Caiado,PSD,25610,1.96147062
2026-10-04 20:23:11,20261004-202311,SE,Sergipe,Nordeste,70,Escritor Augusto Cury,AVANTE,37686,2.8863718
2026-10-04 20:23:11,20261004-202311,SE,Sergipe,Nordeste,80,Samara,UP,961,0.073603017
2026-10-04 20:23:11,20261004-202311,SP,São Paulo,Sudeste,13,Lula,PT,8934524,38.101491918
2026-10-04 20:23:11,20261004-202311,SP,São Paulo,Sudeste,14,Renan Santos,MISSÃO,757282,3.229447255
2026-10-04 20:23:11,20261004-202311,SP,São Paulo,Sudeste,16,Hertz Dias,PSTU,14979,0.063878305
2026-10-04 20:23:11,20261004-202311,SP,São Paulo,Sudeste,21,Edmilson Costa,PCB,5747,0.024508219
2026-10-04 20:23:11,20261004-202311,SP,São Paulo,Sudeste,22,Flavio Bolsonaro,PL,12201137,52.032041416
2026-10-04 20:23:11,20261004-202311,SP,São Paulo,Sudeste,27,Clariana Barao,DC,9931,0.042350988
2026-10-04 20:23:11,20261004-202311,SP,São Paulo,Sudeste,29,Rui Costa Pimenta,PCO,4212,0.017962175
2026-10-04 20:23:11,20261004-202311,SP,São Paulo,Sudeste,30,Zema,NOVO,89559,0.381926504
2026-10-04 20:23:11,20261004-202311,SP,São Paulo,Sudeste,35,Veterinário Wilson Grassi,DEMOCRATA,4889,0.020849258
2026-10-04 20:23:11,20261004-202311,SP,São Paulo,Sudeste,55,Ronaldo Caiado,PSD,547031,2.332826822
2026-10-04 20:23:11,20261004-202311,SP,São Paulo,Sudeste,70,Escritor Augusto Cury,AVANTE,839960,3.582029569
2026-10-04 20:23:11,20261004-202311,SP,São Paulo,Sudeste,80,Samara,UP,40025,0.170687573
2026-10-04 20:23:11,20261004-202311,TO,Tocantins,Norte,13,Lula,PT,401003,43.4674636
2026-10-04 20:23:11,20261004-202311,TO,Tocantins,Norte,14,Renan Santos,MISSÃO,12858,1.393766747
2026-10-04 20:23:11,20261004-202311,TO,Tocantins,Norte,16,Hertz Dias,PSTU,100,0.010839685
2026-10-04 20:23:11,20261004-202311,TO,Tocantins,Norte,21,Edmilson Costa,PCB,116,0.012574035
2026-10-04 20:23:11,20261004-202311,TO,Tocantins,Norte,22,Flavio Bolsonaro,PL,464945,50.398575232
2026-10-04 20:23:11,20261004-202311,TO,Tocantins,Norte,27,Clariana Barao,DC,170,0.018427465
2026-10-04 20:23:11,20261004-202311,TO,Tocantins,Norte,29,Rui Costa Pimenta,PCO,64,0.006937399
2026-10-04 20:23:11,20261004-202311,TO,Tocantins,Norte,30,Zema,NOVO,590,0.063954144
2026-10-04 20:23:11,20261004-202311,TO,Tocantins,Norte,35,Veterinário Wilson Grassi,DEMOCRATA,67,0.007262589
2026-10-04 20:23:11,20261004-202311,TO,Tocantins,Norte,55,Ronaldo Caiado,PSD,20026,2.170755396
2026-10-04 20:23:11,20261004-202311,TO,Tocantins,Norte,70,Escritor Augusto Cury,AVANTE,22204,2.406843744
2026-10-04 20:23:11,20261004-202311,TO,Tocantins,Norte,80,Samara,UP,393,0.042599964
2026-10-04 20:23:11,20261004-202311,ZZ,Exterior,Exterior,13,Lula,PT,127005,49.598153615
2026-10-04 20:23:11,20261004-202311,ZZ,Exterior,Exterior,14,Renan Santos,MISSÃO,6967,2.720761673
2026-10-04 20:23:11,20261004-202311,ZZ,Exterior,Exterior,16,Hertz Dias,PSTU,323,0.126138369
2026-10-04 20:23:11,20261004-202311,ZZ,Exterior,Exterior,21,Edmilson Costa,PCB,360,0.140587656
2026-10-04 20:23:11,20261004-202311,ZZ,Exterior,Exterior,22,Flavio Bolsonaro,PL,105215,41.08869519
2026-10-04 20:23:11,20261004-202311,ZZ,Exterior,Exterior,27,Clariana Barao,DC,739,0.288595217
2026-10-04 20:23:11,20261004-202311,ZZ,Exterior,Exterior,29,Rui Costa Pimenta,PCO,157,0.061311839
2026-10-04 20:23:11,20261004-202311,ZZ,Exterior,Exterior,30,Zema,NOVO,2519,0.983723074
2026-10-04 20:23:11,20261004-202311,ZZ,Exterior,Exterior,35,Veterinário Wilson Grassi,DEMOCRATA,288,0.112470125
2026-10-04 20:23:11,20261004-202311,ZZ,Exterior,Exterior,55,Ronaldo Caiado,PSD,3662,1.430088883
2026-10-04 20:23:11,20261004-202311,ZZ,Exterior,Exterior,70,Escritor Augusto Cury,AVANTE,7912,3.089804271
2026-10-04 20:23:11,20261004-202311,ZZ,Exterior,Exterior,80,Samara,UP,921,0.359670088
