horario,abrangencia,numero,candidato,votos,pct
2026-10-04 18:18,BR,22,FLAVIO BOLSONARO,11520790,51.168289135
2026-10-04 18:18,BR,13,LULA,9168405,40.720436528
2026-10-04 18:18,BR,70,ESCRITOR AUGUSTO CURY,663045,2.94483957
2026-10-04 18:18,BR,55,RONALDO CAIADO,536807,2.384167734
2026-10-04 18:18,BR,14,RENAN SANTOS,510734,2.268367446
2026-10-04 18:18,BR,30,ZEMA,65052,0.28892112
2026-10-04 18:18,BR,80,SAMARA,23236,0.103200073
2026-10-04 18:18,BR,27,CLARIANA BARAO,8694,0.03861342
2026-10-04 18:18,BR,16,HERTZ DIAS,7962,0.035362325
2026-10-04 18:18,BR,21,EDMILSON COSTA,4203,0.01866715
2026-10-04 18:18,BR,35,VETERINÁRIO WILSON GRASSI,3375,0.014989682
2026-10-04 18:18,BR,29,RUI COSTA PIMENTA,3185,0.014145818
2026-10-04 18:18,AC,22,FLAVIO BOLSONARO,133682,63.610236108
2026-10-04 18:18,AC,13,LULA,61525,29.275592649
2026-10-04 18:18,AC,70,ESCRITOR AUGUSTO CURY,6384,3.037714481
2026-10-04 18:18,AC,55,RONALDO CAIADO,4189,1.993262212
2026-10-04 18:18,AC,14,RENAN SANTOS,3703,1.762007632
2026-10-04 18:18,AC,30,ZEMA,287,0.136563919
2026-10-04 18:18,AC,80,SAMARA,166,0.07898819
2026-10-04 18:18,AC,27,CLARIANA BARAO,89,0.04234909
2026-10-04 18:18,AC,21,EDMILSON COSTA,63,0.029977446
2026-10-04 18:18,AC,16,HERTZ DIAS,36,0.017129969
2026-10-04 18:18,AC,29,RUI COSTA PIMENTA,21,0.009992482
2026-10-04 18:18,AC,35,VETERINÁRIO WILSON GRASSI,13,0.006185822
2026-10-04 18:18,AL,13,LULA,65996,56.577052328
2026-10-04 18:18,AL,22,FLAVIO BOLSONARO,45122,38.68218915
2026-10-04 18:18,AL,70,ESCRITOR AUGUSTO CURY,2704,2.318085179
2026-10-04 18:18,AL,14,RENAN SANTOS,1605,1.375934435
2026-10-04 18:18,AL,55,RONALDO CAIADO,953,0.816987861
2026-10-04 18:18,AL,30,ZEMA,84,0.072011522
2026-10-04 18:18,AL,80,SAMARA,84,0.072011522
2026-10-04 18:18,AL,27,CLARIANA BARAO,35,0.030004801
2026-10-04 18:18,AL,16,HERTZ DIAS,24,0.020574721
2026-10-04 18:18,AL,35,VETERINÁRIO WILSON GRASSI,17,0.01457376
2026-10-04 18:18,AL,21,EDMILSON COSTA,15,0.0128592
2026-10-04 18:18,AL,29,RUI COSTA PIMENTA,9,0.00771552
2026-10-04 18:18,AM,22,FLAVIO BOLSONARO,372619,50.244941714
2026-10-04 18:18,AM,13,LULA,310417,41.857457811
2026-10-04 18:18,AM,70,ESCRITOR AUGUSTO CURY,30621,4.129017469
2026-10-04 18:18,AM,14,RENAN SANTOS,14230,1.918811227
2026-10-04 18:18,AM,55,RONALDO CAIADO,11075,1.493382596
2026-10-04 18:18,AM,30,ZEMA,892,0.120279664
2026-10-04 18:18,AM,80,SAMARA,834,0.112458789
2026-10-04 18:18,AM,27,CLARIANA BARAO,371,0.050026631
2026-10-04 18:18,AM,16,HERTZ DIAS,235,0.031688028
2026-10-04 18:18,AM,35,VETERINÁRIO WILSON GRASSI,122,0.016450806
2026-10-04 18:18,AM,21,EDMILSON COSTA,99,0.013349425
2026-10-04 18:18,AM,29,RUI COSTA PIMENTA,90,0.012135841
2026-10-04 18:18,AP,13,LULA,41956,51.525273862
2026-10-04 18:18,AP,22,FLAVIO BOLSONARO,33363,40.972392789
2026-10-04 18:18,AP,70,ESCRITOR AUGUSTO CURY,3059,3.756693029
2026-10-04 18:18,AP,14,RENAN SANTOS,1624,1.994399961
2026-10-04 18:18,AP,55,RONALDO CAIADO,1255,1.541238886
2026-10-04 18:18,AP,80,SAMARA,49,0.060175861
2026-10-04 18:18,AP,30,ZEMA,46,0.056491625
2026-10-04 18:18,AP,27,CLARIANA BARAO,31,0.038070443
2026-10-04 18:18,AP,16,HERTZ DIAS,21,0.025789655
2026-10-04 18:18,AP,21,EDMILSON COSTA,10,0.012280788
2026-10-04 18:18,AP,29,RUI COSTA PIMENTA,9,0.011052709
2026-10-04 18:18,AP,35,VETERINÁRIO WILSON GRASSI,5,0.006140394
2026-10-04 18:18,BA,13,LULA,411816,64.279459624
2026-10-04 18:18,BA,22,FLAVIO BOLSONARO,190597,29.749869276
2026-10-04 18:18,BA,70,ESCRITOR AUGUSTO CURY,15318,2.39095315
2026-10-04 18:18,BA,55,RONALDO CAIADO,11243,1.754895304
2026-10-04 18:18,BA,14,RENAN SANTOS,9989,1.559161184
2026-10-04 18:18,BA,30,ZEMA,689,0.107544505
2026-10-04 18:18,BA,80,SAMARA,450,0.070239517
2026-10-04 18:18,BA,16,HERTZ DIAS,175,0.027315368
2026-10-04 18:18,BA,27,CLARIANA BARAO,133,0.020759679
2026-10-04 18:18,BA,29,RUI COSTA PIMENTA,101,0.015764869
2026-10-04 18:18,BA,21,EDMILSON COSTA,95,0.014828342
2026-10-04 18:18,BA,35,VETERINÁRIO WILSON GRASSI,59,0.009209181
2026-10-04 18:18,CE,13,LULA,319226,60.179543638
2026-10-04 18:18,CE,22,FLAVIO BOLSONARO,178895,33.724757567
2026-10-04 18:18,CE,70,ESCRITOR AUGUSTO CURY,13637,2.570807004
2026-10-04 18:18,CE,14,RENAN SANTOS,11654,2.196977695
2026-10-04 18:18,CE,55,RONALDO CAIADO,5386,1.015352829
2026-10-04 18:18,CE,30,ZEMA,704,0.132716003
2026-10-04 18:18,CE,80,SAMARA,431,0.081250848
2026-10-04 18:18,CE,16,HERTZ DIAS,192,0.036195274
2026-10-04 18:18,CE,27,CLARIANA BARAO,106,0.019982807
2026-10-04 18:18,CE,21,EDMILSON COSTA,89,0.016778017
2026-10-04 18:18,CE,29,RUI COSTA PIMENTA,74,0.013950262
2026-10-04 18:18,CE,35,VETERINÁRIO WILSON GRASSI,62,0.011688057
2026-10-04 18:18,DF,22,FLAVIO BOLSONARO,755927,51.179683766
2026-10-04 18:18,DF,13,LULA,564024,38.18698096
2026-10-04 18:18,DF,55,RONALDO CAIADO,71039,4.809662249
2026-10-04 18:18,DF,14,RENAN SANTOS,39150,2.650632428
2026-10-04 18:18,DF,70,ESCRITOR AUGUSTO CURY,38468,2.604457937
2026-10-04 18:18,DF,30,ZEMA,4296,0.290858669
2026-10-04 18:18,DF,80,SAMARA,1943,0.131549906
2026-10-04 18:18,DF,16,HERTZ DIAS,694,0.046986945
2026-10-04 18:18,DF,27,CLARIANA BARAO,579,0.039200924
2026-10-04 18:18,DF,29,RUI COSTA PIMENTA,329,0.022274791
2026-10-04 18:18,DF,35,VETERINÁRIO WILSON GRASSI,280,0.018957269
2026-10-04 18:18,DF,21,EDMILSON COSTA,277,0.018754155
2026-10-04 18:18,ES,22,FLAVIO BOLSONARO,595564,56.231222867
2026-10-04 18:18,ES,13,LULA,383488,36.207694211
2026-10-04 18:18,ES,70,ESCRITOR AUGUSTO CURY,30639,2.89283509
2026-10-04 18:18,ES,14,RENAN SANTOS,25190,2.378358168
2026-10-04 18:18,ES,55,RONALDO CAIADO,18942,1.788442256
2026-10-04 18:18,ES,30,ZEMA,3214,0.303455465
2026-10-04 18:18,ES,80,SAMARA,906,0.085541584
2026-10-04 18:18,ES,27,CLARIANA BARAO,446,0.042109875
2026-10-04 18:18,ES,16,HERTZ DIAS,297,0.028041778
2026-10-04 18:18,ES,21,EDMILSON COSTA,152,0.014351347
2026-10-04 18:18,ES,35,VETERINÁRIO WILSON GRASSI,152,0.014351347
2026-10-04 18:18,ES,29,RUI COSTA PIMENTA,144,0.013596013
2026-10-04 18:18,GO,22,FLAVIO BOLSONARO,458614,56.871211595
2026-10-04 18:18,GO,13,LULA,228448,28.329084037
2026-10-04 18:18,GO,55,RONALDO CAIADO,93712,11.620916459
2026-10-04 18:18,GO,14,RENAN SANTOS,12006,1.488824516
2026-10-04 18:18,GO,70,ESCRITOR AUGUSTO CURY,11971,1.484484281
2026-10-04 18:18,GO,30,ZEMA,675,0.083704527
2026-10-04 18:18,GO,80,SAMARA,479,0.059399212
2026-10-04 18:18,GO,16,HERTZ DIAS,151,0.018725013
2026-10-04 18:18,GO,27,CLARIANA BARAO,120,0.014880805
2026-10-04 18:18,GO,21,EDMILSON COSTA,98,0.012152657
2026-10-04 18:18,GO,35,VETERINÁRIO WILSON GRASSI,72,0.008928483
2026-10-04 18:18,GO,29,RUI COSTA PIMENTA,62,0.007688416
2026-10-04 18:18,MA,13,LULA,369481,60.479638839
2026-10-04 18:18,MA,22,FLAVIO BOLSONARO,207665,33.992287017
2026-10-04 18:18,MA,70,ESCRITOR AUGUSTO CURY,13649,2.234178728
2026-10-04 18:18,MA,14,RENAN SANTOS,9406,1.539650166
2026-10-04 18:18,MA,55,RONALDO CAIADO,8838,1.446675331
2026-10-04 18:18,MA,30,ZEMA,883,0.144536583
2026-10-04 18:18,MA,16,HERTZ DIAS,338,0.055326574
2026-10-04 18:18,MA,80,SAMARA,321,0.052543877
2026-10-04 18:18,MA,27,CLARIANA BARAO,169,0.027663287
2026-10-04 18:18,MA,21,EDMILSON COSTA,73,0.011949231
2026-10-04 18:18,MA,35,VETERINÁRIO WILSON GRASSI,52,0.008511781
2026-10-04 18:18,MA,29,RUI COSTA PIMENTA,43,0.007038588
2026-10-04 18:18,MG,22,FLAVIO BOLSONARO,813759,49.115923161
2026-10-04 18:18,MG,13,LULA,687286,41.482412318
2026-10-04 18:18,MG,70,ESCRITOR AUGUSTO CURY,59160,3.570710756
2026-10-04 18:18,MG,14,RENAN SANTOS,39160,2.363573922
2026-10-04 18:18,MG,55,RONALDO CAIADO,35708,2.155222104
2026-10-04 18:18,MG,30,ZEMA,17240,1.040551951
2026-10-04 18:18,MG,80,SAMARA,2192,0.132302197
2026-10-04 18:18,MG,16,HERTZ DIAS,873,0.052691523
2026-10-04 18:18,MG,27,CLARIANA BARAO,528,0.031868412
2026-10-04 18:18,MG,21,EDMILSON COSTA,333,0.020098828
2026-10-04 18:18,MG,29,RUI COSTA PIMENTA,317,0.019133119
2026-10-04 18:18,MG,35,VETERINÁRIO WILSON GRASSI,257,0.015511708
2026-10-04 18:18,MS,22,FLAVIO BOLSONARO,575304,60.12000928
2026-10-04 18:18,MS,13,LULA,313058,32.714964376
2026-10-04 18:18,MS,70,ESCRITOR AUGUSTO CURY,26493,2.768552636
2026-10-04 18:18,MS,14,RENAN SANTOS,21631,2.260467372
2026-10-04 18:18,MS,55,RONALDO CAIADO,16397,1.713507628
2026-10-04 18:18,MS,30,ZEMA,1992,0.208166567
2026-10-04 18:18,MS,80,SAMARA,895,0.093528653
2026-10-04 18:18,MS,27,CLARIANA BARAO,433,0.045249058
2026-10-04 18:18,MS,16,HERTZ DIAS,254,0.026543327
2026-10-04 18:18,MS,21,EDMILSON COSTA,209,0.021840769
2026-10-04 18:18,MS,35,VETERINÁRIO WILSON GRASSI,135,0.014107674
2026-10-04 18:18,MS,29,RUI COSTA PIMENTA,125,0.013062661
2026-10-04 18:18,MT,22,FLAVIO BOLSONARO,497314,65.052329483
2026-10-04 18:18,MT,13,LULA,220000,28.777618338
2026-10-04 18:18,MT,70,ESCRITOR AUGUSTO CURY,16709,2.185660113
2026-10-04 18:18,MT,14,RENAN SANTOS,13676,1.788921402
2026-10-04 18:18,MT,55,RONALDO CAIADO,13638,1.783950722
2026-10-04 18:18,MT,30,ZEMA,1119,0.146373431
2026-10-04 18:18,MT,27,CLARIANA BARAO,940,0.122958915
2026-10-04 18:18,MT,80,SAMARA,719,0.094050489
2026-10-04 18:18,MT,16,HERTZ DIAS,149,0.019490296
2026-10-04 18:18,MT,21,EDMILSON COSTA,86,0.011249433
2026-10-04 18:18,MT,35,VETERINÁRIO WILSON GRASSI,85,0.011118625
2026-10-04 18:18,MT,29,RUI COSTA PIMENTA,48,0.006278753
2026-10-04 18:18,PA,13,LULA,690879,47.372524335
2026-10-04 18:18,PA,22,FLAVIO BOLSONARO,667481,45.768158991
2026-10-04 18:18,PA,70,ESCRITOR AUGUSTO CURY,43581,2.988283018
2026-10-04 18:18,PA,14,RENAN SANTOS,31170,2.137279587
2026-10-04 18:18,PA,55,RONALDO CAIADO,20438,1.401402637
2026-10-04 18:18,PA,80,SAMARA,1838,0.12602887
2026-10-04 18:18,PA,30,ZEMA,1400,0.095995875
2026-10-04 18:18,PA,27,CLARIANA BARAO,504,0.034558515
2026-10-04 18:18,PA,16,HERTZ DIAS,500,0.034284241
2026-10-04 18:18,PA,21,EDMILSON COSTA,234,0.016045025
2026-10-04 18:18,PA,35,VETERINÁRIO WILSON GRASSI,227,0.015565045
2026-10-04 18:18,PA,29,RUI COSTA PIMENTA,144,0.009873861
2026-10-04 18:18,PB,13,LULA,771958,60.683989796
2026-10-04 18:18,PB,22,FLAVIO BOLSONARO,426064,33.493096034
2026-10-04 18:18,PB,70,ESCRITOR AUGUSTO CURY,38150,2.998989855
2026-10-04 18:18,PB,14,RENAN SANTOS,22571,1.77431717
2026-10-04 18:18,PB,55,RONALDO CAIADO,10346,0.813304038
2026-10-04 18:18,PB,30,ZEMA,1067,0.083877383
2026-10-04 18:18,PB,80,SAMARA,822,0.064617815
2026-10-04 18:18,PB,16,HERTZ DIAS,356,0.027985331
2026-10-04 18:18,PB,27,CLARIANA BARAO,316,0.024840912
2026-10-04 18:18,PB,21,EDMILSON COSTA,167,0.01312795
2026-10-04 18:18,PB,29,RUI COSTA PIMENTA,156,0.012263235
2026-10-04 18:18,PB,35,VETERINÁRIO WILSON GRASSI,122,0.009590479
2026-10-04 18:18,PE,13,LULA,359980,61.111337462
2026-10-04 18:18,PE,22,FLAVIO BOLSONARO,194949,33.095155639
2026-10-04 18:18,PE,70,ESCRITOR AUGUSTO CURY,14503,2.462074913
2026-10-04 18:18,PE,14,RENAN SANTOS,9507,1.613938233
2026-10-04 18:18,PE,55,RONALDO CAIADO,8426,1.430424272
2026-10-04 18:18,PE,30,ZEMA,965,0.163821436
2026-10-04 18:18,PE,80,SAMARA,294,0.049910365
2026-10-04 18:18,PE,16,HERTZ DIAS,149,0.025294709
2026-10-04 18:18,PE,27,CLARIANA BARAO,103,0.017485604
2026-10-04 18:18,PE,21,EDMILSON COSTA,67,0.011374131
2026-10-04 18:18,PE,29,RUI COSTA PIMENTA,60,0.010185789
2026-10-04 18:18,PE,35,VETERINÁRIO WILSON GRASSI,53,0.008997447
2026-10-04 18:18,PI,13,LULA,362048,67.351376893
2026-10-04 18:18,PI,22,FLAVIO BOLSONARO,145953,27.151470279
2026-10-04 18:18,PI,70,ESCRITOR AUGUSTO CURY,13110,2.438838361
2026-10-04 18:18,PI,14,RENAN SANTOS,9164,1.704768478
2026-10-04 18:18,PI,55,RONALDO CAIADO,6028,1.121381971
2026-10-04 18:18,PI,30,ZEMA,471,0.087619593
2026-10-04 18:18,PI,80,SAMARA,327,0.060831437
2026-10-04 18:18,PI,16,HERTZ DIAS,135,0.025113896
2026-10-04 18:18,PI,27,CLARIANA BARAO,133,0.024741838
2026-10-04 18:18,PI,21,EDMILSON COSTA,93,0.017300684
2026-10-04 18:18,PI,35,VETERINÁRIO WILSON GRASSI,49,0.009115414
2026-10-04 18:18,PI,29,RUI COSTA PIMENTA,40,0.007441154
2026-10-04 18:18,PR,22,FLAVIO BOLSONARO,2170810,60.246006167
2026-10-04 18:18,PR,13,LULA,1104977,30.666180438
2026-10-04 18:18,PR,70,ESCRITOR AUGUSTO CURY,114378,3.174307145
2026-10-04 18:18,PR,14,RENAN SANTOS,99705,2.767090646
2026-10-04 18:18,PR,55,RONALDO CAIADO,94597,2.62532946
2026-10-04 18:18,PR,30,ZEMA,10472,0.290627082
2026-10-04 18:18,PR,80,SAMARA,3925,0.10892965
2026-10-04 18:18,PR,27,CLARIANA BARAO,1362,0.037799282
2026-10-04 18:18,PR,16,HERTZ DIAS,1190,0.033025805
2026-10-04 18:18,PR,21,EDMILSON COSTA,696,0.019315933
2026-10-04 18:18,PR,35,VETERINÁRIO WILSON GRASSI,581,0.016124364
2026-10-04 18:18,PR,29,RUI COSTA PIMENTA,550,0.015264027
2026-10-04 18:18,RJ,22,FLAVIO BOLSONARO,242181,52.012250254
2026-10-04 18:18,RJ,13,LULA,188106,40.398777552
2026-10-04 18:18,RJ,70,ESCRITOR AUGUSTO CURY,12333,2.648709364
2026-10-04 18:18,RJ,55,RONALDO CAIADO,10283,2.208439016
2026-10-04 18:18,RJ,14,RENAN SANTOS,9975,2.142291081
2026-10-04 18:18,RJ,30,ZEMA,1342,0.288216003
2026-10-04 18:18,RJ,80,SAMARA,670,0.143893236
2026-10-04 18:18,RJ,16,HERTZ DIAS,207,0.044456567
2026-10-04 18:18,RJ,27,CLARIANA BARAO,200,0.042953205
2026-10-04 18:18,RJ,21,EDMILSON COSTA,136,0.029208179
2026-10-04 18:18,RJ,35,VETERINÁRIO WILSON GRASSI,104,0.022335666
2026-10-04 18:18,RJ,29,RUI COSTA PIMENTA,86,0.018469878
2026-10-04 18:18,RN,13,LULA,224290,60.541687361
2026-10-04 18:18,RN,22,FLAVIO BOLSONARO,125912,33.986913991
2026-10-04 18:18,RN,70,ESCRITOR AUGUSTO CURY,10152,2.740288065
2026-10-04 18:18,RN,14,RENAN SANTOS,6284,1.696214559
2026-10-04 18:18,RN,55,RONALDO CAIADO,3043,0.821384612
2026-10-04 18:18,RN,30,ZEMA,279,0.075309335
2026-10-04 18:18,RN,80,SAMARA,223,0.060193483
2026-10-04 18:18,RN,16,HERTZ DIAS,104,0.028072297
2026-10-04 18:18,RN,21,EDMILSON COSTA,63,0.017005334
2026-10-04 18:18,RN,27,CLARIANA BARAO,60,0.016195556
2026-10-04 18:18,RN,29,RUI COSTA PIMENTA,36,0.009717334
2026-10-04 18:18,RN,35,VETERINÁRIO WILSON GRASSI,26,0.007018074
2026-10-04 18:18,RO,22,FLAVIO BOLSONARO,264319,63.106789163
2026-10-04 18:18,RO,13,LULA,122311,29.20204181
2026-10-04 18:18,RO,70,ESCRITOR AUGUSTO CURY,12929,3.086829464
2026-10-04 18:18,RO,14,RENAN SANTOS,9590,2.289635282
2026-10-04 18:18,RO,55,RONALDO CAIADO,8087,1.930790461
2026-10-04 18:18,RO,30,ZEMA,587,0.140147644
2026-10-04 18:18,RO,80,SAMARA,527,0.125822502
2026-10-04 18:18,RO,27,CLARIANA BARAO,205,0.048944237
2026-10-04 18:18,RO,16,HERTZ DIAS,104,0.024830247
2026-10-04 18:18,RO,21,EDMILSON COSTA,87,0.020771457
2026-10-04 18:18,RO,35,VETERINÁRIO WILSON GRASSI,70,0.016712666
2026-10-04 18:18,RO,29,RUI COSTA PIMENTA,28,0.006685067
2026-10-04 18:18,RR,22,FLAVIO BOLSONARO,33737,67.806250628
2026-10-04 18:18,RR,13,LULA,13749,27.633403678
2026-10-04 18:18,RR,70,ESCRITOR AUGUSTO CURY,1021,2.05205507
2026-10-04 18:18,RR,14,RENAN SANTOS,649,1.304391518
2026-10-04 18:18,RR,55,RONALDO CAIADO,501,1.006933976
2026-10-04 18:18,RR,30,ZEMA,40,0.08039393
2026-10-04 18:18,RR,80,SAMARA,29,0.058285599
2026-10-04 18:18,RR,27,CLARIANA BARAO,12,0.024118179
2026-10-04 18:18,RR,16,HERTZ DIAS,6,0.01205909
2026-10-04 18:18,RR,21,EDMILSON COSTA,5,0.010049241
2026-10-04 18:18,RR,29,RUI COSTA PIMENTA,4,0.008039393
2026-10-04 18:18,RR,35,VETERINÁRIO WILSON GRASSI,2,0.004019697
2026-10-04 18:18,RS,22,FLAVIO BOLSONARO,1215340,57.622947905
2026-10-04 18:18,RS,13,LULA,713593,33.833603983
2026-10-04 18:18,RS,70,ESCRITOR AUGUSTO CURY,65197,3.091187104
2026-10-04 18:18,RS,14,RENAN SANTOS,53693,2.545747644
2026-10-04 18:18,RS,55,RONALDO CAIADO,50844,2.410667931
2026-10-04 18:18,RS,30,ZEMA,6307,0.29903396
2026-10-04 18:18,RS,80,SAMARA,1954,0.092645054
2026-10-04 18:18,RS,16,HERTZ DIAS,643,0.030486576
2026-10-04 18:18,RS,27,CLARIANA BARAO,625,0.029633142
2026-10-04 18:18,RS,21,EDMILSON COSTA,328,0.015551473
2026-10-04 18:18,RS,29,RUI COSTA PIMENTA,316,0.014982516
2026-10-04 18:18,RS,35,VETERINÁRIO WILSON GRASSI,285,0.013512713
2026-10-04 18:18,SC,22,FLAVIO BOLSONARO,448900,61.962196021
2026-10-04 18:18,SC,13,LULA,212853,29.380350434
2026-10-04 18:18,SC,70,ESCRITOR AUGUSTO CURY,22495,3.10501136
2026-10-04 18:18,SC,14,RENAN SANTOS,21236,2.931230106
2026-10-04 18:18,SC,55,RONALDO CAIADO,14041,1.938095777
2026-10-04 18:18,SC,30,ZEMA,3071,0.423893749
2026-10-04 18:18,SC,80,SAMARA,992,0.136926929
2026-10-04 18:18,SC,16,HERTZ DIAS,281,0.038786761
2026-10-04 18:18,SC,27,CLARIANA BARAO,253,0.034921888
2026-10-04 18:18,SC,29,RUI COSTA PIMENTA,128,0.017667991
2026-10-04 18:18,SC,21,EDMILSON COSTA,117,0.016149648
2026-10-04 18:18,SC,35,VETERINÁRIO WILSON GRASSI,107,0.014769336
2026-10-04 18:18,SE,13,LULA,91603,57.94797505
2026-10-04 18:18,SE,22,FLAVIO BOLSONARO,55170,34.900492162
2026-10-04 18:18,SE,70,ESCRITOR AUGUSTO CURY,4793,3.03204747
2026-10-04 18:18,SE,55,RONALDO CAIADO,3170,2.005339136
2026-10-04 18:18,SE,14,RENAN SANTOS,2857,1.807335619
2026-10-04 18:18,SE,30,ZEMA,188,0.11892863
2026-10-04 18:18,SE,80,SAMARA,120,0.075911892
2026-10-04 18:18,SE,27,CLARIANA BARAO,70,0.044281937
2026-10-04 18:18,SE,16,HERTZ DIAS,51,0.032262554
2026-10-04 18:18,SE,21,EDMILSON COSTA,28,0.017712775
2026-10-04 18:18,SE,29,RUI COSTA PIMENTA,19,0.012019383
2026-10-04 18:18,SE,35,VETERINÁRIO WILSON GRASSI,9,0.005693392
2026-10-04 18:18,SP,22,FLAVIO BOLSONARO,1015436,58.298986148
2026-10-04 18:18,SP,13,LULA,571478,32.810130826
2026-10-04 18:18,SP,70,ESCRITOR AUGUSTO CURY,57872,3.322591405
2026-10-04 18:18,SP,14,RENAN SANTOS,48121,2.762759556
2026-10-04 18:18,SP,55,RONALDO CAIADO,38664,2.219807059
2026-10-04 18:18,SP,30,ZEMA,5545,0.318353769
2026-10-04 18:18,SP,80,SAMARA,2223,0.127628572
2026-10-04 18:18,SP,16,HERTZ DIAS,874,0.050178755
2026-10-04 18:18,SP,27,CLARIANA BARAO,592,0.033988356
2026-10-04 18:18,SP,21,EDMILSON COSTA,410,0.023539233
2026-10-04 18:18,SP,35,VETERINÁRIO WILSON GRASSI,310,0.017797956
2026-10-04 18:18,SP,29,RUI COSTA PIMENTA,248,0.014238365
2026-10-04 18:18,TO,22,FLAVIO BOLSONARO,301856,50.593584958
2026-10-04 18:18,TO,13,LULA,257545,43.166691529
2026-10-04 18:18,TO,70,ESCRITOR AUGUSTO CURY,14362,2.407191068
2026-10-04 18:18,TO,55,RONALDO CAIADO,13411,2.247795531
2026-10-04 18:18,TO,14,RENAN SANTOS,8457,1.417463784
2026-10-04 18:18,TO,30,ZEMA,412,0.069054639
2026-10-04 18:18,TO,80,SAMARA,266,0.04458382
2026-10-04 18:18,TO,27,CLARIANA BARAO,100,0.016760835
2026-10-04 18:18,TO,16,HERTZ DIAS,77,0.012905843
2026-10-04 18:18,TO,21,EDMILSON COSTA,71,0.011900193
2026-10-04 18:18,TO,29,RUI COSTA PIMENTA,37,0.006201509
2026-10-04 18:18,TO,35,VETERINÁRIO WILSON GRASSI,35,0.005866292
2026-10-04 18:18,ZZ,13,LULA,114684,52.291193609
2026-10-04 18:18,ZZ,22,FLAVIO BOLSONARO,83591,38.114062685
2026-10-04 18:18,ZZ,70,ESCRITOR AUGUSTO CURY,7068,3.222717698
2026-10-04 18:18,ZZ,14,RENAN SANTOS,6111,2.786365004
2026-10-04 18:18,ZZ,55,RONALDO CAIADO,3115,1.420312058
2026-10-04 18:18,ZZ,30,ZEMA,2176,0.992166626
2026-10-04 18:18,ZZ,80,SAMARA,860,0.392124677
2026-10-04 18:18,ZZ,27,CLARIANA BARAO,691,0.315067619
2026-10-04 18:18,ZZ,21,EDMILSON COSTA,333,0.151834323
2026-10-04 18:18,ZZ,16,HERTZ DIAS,293,0.133595966
2026-10-04 18:18,ZZ,35,VETERINÁRIO WILSON GRASSI,255,0.116269526
2026-10-04 18:18,ZZ,29,RUI COSTA PIMENTA,141,0.064290209
2026-10-04 18:22,BR,22,FLAVIO BOLSONARO,12915526,51.070210475
2026-10-04 18:22,BR,13,LULA,10324360,40.824294591
2026-10-04 18:22,BR,70,ESCRITOR AUGUSTO CURY,743675,2.940618816
2026-10-04 18:22,BR,55,RONALDO CAIADO,602335,2.381736154
2026-10-04 18:22,BR,14,RENAN SANTOS,574607,2.272094875
2026-10-04 18:22,BR,30,ZEMA,72547,0.286863312
2026-10-04 18:22,BR,80,SAMARA,26074,0.103101079
2026-10-04 18:22,BR,27,CLARIANA BARAO,9640,0.038118217
2026-10-04 18:22,BR,16,HERTZ DIAS,8955,0.03540961
2026-10-04 18:22,BR,21,EDMILSON COSTA,4700,0.018584608
2026-10-04 18:22,BR,35,VETERINÁRIO WILSON GRASSI,3772,0.014915137
2026-10-04 18:22,BR,29,RUI COSTA PIMENTA,3554,0.014053127
2026-10-04 18:22,AC,22,FLAVIO BOLSONARO,150040,63.768115942
2026-10-04 18:22,AC,13,LULA,68495,29.11088444
2026-10-04 18:22,AC,70,ESCRITOR AUGUSTO CURY,7116,3.024352926
2026-10-04 18:22,AC,55,RONALDO CAIADO,4700,1.997534957
2026-10-04 18:22,AC,14,RENAN SANTOS,4184,1.778231119
2026-10-04 18:22,AC,30,ZEMA,318,0.135152365
2026-10-04 18:22,AC,80,SAMARA,186,0.079051383
2026-10-04 18:22,AC,27,CLARIANA BARAO,103,0.043775766
2026-10-04 18:22,AC,21,EDMILSON COSTA,71,0.030175528
2026-10-04 18:22,AC,16,HERTZ DIAS,38,0.016150283
2026-10-04 18:22,AC,29,RUI COSTA PIMENTA,23,0.009775171
2026-10-04 18:22,AC,35,VETERINÁRIO WILSON GRASSI,16,0.006800119
2026-10-04 18:22,AL,13,LULA,82873,56.775161509
2026-10-04 18:22,AL,22,FLAVIO BOLSONARO,56452,38.67449492
2026-10-04 18:22,AL,70,ESCRITOR AUGUSTO CURY,3299,2.260099886
2026-10-04 18:22,AL,14,RENAN SANTOS,1890,1.294813211
2026-10-04 18:22,AL,55,RONALDO CAIADO,1118,0.765926545
2026-10-04 18:22,AL,30,ZEMA,103,0.070563895
2026-10-04 18:22,AL,80,SAMARA,100,0.068508636
2026-10-04 18:22,AL,27,CLARIANA BARAO,50,0.034254318
2026-10-04 18:22,AL,16,HERTZ DIAS,31,0.021237677
2026-10-04 18:22,AL,21,EDMILSON COSTA,20,0.013701727
2026-10-04 18:22,AL,35,VETERINÁRIO WILSON GRASSI,20,0.013701727
2026-10-04 18:22,AL,29,RUI COSTA PIMENTA,11,0.00753595
2026-10-04 18:22,AM,22,FLAVIO BOLSONARO,400115,50.280800391
2026-10-04 18:22,AM,13,LULA,332708,41.810040955
2026-10-04 18:22,AM,70,ESCRITOR AUGUSTO CURY,32913,4.136040846
2026-10-04 18:22,AM,14,RENAN SANTOS,15360,1.930227795
2026-10-04 18:22,AM,55,RONALDO CAIADO,11824,1.485873271
2026-10-04 18:22,AM,30,ZEMA,956,0.120136574
2026-10-04 18:22,AM,80,SAMARA,897,0.112722287
2026-10-04 18:22,AM,27,CLARIANA BARAO,401,0.050392015
2026-10-04 18:22,AM,16,HERTZ DIAS,247,0.03103947
2026-10-04 18:22,AM,35,VETERINÁRIO WILSON GRASSI,135,0.016964893
2026-10-04 18:22,AM,21,EDMILSON COSTA,106,0.013320582
2026-10-04 18:22,AM,29,RUI COSTA PIMENTA,99,0.012440921
2026-10-04 18:22,AP,13,LULA,49913,50.348006779
2026-10-04 18:22,AP,22,FLAVIO BOLSONARO,41705,42.068471595
2026-10-04 18:22,AP,70,ESCRITOR AUGUSTO CURY,3782,3.814961265
2026-10-04 18:22,AP,14,RENAN SANTOS,1948,1.964977405
2026-10-04 18:22,AP,55,RONALDO CAIADO,1570,1.583683021
2026-10-04 18:22,AP,80,SAMARA,64,0.064557779
2026-10-04 18:22,AP,30,ZEMA,63,0.063549064
2026-10-04 18:22,AP,27,CLARIANA BARAO,36,0.036313751
2026-10-04 18:22,AP,16,HERTZ DIAS,23,0.023200452
2026-10-04 18:22,AP,21,EDMILSON COSTA,13,0.013113299
2026-10-04 18:22,AP,29,RUI COSTA PIMENTA,12,0.012104584
2026-10-04 18:22,AP,35,VETERINÁRIO WILSON GRASSI,7,0.007061007
2026-10-04 18:22,BA,13,LULA,558694,64.348987878
2026-10-04 18:22,BA,22,FLAVIO BOLSONARO,257925,29.707161162
2026-10-04 18:22,BA,70,ESCRITOR AUGUSTO CURY,20575,2.369777419
2026-10-04 18:22,BA,55,RONALDO CAIADO,15131,1.742751015
2026-10-04 18:22,BA,14,RENAN SANTOS,13535,1.558927697
2026-10-04 18:22,BA,30,ZEMA,966,0.111261482
2026-10-04 18:22,BA,80,SAMARA,608,0.070027931
2026-10-04 18:22,BA,16,HERTZ DIAS,252,0.029024734
2026-10-04 18:22,BA,27,CLARIANA BARAO,186,0.021423018
2026-10-04 18:22,BA,21,EDMILSON COSTA,145,0.01670074
2026-10-04 18:22,BA,29,RUI COSTA PIMENTA,130,0.014973077
2026-10-04 18:22,BA,35,VETERINÁRIO WILSON GRASSI,78,0.008983846
2026-10-04 18:22,CE,13,LULA,382066,60.371997921
2026-10-04 18:22,CE,22,FLAVIO BOLSONARO,212500,33.578097915
2026-10-04 18:22,CE,70,ESCRITOR AUGUSTO CURY,16147,2.551461398
2026-10-04 18:22,CE,14,RENAN SANTOS,13812,2.182497357
2026-10-04 18:22,CE,55,RONALDO CAIADO,6383,1.008607054
2026-10-04 18:22,CE,30,ZEMA,834,0.131784158
2026-10-04 18:22,CE,80,SAMARA,503,0.079481333
2026-10-04 18:22,CE,16,HERTZ DIAS,221,0.034921222
2026-10-04 18:22,CE,27,CLARIANA BARAO,121,0.019119764
2026-10-04 18:22,CE,21,EDMILSON COSTA,107,0.01690756
2026-10-04 18:22,CE,29,RUI COSTA PIMENTA,84,0.013273225
2026-10-04 18:22,CE,35,VETERINÁRIO WILSON GRASSI,75,0.011851093
2026-10-04 18:22,DF,22,FLAVIO BOLSONARO,778076,51.19645213
2026-10-04 18:22,DF,13,LULA,580327,38.184809035
2026-10-04 18:22,DF,55,RONALDO CAIADO,73024,4.804890165
2026-10-04 18:22,DF,14,RENAN SANTOS,40227,2.646887553
2026-10-04 18:22,DF,70,ESCRITOR AUGUSTO CURY,39550,2.602341779
2026-10-04 18:22,DF,30,ZEMA,4379,0.288132861
2026-10-04 18:22,DF,80,SAMARA,1984,0.130544781
2026-10-04 18:22,DF,16,HERTZ DIAS,712,0.046848732
2026-10-04 18:22,DF,27,CLARIANA BARAO,600,0.039479268
2026-10-04 18:22,DF,29,RUI COSTA PIMENTA,337,0.022174189
2026-10-04 18:22,DF,35,VETERINÁRIO WILSON GRASSI,285,0.018752653
2026-10-04 18:22,DF,21,EDMILSON COSTA,284,0.018686854
2026-10-04 18:22,ES,22,FLAVIO BOLSONARO,654145,56.349354021
2026-10-04 18:22,ES,13,LULA,419327,36.121663505
2026-10-04 18:22,ES,70,ESCRITOR AUGUSTO CURY,33544,2.889547014
2026-10-04 18:22,ES,14,RENAN SANTOS,27356,2.356500361
2026-10-04 18:22,ES,55,RONALDO CAIADO,20772,1.789341479
2026-10-04 18:22,ES,30,ZEMA,3446,0.296845308
2026-10-04 18:22,ES,80,SAMARA,967,0.083299307
2026-10-04 18:22,ES,27,CLARIANA BARAO,491,0.042295719
2026-10-04 18:22,ES,16,HERTZ DIAS,330,0.028426858
2026-10-04 18:22,ES,21,EDMILSON COSTA,181,0.015591701
2026-10-04 18:22,ES,35,VETERINÁRIO WILSON GRASSI,166,0.014299571
2026-10-04 18:22,ES,29,RUI COSTA PIMENTA,149,0.012835157
2026-10-04 18:22,GO,22,FLAVIO BOLSONARO,543214,56.672456873
2026-10-04 18:22,GO,13,LULA,273320,28.514942385
2026-10-04 18:22,GO,55,RONALDO CAIADO,111530,11.635707318
2026-10-04 18:22,GO,70,ESCRITOR AUGUSTO CURY,14300,1.491891102
2026-10-04 18:22,GO,14,RENAN SANTOS,14194,1.480832329
2026-10-04 18:22,GO,30,ZEMA,783,0.081688862
2026-10-04 18:22,GO,80,SAMARA,582,0.060718925
2026-10-04 18:22,GO,16,HERTZ DIAS,170,0.017735768
2026-10-04 18:22,GO,27,CLARIANA BARAO,145,0.015127567
2026-10-04 18:22,GO,21,EDMILSON COSTA,117,0.012206382
2026-10-04 18:22,GO,35,VETERINÁRIO WILSON GRASSI,88,0.009180868
2026-10-04 18:22,GO,29,RUI COSTA PIMENTA,72,0.00751162
2026-10-04 18:22,MA,13,LULA,443291,60.310716016
2026-10-04 18:22,MA,22,FLAVIO BOLSONARO,251214,34.178217498
2026-10-04 18:22,MA,70,ESCRITOR AUGUSTO CURY,16358,2.225541896
2026-10-04 18:22,MA,14,RENAN SANTOS,11480,1.561879262
2026-10-04 18:22,MA,55,RONALDO CAIADO,10481,1.425963114
2026-10-04 18:22,MA,30,ZEMA,1024,0.139317453
2026-10-04 18:22,MA,80,SAMARA,385,0.052380097
2026-10-04 18:22,MA,16,HERTZ DIAS,384,0.052244045
2026-10-04 18:22,MA,27,CLARIANA BARAO,194,0.026394127
2026-10-04 18:22,MA,21,EDMILSON COSTA,89,0.012108646
2026-10-04 18:22,MA,35,VETERINÁRIO WILSON GRASSI,58,0.007891028
2026-10-04 18:22,MA,29,RUI COSTA PIMENTA,54,0.007346819
2026-10-04 18:22,MG,22,FLAVIO BOLSONARO,1091705,49.055361713
2026-10-04 18:22,MG,13,LULA,929639,41.772985749
2026-10-04 18:22,MG,70,ESCRITOR AUGUSTO CURY,78357,3.520942908
2026-10-04 18:22,MG,14,RENAN SANTOS,51218,2.301461948
2026-10-04 18:22,MG,55,RONALDO CAIADO,46940,2.109231595
2026-10-04 18:22,MG,30,ZEMA,21915,0.984742446
2026-10-04 18:22,MG,80,SAMARA,2748,0.123480367
2026-10-04 18:22,MG,16,HERTZ DIAS,1067,0.047945252
2026-10-04 18:22,MG,27,CLARIANA BARAO,698,0.031364373
2026-10-04 18:22,MG,21,EDMILSON COSTA,430,0.019321891
2026-10-04 18:22,MG,29,RUI COSTA PIMENTA,389,0.017479572
2026-10-04 18:22,MG,35,VETERINÁRIO WILSON GRASSI,349,0.015682186
2026-10-04 18:22,MS,22,FLAVIO BOLSONARO,621116,59.847335894
2026-10-04 18:22,MS,13,LULA,343072,33.056538907
2026-10-04 18:22,MS,70,ESCRITOR AUGUSTO CURY,28531,2.749090895
2026-10-04 18:22,MS,14,RENAN SANTOS,23279,2.24303694
2026-10-04 18:22,MS,55,RONALDO CAIADO,17542,1.690251042
2026-10-04 18:22,MS,30,ZEMA,2112,0.203500753
2026-10-04 18:22,MS,80,SAMARA,955,0.092018569
2026-10-04 18:22,MS,27,CLARIANA BARAO,453,0.043648599
2026-10-04 18:22,MS,16,HERTZ DIAS,272,0.02620843
2026-10-04 18:22,MS,21,EDMILSON COSTA,218,0.021005286
2026-10-04 18:22,MS,29,RUI COSTA PIMENTA,143,0.013778697
2026-10-04 18:22,MS,35,VETERINÁRIO WILSON GRASSI,141,0.013585988
2026-10-04 18:22,MT,22,FLAVIO BOLSONARO,548666,65.062089705
2026-10-04 18:22,MT,13,LULA,242954,28.810050089
2026-10-04 18:22,MT,70,ESCRITOR AUGUSTO CURY,18273,2.166854817
2026-10-04 18:22,MT,55,RONALDO CAIADO,15004,1.779209198
2026-10-04 18:22,MT,14,RENAN SANTOS,14997,1.778379122
2026-10-04 18:22,MT,30,ZEMA,1205,0.142891701
2026-10-04 18:22,MT,27,CLARIANA BARAO,1010,0.119768148
2026-10-04 18:22,MT,80,SAMARA,781,0.092612796
2026-10-04 18:22,MT,16,HERTZ DIAS,158,0.018736007
2026-10-04 18:22,MT,21,EDMILSON COSTA,96,0.011383903
2026-10-04 18:22,MT,35,VETERINÁRIO WILSON GRASSI,96,0.011383903
2026-10-04 18:22,MT,29,RUI COSTA PIMENTA,56,0.00664061
2026-10-04 18:22,PA,13,LULA,776700,47.141382268
2026-10-04 18:22,PA,22,FLAVIO BOLSONARO,759394,46.09100405
2026-10-04 18:22,PA,70,ESCRITOR AUGUSTO CURY,48731,2.957701428
2026-10-04 18:22,PA,14,RENAN SANTOS,34954,2.121513938
2026-10-04 18:22,PA,55,RONALDO CAIADO,22550,1.368659933
2026-10-04 18:22,PA,80,SAMARA,1979,0.120114324
2026-10-04 18:22,PA,30,ZEMA,1517,0.092073486
2026-10-04 18:22,PA,27,CLARIANA BARAO,561,0.034049589
2026-10-04 18:22,PA,16,HERTZ DIAS,552,0.033503338
2026-10-04 18:22,PA,21,EDMILSON COSTA,255,0.015477086
2026-10-04 18:22,PA,35,VETERINÁRIO WILSON GRASSI,251,0.015234308
2026-10-04 18:22,PA,29,RUI COSTA PIMENTA,153,0.009286251
2026-10-04 18:22,PB,13,LULA,875518,60.789011961
2026-10-04 18:22,PB,22,FLAVIO BOLSONARO,481284,33.416536077
2026-10-04 18:22,PB,70,ESCRITOR AUGUSTO CURY,43042,2.988494415
2026-10-04 18:22,PB,14,RENAN SANTOS,25521,1.771975418
2026-10-04 18:22,PB,55,RONALDO CAIADO,11545,0.801593049
2026-10-04 18:22,PB,30,ZEMA,1183,0.082138118
2026-10-04 18:22,PB,80,SAMARA,912,0.063322032
2026-10-04 18:22,PB,16,HERTZ DIAS,392,0.027217365
2026-10-04 18:22,PB,27,CLARIANA BARAO,360,0.024995539
2026-10-04 18:22,PB,21,EDMILSON COSTA,194,0.013469818
2026-10-04 18:22,PB,29,RUI COSTA PIMENTA,173,0.012011745
2026-10-04 18:22,PB,35,VETERINÁRIO WILSON GRASSI,133,0.009234463
2026-10-04 18:22,PE,13,LULA,457416,60.807593372
2026-10-04 18:22,PE,22,FLAVIO BOLSONARO,250748,33.333732145
2026-10-04 18:22,PE,70,ESCRITOR AUGUSTO CURY,18632,2.476885548
2026-10-04 18:22,PE,14,RENAN SANTOS,12492,1.660651259
2026-10-04 18:22,PE,55,RONALDO CAIADO,10765,1.431068748
2026-10-04 18:22,PE,30,ZEMA,1236,0.164310355
2026-10-04 18:22,PE,80,SAMARA,378,0.050250254
2026-10-04 18:22,PE,16,HERTZ DIAS,188,0.02499219
2026-10-04 18:22,PE,27,CLARIANA BARAO,127,0.016883022
2026-10-04 18:22,PE,21,EDMILSON COSTA,96,0.012761969
2026-10-04 18:22,PE,29,RUI COSTA PIMENTA,87,0.011565535
2026-10-04 18:22,PE,35,VETERINÁRIO WILSON GRASSI,70,0.009305603
2026-10-04 18:22,PI,13,LULA,440214,67.645305239
2026-10-04 18:22,PI,22,FLAVIO BOLSONARO,174986,26.889152509
2026-10-04 18:22,PI,70,ESCRITOR AUGUSTO CURY,15854,2.436198461
2026-10-04 18:22,PI,14,RENAN SANTOS,11082,1.702911022
2026-10-04 18:22,PI,55,RONALDO CAIADO,7175,1.102543456
2026-10-04 18:22,PI,30,ZEMA,545,0.083747203
2026-10-04 18:22,PI,80,SAMARA,389,0.059775527
2026-10-04 18:22,PI,27,CLARIANA BARAO,161,0.02474
2026-10-04 18:22,PI,16,HERTZ DIAS,156,0.023971677
2026-10-04 18:22,PI,21,EDMILSON COSTA,104,0.015981118
2026-10-04 18:22,PI,35,VETERINÁRIO WILSON GRASSI,57,0.008758882
2026-10-04 18:22,PI,29,RUI COSTA PIMENTA,45,0.006914907
2026-10-04 18:22,PR,22,FLAVIO BOLSONARO,2332759,60.230619577
2026-10-04 18:22,PR,13,LULA,1188040,30.674572591
2026-10-04 18:22,PR,70,ESCRITOR AUGUSTO CURY,123046,3.176983485
2026-10-04 18:22,PR,14,RENAN SANTOS,107315,2.770817277
2026-10-04 18:22,PR,55,RONALDO CAIADO,101833,2.629274899
2026-10-04 18:22,PR,30,ZEMA,11164,0.288248652
2026-10-04 18:22,PR,80,SAMARA,4218,0.108906558
2026-10-04 18:22,PR,27,CLARIANA BARAO,1455,0.03756734
2026-10-04 18:22,PR,16,HERTZ DIAS,1276,0.032945654
2026-10-04 18:22,PR,21,EDMILSON COSTA,741,0.019132233
2026-10-04 18:22,PR,35,VETERINÁRIO WILSON GRASSI,610,0.015749882
2026-10-04 18:22,PR,29,RUI COSTA PIMENTA,588,0.015181853
2026-10-04 18:22,RJ,22,FLAVIO BOLSONARO,294473,52.195699531
2026-10-04 18:22,RJ,13,LULA,227085,40.251094083
2026-10-04 18:22,RJ,70,ESCRITOR AUGUSTO CURY,14951,2.650083042
2026-10-04 18:22,RJ,55,RONALDO CAIADO,12292,2.178772039
2026-10-04 18:22,RJ,14,RENAN SANTOS,12094,2.143676297
2026-10-04 18:22,RJ,30,ZEMA,1587,0.281297692
2026-10-04 18:22,RJ,80,SAMARA,791,0.140205718
2026-10-04 18:22,RJ,16,HERTZ DIAS,249,0.044135555
2026-10-04 18:22,RJ,27,CLARIANA BARAO,242,0.042894796
2026-10-04 18:22,RJ,21,EDMILSON COSTA,173,0.030664462
2026-10-04 18:22,RJ,35,VETERINÁRIO WILSON GRASSI,123,0.0218019
2026-10-04 18:22,RJ,29,RUI COSTA PIMENTA,111,0.019674886
2026-10-04 18:22,RN,13,LULA,259408,60.799129995
2026-10-04 18:22,RN,22,FLAVIO BOLSONARO,143872,33.720210751
2026-10-04 18:22,RN,70,ESCRITOR AUGUSTO CURY,11864,2.780642379
2026-10-04 18:22,RN,14,RENAN SANTOS,7167,1.679776124
2026-10-04 18:22,RN,55,RONALDO CAIADO,3457,0.810239439
2026-10-04 18:22,RN,30,ZEMA,312,0.073125457
2026-10-04 18:22,RN,80,SAMARA,256,0.060000375
2026-10-04 18:22,RN,16,HERTZ DIAS,116,0.02718767
2026-10-04 18:22,RN,21,EDMILSON COSTA,73,0.017109482
2026-10-04 18:22,RN,27,CLARIANA BARAO,68,0.0159376
2026-10-04 18:22,RN,29,RUI COSTA PIMENTA,41,0.009609435
2026-10-04 18:22,RN,35,VETERINÁRIO WILSON GRASSI,30,0.007031294
2026-10-04 18:22,RO,22,FLAVIO BOLSONARO,294140,63.784433163
2026-10-04 18:22,RO,13,LULA,132347,28.699525314
2026-10-04 18:22,RO,70,ESCRITOR AUGUSTO CURY,13954,3.025933162
2026-10-04 18:22,RO,14,RENAN SANTOS,10289,2.231175742
2026-10-04 18:22,RO,55,RONALDO CAIADO,8705,1.887684404
2026-10-04 18:22,RO,30,ZEMA,639,0.138567528
2026-10-04 18:22,RO,80,SAMARA,553,0.119918377
2026-10-04 18:22,RO,27,CLARIANA BARAO,215,0.046622877
2026-10-04 18:22,RO,16,HERTZ DIAS,109,0.023636715
2026-10-04 18:22,RO,21,EDMILSON COSTA,94,0.020383956
2026-10-04 18:22,RO,35,VETERINÁRIO WILSON GRASSI,71,0.015396392
2026-10-04 18:22,RO,29,RUI COSTA PIMENTA,31,0.006722368
2026-10-04 18:22,RR,22,FLAVIO BOLSONARO,36483,68.119946972
2026-10-04 18:22,RR,13,LULA,14649,27.35216685
2026-10-04 18:22,RR,70,ESCRITOR AUGUSTO CURY,1075,2.007207274
2026-10-04 18:22,RR,14,RENAN SANTOS,699,1.305151521
2026-10-04 18:22,RR,55,RONALDO CAIADO,542,1.0120059
2026-10-04 18:22,RR,30,ZEMA,42,0.078421121
2026-10-04 18:22,RR,80,SAMARA,34,0.063483765
2026-10-04 18:22,RR,27,CLARIANA BARAO,13,0.024273204
2026-10-04 18:22,RR,16,HERTZ DIAS,7,0.013070187
2026-10-04 18:22,RR,21,EDMILSON COSTA,6,0.011203017
2026-10-04 18:22,RR,29,RUI COSTA PIMENTA,4,0.007468678
2026-10-04 18:22,RR,35,VETERINÁRIO WILSON GRASSI,3,0.005601509
2026-10-04 18:22,RS,22,FLAVIO BOLSONARO,1471544,57.241571659
2026-10-04 18:22,RS,13,LULA,878584,34.176028032
2026-10-04 18:22,RS,70,ESCRITOR AUGUSTO CURY,79481,3.091730425
2026-10-04 18:22,RS,14,RENAN SANTOS,66303,2.579119568
2026-10-04 18:22,RS,55,RONALDO CAIADO,61849,2.405863478
2026-10-04 18:22,RS,30,ZEMA,7748,0.301389355
2026-10-04 18:22,RS,80,SAMARA,2477,0.096352792
2026-10-04 18:22,RS,16,HERTZ DIAS,807,0.031391483
2026-10-04 18:22,RS,27,CLARIANA BARAO,792,0.030807998
2026-10-04 18:22,RS,21,EDMILSON COSTA,404,0.015715191
2026-10-04 18:22,RS,29,RUI COSTA PIMENTA,404,0.015715191
2026-10-04 18:22,RS,35,VETERINÁRIO WILSON GRASSI,368,0.014314827
2026-10-04 18:22,SC,22,FLAVIO BOLSONARO,552424,63.003053075
2026-10-04 18:22,SC,13,LULA,249177,28.418229034
2026-10-04 18:22,SC,70,ESCRITOR AUGUSTO CURY,27012,3.080674391
2026-10-04 18:22,SC,14,RENAN SANTOS,25541,2.912909248
2026-10-04 18:22,SC,55,RONALDO CAIADO,16838,1.920346342
2026-10-04 18:22,SC,30,ZEMA,3654,0.41673272
2026-10-04 18:22,SC,80,SAMARA,1150,0.131155618
2026-10-04 18:22,SC,16,HERTZ DIAS,320,0.036495476
2026-10-04 18:22,SC,27,CLARIANA BARAO,284,0.032389735
2026-10-04 18:22,SC,29,RUI COSTA PIMENTA,145,0.016537013
2026-10-04 18:22,SC,21,EDMILSON COSTA,142,0.016194868
2026-10-04 18:22,SC,35,VETERINÁRIO WILSON GRASSI,134,0.015282481
2026-10-04 18:22,SE,13,LULA,136694,57.906709763
2026-10-04 18:22,SE,22,FLAVIO BOLSONARO,82253,34.844255038
2026-10-04 18:22,SE,70,ESCRITOR AUGUSTO CURY,7203,3.051355805
2026-10-04 18:22,SE,55,RONALDO CAIADO,4881,2.067703413
2026-10-04 18:22,SE,14,RENAN SANTOS,4276,1.811411554
2026-10-04 18:22,SE,30,ZEMA,307,0.130052233
2026-10-04 18:22,SE,80,SAMARA,182,0.077099369
2026-10-04 18:22,SE,27,CLARIANA BARAO,102,0.043209537
2026-10-04 18:22,SE,16,HERTZ DIAS,75,0.031771718
2026-10-04 18:22,SE,21,EDMILSON COSTA,46,0.019486654
2026-10-04 18:22,SE,29,RUI COSTA PIMENTA,26,0.011014196
2026-10-04 18:22,SE,35,VETERINÁRIO WILSON GRASSI,14,0.005930721
2026-10-04 18:22,SP,22,FLAVIO BOLSONARO,1569040,57.057161891
2026-10-04 18:22,SP,13,LULA,929766,33.810361229
2026-10-04 18:22,SP,70,ESCRITOR AUGUSTO CURY,93426,3.397378274
2026-10-04 18:22,SP,14,RENAN SANTOS,79336,2.885004204
2026-10-04 18:22,SP,55,RONALDO CAIADO,61502,2.236481907
2026-10-04 18:22,SP,30,ZEMA,9035,0.328552145
2026-10-04 18:22,SP,80,SAMARA,3788,0.13774826
2026-10-04 18:22,SP,16,HERTZ DIAS,1479,0.053782913
2026-10-04 18:22,SP,27,CLARIANA BARAO,965,0.035091624
2026-10-04 18:22,SP,21,EDMILSON COSTA,659,0.023964124
2026-10-04 18:22,SP,35,VETERINÁRIO WILSON GRASSI,521,0.01894584
2026-10-04 18:22,SP,29,RUI COSTA PIMENTA,427,0.015527589
2026-10-04 18:22,TO,22,FLAVIO BOLSONARO,301856,50.593584958
2026-10-04 18:22,TO,13,LULA,257545,43.166691529
2026-10-04 18:22,TO,70,ESCRITOR AUGUSTO CURY,14362,2.407191068
2026-10-04 18:22,TO,55,RONALDO CAIADO,13411,2.247795531
2026-10-04 18:22,TO,14,RENAN SANTOS,8457,1.417463784
2026-10-04 18:22,TO,30,ZEMA,412,0.069054639
2026-10-04 18:22,TO,80,SAMARA,266,0.04458382
2026-10-04 18:22,TO,27,CLARIANA BARAO,100,0.016760835
2026-10-04 18:22,TO,16,HERTZ DIAS,77,0.012905843
2026-10-04 18:22,TO,21,EDMILSON COSTA,71,0.011900193
2026-10-04 18:22,TO,29,RUI COSTA PIMENTA,37,0.006201509
2026-10-04 18:22,TO,35,VETERINÁRIO WILSON GRASSI,35,0.005866292
2026-10-04 18:22,ZZ,13,LULA,114684,52.291193609
2026-10-04 18:22,ZZ,22,FLAVIO BOLSONARO,83591,38.114062685
2026-10-04 18:22,ZZ,70,ESCRITOR AUGUSTO CURY,7068,3.222717698
2026-10-04 18:22,ZZ,14,RENAN SANTOS,6111,2.786365004
2026-10-04 18:22,ZZ,55,RONALDO CAIADO,3115,1.420312058
2026-10-04 18:22,ZZ,30,ZEMA,2176,0.992166626
2026-10-04 18:22,ZZ,80,SAMARA,860,0.392124677
2026-10-04 18:22,ZZ,27,CLARIANA BARAO,691,0.315067619
2026-10-04 18:22,ZZ,21,EDMILSON COSTA,333,0.151834323
2026-10-04 18:22,ZZ,16,HERTZ DIAS,293,0.133595966
2026-10-04 18:22,ZZ,35,VETERINÁRIO WILSON GRASSI,255,0.116269526
2026-10-04 18:22,ZZ,29,RUI COSTA PIMENTA,141,0.064290209
2026-10-04 18:27,BR,22,FLAVIO BOLSONARO,14344471,50.938897631
2026-10-04 18:27,BR,13,LULA,11536137,40.966174472
2026-10-04 18:27,BR,70,ESCRITOR AUGUSTO CURY,827940,2.940111971
2026-10-04 18:27,BR,55,RONALDO CAIADO,668422,2.373644858
2026-10-04 18:27,BR,14,RENAN SANTOS,640393,2.274110594
2026-10-04 18:27,BR,30,ZEMA,80058,0.28429534
2026-10-04 18:27,BR,80,SAMARA,28862,0.102492345
2026-10-04 18:27,BR,27,CLARIANA BARAO,10565,0.037517553
2026-10-04 18:27,BR,16,HERTZ DIAS,9960,0.035369127
2026-10-04 18:27,BR,21,EDMILSON COSTA,5237,0.018597201
2026-10-04 18:27,BR,35,VETERINÁRIO WILSON GRASSI,4164,0.014786852
2026-10-04 18:27,BR,29,RUI COSTA PIMENTA,3943,0.014002055
2026-10-04 18:27,AC,22,FLAVIO BOLSONARO,186889,64.271393248
2026-10-04 18:27,AC,13,LULA,83517,28.721615236
2026-10-04 18:27,AC,70,ESCRITOR AUGUSTO CURY,8717,2.997788714
2026-10-04 18:27,AC,55,RONALDO CAIADO,5677,1.952328385
2026-10-04 18:27,AC,14,RENAN SANTOS,5076,1.745643629
2026-10-04 18:27,AC,30,ZEMA,392,0.134809358
2026-10-04 18:27,AC,80,SAMARA,214,0.073594905
2026-10-04 18:27,AC,27,CLARIANA BARAO,126,0.043331579
2026-10-04 18:27,AC,21,EDMILSON COSTA,83,0.028543818
2026-10-04 18:27,AC,16,HERTZ DIAS,47,0.016163367
2026-10-04 18:27,AC,29,RUI COSTA PIMENTA,24,0.008253634
2026-10-04 18:27,AC,35,VETERINÁRIO WILSON GRASSI,19,0.006534127
2026-10-04 18:27,AL,13,LULA,107473,57.382896135
2026-10-04 18:27,AL,22,FLAVIO BOLSONARO,71227,38.030124245
2026-10-04 18:27,AL,70,ESCRITOR AUGUSTO CURY,4266,2.27773892
2026-10-04 18:27,AL,14,RENAN SANTOS,2480,1.324142644
2026-10-04 18:27,AL,55,RONALDO CAIADO,1420,0.75817845
2026-10-04 18:27,AL,80,SAMARA,137,0.073148203
2026-10-04 18:27,AL,30,ZEMA,124,0.066207132
2026-10-04 18:27,AL,27,CLARIANA BARAO,62,0.033103566
2026-10-04 18:27,AL,16,HERTZ DIAS,41,0.021891068
2026-10-04 18:27,AL,21,EDMILSON COSTA,27,0.014416069
2026-10-04 18:27,AL,35,VETERINÁRIO WILSON GRASSI,22,0.011746427
2026-10-04 18:27,AL,29,RUI COSTA PIMENTA,12,0.006407142
2026-10-04 18:27,AM,22,FLAVIO BOLSONARO,466827,50.118041129
2026-10-04 18:27,AM,13,LULA,391246,42.003746826
2026-10-04 18:27,AM,70,ESCRITOR AUGUSTO CURY,38402,4.122797129
2026-10-04 18:27,AM,14,RENAN SANTOS,18008,1.933319377
2026-10-04 18:27,AM,55,RONALDO CAIADO,13680,1.468669984
2026-10-04 18:27,AM,30,ZEMA,1101,0.118202168
2026-10-04 18:27,AM,80,SAMARA,1047,0.112404786
2026-10-04 18:27,AM,27,CLARIANA BARAO,467,0.050136614
2026-10-04 18:27,AM,16,HERTZ DIAS,280,0.030060497
2026-10-04 18:27,AM,35,VETERINÁRIO WILSON GRASSI,156,0.016747991
2026-10-04 18:27,AM,21,EDMILSON COSTA,130,0.013956659
2026-10-04 18:27,AM,29,RUI COSTA PIMENTA,111,0.01191684
2026-10-04 18:27,AP,13,LULA,55730,49.983855923
2026-10-04 18:27,AP,22,FLAVIO BOLSONARO,47260,42.38717084
2026-10-04 18:27,AP,70,ESCRITOR AUGUSTO CURY,4242,3.804620794
2026-10-04 18:27,AP,14,RENAN SANTOS,2250,2.018009615
2026-10-04 18:27,AP,55,RONALDO CAIADO,1776,1.592882256
2026-10-04 18:27,AP,80,SAMARA,73,0.065473201
2026-10-04 18:27,AP,30,ZEMA,68,0.060988735
2026-10-04 18:27,AP,27,CLARIANA BARAO,39,0.034978833
2026-10-04 18:27,AP,16,HERTZ DIAS,25,0.022422329
2026-10-04 18:27,AP,21,EDMILSON COSTA,14,0.012556504
2026-10-04 18:27,AP,29,RUI COSTA PIMENTA,12,0.010762718
2026-10-04 18:27,AP,35,VETERINÁRIO WILSON GRASSI,7,0.006278252
2026-10-04 18:27,BA,13,LULA,749548,64.500273216
2026-10-04 18:27,BA,22,FLAVIO BOLSONARO,343940,29.596802299
2026-10-04 18:27,BA,70,ESCRITOR AUGUSTO CURY,27657,2.379946389
2026-10-04 18:27,BA,55,RONALDO CAIADO,19976,1.718979249
2026-10-04 18:27,BA,14,RENAN SANTOS,17937,1.543518762
2026-10-04 18:27,BA,30,ZEMA,1212,0.104295297
2026-10-04 18:27,BA,80,SAMARA,796,0.068497571
2026-10-04 18:27,BA,16,HERTZ DIAS,316,0.027192503
2026-10-04 18:27,BA,27,CLARIANA BARAO,244,0.020996743
2026-10-04 18:27,BA,21,EDMILSON COSTA,188,0.016177818
2026-10-04 18:27,BA,29,RUI COSTA PIMENTA,163,0.014026513
2026-10-04 18:27,BA,35,VETERINÁRIO WILSON GRASSI,108,0.00929364
2026-10-04 18:27,CE,13,LULA,489203,60.633324327
2026-10-04 18:27,CE,22,FLAVIO BOLSONARO,268953,33.334861965
2026-10-04 18:27,CE,70,ESCRITOR AUGUSTO CURY,20668,2.561655483
2026-10-04 18:27,CE,14,RENAN SANTOS,17554,2.175696746
2026-10-04 18:27,CE,55,RONALDO CAIADO,8051,0.9978657
2026-10-04 18:27,CE,30,ZEMA,1008,0.12493462
2026-10-04 18:27,CE,80,SAMARA,638,0.079075682
2026-10-04 18:27,CE,16,HERTZ DIAS,263,0.032597029
2026-10-04 18:27,CE,27,CLARIANA BARAO,156,0.01933512
2026-10-04 18:27,CE,21,EDMILSON COSTA,140,0.017352031
2026-10-04 18:27,CE,29,RUI COSTA PIMENTA,103,0.012766137
2026-10-04 18:27,CE,35,VETERINÁRIO WILSON GRASSI,85,0.010535161
2026-10-04 18:27,DF,22,FLAVIO BOLSONARO,801690,51.242405745
2026-10-04 18:27,DF,13,LULA,596859,38.150021892
2026-10-04 18:27,DF,55,RONALDO CAIADO,75098,4.800112496
2026-10-04 18:27,DF,14,RENAN SANTOS,41366,2.644031179
2026-10-04 18:27,DF,70,ESCRITOR AUGUSTO CURY,40688,2.600694788
2026-10-04 18:27,DF,30,ZEMA,4483,0.286544306
2026-10-04 18:27,DF,80,SAMARA,2035,0.13007309
2026-10-04 18:27,DF,16,HERTZ DIAS,730,0.046660126
2026-10-04 18:27,DF,27,CLARIANA BARAO,628,0.040140492
2026-10-04 18:27,DF,29,RUI COSTA PIMENTA,345,0.022051703
2026-10-04 18:27,DF,21,EDMILSON COSTA,292,0.01866405
2026-10-04 18:27,DF,35,VETERINÁRIO WILSON GRASSI,291,0.018600132
2026-10-04 18:27,ES,22,FLAVIO BOLSONARO,799068,56.120237385
2026-10-04 18:27,ES,13,LULA,517976,36.378551111
2026-10-04 18:27,ES,70,ESCRITOR AUGUSTO CURY,41059,2.883660498
2026-10-04 18:27,ES,14,RENAN SANTOS,33534,2.355163816
2026-10-04 18:27,ES,55,RONALDO CAIADO,25303,1.77708326
2026-10-04 18:27,ES,30,ZEMA,4082,0.286687502
2026-10-04 18:27,ES,80,SAMARA,1187,0.083365523
2026-10-04 18:27,ES,27,CLARIANA BARAO,617,0.043333216
2026-10-04 18:27,ES,16,HERTZ DIAS,405,0.028444007
2026-10-04 18:27,ES,21,EDMILSON COSTA,230,0.016153387
2026-10-04 18:27,ES,35,VETERINÁRIO WILSON GRASSI,205,0.014397584
2026-10-04 18:27,ES,29,RUI COSTA PIMENTA,184,0.01292271
2026-10-04 18:27,GO,22,FLAVIO BOLSONARO,708060,56.326980644
2026-10-04 18:27,GO,13,LULA,362163,28.810479749
2026-10-04 18:27,GO,55,RONALDO CAIADO,147167,11.707302715
2026-10-04 18:27,GO,70,ESCRITOR AUGUSTO CURY,18580,1.478060193
2026-10-04 18:27,GO,14,RENAN SANTOS,18517,1.473048471
2026-10-04 18:27,GO,30,ZEMA,1011,0.080426203
2026-10-04 18:27,GO,80,SAMARA,754,0.05998156
2026-10-04 18:27,GO,16,HERTZ DIAS,228,0.01813766
2026-10-04 18:27,GO,27,CLARIANA BARAO,192,0.015273819
2026-10-04 18:27,GO,21,EDMILSON COSTA,159,0.012648631
2026-10-04 18:27,GO,35,VETERINÁRIO WILSON GRASSI,121,0.009625688
2026-10-04 18:27,GO,29,RUI COSTA PIMENTA,101,0.008034665
2026-10-04 18:27,MA,13,LULA,553537,60.491351462
2026-10-04 18:27,MA,22,FLAVIO BOLSONARO,310884,33.973868609
2026-10-04 18:27,MA,70,ESCRITOR AUGUSTO CURY,20619,2.253275166
2026-10-04 18:27,MA,14,RENAN SANTOS,14398,1.57343498
2026-10-04 18:27,MA,55,RONALDO CAIADO,12970,1.417381003
2026-10-04 18:27,MA,30,ZEMA,1245,0.136055463
2026-10-04 18:27,MA,16,HERTZ DIAS,472,0.051580866
2026-10-04 18:27,MA,80,SAMARA,472,0.051580866
2026-10-04 18:27,MA,27,CLARIANA BARAO,226,0.024697618
2026-10-04 18:27,MA,21,EDMILSON COSTA,103,0.011255994
2026-10-04 18:27,MA,35,VETERINÁRIO WILSON GRASSI,73,0.007977549
2026-10-04 18:27,MA,29,RUI COSTA PIMENTA,69,0.007540423
2026-10-04 18:27,MG,22,FLAVIO BOLSONARO,1466820,49.303796724
2026-10-04 18:27,MG,13,LULA,1238383,41.625409865
2026-10-04 18:27,MG,70,ESCRITOR AUGUSTO CURY,104759,3.52123399
2026-10-04 18:27,MG,14,RENAN SANTOS,67267,2.26102623
2026-10-04 18:27,MG,55,RONALDO CAIADO,62076,2.086542647
2026-10-04 18:27,MG,30,ZEMA,28561,0.960012638
2026-10-04 18:27,MG,80,SAMARA,3434,0.11542605
2026-10-04 18:27,MG,16,HERTZ DIAS,1357,0.045612449
2026-10-04 18:27,MG,27,CLARIANA BARAO,901,0.030285053
2026-10-04 18:27,MG,21,EDMILSON COSTA,572,0.019226471
2026-10-04 18:27,MG,29,RUI COSTA PIMENTA,472,0.0158652
2026-10-04 18:27,MG,35,VETERINÁRIO WILSON GRASSI,463,0.015562685
2026-10-04 18:27,MS,22,FLAVIO BOLSONARO,681818,59.870830644
2026-10-04 18:27,MS,13,LULA,376302,33.043295004
2026-10-04 18:27,MS,70,ESCRITOR AUGUSTO CURY,31320,2.75022721
2026-10-04 18:27,MS,14,RENAN SANTOS,25580,2.246194509
2026-10-04 18:27,MS,55,RONALDO CAIADO,19040,1.671913349
2026-10-04 18:27,MS,30,ZEMA,2341,0.205564556
2026-10-04 18:27,MS,80,SAMARA,1054,0.092552346
2026-10-04 18:27,MS,27,CLARIANA BARAO,504,0.04425653
2026-10-04 18:27,MS,16,HERTZ DIAS,296,0.02599193
2026-10-04 18:27,MS,21,EDMILSON COSTA,246,0.021601401
2026-10-04 18:27,MS,35,VETERINÁRIO WILSON GRASSI,164,0.014400934
2026-10-04 18:27,MS,29,RUI COSTA PIMENTA,150,0.013171586
2026-10-04 18:27,MT,22,FLAVIO BOLSONARO,655898,65.399161444
2026-10-04 18:27,MT,13,LULA,286589,28.57560212
2026-10-04 18:27,MT,70,ESCRITOR AUGUSTO CURY,21266,2.120418979
2026-10-04 18:27,MT,14,RENAN SANTOS,17719,1.766749924
2026-10-04 18:27,MT,55,RONALDO CAIADO,17564,1.751294975
2026-10-04 18:27,MT,30,ZEMA,1370,0.136601806
2026-10-04 18:27,MT,27,CLARIANA BARAO,1135,0.113170109
2026-10-04 18:27,MT,80,SAMARA,897,0.089439284
2026-10-04 18:27,MT,16,HERTZ DIAS,185,0.018446229
2026-10-04 18:27,MT,21,EDMILSON COSTA,121,0.012064831
2026-10-04 18:27,MT,35,VETERINÁRIO WILSON GRASSI,108,0.01076861
2026-10-04 18:27,MT,29,RUI COSTA PIMENTA,63,0.006281689
2026-10-04 18:27,PA,13,LULA,848264,47.287421948
2026-10-04 18:27,PA,22,FLAVIO BOLSONARO,825862,46.038597495
2026-10-04 18:27,PA,70,ESCRITOR AUGUSTO CURY,52633,2.934085237
2026-10-04 18:27,PA,14,RENAN SANTOS,37542,2.092820625
2026-10-04 18:27,PA,55,RONALDO CAIADO,24005,1.338185475
2026-10-04 18:27,PA,80,SAMARA,2081,0.116007664
2026-10-04 18:27,PA,30,ZEMA,1588,0.08852483
2026-10-04 18:27,PA,16,HERTZ DIAS,587,0.032722969
2026-10-04 18:27,PA,27,CLARIANA BARAO,585,0.032611477
2026-10-04 18:27,PA,21,EDMILSON COSTA,280,0.015608912
2026-10-04 18:27,PA,35,VETERINÁRIO WILSON GRASSI,258,0.014382498
2026-10-04 18:27,PA,29,RUI COSTA PIMENTA,162,0.009030871
2026-10-04 18:27,PB,13,LULA,976198,60.972019145
2026-10-04 18:27,PB,22,FLAVIO BOLSONARO,532989,33.289778828
2026-10-04 18:27,PB,70,ESCRITOR AUGUSTO CURY,47510,2.967410945
2026-10-04 18:27,PB,14,RENAN SANTOS,28001,1.748904944
2026-10-04 18:27,PB,55,RONALDO CAIADO,12645,0.789789758
2026-10-04 18:27,PB,30,ZEMA,1316,0.082195597
2026-10-04 18:27,PB,80,SAMARA,1017,0.063520457
2026-10-04 18:27,PB,16,HERTZ DIAS,431,0.026919683
2026-10-04 18:27,PB,27,CLARIANA BARAO,399,0.024921005
2026-10-04 18:27,PB,21,EDMILSON COSTA,213,0.013303695
2026-10-04 18:27,PB,29,RUI COSTA PIMENTA,193,0.012054521
2026-10-04 18:27,PB,35,VETERINÁRIO WILSON GRASSI,147,0.009181423
2026-10-04 18:27,PE,13,LULA,606219,61.207533682
2026-10-04 18:27,PE,22,FLAVIO BOLSONARO,326736,32.989241058
2026-10-04 18:27,PE,70,ESCRITOR AUGUSTO CURY,24421,2.465691739
2026-10-04 18:27,PE,14,RENAN SANTOS,16310,1.646756163
2026-10-04 18:27,PE,55,RONALDO CAIADO,13970,1.410495622
2026-10-04 18:27,PE,30,ZEMA,1528,0.154276114
2026-10-04 18:27,PE,80,SAMARA,487,0.049170463
2026-10-04 18:27,PE,16,HERTZ DIAS,245,0.024736681
2026-10-04 18:27,PE,27,CLARIANA BARAO,179,0.018072922
2026-10-04 18:27,PE,21,EDMILSON COSTA,125,0.012620755
2026-10-04 18:27,PE,29,RUI COSTA PIMENTA,114,0.011510129
2026-10-04 18:27,PE,35,VETERINÁRIO WILSON GRASSI,98,0.009894672
2026-10-04 18:27,PI,13,LULA,536930,67.905052061
2026-10-04 18:27,PI,22,FLAVIO BOLSONARO,210773,26.656270907
2026-10-04 18:27,PI,70,ESCRITOR AUGUSTO CURY,19146,2.421377324
2026-10-04 18:27,PI,14,RENAN SANTOS,13420,1.697215277
2026-10-04 18:27,PI,55,RONALDO CAIADO,8709,1.101419363
2026-10-04 18:27,PI,30,ZEMA,633,0.080054938
2026-10-04 18:27,PI,80,SAMARA,468,0.059187537
2026-10-04 18:27,PI,27,CLARIANA BARAO,200,0.025293819
2026-10-04 18:27,PI,16,HERTZ DIAS,185,0.023396783
2026-10-04 18:27,PI,21,EDMILSON COSTA,115,0.014543946
2026-10-04 18:27,PI,35,VETERINÁRIO WILSON GRASSI,71,0.008979306
2026-10-04 18:27,PI,29,RUI COSTA PIMENTA,57,0.007208739
2026-10-04 18:27,PR,22,FLAVIO BOLSONARO,2665466,60.266550903
2026-10-04 18:27,PR,13,LULA,1355117,30.639380754
2026-10-04 18:27,PR,70,ESCRITOR AUGUSTO CURY,140538,3.177583406
2026-10-04 18:27,PR,14,RENAN SANTOS,122237,2.763795292
2026-10-04 18:27,PR,55,RONALDO CAIADO,116861,2.642243197
2026-10-04 18:27,PR,30,ZEMA,12507,0.282784981
2026-10-04 18:27,PR,80,SAMARA,4774,0.107940793
2026-10-04 18:27,PR,27,CLARIANA BARAO,1654,0.037397166
2026-10-04 18:27,PR,16,HERTZ DIAS,1453,0.032852529
2026-10-04 18:27,PR,21,EDMILSON COSTA,839,0.018969905
2026-10-04 18:27,PR,35,VETERINÁRIO WILSON GRASSI,684,0.015465334
2026-10-04 18:27,PR,29,RUI COSTA PIMENTA,665,0.015035741
2026-10-04 18:27,RJ,22,FLAVIO BOLSONARO,429653,53.116435011
2026-10-04 18:27,RJ,13,LULA,318711,39.401079753
2026-10-04 18:27,RJ,70,ESCRITOR AUGUSTO CURY,21355,2.640040846
2026-10-04 18:27,RJ,55,RONALDO CAIADO,17517,2.165562889
2026-10-04 18:27,RJ,14,RENAN SANTOS,17149,2.12006839
2026-10-04 18:27,RJ,30,ZEMA,2182,0.26975271
2026-10-04 18:27,RJ,80,SAMARA,1070,0.132280202
2026-10-04 18:27,RJ,16,HERTZ DIAS,349,0.043145598
2026-10-04 18:27,RJ,27,CLARIANA BARAO,331,0.040920324
2026-10-04 18:27,RJ,21,EDMILSON COSTA,245,0.030288457
2026-10-04 18:27,RJ,35,VETERINÁRIO WILSON GRASSI,166,0.020521975
2026-10-04 18:27,RJ,29,RUI COSTA PIMENTA,161,0.019903843
2026-10-04 18:27,RN,13,LULA,316815,61.104574911
2026-10-04 18:27,RN,22,FLAVIO BOLSONARO,173499,33.463007252
2026-10-04 18:27,RN,70,ESCRITOR AUGUSTO CURY,14319,2.761726585
2026-10-04 18:27,RN,14,RENAN SANTOS,8669,1.672002777
2026-10-04 18:27,RN,55,RONALDO CAIADO,4117,0.794051844
2026-10-04 18:27,RN,30,ZEMA,362,0.069819472
2026-10-04 18:27,RN,80,SAMARA,310,0.059790156
2026-10-04 18:27,RN,16,HERTZ DIAS,133,0.025651906
2026-10-04 18:27,RN,27,CLARIANA BARAO,85,0.016394075
2026-10-04 18:27,RN,21,EDMILSON COSTA,83,0.016008332
2026-10-04 18:27,RN,29,RUI COSTA PIMENTA,48,0.009257831
2026-10-04 18:27,RN,35,VETERINÁRIO WILSON GRASSI,40,0.007714859
2026-10-04 18:27,RO,22,FLAVIO BOLSONARO,349574,64.822836544
2026-10-04 18:27,RO,13,LULA,150748,27.953775061
2026-10-04 18:27,RO,70,ESCRITOR AUGUSTO CURY,15606,2.893879943
2026-10-04 18:27,RO,14,RENAN SANTOS,11564,2.144356508
2026-10-04 18:27,RO,55,RONALDO CAIADO,9874,1.830973379
2026-10-04 18:27,RO,30,ZEMA,726,0.134624942
2026-10-04 18:27,RO,80,SAMARA,608,0.112743753
2026-10-04 18:27,RO,27,CLARIANA BARAO,240,0.044504113
2026-10-04 18:27,RO,16,HERTZ DIAS,122,0.022622924
2026-10-04 18:27,RO,21,EDMILSON COSTA,105,0.019470549
2026-10-04 18:27,RO,35,VETERINÁRIO WILSON GRASSI,75,0.013907535
2026-10-04 18:27,RO,29,RUI COSTA PIMENTA,34,0.006304749
2026-10-04 18:27,RR,22,FLAVIO BOLSONARO,54822,69.193487315
2026-10-04 18:27,RR,13,LULA,20551,25.938407169
2026-10-04 18:27,RR,70,ESCRITOR AUGUSTO CURY,1723,2.174681308
2026-10-04 18:27,RR,14,RENAN SANTOS,1149,1.450208254
2026-10-04 18:27,RR,55,RONALDO CAIADO,812,1.024864319
2026-10-04 18:27,RR,30,ZEMA,70,0.088350372
2026-10-04 18:27,RR,80,SAMARA,52,0.065631705
2026-10-04 18:27,RR,27,CLARIANA BARAO,25,0.031553704
2026-10-04 18:27,RR,21,EDMILSON COSTA,10,0.012621482
2026-10-04 18:27,RR,16,HERTZ DIAS,7,0.008835037
2026-10-04 18:27,RR,29,RUI COSTA PIMENTA,6,0.007572889
2026-10-04 18:27,RR,35,VETERINÁRIO WILSON GRASSI,3,0.003786445
2026-10-04 18:27,RS,22,FLAVIO BOLSONARO,1736020,56.788391749
2026-10-04 18:27,RS,13,LULA,1058312,34.619322617
2026-10-04 18:27,RS,70,ESCRITOR AUGUSTO CURY,94466,3.090155767
2026-10-04 18:27,RS,14,RENAN SANTOS,79135,2.588650696
2026-10-04 18:27,RS,55,RONALDO CAIADO,73650,2.409226306
2026-10-04 18:27,RS,30,ZEMA,9102,0.29774308
2026-10-04 18:27,RS,80,SAMARA,2992,0.097873796
2026-10-04 18:27,RS,16,HERTZ DIAS,985,0.032221153
2026-10-04 18:27,RS,27,CLARIANA BARAO,953,0.031174374
2026-10-04 18:27,RS,29,RUI COSTA PIMENTA,476,0.015570831
2026-10-04 18:27,RS,21,EDMILSON COSTA,469,0.015341848
2026-10-04 18:27,RS,35,VETERINÁRIO WILSON GRASSI,438,0.014327782
2026-10-04 18:27,SC,22,FLAVIO BOLSONARO,728193,62.655349245
2026-10-04 18:27,SC,13,LULA,333323,28.679854072
2026-10-04 18:27,SC,70,ESCRITOR AUGUSTO CURY,36318,3.124881692
2026-10-04 18:27,SC,14,RENAN SANTOS,34343,2.954948289
2026-10-04 18:27,SC,55,RONALDO CAIADO,22180,1.908416651
2026-10-04 18:27,SC,30,ZEMA,4826,0.4152398
2026-10-04 18:27,SC,80,SAMARA,1583,0.136204849
2026-10-04 18:27,SC,16,HERTZ DIAS,456,0.039235257
2026-10-04 18:27,SC,27,CLARIANA BARAO,396,0.034072723
2026-10-04 18:27,SC,29,RUI COSTA PIMENTA,222,0.019101375
2026-10-04 18:27,SC,21,EDMILSON COSTA,199,0.017122404
2026-10-04 18:27,SC,35,VETERINÁRIO WILSON GRASSI,181,0.015573644
2026-10-04 18:27,SE,13,LULA,210063,58.580599462
2026-10-04 18:27,SE,22,FLAVIO BOLSONARO,122791,34.242919451
2026-10-04 18:27,SE,70,ESCRITOR AUGUSTO CURY,10946,3.05252825
2026-10-04 18:27,SE,55,RONALDO CAIADO,7402,2.064207391
2026-10-04 18:27,SE,14,RENAN SANTOS,6285,1.752707843
2026-10-04 18:27,SE,30,ZEMA,443,0.123540107
2026-10-04 18:27,SE,80,SAMARA,258,0.071948866
2026-10-04 18:27,SE,27,CLARIANA BARAO,147,0.040994121
2026-10-04 18:27,SE,16,HERTZ DIAS,115,0.032070231
2026-10-04 18:27,SE,21,EDMILSON COSTA,67,0.018684395
2026-10-04 18:27,SE,29,RUI COSTA PIMENTA,37,0.010318248
2026-10-04 18:27,SE,35,VETERINÁRIO WILSON GRASSI,34,0.009481634
2026-10-04 18:27,SP,22,FLAVIO BOLSONARO,2211082,56.19796607
2026-10-04 18:27,SP,13,LULA,1357845,34.511667699
2026-10-04 18:27,SP,70,ESCRITOR AUGUSTO CURY,135398,3.441343293
2026-10-04 18:27,SP,14,RENAN SANTOS,116202,2.953448155
2026-10-04 18:27,SP,55,RONALDO CAIADO,88926,2.260187696
2026-10-04 18:27,SP,30,ZEMA,13214,0.335853633
2026-10-04 18:27,SP,80,SAMARA,5670,0.144111556
2026-10-04 18:27,SP,16,HERTZ DIAS,2260,0.05744129
2026-10-04 18:27,SP,27,CLARIANA BARAO,1492,0.037921418
2026-10-04 18:27,SP,21,EDMILSON COSTA,939,0.023866094
2026-10-04 18:27,SP,35,VETERINÁRIO WILSON GRASSI,772,0.019621538
2026-10-04 18:27,SP,29,RUI COSTA PIMENTA,652,0.016571558
2026-10-04 18:27,TO,22,FLAVIO BOLSONARO,357763,50.459798648
2026-10-04 18:27,TO,13,LULA,307407,43.357461009
2026-10-04 18:27,TO,70,ESCRITOR AUGUSTO CURY,17008,2.39885135
2026-10-04 18:27,TO,55,RONALDO CAIADO,15686,2.212393125
2026-10-04 18:27,TO,14,RENAN SANTOS,9980,1.407604449
2026-10-04 18:27,TO,30,ZEMA,471,0.066431032
2026-10-04 18:27,TO,80,SAMARA,304,0.042876929
2026-10-04 18:27,TO,27,CLARIANA BARAO,123,0.017348231
2026-10-04 18:27,TO,21,EDMILSON COSTA,90,0.012693828
2026-10-04 18:27,TO,16,HERTZ DIAS,83,0.01170653
2026-10-04 18:27,TO,35,VETERINÁRIO WILSON GRASSI,48,0.006770041
2026-10-04 18:27,TO,29,RUI COSTA PIMENTA,43,0.006064829
2026-10-04 18:27,ZZ,13,LULA,114684,52.291193609
2026-10-04 18:27,ZZ,22,FLAVIO BOLSONARO,83591,38.114062685
2026-10-04 18:27,ZZ,70,ESCRITOR AUGUSTO CURY,7068,3.222717698
2026-10-04 18:27,ZZ,14,RENAN SANTOS,6111,2.786365004
2026-10-04 18:27,ZZ,55,RONALDO CAIADO,3115,1.420312058
2026-10-04 18:27,ZZ,30,ZEMA,2176,0.992166626
2026-10-04 18:27,ZZ,80,SAMARA,860,0.392124677
2026-10-04 18:27,ZZ,27,CLARIANA BARAO,691,0.315067619
2026-10-04 18:27,ZZ,21,EDMILSON COSTA,333,0.151834323
2026-10-04 18:27,ZZ,16,HERTZ DIAS,293,0.133595966
2026-10-04 18:27,ZZ,35,VETERINÁRIO WILSON GRASSI,255,0.116269526
2026-10-04 18:27,ZZ,29,RUI COSTA PIMENTA,141,0.064290209
2026-10-04 18:28,BR,22,FLAVIO BOLSONARO,16317418,50.853211634
2026-10-04 18:28,BR,13,LULA,13172611,41.052424775
2026-10-04 18:28,BR,70,ESCRITOR AUGUSTO CURY,943759,2.941223676
2026-10-04 18:28,BR,55,RONALDO CAIADO,760906,2.371362544
2026-10-04 18:28,BR,14,RENAN SANTOS,730686,2.277181953
2026-10-04 18:28,BR,30,ZEMA,90792,0.282953148
2026-10-04 18:28,BR,80,SAMARA,32673,0.101825361
2026-10-04 18:28,BR,27,CLARIANA BARAO,11932,0.037186062
2026-10-04 18:28,BR,16,HERTZ DIAS,11364,0.035415891
2026-10-04 18:28,BR,21,EDMILSON COSTA,5966,0.018593031
2026-10-04 18:28,BR,35,VETERINÁRIO WILSON GRASSI,4720,0.014709874
2026-10-04 18:28,BR,29,RUI COSTA PIMENTA,4464,0.01391205
2026-10-04 18:28,AC,22,FLAVIO BOLSONARO,186889,64.271393248
2026-10-04 18:28,AC,13,LULA,83517,28.721615236
2026-10-04 18:28,AC,70,ESCRITOR AUGUSTO CURY,8717,2.997788714
2026-10-04 18:28,AC,55,RONALDO CAIADO,5677,1.952328385
2026-10-04 18:28,AC,14,RENAN SANTOS,5076,1.745643629
2026-10-04 18:28,AC,30,ZEMA,392,0.134809358
2026-10-04 18:28,AC,80,SAMARA,214,0.073594905
2026-10-04 18:28,AC,27,CLARIANA BARAO,126,0.043331579
2026-10-04 18:28,AC,21,EDMILSON COSTA,83,0.028543818
2026-10-04 18:28,AC,16,HERTZ DIAS,47,0.016163367
2026-10-04 18:28,AC,29,RUI COSTA PIMENTA,24,0.008253634
2026-10-04 18:28,AC,35,VETERINÁRIO WILSON GRASSI,19,0.006534127
2026-10-04 18:28,AL,13,LULA,107473,57.382896135
2026-10-04 18:28,AL,22,FLAVIO BOLSONARO,71227,38.030124245
2026-10-04 18:28,AL,70,ESCRITOR AUGUSTO CURY,4266,2.27773892
2026-10-04 18:28,AL,14,RENAN SANTOS,2480,1.324142644
2026-10-04 18:28,AL,55,RONALDO CAIADO,1420,0.75817845
2026-10-04 18:28,AL,80,SAMARA,137,0.073148203
2026-10-04 18:28,AL,30,ZEMA,124,0.066207132
2026-10-04 18:28,AL,27,CLARIANA BARAO,62,0.033103566
2026-10-04 18:28,AL,16,HERTZ DIAS,41,0.021891068
2026-10-04 18:28,AL,21,EDMILSON COSTA,27,0.014416069
2026-10-04 18:28,AL,35,VETERINÁRIO WILSON GRASSI,22,0.011746427
2026-10-04 18:28,AL,29,RUI COSTA PIMENTA,12,0.006407142
2026-10-04 18:28,AM,22,FLAVIO BOLSONARO,477001,50.01976668
2026-10-04 18:28,AM,13,LULA,401775,42.131340936
2026-10-04 18:28,AM,70,ESCRITOR AUGUSTO CURY,39224,4.113147201
2026-10-04 18:28,AM,14,RENAN SANTOS,18324,1.921510028
2026-10-04 18:28,AM,55,RONALDO CAIADO,13947,1.462524577
2026-10-04 18:28,AM,30,ZEMA,1115,0.11692227
2026-10-04 18:28,AM,80,SAMARA,1074,0.112622886
2026-10-04 18:28,AM,27,CLARIANA BARAO,477,0.050019662
2026-10-04 18:28,AM,16,HERTZ DIAS,287,0.030095688
2026-10-04 18:28,AM,35,VETERINÁRIO WILSON GRASSI,157,0.016463495
2026-10-04 18:28,AM,21,EDMILSON COSTA,133,0.013946782
2026-10-04 18:28,AM,29,RUI COSTA PIMENTA,111,0.011639796
2026-10-04 18:28,AP,13,LULA,55730,49.983855923
2026-10-04 18:28,AP,22,FLAVIO BOLSONARO,47260,42.38717084
2026-10-04 18:28,AP,70,ESCRITOR AUGUSTO CURY,4242,3.804620794
2026-10-04 18:28,AP,14,RENAN SANTOS,2250,2.018009615
2026-10-04 18:28,AP,55,RONALDO CAIADO,1776,1.592882256
2026-10-04 18:28,AP,80,SAMARA,73,0.065473201
2026-10-04 18:28,AP,30,ZEMA,68,0.060988735
2026-10-04 18:28,AP,27,CLARIANA BARAO,39,0.034978833
2026-10-04 18:28,AP,16,HERTZ DIAS,25,0.022422329
2026-10-04 18:28,AP,21,EDMILSON COSTA,14,0.012556504
2026-10-04 18:28,AP,29,RUI COSTA PIMENTA,12,0.010762718
2026-10-04 18:28,AP,35,VETERINÁRIO WILSON GRASSI,7,0.006278252
2026-10-04 18:28,BA,13,LULA,849681,64.314812796
2026-10-04 18:28,BA,22,FLAVIO BOLSONARO,392878,29.738072314
2026-10-04 18:28,BA,70,ESCRITOR AUGUSTO CURY,31571,2.389700317
2026-10-04 18:28,BA,55,RONALDO CAIADO,22903,1.733594322
2026-10-04 18:28,BA,14,RENAN SANTOS,20618,1.560636063
2026-10-04 18:28,BA,30,ZEMA,1395,0.105591585
2026-10-04 18:28,BA,80,SAMARA,925,0.070015926
2026-10-04 18:28,BA,16,HERTZ DIAS,357,0.027022363
2026-10-04 18:28,BA,27,CLARIANA BARAO,284,0.021496782
2026-10-04 18:28,BA,21,EDMILSON COSTA,216,0.016349665
2026-10-04 18:28,BA,29,RUI COSTA PIMENTA,179,0.013549028
2026-10-04 18:28,BA,35,VETERINÁRIO WILSON GRASSI,121,0.00915884
2026-10-04 18:28,CE,13,LULA,489203,60.633324327
2026-10-04 18:28,CE,22,FLAVIO BOLSONARO,268953,33.334861965
2026-10-04 18:28,CE,70,ESCRITOR AUGUSTO CURY,20668,2.561655483
2026-10-04 18:28,CE,14,RENAN SANTOS,17554,2.175696746
2026-10-04 18:28,CE,55,RONALDO CAIADO,8051,0.9978657
2026-10-04 18:28,CE,30,ZEMA,1008,0.12493462
2026-10-04 18:28,CE,80,SAMARA,638,0.079075682
2026-10-04 18:28,CE,16,HERTZ DIAS,263,0.032597029
2026-10-04 18:28,CE,27,CLARIANA BARAO,156,0.01933512
2026-10-04 18:28,CE,21,EDMILSON COSTA,140,0.017352031
2026-10-04 18:28,CE,29,RUI COSTA PIMENTA,103,0.012766137
2026-10-04 18:28,CE,35,VETERINÁRIO WILSON GRASSI,85,0.010535161
2026-10-04 18:28,DF,22,FLAVIO BOLSONARO,811623,51.237273113
2026-10-04 18:28,DF,13,LULA,604392,38.154904397
2026-10-04 18:28,DF,55,RONALDO CAIADO,76105,4.804462996
2026-10-04 18:28,DF,14,RENAN SANTOS,41849,2.641902266
2026-10-04 18:28,DF,70,ESCRITOR AUGUSTO CURY,41179,2.599605568
2026-10-04 18:28,DF,30,ZEMA,4531,0.286039312
2026-10-04 18:28,DF,80,SAMARA,2057,0.129857176
2026-10-04 18:28,DF,16,HERTZ DIAS,740,0.046715756
2026-10-04 18:28,DF,27,CLARIANA BARAO,635,0.040087169
2026-10-04 18:28,DF,29,RUI COSTA PIMENTA,348,0.021969031
2026-10-04 18:28,DF,21,EDMILSON COSTA,295,0.018623173
2026-10-04 18:28,DF,35,VETERINÁRIO WILSON GRASSI,294,0.018560044
2026-10-04 18:28,ES,22,FLAVIO BOLSONARO,799068,56.120237385
2026-10-04 18:28,ES,13,LULA,517976,36.378551111
2026-10-04 18:28,ES,70,ESCRITOR AUGUSTO CURY,41059,2.883660498
2026-10-04 18:28,ES,14,RENAN SANTOS,33534,2.355163816
2026-10-04 18:28,ES,55,RONALDO CAIADO,25303,1.77708326
2026-10-04 18:28,ES,30,ZEMA,4082,0.286687502
2026-10-04 18:28,ES,80,SAMARA,1187,0.083365523
2026-10-04 18:28,ES,27,CLARIANA BARAO,617,0.043333216
2026-10-04 18:28,ES,16,HERTZ DIAS,405,0.028444007
2026-10-04 18:28,ES,21,EDMILSON COSTA,230,0.016153387
2026-10-04 18:28,ES,35,VETERINÁRIO WILSON GRASSI,205,0.014397584
2026-10-04 18:28,ES,29,RUI COSTA PIMENTA,184,0.01292271
2026-10-04 18:28,GO,22,FLAVIO BOLSONARO,708060,56.326980644
2026-10-04 18:28,GO,13,LULA,362163,28.810479749
2026-10-04 18:28,GO,55,RONALDO CAIADO,147167,11.707302715
2026-10-04 18:28,GO,70,ESCRITOR AUGUSTO CURY,18580,1.478060193
2026-10-04 18:28,GO,14,RENAN SANTOS,18517,1.473048471
2026-10-04 18:28,GO,30,ZEMA,1011,0.080426203
2026-10-04 18:28,GO,80,SAMARA,754,0.05998156
2026-10-04 18:28,GO,16,HERTZ DIAS,228,0.01813766
2026-10-04 18:28,GO,27,CLARIANA BARAO,192,0.015273819
2026-10-04 18:28,GO,21,EDMILSON COSTA,159,0.012648631
2026-10-04 18:28,GO,35,VETERINÁRIO WILSON GRASSI,121,0.009625688
2026-10-04 18:28,GO,29,RUI COSTA PIMENTA,101,0.008034665
2026-10-04 18:28,MA,13,LULA,576555,60.586365428
2026-10-04 18:28,MA,22,FLAVIO BOLSONARO,322646,33.904741889
2026-10-04 18:28,MA,70,ESCRITOR AUGUSTO CURY,21337,2.242164718
2026-10-04 18:28,MA,14,RENAN SANTOS,14951,1.571102062
2026-10-04 18:28,MA,55,RONALDO CAIADO,13408,1.408958361
2026-10-04 18:28,MA,30,ZEMA,1278,0.134296598
2026-10-04 18:28,MA,80,SAMARA,483,0.050755287
2026-10-04 18:28,MA,16,HERTZ DIAS,478,0.05022987
2026-10-04 18:28,MA,27,CLARIANA BARAO,235,0.024694601
2026-10-04 18:28,MA,21,EDMILSON COSTA,108,0.011349008
2026-10-04 18:28,MA,35,VETERINÁRIO WILSON GRASSI,76,0.007986339
2026-10-04 18:28,MA,29,RUI COSTA PIMENTA,70,0.007355839
2026-10-04 18:28,MG,22,FLAVIO BOLSONARO,1466820,49.303796724
2026-10-04 18:28,MG,13,LULA,1238383,41.625409865
2026-10-04 18:28,MG,70,ESCRITOR AUGUSTO CURY,104759,3.52123399
2026-10-04 18:28,MG,14,RENAN SANTOS,67267,2.26102623
2026-10-04 18:28,MG,55,RONALDO CAIADO,62076,2.086542647
2026-10-04 18:28,MG,30,ZEMA,28561,0.960012638
2026-10-04 18:28,MG,80,SAMARA,3434,0.11542605
2026-10-04 18:28,MG,16,HERTZ DIAS,1357,0.045612449
2026-10-04 18:28,MG,27,CLARIANA BARAO,901,0.030285053
2026-10-04 18:28,MG,21,EDMILSON COSTA,572,0.019226471
2026-10-04 18:28,MG,29,RUI COSTA PIMENTA,472,0.0158652
2026-10-04 18:28,MG,35,VETERINÁRIO WILSON GRASSI,463,0.015562685
2026-10-04 18:28,MS,22,FLAVIO BOLSONARO,694832,59.822829951
2026-10-04 18:28,MS,13,LULA,384419,33.097255836
2026-10-04 18:28,MS,70,ESCRITOR AUGUSTO CURY,31892,2.745799982
2026-10-04 18:28,MS,14,RENAN SANTOS,26096,2.246782777
2026-10-04 18:28,MS,55,RONALDO CAIADO,19402,1.670450622
2026-10-04 18:28,MS,30,ZEMA,2374,0.204393865
2026-10-04 18:28,MS,80,SAMARA,1083,0.093242863
2026-10-04 18:28,MS,27,CLARIANA BARAO,510,0.043909381
2026-10-04 18:28,MS,16,HERTZ DIAS,303,0.026087338
2026-10-04 18:28,MS,21,EDMILSON COSTA,251,0.021610303
2026-10-04 18:28,MS,35,VETERINÁRIO WILSON GRASSI,169,0.014550364
2026-10-04 18:28,MS,29,RUI COSTA PIMENTA,152,0.013086718
2026-10-04 18:28,MT,22,FLAVIO BOLSONARO,655898,65.399161444
2026-10-04 18:28,MT,13,LULA,286589,28.57560212
2026-10-04 18:28,MT,70,ESCRITOR AUGUSTO CURY,21266,2.120418979
2026-10-04 18:28,MT,14,RENAN SANTOS,17719,1.766749924
2026-10-04 18:28,MT,55,RONALDO CAIADO,17564,1.751294975
2026-10-04 18:28,MT,30,ZEMA,1370,0.136601806
2026-10-04 18:28,MT,27,CLARIANA BARAO,1135,0.113170109
2026-10-04 18:28,MT,80,SAMARA,897,0.089439284
2026-10-04 18:28,MT,16,HERTZ DIAS,185,0.018446229
2026-10-04 18:28,MT,21,EDMILSON COSTA,121,0.012064831
2026-10-04 18:28,MT,35,VETERINÁRIO WILSON GRASSI,108,0.01076861
2026-10-04 18:28,MT,29,RUI COSTA PIMENTA,63,0.006281689
2026-10-04 18:28,PA,13,LULA,877814,47.351962745
2026-10-04 18:28,PA,22,FLAVIO BOLSONARO,852547,45.988983751
2026-10-04 18:28,PA,70,ESCRITOR AUGUSTO CURY,54328,2.930617912
2026-10-04 18:28,PA,14,RENAN SANTOS,38688,2.086948641
2026-10-04 18:28,PA,55,RONALDO CAIADO,24730,1.334011577
2026-10-04 18:28,PA,80,SAMARA,2135,0.115168407
2026-10-04 18:28,PA,30,ZEMA,1634,0.08814294
2026-10-04 18:28,PA,27,CLARIANA BARAO,605,0.032635544
2026-10-04 18:28,PA,16,HERTZ DIAS,605,0.032635544
2026-10-04 18:28,PA,21,EDMILSON COSTA,289,0.015589541
2026-10-04 18:28,PA,35,VETERINÁRIO WILSON GRASSI,267,0.014402794
2026-10-04 18:28,PA,29,RUI COSTA PIMENTA,165,0.008900603
2026-10-04 18:28,PB,13,LULA,999810,60.818431
2026-10-04 18:28,PB,22,FLAVIO BOLSONARO,549497,33.425896299
2026-10-04 18:28,PB,70,ESCRITOR AUGUSTO CURY,48912,2.975316407
2026-10-04 18:28,PB,14,RENAN SANTOS,28778,1.750565415
2026-10-04 18:28,PB,55,RONALDO CAIADO,13094,0.796507872
2026-10-04 18:28,PB,30,ZEMA,1360,0.082728785
2026-10-04 18:28,PB,80,SAMARA,1057,0.064297298
2026-10-04 18:28,PB,16,HERTZ DIAS,443,0.026947685
2026-10-04 18:28,PB,27,CLARIANA BARAO,406,0.024696975
2026-10-04 18:28,PB,21,EDMILSON COSTA,221,0.013443428
2026-10-04 18:28,PB,29,RUI COSTA PIMENTA,196,0.011922678
2026-10-04 18:28,PB,35,VETERINÁRIO WILSON GRASSI,152,0.009246158
2026-10-04 18:28,PE,13,LULA,629246,61.25568876
2026-10-04 18:28,PE,22,FLAVIO BOLSONARO,338416,32.94403964
2026-10-04 18:28,PE,70,ESCRITOR AUGUSTO CURY,25273,2.460269945
2026-10-04 18:28,PE,14,RENAN SANTOS,16869,1.642159368
2026-10-04 18:28,PE,55,RONALDO CAIADO,14546,1.416020521
2026-10-04 18:28,PE,30,ZEMA,1598,0.155561721
2026-10-04 18:28,PE,80,SAMARA,507,0.049355314
2026-10-04 18:28,PE,16,HERTZ DIAS,251,0.024434288
2026-10-04 18:28,PE,27,CLARIANA BARAO,191,0.018593422
2026-10-04 18:28,PE,21,EDMILSON COSTA,131,0.012752557
2026-10-04 18:28,PE,29,RUI COSTA PIMENTA,115,0.011194992
2026-10-04 18:28,PE,35,VETERINÁRIO WILSON GRASSI,102,0.009929472
2026-10-04 18:28,PI,13,LULA,553876,67.939071749
2026-10-04 18:28,PI,22,FLAVIO BOLSONARO,216991,26.616367414
2026-10-04 18:28,PI,70,ESCRITOR AUGUSTO CURY,19743,2.42169925
2026-10-04 18:28,PI,14,RENAN SANTOS,13859,1.699960994
2026-10-04 18:28,PI,55,RONALDO CAIADO,8999,1.103827764
2026-10-04 18:28,PI,30,ZEMA,652,0.079975075
2026-10-04 18:28,PI,80,SAMARA,480,0.058877356
2026-10-04 18:28,PI,27,CLARIANA BARAO,207,0.02539086
2026-10-04 18:28,PI,16,HERTZ DIAS,192,0.023550942
2026-10-04 18:28,PI,21,EDMILSON COSTA,118,0.014474017
2026-10-04 18:28,PI,35,VETERINÁRIO WILSON GRASSI,79,0.009690232
2026-10-04 18:28,PI,29,RUI COSTA PIMENTA,58,0.007114347
2026-10-04 18:28,PR,22,FLAVIO BOLSONARO,2665466,60.266550903
2026-10-04 18:28,PR,13,LULA,1355117,30.639380754
2026-10-04 18:28,PR,70,ESCRITOR AUGUSTO CURY,140538,3.177583406
2026-10-04 18:28,PR,14,RENAN SANTOS,122237,2.763795292
2026-10-04 18:28,PR,55,RONALDO CAIADO,116861,2.642243197
2026-10-04 18:28,PR,30,ZEMA,12507,0.282784981
2026-10-04 18:28,PR,80,SAMARA,4774,0.107940793
2026-10-04 18:28,PR,27,CLARIANA BARAO,1654,0.037397166
2026-10-04 18:28,PR,16,HERTZ DIAS,1453,0.032852529
2026-10-04 18:28,PR,21,EDMILSON COSTA,839,0.018969905
2026-10-04 18:28,PR,35,VETERINÁRIO WILSON GRASSI,684,0.015465334
2026-10-04 18:28,PR,29,RUI COSTA PIMENTA,665,0.015035741
2026-10-04 18:28,RJ,22,FLAVIO BOLSONARO,475168,53.207561537
2026-10-04 18:28,RJ,13,LULA,351047,39.308949371
2026-10-04 18:28,RJ,70,ESCRITOR AUGUSTO CURY,23559,2.63805
2026-10-04 18:28,RJ,55,RONALDO CAIADO,19416,2.174132128
2026-10-04 18:28,RJ,14,RENAN SANTOS,18865,2.112433178
2026-10-04 18:28,RJ,30,ZEMA,2413,0.270198848
2026-10-04 18:28,RJ,80,SAMARA,1177,0.131796122
2026-10-04 18:28,RJ,16,HERTZ DIAS,382,0.042774952
2026-10-04 18:28,RJ,27,CLARIANA BARAO,374,0.041879142
2026-10-04 18:28,RJ,21,EDMILSON COSTA,276,0.030905463
2026-10-04 18:28,RJ,35,VETERINÁRIO WILSON GRASSI,188,0.021051547
2026-10-04 18:28,RJ,29,RUI COSTA PIMENTA,181,0.020267713
2026-10-04 18:28,RN,13,LULA,316815,61.104574911
2026-10-04 18:28,RN,22,FLAVIO BOLSONARO,173499,33.463007252
2026-10-04 18:28,RN,70,ESCRITOR AUGUSTO CURY,14319,2.761726585
2026-10-04 18:28,RN,14,RENAN SANTOS,8669,1.672002777
2026-10-04 18:28,RN,55,RONALDO CAIADO,4117,0.794051844
2026-10-04 18:28,RN,30,ZEMA,362,0.069819472
2026-10-04 18:28,RN,80,SAMARA,310,0.059790156
2026-10-04 18:28,RN,16,HERTZ DIAS,133,0.025651906
2026-10-04 18:28,RN,27,CLARIANA BARAO,85,0.016394075
2026-10-04 18:28,RN,21,EDMILSON COSTA,83,0.016008332
2026-10-04 18:28,RN,29,RUI COSTA PIMENTA,48,0.009257831
2026-10-04 18:28,RN,35,VETERINÁRIO WILSON GRASSI,40,0.007714859
2026-10-04 18:28,RO,22,FLAVIO BOLSONARO,366144,65.049594133
2026-10-04 18:28,RO,13,LULA,156263,27.761877098
2026-10-04 18:28,RO,70,ESCRITOR AUGUSTO CURY,16212,2.880243893
2026-10-04 18:28,RO,14,RENAN SANTOS,11993,2.130691155
2026-10-04 18:28,RO,55,RONALDO CAIADO,10275,1.825469159
2026-10-04 18:28,RO,30,ZEMA,764,0.135733181
2026-10-04 18:28,RO,80,SAMARA,619,0.109972303
2026-10-04 18:28,RO,27,CLARIANA BARAO,251,0.044592969
2026-10-04 18:28,RO,16,HERTZ DIAS,128,0.022740638
2026-10-04 18:28,RO,21,EDMILSON COSTA,109,0.019365074
2026-10-04 18:28,RO,35,VETERINÁRIO WILSON GRASSI,76,0.013502254
2026-10-04 18:28,RO,29,RUI COSTA PIMENTA,35,0.006218143
2026-10-04 18:28,RR,22,FLAVIO BOLSONARO,54822,69.193487315
2026-10-04 18:28,RR,13,LULA,20551,25.938407169
2026-10-04 18:28,RR,70,ESCRITOR AUGUSTO CURY,1723,2.174681308
2026-10-04 18:28,RR,14,RENAN SANTOS,1149,1.450208254
2026-10-04 18:28,RR,55,RONALDO CAIADO,812,1.024864319
2026-10-04 18:28,RR,30,ZEMA,70,0.088350372
2026-10-04 18:28,RR,80,SAMARA,52,0.065631705
2026-10-04 18:28,RR,27,CLARIANA BARAO,25,0.031553704
2026-10-04 18:28,RR,21,EDMILSON COSTA,10,0.012621482
2026-10-04 18:28,RR,16,HERTZ DIAS,7,0.008835037
2026-10-04 18:28,RR,29,RUI COSTA PIMENTA,6,0.007572889
2026-10-04 18:28,RR,35,VETERINÁRIO WILSON GRASSI,3,0.003786445
2026-10-04 18:28,RS,22,FLAVIO BOLSONARO,1736020,56.788391749
2026-10-04 18:28,RS,13,LULA,1058312,34.619322617
2026-10-04 18:28,RS,70,ESCRITOR AUGUSTO CURY,94466,3.090155767
2026-10-04 18:28,RS,14,RENAN SANTOS,79135,2.588650696
2026-10-04 18:28,RS,55,RONALDO CAIADO,73650,2.409226306
2026-10-04 18:28,RS,30,ZEMA,9102,0.29774308
2026-10-04 18:28,RS,80,SAMARA,2992,0.097873796
2026-10-04 18:28,RS,16,HERTZ DIAS,985,0.032221153
2026-10-04 18:28,RS,27,CLARIANA BARAO,953,0.031174374
2026-10-04 18:28,RS,29,RUI COSTA PIMENTA,476,0.015570831
2026-10-04 18:28,RS,21,EDMILSON COSTA,469,0.015341848
2026-10-04 18:28,RS,35,VETERINÁRIO WILSON GRASSI,438,0.014327782
2026-10-04 18:28,SC,22,FLAVIO BOLSONARO,770742,62.870548544
2026-10-04 18:28,SC,13,LULA,349183,28.483366356
2026-10-04 18:28,SC,70,ESCRITOR AUGUSTO CURY,38175,3.113990402
2026-10-04 18:28,SC,14,RENAN SANTOS,36132,2.947339914
2026-10-04 18:28,SC,55,RONALDO CAIADO,23452,1.913013829
2026-10-04 18:28,SC,30,ZEMA,5066,0.413241005
2026-10-04 18:28,SC,80,SAMARA,1641,0.133858762
2026-10-04 18:28,SC,16,HERTZ DIAS,470,0.038338585
2026-10-04 18:28,SC,27,CLARIANA BARAO,428,0.034912584
2026-10-04 18:28,SC,29,RUI COSTA PIMENTA,229,0.018679864
2026-10-04 18:28,SC,21,EDMILSON COSTA,210,0.017130006
2026-10-04 18:28,SC,35,VETERINÁRIO WILSON GRASSI,191,0.015580148
2026-10-04 18:28,SE,13,LULA,230364,58.60784613
2026-10-04 18:28,SE,22,FLAVIO BOLSONARO,134501,34.218948761
2026-10-04 18:28,SE,70,ESCRITOR AUGUSTO CURY,11930,3.035160026
2026-10-04 18:28,SE,55,RONALDO CAIADO,8148,2.072965959
2026-10-04 18:28,SE,14,RENAN SANTOS,6906,1.756983667
2026-10-04 18:28,SE,30,ZEMA,487,0.123899659
2026-10-04 18:28,SE,80,SAMARA,285,0.072508014
2026-10-04 18:28,SE,27,CLARIANA BARAO,159,0.040451839
2026-10-04 18:28,SE,16,HERTZ DIAS,129,0.032819417
2026-10-04 18:28,SE,21,EDMILSON COSTA,71,0.0180634
2026-10-04 18:28,SE,35,VETERINÁRIO WILSON GRASSI,40,0.010176563
2026-10-04 18:28,SE,29,RUI COSTA PIMENTA,40,0.010176563
2026-10-04 18:28,SP,22,FLAVIO BOLSONARO,2211082,56.19796607
2026-10-04 18:28,SP,13,LULA,1357845,34.511667699
2026-10-04 18:28,SP,70,ESCRITOR AUGUSTO CURY,135398,3.441343293
2026-10-04 18:28,SP,14,RENAN SANTOS,116202,2.953448155
2026-10-04 18:28,SP,55,RONALDO CAIADO,88926,2.260187696
2026-10-04 18:28,SP,30,ZEMA,13214,0.335853633
2026-10-04 18:28,SP,80,SAMARA,5670,0.144111556
2026-10-04 18:28,SP,16,HERTZ DIAS,2260,0.05744129
2026-10-04 18:28,SP,27,CLARIANA BARAO,1492,0.037921418
2026-10-04 18:28,SP,21,EDMILSON COSTA,939,0.023866094
2026-10-04 18:28,SP,35,VETERINÁRIO WILSON GRASSI,772,0.019621538
2026-10-04 18:28,SP,29,RUI COSTA PIMENTA,652,0.016571558
2026-10-04 18:28,TO,22,FLAVIO BOLSONARO,368090,50.653866849
2026-10-04 18:28,TO,13,LULA,313526,43.145166284
2026-10-04 18:28,TO,70,ESCRITOR AUGUSTO CURY,17454,2.40189245
2026-10-04 18:28,TO,55,RONALDO CAIADO,16084,2.213363021
2026-10-04 18:28,TO,14,RENAN SANTOS,10317,1.419750453
2026-10-04 18:28,TO,30,ZEMA,488,0.067155008
2026-10-04 18:28,TO,80,SAMARA,313,0.043072782
2026-10-04 18:28,TO,27,CLARIANA BARAO,133,0.018302492
2026-10-04 18:28,TO,21,EDMILSON COSTA,94,0.012935596
2026-10-04 18:28,TO,16,HERTZ DIAS,83,0.011421856
2026-10-04 18:28,TO,35,VETERINÁRIO WILSON GRASSI,49,0.006743023
2026-10-04 18:28,TO,29,RUI COSTA PIMENTA,46,0.006330185
2026-10-04 18:28,ZZ,13,LULA,114684,52.291193609
2026-10-04 18:28,ZZ,22,FLAVIO BOLSONARO,83591,38.114062685
2026-10-04 18:28,ZZ,70,ESCRITOR AUGUSTO CURY,7068,3.222717698
2026-10-04 18:28,ZZ,14,RENAN SANTOS,6111,2.786365004
2026-10-04 18:28,ZZ,55,RONALDO CAIADO,3115,1.420312058
2026-10-04 18:28,ZZ,30,ZEMA,2176,0.992166626
2026-10-04 18:28,ZZ,80,SAMARA,860,0.392124677
2026-10-04 18:28,ZZ,27,CLARIANA BARAO,691,0.315067619
2026-10-04 18:28,ZZ,21,EDMILSON COSTA,333,0.151834323
2026-10-04 18:28,ZZ,16,HERTZ DIAS,293,0.133595966
2026-10-04 18:28,ZZ,35,VETERINÁRIO WILSON GRASSI,255,0.116269526
2026-10-04 18:28,ZZ,29,RUI COSTA PIMENTA,141,0.064290209
2026-10-04 18:35,BR,22,FLAVIO BOLSONARO,18644760,50.743547465
2026-10-04 18:35,BR,13,LULA,15117899,41.144848497
2026-10-04 18:35,BR,70,ESCRITOR AUGUSTO CURY,1081531,2.943492951
2026-10-04 18:35,BR,55,RONALDO CAIADO,874225,2.37928929
2026-10-04 18:35,BR,14,RENAN SANTOS,839165,2.283870053
2026-10-04 18:35,BR,30,ZEMA,103960,0.282937361
2026-10-04 18:35,BR,80,SAMARA,37569,0.102247727
2026-10-04 18:35,BR,27,CLARIANA BARAO,13556,0.036893987
2026-10-04 18:35,BR,16,HERTZ DIAS,13135,0.035748194
2026-10-04 18:35,BR,21,EDMILSON COSTA,6823,0.018569465
2026-10-04 18:35,BR,35,VETERINÁRIO WILSON GRASSI,5419,0.014748341
2026-10-04 18:35,BR,29,RUI COSTA PIMENTA,5073,0.013806668
2026-10-04 18:35,AC,22,FLAVIO BOLSONARO,210550,64.436657434
2026-10-04 18:35,AC,13,LULA,93295,28.551973191
2026-10-04 18:35,AC,70,ESCRITOR AUGUSTO CURY,9804,3.000413154
2026-10-04 18:35,AC,55,RONALDO CAIADO,6303,1.928968187
2026-10-04 18:35,AC,14,RENAN SANTOS,5774,1.767073189
2026-10-04 18:35,AC,30,ZEMA,435,0.133127267
2026-10-04 18:35,AC,80,SAMARA,236,0.072225368
2026-10-04 18:35,AC,27,CLARIANA BARAO,146,0.044681795
2026-10-04 18:35,AC,21,EDMILSON COSTA,101,0.030910009
2026-10-04 18:35,AC,16,HERTZ DIAS,55,0.016832183
2026-10-04 18:35,AC,29,RUI COSTA PIMENTA,30,0.009181191
2026-10-04 18:35,AC,35,VETERINÁRIO WILSON GRASSI,26,0.007957032
2026-10-04 18:35,AL,13,LULA,139845,56.964500295
2026-10-04 18:35,AL,22,FLAVIO BOLSONARO,94338,38.427666551
2026-10-04 18:35,AL,70,ESCRITOR AUGUSTO CURY,5641,2.297806473
2026-10-04 18:35,AL,14,RENAN SANTOS,3252,1.324670564
2026-10-04 18:35,AL,55,RONALDO CAIADO,1859,0.757245565
2026-10-04 18:35,AL,30,ZEMA,175,0.071284548
2026-10-04 18:35,AL,80,SAMARA,161,0.065581784
2026-10-04 18:35,AL,27,CLARIANA BARAO,92,0.037475305
2026-10-04 18:35,AL,16,HERTZ DIAS,54,0.021996375
2026-10-04 18:35,AL,21,EDMILSON COSTA,39,0.015886271
2026-10-04 18:35,AL,35,VETERINÁRIO WILSON GRASSI,23,0.009368826
2026-10-04 18:35,AL,29,RUI COSTA PIMENTA,16,0.006517444
2026-10-04 18:35,AM,22,FLAVIO BOLSONARO,520783,49.856113317
2026-10-04 18:35,AM,13,LULA,442092,42.322788664
2026-10-04 18:35,AM,70,ESCRITOR AUGUSTO CURY,42834,4.10062686
2026-10-04 18:35,AM,14,RENAN SANTOS,20064,1.920786695
2026-10-04 18:35,AM,55,RONALDO CAIADO,15144,1.449780389
2026-10-04 18:35,AM,30,ZEMA,1205,0.115358252
2026-10-04 18:35,AM,80,SAMARA,1173,0.112294796
2026-10-04 18:35,AM,27,CLARIANA BARAO,530,0.050738484
2026-10-04 18:35,AM,16,HERTZ DIAS,305,0.029198562
2026-10-04 18:35,AM,35,VETERINÁRIO WILSON GRASSI,180,0.017231938
2026-10-04 18:35,AM,21,EDMILSON COSTA,149,0.014264215
2026-10-04 18:35,AM,29,RUI COSTA PIMENTA,113,0.010817828
2026-10-04 18:35,AP,13,LULA,72540,48.965871044
2026-10-04 18:35,AP,22,FLAVIO BOLSONARO,63796,43.063505778
2026-10-04 18:35,AP,70,ESCRITOR AUGUSTO CURY,5829,3.934685171
2026-10-04 18:35,AP,14,RENAN SANTOS,3211,2.16748569
2026-10-04 18:35,AP,55,RONALDO CAIADO,2416,1.630845664
2026-10-04 18:35,AP,80,SAMARA,109,0.07357706
2026-10-04 18:35,AP,30,ZEMA,104,0.070201966
2026-10-04 18:35,AP,27,CLARIANA BARAO,54,0.036451021
2026-10-04 18:35,AP,16,HERTZ DIAS,31,0.020925586
2026-10-04 18:35,AP,21,EDMILSON COSTA,21,0.014175397
2026-10-04 18:35,AP,29,RUI COSTA PIMENTA,19,0.012825359
2026-10-04 18:35,AP,35,VETERINÁRIO WILSON GRASSI,14,0.009450265
2026-10-04 18:35,BA,13,LULA,1089533,64.427282753
2026-10-04 18:35,BA,22,FLAVIO BOLSONARO,501462,29.652919245
2026-10-04 18:35,BA,70,ESCRITOR AUGUSTO CURY,40629,2.402511967
2026-10-04 18:35,BA,55,RONALDO CAIADO,28658,1.694631617
2026-10-04 18:35,BA,14,RENAN SANTOS,26445,1.563770434
2026-10-04 18:35,BA,30,ZEMA,1745,0.103186969
2026-10-04 18:35,BA,80,SAMARA,1179,0.069717729
2026-10-04 18:35,BA,16,HERTZ DIAS,442,0.026136757
2026-10-04 18:35,BA,27,CLARIANA BARAO,362,0.021406122
2026-10-04 18:35,BA,21,EDMILSON COSTA,274,0.016202424
2026-10-04 18:35,BA,29,RUI COSTA PIMENTA,218,0.01289098
2026-10-04 18:35,BA,35,VETERINÁRIO WILSON GRASSI,158,0.009343004
2026-10-04 18:35,CE,13,LULA,629851,60.582227126
2026-10-04 18:35,CE,22,FLAVIO BOLSONARO,347442,33.418713564
2026-10-04 18:35,CE,70,ESCRITOR AUGUSTO CURY,26676,2.565831428
2026-10-04 18:35,CE,14,RENAN SANTOS,22435,2.157910785
2026-10-04 18:35,CE,55,RONALDO CAIADO,10254,0.986281131
2026-10-04 18:35,CE,30,ZEMA,1278,0.122924448
2026-10-04 18:35,CE,80,SAMARA,786,0.075601421
2026-10-04 18:35,CE,16,HERTZ DIAS,335,0.03222198
2026-10-04 18:35,CE,27,CLARIANA BARAO,200,0.019237003
2026-10-04 18:35,CE,21,EDMILSON COSTA,178,0.017120932
2026-10-04 18:35,CE,29,RUI COSTA PIMENTA,124,0.011926942
2026-10-04 18:35,CE,35,VETERINÁRIO WILSON GRASSI,104,0.010003241
2026-10-04 18:35,DF,22,FLAVIO BOLSONARO,829444,51.283218095
2026-10-04 18:35,DF,13,LULA,616473,38.115556094
2026-10-04 18:35,DF,55,RONALDO CAIADO,77809,4.810808104
2026-10-04 18:35,DF,14,RENAN SANTOS,42576,2.632407123
2026-10-04 18:35,DF,70,ESCRITOR AUGUSTO CURY,42020,2.598030517
2026-10-04 18:35,DF,30,ZEMA,4606,0.284781736
2026-10-04 18:35,DF,80,SAMARA,2101,0.129901526
2026-10-04 18:35,DF,16,HERTZ DIAS,751,0.046433149
2026-10-04 18:35,DF,27,CLARIANA BARAO,647,0.040002992
2026-10-04 18:35,DF,29,RUI COSTA PIMENTA,350,0.02163995
2026-10-04 18:35,DF,21,EDMILSON COSTA,302,0.018672185
2026-10-04 18:35,DF,35,VETERINÁRIO WILSON GRASSI,300,0.018548528
2026-10-04 18:35,ES,22,FLAVIO BOLSONARO,916488,55.922833412
2026-10-04 18:35,ES,13,LULA,599853,36.602202528
2026-10-04 18:35,ES,70,ESCRITOR AUGUSTO CURY,47070,2.872146464
2026-10-04 18:35,ES,14,RENAN SANTOS,38564,2.353122079
2026-10-04 18:35,ES,55,RONALDO CAIADO,29027,1.771187496
2026-10-04 18:35,ES,30,ZEMA,4597,0.280502598
2026-10-04 18:35,ES,80,SAMARA,1382,0.084327733
2026-10-04 18:35,ES,27,CLARIANA BARAO,700,0.042713034
2026-10-04 18:35,ES,16,HERTZ DIAS,465,0.028373659
2026-10-04 18:35,ES,21,EDMILSON COSTA,263,0.016047897
2026-10-04 18:35,ES,35,VETERINÁRIO WILSON GRASSI,238,0.014522432
2026-10-04 18:35,ES,29,RUI COSTA PIMENTA,197,0.012020668
2026-10-04 18:35,GO,22,FLAVIO BOLSONARO,889431,56.092234265
2026-10-04 18:35,GO,13,LULA,458898,28.940540772
2026-10-04 18:35,GO,55,RONALDO CAIADO,187408,11.818942042
2026-10-04 18:35,GO,14,RENAN SANTOS,23430,1.477620016
2026-10-04 18:35,GO,70,ESCRITOR AUGUSTO CURY,23267,1.467340372
2026-10-04 18:35,GO,30,ZEMA,1254,0.079083888
2026-10-04 18:35,GO,80,SAMARA,968,0.061047212
2026-10-04 18:35,GO,16,HERTZ DIAS,285,0.017973611
2026-10-04 18:35,GO,27,CLARIANA BARAO,242,0.015261803
2026-10-04 18:35,GO,21,EDMILSON COSTA,204,0.012865322
2026-10-04 18:35,GO,35,VETERINÁRIO WILSON GRASSI,148,0.009333665
2026-10-04 18:35,GO,29,RUI COSTA PIMENTA,123,0.007757032
2026-10-04 18:35,MA,13,LULA,691709,60.844564699
2026-10-04 18:35,MA,22,FLAVIO BOLSONARO,382650,33.658912465
2026-10-04 18:35,MA,70,ESCRITOR AUGUSTO CURY,25458,2.239353439
2026-10-04 18:35,MA,14,RENAN SANTOS,17929,1.57708256
2026-10-04 18:35,MA,55,RONALDO CAIADO,15873,1.396231328
2026-10-04 18:35,MA,30,ZEMA,1519,0.133615283
2026-10-04 18:35,MA,16,HERTZ DIAS,571,0.05022668
2026-10-04 18:35,MA,80,SAMARA,563,0.049522978
2026-10-04 18:35,MA,27,CLARIANA BARAO,274,0.024101769
2026-10-04 18:35,MA,21,EDMILSON COSTA,127,0.011171258
2026-10-04 18:35,MA,35,VETERINÁRIO WILSON GRASSI,90,0.00791664
2026-10-04 18:35,MA,29,RUI COSTA PIMENTA,83,0.007300901
2026-10-04 18:35,MG,22,FLAVIO BOLSONARO,1843496,49.384573388
2026-10-04 18:35,MG,13,LULA,1555231,41.662373803
2026-10-04 18:35,MG,70,ESCRITOR AUGUSTO CURY,130395,3.493092172
2026-10-04 18:35,MG,14,RENAN SANTOS,83444,2.235343251
2026-10-04 18:35,MG,55,RONALDO CAIADO,76566,2.051091647
2026-10-04 18:35,MG,30,ZEMA,35037,0.93859021
2026-10-04 18:35,MG,80,SAMARA,4173,0.111788593
2026-10-04 18:35,MG,16,HERTZ DIAS,1630,0.043665326
2026-10-04 18:35,MG,27,CLARIANA BARAO,1109,0.029708495
2026-10-04 18:35,MG,21,EDMILSON COSTA,713,0.019100232
2026-10-04 18:35,MG,35,VETERINÁRIO WILSON GRASSI,575,0.015403413
2026-10-04 18:35,MG,29,RUI COSTA PIMENTA,570,0.01526947
2026-10-04 18:35,MS,22,FLAVIO BOLSONARO,741729,59.746123138
2026-10-04 18:35,MS,13,LULA,412474,33.224698502
2026-10-04 18:35,MS,70,ESCRITOR AUGUSTO CURY,33964,2.735793432
2026-10-04 18:35,MS,14,RENAN SANTOS,27707,2.231793329
2026-10-04 18:35,MS,55,RONALDO CAIADO,20473,1.64909607
2026-10-04 18:35,MS,30,ZEMA,2507,0.20193835
2026-10-04 18:35,MS,80,SAMARA,1148,0.092471171
2026-10-04 18:35,MS,27,CLARIANA BARAO,531,0.042771944
2026-10-04 18:35,MS,16,HERTZ DIAS,316,0.025453737
2026-10-04 18:35,MS,21,EDMILSON COSTA,271,0.021828996
2026-10-04 18:35,MS,35,VETERINÁRIO WILSON GRASSI,181,0.014579514
2026-10-04 18:35,MS,29,RUI COSTA PIMENTA,167,0.013451817
2026-10-04 18:35,MT,22,FLAVIO BOLSONARO,784226,65.729674095
2026-10-04 18:35,MT,13,LULA,338121,28.339513271
2026-10-04 18:35,MT,70,ESCRITOR AUGUSTO CURY,24907,2.087572961
2026-10-04 18:35,MT,14,RENAN SANTOS,20782,1.741837285
2026-10-04 18:35,MT,55,RONALDO CAIADO,20625,1.728678376
2026-10-04 18:35,MT,30,ZEMA,1572,0.131756723
2026-10-04 18:35,MT,27,CLARIANA BARAO,1285,0.107701901
2026-10-04 18:35,MT,80,SAMARA,1036,0.086832039
2026-10-04 18:35,MT,16,HERTZ DIAS,216,0.018103977
2026-10-04 18:35,MT,21,EDMILSON COSTA,147,0.012320762
2026-10-04 18:35,MT,35,VETERINÁRIO WILSON GRASSI,117,0.009806321
2026-10-04 18:35,MT,29,RUI COSTA PIMENTA,74,0.006202288
2026-10-04 18:35,PA,13,LULA,986196,47.413337615
2026-10-04 18:35,PA,22,FLAVIO BOLSONARO,957334,46.02573946
2026-10-04 18:35,PA,70,ESCRITOR AUGUSTO CURY,60418,2.904715728
2026-10-04 18:35,PA,14,RENAN SANTOS,42754,2.055483734
2026-10-04 18:35,PA,55,RONALDO CAIADO,27126,1.304136496
2026-10-04 18:35,PA,80,SAMARA,2298,0.110480929
2026-10-04 18:35,PA,30,ZEMA,1767,0.084952046
2026-10-04 18:35,PA,27,CLARIANA BARAO,672,0.032307739
2026-10-04 18:35,PA,16,HERTZ DIAS,657,0.031586584
2026-10-04 18:35,PA,21,EDMILSON COSTA,310,0.014903868
2026-10-04 18:35,PA,35,VETERINÁRIO WILSON GRASSI,288,0.013846174
2026-10-04 18:35,PA,29,RUI COSTA PIMENTA,177,0.008509628
2026-10-04 18:35,PB,13,LULA,1052843,60.660986461
2026-10-04 18:35,PB,22,FLAVIO BOLSONARO,582273,33.548453634
2026-10-04 18:35,PB,70,ESCRITOR AUGUSTO CURY,51837,2.986659507
2026-10-04 18:35,PB,14,RENAN SANTOS,30677,1.767497226
2026-10-04 18:35,PB,55,RONALDO CAIADO,13902,0.800982705
2026-10-04 18:35,PB,30,ZEMA,1464,0.084350358
2026-10-04 18:35,PB,80,SAMARA,1135,0.065394574
2026-10-04 18:35,PB,16,HERTZ DIAS,462,0.026618761
2026-10-04 18:35,PB,27,CLARIANA BARAO,427,0.024602188
2026-10-04 18:35,PB,21,EDMILSON COSTA,235,0.013539846
2026-10-04 18:35,PB,29,RUI COSTA PIMENTA,206,0.011868971
2026-10-04 18:35,PB,35,VETERINÁRIO WILSON GRASSI,157,0.009045769
2026-10-04 18:35,PE,13,LULA,726372,61.253123279
2026-10-04 18:35,PE,22,FLAVIO BOLSONARO,390888,32.962601604
2026-10-04 18:35,PE,70,ESCRITOR AUGUSTO CURY,29263,2.467675167
2026-10-04 18:35,PE,14,RENAN SANTOS,19383,1.634519624
2026-10-04 18:35,PE,55,RONALDO CAIADO,16659,1.404811558
2026-10-04 18:35,PE,30,ZEMA,1818,0.153307366
2026-10-04 18:35,PE,80,SAMARA,575,0.048488303
2026-10-04 18:35,PE,16,HERTZ DIAS,288,0.024286315
2026-10-04 18:35,PE,27,CLARIANA BARAO,209,0.017624444
2026-10-04 18:35,PE,21,EDMILSON COSTA,148,0.012480468
2026-10-04 18:35,PE,29,RUI COSTA PIMENTA,129,0.010878245
2026-10-04 18:35,PE,35,VETERINÁRIO WILSON GRASSI,121,0.010203626
2026-10-04 18:35,PI,13,LULA,634528,68.387653044
2026-10-04 18:35,PI,22,FLAVIO BOLSONARO,243446,26.237928953
2026-10-04 18:35,PI,70,ESCRITOR AUGUSTO CURY,22181,2.390606139
2026-10-04 18:35,PI,14,RENAN SANTOS,15598,1.681108812
2026-10-04 18:35,PI,55,RONALDO CAIADO,10108,1.089411968
2026-10-04 18:35,PI,30,ZEMA,718,0.077384032
2026-10-04 18:35,PI,80,SAMARA,541,0.058307467
2026-10-04 18:35,PI,27,CLARIANA BARAO,236,0.02543542
2026-10-04 18:35,PI,16,HERTZ DIAS,204,0.021986549
2026-10-04 18:35,PI,21,EDMILSON COSTA,125,0.01347215
2026-10-04 18:35,PI,35,VETERINÁRIO WILSON GRASSI,86,0.009268839
2026-10-04 18:35,PI,29,RUI COSTA PIMENTA,69,0.007436627
2026-10-04 18:35,PR,22,FLAVIO BOLSONARO,3091506,60.104425769
2026-10-04 18:35,PR,13,LULA,1585836,30.831498352
2026-10-04 18:35,PR,70,ESCRITOR AUGUSTO CURY,163036,3.169712483
2026-10-04 18:35,PR,14,RENAN SANTOS,141588,2.752724865
2026-10-04 18:35,PR,55,RONALDO CAIADO,135669,2.63764888
2026-10-04 18:35,PR,30,ZEMA,14339,0.278775898
2026-10-04 18:35,PR,80,SAMARA,5492,0.106774338
2026-10-04 18:35,PR,27,CLARIANA BARAO,1934,0.037600431
2026-10-04 18:35,PR,16,HERTZ DIAS,1657,0.032215054
2026-10-04 18:35,PR,21,EDMILSON COSTA,954,0.018547472
2026-10-04 18:35,PR,35,VETERINÁRIO WILSON GRASSI,783,0.015222925
2026-10-04 18:35,PR,29,RUI COSTA PIMENTA,764,0.014853531
2026-10-04 18:35,RJ,22,FLAVIO BOLSONARO,672246,53.040549337
2026-10-04 18:35,RJ,13,LULA,499953,39.446544513
2026-10-04 18:35,RJ,70,ESCRITOR AUGUSTO CURY,33567,2.648453274
2026-10-04 18:35,RJ,55,RONALDO CAIADO,27622,2.179389768
2026-10-04 18:35,RJ,14,RENAN SANTOS,26927,2.124553916
2026-10-04 18:35,RJ,30,ZEMA,3418,0.269681928
2026-10-04 18:35,RJ,80,SAMARA,1690,0.133341855
2026-10-04 18:35,RJ,16,HERTZ DIAS,576,0.045446691
2026-10-04 18:35,RJ,27,CLARIANA BARAO,531,0.041896169
2026-10-04 18:35,RJ,21,EDMILSON COSTA,382,0.030139993
2026-10-04 18:35,RJ,35,VETERINÁRIO WILSON GRASSI,264,0.020829733
2026-10-04 18:35,RJ,29,RUI COSTA PIMENTA,243,0.019172823
2026-10-04 18:35,RN,13,LULA,384920,60.906701604
2026-10-04 18:35,RN,22,FLAVIO BOLSONARO,212933,33.692836674
2026-10-04 18:35,RN,70,ESCRITOR AUGUSTO CURY,17194,2.720642802
2026-10-04 18:35,RN,14,RENAN SANTOS,10551,1.669506933
2026-10-04 18:35,RN,55,RONALDO CAIADO,5053,0.799546823
2026-10-04 18:35,RN,30,ZEMA,470,0.074369089
2026-10-04 18:35,RN,80,SAMARA,377,0.059653503
2026-10-04 18:35,RN,16,HERTZ DIAS,167,0.026424761
2026-10-04 18:35,RN,27,CLARIANA BARAO,106,0.016772603
2026-10-04 18:35,RN,21,EDMILSON COSTA,98,0.015506746
2026-10-04 18:35,RN,29,RUI COSTA PIMENTA,61,0.009652158
2026-10-04 18:35,RN,35,VETERINÁRIO WILSON GRASSI,53,0.008386302
2026-10-04 18:35,RO,22,FLAVIO BOLSONARO,404820,65.570955834
2026-10-04 18:35,RO,13,LULA,169069,27.385049978
2026-10-04 18:35,RO,70,ESCRITOR AUGUSTO CURY,17338,2.808332672
2026-10-04 18:35,RO,14,RENAN SANTOS,12922,2.093048494
2026-10-04 18:35,RO,55,RONALDO CAIADO,11087,1.795823298
2026-10-04 18:35,RO,30,ZEMA,846,0.137031344
2026-10-04 18:35,RO,80,SAMARA,652,0.105608081
2026-10-04 18:35,RO,27,CLARIANA BARAO,271,0.043895383
2026-10-04 18:35,RO,16,HERTZ DIAS,134,0.021704728
2026-10-04 18:35,RO,21,EDMILSON COSTA,119,0.019275094
2026-10-04 18:35,RO,35,VETERINÁRIO WILSON GRASSI,79,0.012796071
2026-10-04 18:35,RO,29,RUI COSTA PIMENTA,40,0.006479023
2026-10-04 18:35,RR,22,FLAVIO BOLSONARO,77932,69.859710457
2026-10-04 18:35,RR,13,LULA,27871,24.984088566
2026-10-04 18:35,RR,70,ESCRITOR AUGUSTO CURY,2556,2.29124647
2026-10-04 18:35,RR,14,RENAN SANTOS,1769,1.585764869
2026-10-04 18:35,RR,55,RONALDO CAIADO,1161,1.040742235
2026-10-04 18:35,RR,30,ZEMA,106,0.095020394
2026-10-04 18:35,RR,80,SAMARA,76,0.068127829
2026-10-04 18:35,RR,27,CLARIANA BARAO,41,0.036753171
2026-10-04 18:35,RR,21,EDMILSON COSTA,15,0.013446282
2026-10-04 18:35,RR,16,HERTZ DIAS,13,0.011653444
2026-10-04 18:35,RR,29,RUI COSTA PIMENTA,10,0.008964188
2026-10-04 18:35,RR,35,VETERINÁRIO WILSON GRASSI,5,0.004482094
2026-10-04 18:35,RS,22,FLAVIO BOLSONARO,1949084,56.507947737
2026-10-04 18:35,RS,13,LULA,1203515,34.89237135
2026-10-04 18:35,RS,70,ESCRITOR AUGUSTO CURY,106407,3.084957444
2026-10-04 18:35,RS,14,RENAN SANTOS,89453,2.593426168
2026-10-04 18:35,RS,55,RONALDO CAIADO,83228,2.412950634
2026-10-04 18:35,RS,30,ZEMA,10293,0.298415207
2026-10-04 18:35,RS,80,SAMARA,3460,0.100312505
2026-10-04 18:35,RS,16,HERTZ DIAS,1134,0.032876989
2026-10-04 18:35,RS,27,CLARIANA BARAO,1088,0.031543354
2026-10-04 18:35,RS,29,RUI COSTA PIMENTA,536,0.015539741
2026-10-04 18:35,RS,21,EDMILSON COSTA,529,0.015336796
2026-10-04 18:35,RS,35,VETERINÁRIO WILSON GRASSI,494,0.014322074
2026-10-04 18:35,SC,22,FLAVIO BOLSONARO,925075,63.547067729
2026-10-04 18:35,SC,13,LULA,405128,27.829847802
2026-10-04 18:35,SC,70,ESCRITOR AUGUSTO CURY,45114,3.099059442
2026-10-04 18:35,SC,14,RENAN SANTOS,43051,2.957343797
2026-10-04 18:35,SC,55,RONALDO CAIADO,27591,1.89533513
2026-10-04 18:35,SC,30,ZEMA,6079,0.4175906
2026-10-04 18:35,SC,80,SAMARA,1904,0.130793305
2026-10-04 18:35,SC,16,HERTZ DIAS,553,0.037987761
2026-10-04 18:35,SC,27,CLARIANA BARAO,489,0.033591348
2026-10-04 18:35,SC,29,RUI COSTA PIMENTA,270,0.01854737
2026-10-04 18:35,SC,21,EDMILSON COSTA,252,0.017310879
2026-10-04 18:35,SC,35,VETERINÁRIO WILSON GRASSI,226,0.015524836
2026-10-04 18:35,SE,13,LULA,283921,59.114001008
2026-10-04 18:35,SE,22,FLAVIO BOLSONARO,162284,33.788471228
2026-10-04 18:35,SE,70,ESCRITOR AUGUSTO CURY,14550,3.029394496
2026-10-04 18:35,SE,55,RONALDO CAIADO,9901,2.061445698
2026-10-04 18:35,SE,14,RENAN SANTOS,8240,1.715615852
2026-10-04 18:35,SE,30,ZEMA,555,0.115554223
2026-10-04 18:35,SE,80,SAMARA,340,0.070789974
2026-10-04 18:35,SE,27,CLARIANA BARAO,182,0.037893457
2026-10-04 18:35,SE,16,HERTZ DIAS,152,0.031647283
2026-10-04 18:35,SE,21,EDMILSON COSTA,76,0.015823641
2026-10-04 18:35,SE,35,VETERINÁRIO WILSON GRASSI,49,0.010202085
2026-10-04 18:35,SE,29,RUI COSTA PIMENTA,44,0.009161056
2026-10-04 18:35,SP,22,FLAVIO BOLSONARO,3246801,55.404676018
2026-10-04 18:35,SP,13,LULA,2056803,35.098086963
2026-10-04 18:35,SP,70,ESCRITOR AUGUSTO CURY,204768,3.494240854
2026-10-04 18:35,SP,14,RENAN SANTOS,178461,3.045327966
2026-10-04 18:35,SP,55,RONALDO CAIADO,134458,2.294443647
2026-10-04 18:35,SP,30,ZEMA,20574,0.351082744
2026-10-04 18:35,SP,80,SAMARA,8908,0.152009579
2026-10-04 18:35,SP,16,HERTZ DIAS,3496,0.059657105
2026-10-04 18:35,SP,27,CLARIANA BARAO,2305,0.039333417
2026-10-04 18:35,SP,21,EDMILSON COSTA,1426,0.024333819
2026-10-04 18:35,SP,35,VETERINÁRIO WILSON GRASSI,1170,0.019965335
2026-10-04 18:35,SP,29,RUI COSTA PIMENTA,987,0.016842552
2026-10-04 18:35,TO,22,FLAVIO BOLSONARO,386792,50.717042092
2026-10-04 18:35,TO,13,LULA,328609,43.087955502
2026-10-04 18:35,TO,70,ESCRITOR AUGUSTO CURY,18318,2.401897601
2026-10-04 18:35,TO,55,RONALDO CAIADO,16897,2.215572867
2026-10-04 18:35,TO,14,RENAN SANTOS,10763,1.411268909
2026-10-04 18:35,TO,30,ZEMA,513,0.067265721
2026-10-04 18:35,TO,80,SAMARA,329,0.043139224
2026-10-04 18:35,TO,27,CLARIANA BARAO,140,0.018357117
2026-10-04 18:35,TO,21,EDMILSON COSTA,98,0.012849982
2026-10-04 18:35,TO,16,HERTZ DIAS,86,0.011276515
2026-10-04 18:35,TO,35,VETERINÁRIO WILSON GRASSI,54,0.007080602
2026-10-04 18:35,TO,29,RUI COSTA PIMENTA,48,0.006293869
2026-10-04 18:35,ZZ,13,LULA,114684,52.291193609
2026-10-04 18:35,ZZ,22,FLAVIO BOLSONARO,83591,38.114062685
2026-10-04 18:35,ZZ,70,ESCRITOR AUGUSTO CURY,7068,3.222717698
2026-10-04 18:35,ZZ,14,RENAN SANTOS,6111,2.786365004
2026-10-04 18:35,ZZ,55,RONALDO CAIADO,3115,1.420312058
2026-10-04 18:35,ZZ,30,ZEMA,2176,0.992166626
2026-10-04 18:35,ZZ,80,SAMARA,860,0.392124677
2026-10-04 18:35,ZZ,27,CLARIANA BARAO,691,0.315067619
2026-10-04 18:35,ZZ,21,EDMILSON COSTA,333,0.151834323
2026-10-04 18:35,ZZ,16,HERTZ DIAS,293,0.133595966
2026-10-04 18:35,ZZ,35,VETERINÁRIO WILSON GRASSI,255,0.116269526
2026-10-04 18:35,ZZ,29,RUI COSTA PIMENTA,141,0.064290209
2026-10-04 18:41,BR,22,FLAVIO BOLSONARO,21383323,50.633258992
2026-10-04 18:41,BR,13,LULA,17411527,41.22850111
2026-10-04 18:41,BR,70,ESCRITOR AUGUSTO CURY,1244362,2.94650665
2026-10-04 18:41,BR,55,RONALDO CAIADO,1007558,2.385781909
2026-10-04 18:41,BR,14,RENAN SANTOS,970504,2.298042282
2026-10-04 18:41,BR,30,ZEMA,120349,0.284972644
2026-10-04 18:41,BR,80,SAMARA,43563,0.103152193
2026-10-04 18:41,BR,27,CLARIANA BARAO,15388,0.036437021
2026-10-04 18:41,BR,16,HERTZ DIAS,15315,0.036264165
2026-10-04 18:41,BR,21,EDMILSON COSTA,7844,0.018573693
2026-10-04 18:41,BR,35,VETERINÁRIO WILSON GRASSI,6216,0.014718776
2026-10-04 18:41,BR,29,RUI COSTA PIMENTA,5824,0.013790565
2026-10-04 18:41,AC,22,FLAVIO BOLSONARO,236658,64.51558381
2026-10-04 18:41,AC,13,LULA,104544,28.499848701
2026-10-04 18:41,AC,70,ESCRITOR AUGUSTO CURY,10918,2.976367349
2026-10-04 18:41,AC,55,RONALDO CAIADO,7028,1.915910398
2026-10-04 18:41,AC,14,RENAN SANTOS,6549,1.785329709
2026-10-04 18:41,AC,30,ZEMA,471,0.1283998
2026-10-04 18:41,AC,80,SAMARA,265,0.072241926
2026-10-04 18:41,AC,27,CLARIANA BARAO,158,0.043072545
2026-10-04 18:41,AC,21,EDMILSON COSTA,110,0.029987215
2026-10-04 18:41,AC,16,HERTZ DIAS,59,0.016084051
2026-10-04 18:41,AC,29,RUI COSTA PIMENTA,33,0.008996164
2026-10-04 18:41,AC,35,VETERINÁRIO WILSON GRASSI,30,0.008178331
2026-10-04 18:41,AL,13,LULA,164276,57.98167469
2026-10-04 18:41,AL,22,FLAVIO BOLSONARO,106291,37.5157064
2026-10-04 18:41,AL,70,ESCRITOR AUGUSTO CURY,6428,2.268780619
2026-10-04 18:41,AL,14,RENAN SANTOS,3632,1.281924581
2026-10-04 18:41,AL,55,RONALDO CAIADO,2073,0.731671161
2026-10-04 18:41,AL,30,ZEMA,191,0.067413985
2026-10-04 18:41,AL,80,SAMARA,184,0.064943316
2026-10-04 18:41,AL,27,CLARIANA BARAO,97,0.034236422
2026-10-04 18:41,AL,16,HERTZ DIAS,63,0.022236027
2026-10-04 18:41,AL,21,EDMILSON COSTA,46,0.016235829
2026-10-04 18:41,AL,35,VETERINÁRIO WILSON GRASSI,26,0.009176773
2026-10-04 18:41,AL,29,RUI COSTA PIMENTA,17,0.006000198
2026-10-04 18:41,AM,22,FLAVIO BOLSONARO,575919,49.705350809
2026-10-04 18:41,AM,13,LULA,492491,42.505001441
2026-10-04 18:41,AM,70,ESCRITOR AUGUSTO CURY,47362,4.087631811
2026-10-04 18:41,AM,14,RENAN SANTOS,22248,1.920139195
2026-10-04 18:41,AM,55,RONALDO CAIADO,16669,1.438637191
2026-10-04 18:41,AM,30,ZEMA,1295,0.111766462
2026-10-04 18:41,AM,80,SAMARA,1282,0.110644483
2026-10-04 18:41,AM,27,CLARIANA BARAO,579,0.04997126
2026-10-04 18:41,AM,16,HERTZ DIAS,334,0.028826254
2026-10-04 18:41,AM,35,VETERINÁRIO WILSON GRASSI,202,0.017433842
2026-10-04 18:41,AM,21,EDMILSON COSTA,162,0.013981596
2026-10-04 18:41,AM,29,RUI COSTA PIMENTA,123,0.010615656
2026-10-04 18:41,AP,13,LULA,87092,48.896224932
2026-10-04 18:41,AP,22,FLAVIO BOLSONARO,76648,43.032630421
2026-10-04 18:41,AP,70,ESCRITOR AUGUSTO CURY,7051,3.958656157
2026-10-04 18:41,AP,14,RENAN SANTOS,3860,2.167127041
2026-10-04 18:41,AP,55,RONALDO CAIADO,3011,1.690471378
2026-10-04 18:41,AP,80,SAMARA,146,0.081969054
2026-10-04 18:41,AP,30,ZEMA,133,0.074670439
2026-10-04 18:41,AP,27,CLARIANA BARAO,71,0.039861663
2026-10-04 18:41,AP,16,HERTZ DIAS,42,0.023580139
2026-10-04 18:41,AP,21,EDMILSON COSTA,25,0.014035797
2026-10-04 18:41,AP,29,RUI COSTA PIMENTA,21,0.011790069
2026-10-04 18:41,AP,35,VETERINÁRIO WILSON GRASSI,16,0.00898291
2026-10-04 18:41,BA,13,LULA,1265179,64.348826067
2026-10-04 18:41,BA,22,FLAVIO BOLSONARO,585816,29.79544546
2026-10-04 18:41,BA,70,ESCRITOR AUGUSTO CURY,46863,2.383519673
2026-10-04 18:41,BA,55,RONALDO CAIADO,32717,1.664033739
2026-10-04 18:41,BA,14,RENAN SANTOS,30559,1.554274751
2026-10-04 18:41,BA,30,ZEMA,1977,0.100553067
2026-10-04 18:41,BA,80,SAMARA,1334,0.067849161
2026-10-04 18:41,BA,16,HERTZ DIAS,498,0.025328997
2026-10-04 18:41,BA,27,CLARIANA BARAO,430,0.021870419
2026-10-04 18:41,BA,21,EDMILSON COSTA,327,0.016631691
2026-10-04 18:41,BA,29,RUI COSTA PIMENTA,240,0.012206746
2026-10-04 18:41,BA,35,VETERINÁRIO WILSON GRASSI,186,0.009460228
2026-10-04 18:41,CE,13,LULA,754724,60.533515348
2026-10-04 18:41,CE,22,FLAVIO BOLSONARO,417510,33.486874663
2026-10-04 18:41,CE,70,ESCRITOR AUGUSTO CURY,32102,2.57477821
2026-10-04 18:41,CE,14,RENAN SANTOS,26674,2.139419163
2026-10-04 18:41,CE,55,RONALDO CAIADO,12202,0.978675588
2026-10-04 18:41,CE,30,ZEMA,1531,0.122795634
2026-10-04 18:41,CE,80,SAMARA,918,0.073629257
2026-10-04 18:41,CE,16,HERTZ DIAS,396,0.03176164
2026-10-04 18:41,CE,27,CLARIANA BARAO,240,0.019249479
2026-10-04 18:41,CE,21,EDMILSON COSTA,213,0.017083912
2026-10-04 18:41,CE,29,RUI COSTA PIMENTA,151,0.01211113
2026-10-04 18:41,CE,35,VETERINÁRIO WILSON GRASSI,126,0.010105976
2026-10-04 18:41,DF,22,FLAVIO BOLSONARO,854304,51.222210297
2026-10-04 18:41,DF,13,LULA,636824,38.182582372
2026-10-04 18:41,DF,55,RONALDO CAIADO,80194,4.808257871
2026-10-04 18:41,DF,14,RENAN SANTOS,43935,2.634247071
2026-10-04 18:41,DF,70,ESCRITOR AUGUSTO CURY,43249,2.593116002
2026-10-04 18:41,DF,30,ZEMA,4737,0.28402022
2026-10-04 18:41,DF,80,SAMARA,2170,0.130108482
2026-10-04 18:41,DF,16,HERTZ DIAS,774,0.046407357
2026-10-04 18:41,DF,27,CLARIANA BARAO,666,0.039931912
2026-10-04 18:41,DF,29,RUI COSTA PIMENTA,364,0.021824649
2026-10-04 18:41,DF,21,EDMILSON COSTA,315,0.018886715
2026-10-04 18:41,DF,35,VETERINÁRIO WILSON GRASSI,307,0.018407052
2026-10-04 18:41,ES,22,FLAVIO BOLSONARO,997055,55.730289223
2026-10-04 18:41,ES,13,LULA,658533,36.808635986
2026-10-04 18:41,ES,70,ESCRITOR AUGUSTO CURY,51412,2.873668583
2026-10-04 18:41,ES,14,RENAN SANTOS,42130,2.354852124
2026-10-04 18:41,ES,55,RONALDO CAIADO,31472,1.759124283
2026-10-04 18:41,ES,30,ZEMA,4934,0.275785435
2026-10-04 18:41,ES,80,SAMARA,1520,0.084960248
2026-10-04 18:41,ES,27,CLARIANA BARAO,755,0.042200649
2026-10-04 18:41,ES,16,HERTZ DIAS,512,0.028618189
2026-10-04 18:41,ES,21,EDMILSON COSTA,290,0.016209521
2026-10-04 18:41,ES,35,VETERINÁRIO WILSON GRASSI,250,0.013973725
2026-10-04 18:41,ES,29,RUI COSTA PIMENTA,209,0.011682034
2026-10-04 18:41,GO,22,FLAVIO BOLSONARO,1050006,55.706102648
2026-10-04 18:41,GO,13,LULA,550907,29.22733955
2026-10-04 18:41,GO,55,RONALDO CAIADO,224683,11.920135943
2026-10-04 18:41,GO,14,RENAN SANTOS,27783,1.473975053
2026-10-04 18:41,GO,70,ESCRITOR AUGUSTO CURY,27703,1.469730803
2026-10-04 18:41,GO,30,ZEMA,1463,0.077616726
2026-10-04 18:41,GO,80,SAMARA,1161,0.061594682
2026-10-04 18:41,GO,16,HERTZ DIAS,350,0.018568595
2026-10-04 18:41,GO,27,CLARIANA BARAO,294,0.01559762
2026-10-04 18:41,GO,21,EDMILSON COSTA,235,0.012467485
2026-10-04 18:41,GO,35,VETERINÁRIO WILSON GRASSI,178,0.009443457
2026-10-04 18:41,GO,29,RUI COSTA PIMENTA,140,0.007427438
2026-10-04 18:41,MA,13,LULA,817115,61.260254213
2026-10-04 18:41,MA,22,FLAVIO BOLSONARO,444330,33.312041456
2026-10-04 18:41,MA,70,ESCRITOR AUGUSTO CURY,29516,2.212855796
2026-10-04 18:41,MA,14,RENAN SANTOS,20843,1.562628857
2026-10-04 18:41,MA,55,RONALDO CAIADO,18338,1.374825504
2026-10-04 18:41,MA,30,ZEMA,1757,0.131724747
2026-10-04 18:41,MA,80,SAMARA,652,0.048881352
2026-10-04 18:41,MA,16,HERTZ DIAS,627,0.047007067
2026-10-04 18:41,MA,27,CLARIANA BARAO,325,0.024365704
2026-10-04 18:41,MA,21,EDMILSON COSTA,145,0.010870853
2026-10-04 18:41,MA,35,VETERINÁRIO WILSON GRASSI,104,0.007797025
2026-10-04 18:41,MA,29,RUI COSTA PIMENTA,90,0.006747426
2026-10-04 18:41,MG,22,FLAVIO BOLSONARO,2093614,49.507833564
2026-10-04 18:41,MG,13,LULA,1759886,41.616144705
2026-10-04 18:41,MG,70,ESCRITOR AUGUSTO CURY,146992,3.475929885
2026-10-04 18:41,MG,14,RENAN SANTOS,93825,2.218686197
2026-10-04 18:41,MG,55,RONALDO CAIADO,85698,2.026506472
2026-10-04 18:41,MG,30,ZEMA,39078,0.924080141
2026-10-04 18:41,MG,80,SAMARA,4617,0.109178515
2026-10-04 18:41,MG,16,HERTZ DIAS,1801,0.04258837
2026-10-04 18:41,MG,27,CLARIANA BARAO,1250,0.029558836
2026-10-04 18:41,MG,21,EDMILSON COSTA,802,0.018964949
2026-10-04 18:41,MG,35,VETERINÁRIO WILSON GRASSI,661,0.015630712
2026-10-04 18:41,MG,29,RUI COSTA PIMENTA,630,0.014897653
2026-10-04 18:41,MS,22,FLAVIO BOLSONARO,782460,59.447057125
2026-10-04 18:41,MS,13,LULA,442488,33.61783275
2026-10-04 18:41,MS,70,ESCRITOR AUGUSTO CURY,35623,2.706441883
2026-10-04 18:41,MS,14,RENAN SANTOS,29054,2.207364974
2026-10-04 18:41,MS,55,RONALDO CAIADO,21278,1.616586767
2026-10-04 18:41,MS,30,ZEMA,2595,0.197153993
2026-10-04 18:41,MS,80,SAMARA,1195,0.090789604
2026-10-04 18:41,MS,27,CLARIANA BARAO,553,0.042013934
2026-10-04 18:41,MS,16,HERTZ DIAS,331,0.025147581
2026-10-04 18:41,MS,21,EDMILSON COSTA,289,0.021956649
2026-10-04 18:41,MS,35,VETERINÁRIO WILSON GRASSI,189,0.014359193
2026-10-04 18:41,MS,29,RUI COSTA PIMENTA,175,0.013295549
2026-10-04 18:41,MT,22,FLAVIO BOLSONARO,869755,65.701638094
2026-10-04 18:41,MT,13,LULA,375738,28.383397732
2026-10-04 18:41,MT,70,ESCRITOR AUGUSTO CURY,27581,2.083479693
2026-10-04 18:41,MT,14,RENAN SANTOS,23126,1.746947224
2026-10-04 18:41,MT,55,RONALDO CAIADO,22746,1.718241873
2026-10-04 18:41,MT,30,ZEMA,1738,0.13128921
2026-10-04 18:41,MT,27,CLARIANA BARAO,1374,0.103792506
2026-10-04 18:41,MT,80,SAMARA,1136,0.085813891
2026-10-04 18:41,MT,16,HERTZ DIAS,233,0.017600913
2026-10-04 18:41,MT,21,EDMILSON COSTA,160,0.012086464
2026-10-04 18:41,MT,35,VETERINÁRIO WILSON GRASSI,126,0.00951809
2026-10-04 18:41,MT,29,RUI COSTA PIMENTA,82,0.006194313
2026-10-04 18:41,PA,13,LULA,1100695,47.60140915
2026-10-04 18:41,PA,22,FLAVIO BOLSONARO,1062620,45.954791646
2026-10-04 18:41,PA,70,ESCRITOR AUGUSTO CURY,66239,2.86461712
2026-10-04 18:41,PA,14,RENAN SANTOS,46660,2.017890288
2026-10-04 18:41,PA,55,RONALDO CAIADO,29479,1.274869006
2026-10-04 18:41,PA,80,SAMARA,2432,0.105175936
2026-10-04 18:41,PA,30,ZEMA,1903,0.08229844
2026-10-04 18:41,PA,27,CLARIANA BARAO,737,0.031872806
2026-10-04 18:41,PA,16,HERTZ DIAS,708,0.030618652
2026-10-04 18:41,PA,21,EDMILSON COSTA,347,0.015006599
2026-10-04 18:41,PA,35,VETERINÁRIO WILSON GRASSI,306,0.013233485
2026-10-04 18:41,PA,29,RUI COSTA PIMENTA,190,0.00821687
2026-10-04 18:41,PB,13,LULA,1140031,60.608353093
2026-10-04 18:41,PB,22,FLAVIO BOLSONARO,631879,33.593073823
2026-10-04 18:41,PB,70,ESCRITOR AUGUSTO CURY,56325,2.994449702
2026-10-04 18:41,PB,14,RENAN SANTOS,33146,1.76216653
2026-10-04 18:41,PB,55,RONALDO CAIADO,15151,0.805484375
2026-10-04 18:41,PB,30,ZEMA,1591,0.084583568
2026-10-04 18:41,PB,80,SAMARA,1247,0.066295229
2026-10-04 18:41,PB,16,HERTZ DIAS,492,0.026156578
2026-10-04 18:41,PB,27,CLARIANA BARAO,470,0.024986975
2026-10-04 18:41,PB,21,EDMILSON COSTA,252,0.013397272
2026-10-04 18:41,PB,29,RUI COSTA PIMENTA,229,0.012174505
2026-10-04 18:41,PB,35,VETERINÁRIO WILSON GRASSI,167,0.008878351
2026-10-04 18:41,PE,13,LULA,942752,61.306596712
2026-10-04 18:41,PE,22,FLAVIO BOLSONARO,505859,32.895707149
2026-10-04 18:41,PE,70,ESCRITOR AUGUSTO CURY,38224,2.485683778
2026-10-04 18:41,PE,14,RENAN SANTOS,25131,1.634253846
2026-10-04 18:41,PE,55,RONALDO CAIADO,21609,1.4052203
2026-10-04 18:41,PE,30,ZEMA,2290,0.148917326
2026-10-04 18:41,PE,80,SAMARA,757,0.049227256
2026-10-04 18:41,PE,16,HERTZ DIAS,369,0.023995849
2026-10-04 18:41,PE,27,CLARIANA BARAO,276,0.017948114
2026-10-04 18:41,PE,21,EDMILSON COSTA,181,0.011770321
2026-10-04 18:41,PE,29,RUI COSTA PIMENTA,163,0.010599792
2026-10-04 18:41,PE,35,VETERINÁRIO WILSON GRASSI,155,0.010079557
2026-10-04 18:41,PI,13,LULA,720612,68.604689908
2026-10-04 18:41,PI,22,FLAVIO BOLSONARO,273533,26.041263044
2026-10-04 18:41,PI,70,ESCRITOR AUGUSTO CURY,25120,2.391508621
2026-10-04 18:41,PI,14,RENAN SANTOS,17651,1.680434661
2026-10-04 18:41,PI,55,RONALDO CAIADO,11242,1.070276271
2026-10-04 18:41,PI,30,ZEMA,807,0.076829119
2026-10-04 18:41,PI,80,SAMARA,600,0.057122021
2026-10-04 18:41,PI,27,CLARIANA BARAO,270,0.02570491
2026-10-04 18:41,PI,16,HERTZ DIAS,231,0.021991978
2026-10-04 18:41,PI,21,EDMILSON COSTA,145,0.013804488
2026-10-04 18:41,PI,35,VETERINÁRIO WILSON GRASSI,96,0.009139523
2026-10-04 18:41,PI,29,RUI COSTA PIMENTA,76,0.007235456
2026-10-04 18:41,PR,22,FLAVIO BOLSONARO,3288707,60.051990045
2026-10-04 18:41,PR,13,LULA,1692588,30.906759929
2026-10-04 18:41,PR,70,ESCRITOR AUGUSTO CURY,173508,3.168266644
2026-10-04 18:41,PR,14,RENAN SANTOS,150015,2.739283033
2026-10-04 18:41,PR,55,RONALDO CAIADO,144306,2.635036346
2026-10-04 18:41,PR,30,ZEMA,15028,0.274412195
2026-10-04 18:41,PR,80,SAMARA,5816,0.106200514
2026-10-04 18:41,PR,27,CLARIANA BARAO,2073,0.037853106
2026-10-04 18:41,PR,16,HERTZ DIAS,1757,0.032082927
2026-10-04 18:41,PR,21,EDMILSON COSTA,1005,0.018351361
2026-10-04 18:41,PR,35,VETERINÁRIO WILSON GRASSI,828,0.01511933
2026-10-04 18:41,PR,29,RUI COSTA PIMENTA,802,0.014644569
2026-10-04 18:41,RJ,22,FLAVIO BOLSONARO,1003816,53.211595681
2026-10-04 18:41,RJ,13,LULA,742143,39.340489944
2026-10-04 18:41,RJ,70,ESCRITOR AUGUSTO CURY,49573,2.627830631
2026-10-04 18:41,RJ,55,RONALDO CAIADO,40450,2.144226676
2026-10-04 18:41,RJ,14,RENAN SANTOS,39967,2.118623179
2026-10-04 18:41,RJ,30,ZEMA,4957,0.26276716
2026-10-04 18:41,RJ,80,SAMARA,2600,0.137824212
2026-10-04 18:41,RJ,16,HERTZ DIAS,822,0.043573655
2026-10-04 18:41,RJ,27,CLARIANA BARAO,798,0.042301431
2026-10-04 18:41,RJ,21,EDMILSON COSTA,576,0.030533364
2026-10-04 18:41,RJ,35,VETERINÁRIO WILSON GRASSI,388,0.020567613
2026-10-04 18:41,RJ,29,RUI COSTA PIMENTA,371,0.019666455
2026-10-04 18:41,RN,13,LULA,445336,60.557058141
2026-10-04 18:41,RN,22,FLAVIO BOLSONARO,250228,34.026154509
2026-10-04 18:41,RN,70,ESCRITOR AUGUSTO CURY,20097,2.732802193
2026-10-04 18:41,RN,14,RENAN SANTOS,12264,1.667666124
2026-10-04 18:41,RN,55,RONALDO CAIADO,5913,0.80405331
2026-10-04 18:41,RN,30,ZEMA,548,0.074517371
2026-10-04 18:41,RN,80,SAMARA,434,0.059015582
2026-10-04 18:41,RN,16,HERTZ DIAS,199,0.02706014
2026-10-04 18:41,RN,27,CLARIANA BARAO,131,0.017813459
2026-10-04 18:41,RN,21,EDMILSON COSTA,112,0.015229828
2026-10-04 18:41,RN,29,RUI COSTA PIMENTA,70,0.009518642
2026-10-04 18:41,RN,35,VETERINÁRIO WILSON GRASSI,67,0.0091107
2026-10-04 18:41,RO,22,FLAVIO BOLSONARO,452674,66.135352231
2026-10-04 18:41,RO,13,LULA,184257,26.919817785
2026-10-04 18:41,RO,70,ESCRITOR AUGUSTO CURY,18990,2.774425611
2026-10-04 18:41,RO,14,RENAN SANTOS,14116,2.062337647
2026-10-04 18:41,RO,55,RONALDO CAIADO,12127,1.77174615
2026-10-04 18:41,RO,30,ZEMA,934,0.136456741
2026-10-04 18:41,RO,80,SAMARA,684,0.099931918
2026-10-04 18:41,RO,27,CLARIANA BARAO,285,0.041638299
2026-10-04 18:41,RO,16,HERTZ DIAS,142,0.0207461
2026-10-04 18:41,RO,21,EDMILSON COSTA,132,0.019285107
2026-10-04 18:41,RO,35,VETERINÁRIO WILSON GRASSI,82,0.011980142
2026-10-04 18:41,RO,29,RUI COSTA PIMENTA,43,0.00628227
2026-10-04 18:41,RR,22,FLAVIO BOLSONARO,108385,70.616481197
2026-10-04 18:41,RR,13,LULA,36786,23.967319069
2026-10-04 18:41,RR,70,ESCRITOR AUGUSTO CURY,3683,2.399598655
2026-10-04 18:41,RR,14,RENAN SANTOS,2587,1.685517709
2026-10-04 18:41,RR,55,RONALDO CAIADO,1653,1.076985223
2026-10-04 18:41,RR,30,ZEMA,147,0.095775455
2026-10-04 18:41,RR,80,SAMARA,108,0.070365641
2026-10-04 18:41,RR,27,CLARIANA BARAO,66,0.043001225
2026-10-04 18:41,RR,16,HERTZ DIAS,24,0.015636809
2026-10-04 18:41,RR,21,EDMILSON COSTA,19,0.01237914
2026-10-04 18:41,RR,29,RUI COSTA PIMENTA,14,0.009121472
2026-10-04 18:41,RR,35,VETERINÁRIO WILSON GRASSI,12,0.007818405
2026-10-04 18:41,RS,22,FLAVIO BOLSONARO,2254320,56.02278765
2026-10-04 18:41,RS,13,LULA,1421786,35.333233597
2026-10-04 18:41,RS,70,ESCRITOR AUGUSTO CURY,124354,3.090358838
2026-10-04 18:41,RS,14,RENAN SANTOS,105514,2.622160304
2026-10-04 18:41,RS,55,RONALDO CAIADO,97318,2.418479031
2026-10-04 18:41,RS,30,ZEMA,12037,0.299135125
2026-10-04 18:41,RS,80,SAMARA,4109,0.102114001
2026-10-04 18:41,RS,16,HERTZ DIAS,1343,0.033375299
2026-10-04 18:41,RS,27,CLARIANA BARAO,1282,0.031859369
2026-10-04 18:41,RS,29,RUI COSTA PIMENTA,666,0.016550967
2026-10-04 18:41,RS,21,EDMILSON COSTA,620,0.015407807
2026-10-04 18:41,RS,35,VETERINÁRIO WILSON GRASSI,585,0.014538012
2026-10-04 18:41,SC,22,FLAVIO BOLSONARO,1164664,64.434612642
2026-10-04 18:41,SC,13,LULA,487944,26.995324515
2026-10-04 18:41,SC,70,ESCRITOR AUGUSTO CURY,55529,3.07212175
2026-10-04 18:41,SC,14,RENAN SANTOS,53514,2.960642607
2026-10-04 18:41,SC,55,RONALDO CAIADO,34004,1.881258945
2026-10-04 18:41,SC,30,ZEMA,7409,0.409900233
2026-10-04 18:41,SC,80,SAMARA,2283,0.126306146
2026-10-04 18:41,SC,16,HERTZ DIAS,647,0.03579504
2026-10-04 18:41,SC,27,CLARIANA BARAO,593,0.03280751
2026-10-04 18:41,SC,21,EDMILSON COSTA,336,0.018589078
2026-10-04 18:41,SC,29,RUI COSTA PIMENTA,315,0.017427261
2026-10-04 18:41,SC,35,VETERINÁRIO WILSON GRASSI,275,0.015214275
2026-10-04 18:41,SE,13,LULA,336372,60.166347685
2026-10-04 18:41,SE,22,FLAVIO BOLSONARO,183751,32.867261702
2026-10-04 18:41,SE,70,ESCRITOR AUGUSTO CURY,16668,2.981379791
2026-10-04 18:41,SE,55,RONALDO CAIADO,11429,2.044287835
2026-10-04 18:41,SE,14,RENAN SANTOS,9278,1.659541739
2026-10-04 18:41,SE,30,ZEMA,607,0.108573166
2026-10-04 18:41,SE,80,SAMARA,383,0.068506627
2026-10-04 18:41,SE,27,CLARIANA BARAO,210,0.03756238
2026-10-04 18:41,SE,16,HERTZ DIAS,173,0.030944247
2026-10-04 18:41,SE,21,EDMILSON COSTA,89,0.015919295
2026-10-04 18:41,SE,35,VETERINÁRIO WILSON GRASSI,58,0.010374372
2026-10-04 18:41,SE,29,RUI COSTA PIMENTA,52,0.009301161
2026-10-04 18:41,SP,22,FLAVIO BOLSONARO,4402949,54.642697402
2026-10-04 18:41,SP,13,LULA,2879866,35.740510825
2026-10-04 18:41,SP,70,ESCRITOR AUGUSTO CURY,284016,3.524774042
2026-10-04 18:41,SP,14,RENAN SANTOS,249916,3.101576776
2026-10-04 18:41,SP,55,RONALDO CAIADO,186036,2.308795504
2026-10-04 18:41,SP,30,ZEMA,29028,0.360251327
2026-10-04 18:41,SP,80,SAMARA,12742,0.158134298
2026-10-04 18:41,SP,16,HERTZ DIAS,4969,0.06166766
2026-10-04 18:41,SP,27,CLARIANA BARAO,3160,0.039217107
2026-10-04 18:41,SP,21,EDMILSON COSTA,1949,0.02418802
2026-10-04 18:41,SP,35,VETERINÁRIO WILSON GRASSI,1654,0.020526929
2026-10-04 18:41,SP,29,RUI COSTA PIMENTA,1423,0.017660109
2026-10-04 18:41,TO,22,FLAVIO BOLSONARO,405849,50.588465527
2026-10-04 18:41,TO,13,LULA,346733,43.219745318
2026-10-04 18:41,TO,70,ESCRITOR AUGUSTO CURY,19342,2.410951118
2026-10-04 18:41,TO,55,RONALDO CAIADO,17723,2.209145211
2026-10-04 18:41,TO,14,RENAN SANTOS,11285,1.406658224
2026-10-04 18:41,TO,30,ZEMA,534,0.066562294
2026-10-04 18:41,TO,80,SAMARA,345,0.043003729
2026-10-04 18:41,TO,27,CLARIANA BARAO,147,0.018323328
2026-10-04 18:41,TO,21,EDMILSON COSTA,105,0.013088092
2026-10-04 18:41,TO,16,HERTZ DIAS,86,0.01071977
2026-10-04 18:41,TO,35,VETERINÁRIO WILSON GRASSI,57,0.007104964
2026-10-04 18:41,TO,29,RUI COSTA PIMENTA,50,0.006232425
2026-10-04 18:41,ZZ,13,LULA,114806,52.257944112
2026-10-04 18:41,ZZ,22,FLAVIO BOLSONARO,83816,38.15176771
2026-10-04 18:41,ZZ,70,ESCRITOR AUGUSTO CURY,7074,3.21997715
2026-10-04 18:41,ZZ,14,RENAN SANTOS,6118,2.784820498
2026-10-04 18:41,ZZ,55,RONALDO CAIADO,3118,1.419266151
2026-10-04 18:41,ZZ,30,ZEMA,2179,0.991847641
2026-10-04 18:41,ZZ,80,SAMARA,862,0.392369282
2026-10-04 18:41,ZZ,27,CLARIANA BARAO,693,0.315443054
2026-10-04 18:41,ZZ,21,EDMILSON COSTA,334,0.152031717
2026-10-04 18:41,ZZ,16,HERTZ DIAS,294,0.133824326
2026-10-04 18:41,ZZ,35,VETERINÁRIO WILSON GRASSI,256,0.116527304
2026-10-04 18:41,ZZ,29,RUI COSTA PIMENTA,141,0.064181054
2026-10-04 18:46,BR,22,FLAVIO BOLSONARO,24212947,50.410304719
2026-10-04 18:46,BR,13,LULA,19903245,41.437692213
2026-10-04 18:46,BR,70,ESCRITOR AUGUSTO CURY,1416111,2.948281637
2026-10-04 18:46,BR,55,RONALDO CAIADO,1147127,2.388268624
2026-10-04 18:46,BR,14,RENAN SANTOS,1107591,2.305956388
2026-10-04 18:46,BR,30,ZEMA,137066,0.285365463
2026-10-04 18:46,BR,80,SAMARA,49996,0.104089502
2026-10-04 18:46,BR,16,HERTZ DIAS,17603,0.036648682
2026-10-04 18:46,BR,27,CLARIANA BARAO,17336,0.0360928
2026-10-04 18:46,BR,21,EDMILSON COSTA,8978,0.018691806
2026-10-04 18:46,BR,35,VETERINÁRIO WILSON GRASSI,7124,0.014831859
2026-10-04 18:46,BR,29,RUI COSTA PIMENTA,6617,0.013776307
2026-10-04 18:46,AC,22,FLAVIO BOLSONARO,247749,64.519480925
2026-10-04 18:46,AC,13,LULA,109640,28.552752538
2026-10-04 18:46,AC,70,ESCRITOR AUGUSTO CURY,11334,2.951631679
2026-10-04 18:46,AC,55,RONALDO CAIADO,7284,1.896919459
2026-10-04 18:46,AC,14,RENAN SANTOS,6818,1.775562448
2026-10-04 18:46,AC,30,ZEMA,484,0.126044621
2026-10-04 18:46,AC,80,SAMARA,279,0.072657953
2026-10-04 18:46,AC,27,CLARIANA BARAO,163,0.042448912
2026-10-04 18:46,AC,21,EDMILSON COSTA,115,0.029948619
2026-10-04 18:46,AC,16,HERTZ DIAS,62,0.016146212
2026-10-04 18:46,AC,29,RUI COSTA PIMENTA,33,0.008593951
2026-10-04 18:46,AC,35,VETERINÁRIO WILSON GRASSI,30,0.007812683
2026-10-04 18:46,AL,13,LULA,189132,58.345261599
2026-10-04 18:46,AL,22,FLAVIO BOLSONARO,120641,37.216498026
2026-10-04 18:46,AL,70,ESCRITOR AUGUSTO CURY,7272,2.243336624
2026-10-04 18:46,AL,14,RENAN SANTOS,4125,1.272519743
2026-10-04 18:46,AL,55,RONALDO CAIADO,2284,0.704590326
2026-10-04 18:46,AL,30,ZEMA,211,0.065091313
2026-10-04 18:46,AL,80,SAMARA,206,0.063548865
2026-10-04 18:46,AL,27,CLARIANA BARAO,107,0.033008391
2026-10-04 18:46,AL,16,HERTZ DIAS,70,0.021594274
2026-10-04 18:46,AL,21,EDMILSON COSTA,53,0.016349951
2026-10-04 18:46,AL,35,VETERINÁRIO WILSON GRASSI,40,0.012339585
2026-10-04 18:46,AL,29,RUI COSTA PIMENTA,19,0.005861303
2026-10-04 18:46,AM,22,FLAVIO BOLSONARO,614190,49.493214114
2026-10-04 18:46,AM,13,LULA,530781,42.771874632
2026-10-04 18:46,AM,70,ESCRITOR AUGUSTO CURY,50358,4.057993905
2026-10-04 18:46,AM,14,RENAN SANTOS,23653,1.90602744
2026-10-04 18:46,AM,55,RONALDO CAIADO,17799,1.434295117
2026-10-04 18:46,AM,30,ZEMA,1349,0.108706338
2026-10-04 18:46,AM,80,SAMARA,1342,0.108142258
2026-10-04 18:46,AM,27,CLARIANA BARAO,625,0.050364315
2026-10-04 18:46,AM,16,HERTZ DIAS,349,0.028123434
2026-10-04 18:46,AM,35,VETERINÁRIO WILSON GRASSI,211,0.017002993
2026-10-04 18:46,AM,21,EDMILSON COSTA,171,0.013779677
2026-10-04 18:46,AM,29,RUI COSTA PIMENTA,130,0.010475778
2026-10-04 18:46,AP,13,LULA,96100,48.657981479
2026-10-04 18:46,AP,22,FLAVIO BOLSONARO,85454,43.267629025
2026-10-04 18:46,AP,70,ESCRITOR AUGUSTO CURY,7771,3.934663622
2026-10-04 18:46,AP,14,RENAN SANTOS,4306,2.180242125
2026-10-04 18:46,AP,55,RONALDO CAIADO,3366,1.704295168
2026-10-04 18:46,AP,80,SAMARA,172,0.087088167
2026-10-04 18:46,AP,30,ZEMA,135,0.068354084
2026-10-04 18:46,AP,27,CLARIANA BARAO,79,0.039999797
2026-10-04 18:46,AP,16,HERTZ DIAS,48,0.024303674
2026-10-04 18:46,AP,21,EDMILSON COSTA,25,0.012658164
2026-10-04 18:46,AP,29,RUI COSTA PIMENTA,24,0.012151837
2026-10-04 18:46,AP,35,VETERINÁRIO WILSON GRASSI,21,0.010632858
2026-10-04 18:46,BA,13,LULA,1464479,64.320737795
2026-10-04 18:46,BA,22,FLAVIO BOLSONARO,680170,29.873447298
2026-10-04 18:46,BA,70,ESCRITOR AUGUSTO CURY,53939,2.369031086
2026-10-04 18:46,BA,55,RONALDO CAIADO,37346,1.640257234
2026-10-04 18:46,BA,14,RENAN SANTOS,35211,1.546486838
2026-10-04 18:46,BA,30,ZEMA,2280,0.100138877
2026-10-04 18:46,BA,80,SAMARA,1507,0.066188284
2026-10-04 18:46,BA,16,HERTZ DIAS,556,0.024419831
2026-10-04 18:46,BA,27,CLARIANA BARAO,492,0.021608916
2026-10-04 18:46,BA,21,EDMILSON COSTA,375,0.01647021
2026-10-04 18:46,BA,29,RUI COSTA PIMENTA,276,0.012122075
2026-10-04 18:46,BA,35,VETERINÁRIO WILSON GRASSI,207,0.009091556
2026-10-04 18:46,CE,13,LULA,873458,60.814882016
2026-10-04 18:46,CE,22,FLAVIO BOLSONARO,477494,33.245721344
2026-10-04 18:46,CE,70,ESCRITOR AUGUSTO CURY,37027,2.578020507
2026-10-04 18:46,CE,14,RENAN SANTOS,30532,2.12580339
2026-10-04 18:46,CE,55,RONALDO CAIADO,13782,0.959577569
2026-10-04 18:46,CE,30,ZEMA,1661,0.115647826
2026-10-04 18:46,CE,80,SAMARA,1020,0.071017931
2026-10-04 18:46,CE,16,HERTZ DIAS,443,0.030844062
2026-10-04 18:46,CE,27,CLARIANA BARAO,286,0.019912871
2026-10-04 18:46,CE,21,EDMILSON COSTA,247,0.017197479
2026-10-04 18:46,CE,29,RUI COSTA PIMENTA,170,0.011836322
2026-10-04 18:46,CE,35,VETERINÁRIO WILSON GRASSI,137,0.009538683
2026-10-04 18:46,DF,22,FLAVIO BOLSONARO,862976,51.238759667
2026-10-04 18:46,DF,13,LULA,642793,38.16550639
2026-10-04 18:46,DF,55,RONALDO CAIADO,80964,4.807196188
2026-10-04 18:46,DF,14,RENAN SANTOS,44398,2.636108596
2026-10-04 18:46,DF,70,ESCRITOR AUGUSTO CURY,43684,2.59371521
2026-10-04 18:46,DF,30,ZEMA,4765,0.282919444
2026-10-04 18:46,DF,80,SAMARA,2186,0.129792635
2026-10-04 18:46,DF,16,HERTZ DIAS,783,0.046490225
2026-10-04 18:46,DF,27,CLARIANA BARAO,680,0.040374653
2026-10-04 18:46,DF,29,RUI COSTA PIMENTA,367,0.021790438
2026-10-04 18:46,DF,21,EDMILSON COSTA,320,0.018999837
2026-10-04 18:46,DF,35,VETERINÁRIO WILSON GRASSI,309,0.018346717
2026-10-04 18:46,ES,22,FLAVIO BOLSONARO,1031401,55.5909429
2026-10-04 18:46,ES,13,LULA,685541,36.949615704
2026-10-04 18:46,ES,70,ESCRITOR AUGUSTO CURY,53354,2.875699333
2026-10-04 18:46,ES,14,RENAN SANTOS,43738,2.35741158
2026-10-04 18:46,ES,55,RONALDO CAIADO,32566,1.755257796
2026-10-04 18:46,ES,30,ZEMA,5075,0.27353477
2026-10-04 18:46,ES,80,SAMARA,1576,0.084943999
2026-10-04 18:46,ES,27,CLARIANA BARAO,790,0.042579797
2026-10-04 18:46,ES,16,HERTZ DIAS,528,0.028458396
2026-10-04 18:46,ES,21,EDMILSON COSTA,300,0.016169543
2026-10-04 18:46,ES,35,VETERINÁRIO WILSON GRASSI,258,0.013905807
2026-10-04 18:46,ES,29,RUI COSTA PIMENTA,213,0.011480376
2026-10-04 18:46,GO,22,FLAVIO BOLSONARO,1166392,55.561340588
2026-10-04 18:46,GO,13,LULA,615540,29.321383879
2026-10-04 18:46,GO,55,RONALDO CAIADO,251387,11.974875279
2026-10-04 18:46,GO,14,RENAN SANTOS,30987,1.47607259
2026-10-04 18:46,GO,70,ESCRITOR AUGUSTO CURY,30764,1.465449936
2026-10-04 18:46,GO,30,ZEMA,1620,0.077169058
2026-10-04 18:46,GO,80,SAMARA,1274,0.060687271
2026-10-04 18:46,GO,16,HERTZ DIAS,380,0.018101384
2026-10-04 18:46,GO,27,CLARIANA BARAO,321,0.015290906
2026-10-04 18:46,GO,21,EDMILSON COSTA,263,0.012528063
2026-10-04 18:46,GO,35,VETERINÁRIO WILSON GRASSI,202,0.009622315
2026-10-04 18:46,GO,29,RUI COSTA PIMENTA,157,0.00747873
2026-10-04 18:46,MA,13,LULA,895719,61.399062822
2026-10-04 18:46,MA,22,FLAVIO BOLSONARO,484441,33.207092171
2026-10-04 18:46,MA,70,ESCRITOR AUGUSTO CURY,32179,2.205781548
2026-10-04 18:46,MA,14,RENAN SANTOS,22688,1.555199719
2026-10-04 18:46,MA,55,RONALDO CAIADO,19856,1.361073943
2026-10-04 18:46,MA,30,ZEMA,1887,0.129348637
2026-10-04 18:46,MA,80,SAMARA,691,0.047366141
2026-10-04 18:46,MA,16,HERTZ DIAS,668,0.045789554
2026-10-04 18:46,MA,27,CLARIANA BARAO,354,0.024265722
2026-10-04 18:46,MA,21,EDMILSON COSTA,159,0.010899011
2026-10-04 18:46,MA,35,VETERINÁRIO WILSON GRASSI,109,0.007471649
2026-10-04 18:46,MA,29,RUI COSTA PIMENTA,97,0.006649082
2026-10-04 18:46,MG,22,FLAVIO BOLSONARO,2232252,49.46616039
2026-10-04 18:46,MG,13,LULA,1879777,41.655400277
2026-10-04 18:46,MG,70,ESCRITOR AUGUSTO CURY,157371,3.487303014
2026-10-04 18:46,MG,14,RENAN SANTOS,100096,2.21810297
2026-10-04 18:46,MG,55,RONALDO CAIADO,91364,2.024603977
2026-10-04 18:46,MG,30,ZEMA,41495,0.919519089
2026-10-04 18:46,MG,80,SAMARA,4888,0.108316889
2026-10-04 18:46,MG,16,HERTZ DIAS,1899,0.042081377
2026-10-04 18:46,MG,27,CLARIANA BARAO,1325,0.029361677
2026-10-04 18:46,MG,21,EDMILSON COSTA,847,0.018769314
2026-10-04 18:46,MG,35,VETERINÁRIO WILSON GRASSI,691,0.015312392
2026-10-04 18:46,MG,29,RUI COSTA PIMENTA,680,0.015068634
2026-10-04 18:46,MS,22,FLAVIO BOLSONARO,801158,59.382866122
2026-10-04 18:46,MS,13,LULA,454762,33.70754703
2026-10-04 18:46,MS,70,ESCRITOR AUGUSTO CURY,36381,2.696606727
2026-10-04 18:46,MS,14,RENAN SANTOS,29656,2.198141038
2026-10-04 18:46,MS,55,RONALDO CAIADO,21751,1.612212224
2026-10-04 18:46,MS,30,ZEMA,2634,0.195235483
2026-10-04 18:46,MS,80,SAMARA,1216,0.090131491
2026-10-04 18:46,MS,27,CLARIANA BARAO,578,0.042842107
2026-10-04 18:46,MS,16,HERTZ DIAS,338,0.025052997
2026-10-04 18:46,MS,21,EDMILSON COSTA,295,0.021865781
2026-10-04 18:46,MS,35,VETERINÁRIO WILSON GRASSI,195,0.014453652
2026-10-04 18:46,MS,29,RUI COSTA PIMENTA,176,0.013045347
2026-10-04 18:46,MT,22,FLAVIO BOLSONARO,935336,65.751352339
2026-10-04 18:46,MT,13,LULA,403480,28.363449757
2026-10-04 18:46,MT,70,ESCRITOR AUGUSTO CURY,29538,2.076433972
2026-10-04 18:46,MT,14,RENAN SANTOS,24742,1.739289367
2026-10-04 18:46,MT,55,RONALDO CAIADO,24278,1.706671541
2026-10-04 18:46,MT,30,ZEMA,1850,0.130049524
2026-10-04 18:46,MT,27,CLARIANA BARAO,1455,0.102282193
2026-10-04 18:46,MT,80,SAMARA,1212,0.085200013
2026-10-04 18:46,MT,16,HERTZ DIAS,252,0.017714854
2026-10-04 18:46,MT,21,EDMILSON COSTA,171,0.012020794
2026-10-04 18:46,MT,35,VETERINÁRIO WILSON GRASSI,129,0.009068318
2026-10-04 18:46,MT,29,RUI COSTA PIMENTA,92,0.006467328
2026-10-04 18:46,PA,13,LULA,1175966,47.790615781
2026-10-04 18:46,PA,22,FLAVIO BOLSONARO,1127634,45.826429706
2026-10-04 18:46,PA,70,ESCRITOR AUGUSTO CURY,70010,2.845168152
2026-10-04 18:46,PA,14,RENAN SANTOS,49197,1.999339202
2026-10-04 18:46,PA,55,RONALDO CAIADO,30957,1.258075567
2026-10-04 18:46,PA,80,SAMARA,2523,0.102533342
2026-10-04 18:46,PA,30,ZEMA,1974,0.080222282
2026-10-04 18:46,PA,27,CLARIANA BARAO,791,0.032145808
2026-10-04 18:46,PA,16,HERTZ DIAS,729,0.029626162
2026-10-04 18:46,PA,21,EDMILSON COSTA,367,0.014914679
2026-10-04 18:46,PA,35,VETERINÁRIO WILSON GRASSI,315,0.012801428
2026-10-04 18:46,PA,29,RUI COSTA PIMENTA,200,0.008127891
2026-10-04 18:46,PB,13,LULA,1196961,60.779742675
2026-10-04 18:46,PB,22,FLAVIO BOLSONARO,658865,33.456098534
2026-10-04 18:46,PB,70,ESCRITOR AUGUSTO CURY,58752,2.983331488
2026-10-04 18:46,PB,14,RENAN SANTOS,34390,1.746268551
2026-10-04 18:46,PB,55,RONALDO CAIADO,15744,0.799454843
2026-10-04 18:46,PB,30,ZEMA,1652,0.083885887
2026-10-04 18:46,PB,80,SAMARA,1303,0.066164232
2026-10-04 18:46,PB,16,HERTZ DIAS,514,0.026100088
2026-10-04 18:46,PB,27,CLARIANA BARAO,493,0.025033742
2026-10-04 18:46,PB,21,EDMILSON COSTA,262,0.013303936
2026-10-04 18:46,PB,29,RUI COSTA PIMENTA,233,0.011831363
2026-10-04 18:46,PB,35,VETERINÁRIO WILSON GRASSI,173,0.00878466
2026-10-04 18:46,PE,13,LULA,1067569,61.362863009
2026-10-04 18:46,PE,22,FLAVIO BOLSONARO,571245,32.834625846
2026-10-04 18:46,PE,70,ESCRITOR AUGUSTO CURY,43446,2.497235257
2026-10-04 18:46,PE,14,RENAN SANTOS,28386,1.631600608
2026-10-04 18:46,PE,55,RONALDO CAIADO,24413,1.403236301
2026-10-04 18:46,PE,30,ZEMA,2550,0.146571604
2026-10-04 18:46,PE,80,SAMARA,866,0.049776866
2026-10-04 18:46,PE,16,HERTZ DIAS,413,0.023738852
2026-10-04 18:46,PE,27,CLARIANA BARAO,308,0.017703551
2026-10-04 18:46,PE,21,EDMILSON COSTA,211,0.012128082
2026-10-04 18:46,PE,29,RUI COSTA PIMENTA,186,0.010691105
2026-10-04 18:46,PE,35,VETERINÁRIO WILSON GRASSI,171,0.009828919
2026-10-04 18:46,PI,13,LULA,775853,68.783001706
2026-10-04 18:46,PI,22,FLAVIO BOLSONARO,292049,25.891511491
2026-10-04 18:46,PI,70,ESCRITOR AUGUSTO CURY,26921,2.386672719
2026-10-04 18:46,PI,14,RENAN SANTOS,18795,1.666264765
2026-10-04 18:46,PI,55,RONALDO CAIADO,12004,1.064210814
2026-10-04 18:46,PI,30,ZEMA,851,0.075445135
2026-10-04 18:46,PI,80,SAMARA,631,0.055941105
2026-10-04 18:46,PI,27,CLARIANA BARAO,281,0.024911966
2026-10-04 18:46,PI,16,HERTZ DIAS,245,0.021720397
2026-10-04 18:46,PI,21,EDMILSON COSTA,161,0.014273404
2026-10-04 18:46,PI,35,VETERINÁRIO WILSON GRASSI,102,0.009042778
2026-10-04 18:46,PI,29,RUI COSTA PIMENTA,79,0.00700372
2026-10-04 18:46,PR,22,FLAVIO BOLSONARO,3406018,60.056872111
2026-10-04 18:46,PR,13,LULA,1754185,30.930800778
2026-10-04 18:46,PR,70,ESCRITOR AUGUSTO CURY,179183,3.159457911
2026-10-04 18:46,PR,14,RENAN SANTOS,154739,2.728447217
2026-10-04 18:46,PR,55,RONALDO CAIADO,149222,2.631168294
2026-10-04 18:46,PR,30,ZEMA,15373,0.271065595
2026-10-04 18:46,PR,80,SAMARA,5945,0.104825666
2026-10-04 18:46,PR,27,CLARIANA BARAO,2135,0.03764555
2026-10-04 18:46,PR,16,HERTZ DIAS,1802,0.031773902
2026-10-04 18:46,PR,21,EDMILSON COSTA,1046,0.018443675
2026-10-04 18:46,PR,35,VETERINÁRIO WILSON GRASSI,848,0.014952425
2026-10-04 18:46,PR,29,RUI COSTA PIMENTA,825,0.014546875
2026-10-04 18:46,RJ,22,FLAVIO BOLSONARO,1194553,53.288791917
2026-10-04 18:46,RJ,13,LULA,879473,39.233130463
2026-10-04 18:46,RJ,70,ESCRITOR AUGUSTO CURY,59273,2.644157742
2026-10-04 18:46,RJ,14,RENAN SANTOS,48028,2.142520339
2026-10-04 18:46,RJ,55,RONALDO CAIADO,47919,2.137657869
2026-10-04 18:46,RJ,30,ZEMA,5819,0.259584531
2026-10-04 18:46,RJ,80,SAMARA,3100,0.138290436
2026-10-04 18:46,RJ,27,CLARIANA BARAO,965,0.043048474
2026-10-04 18:46,RJ,16,HERTZ DIAS,963,0.042959255
2026-10-04 18:46,RJ,21,EDMILSON COSTA,681,0.030379286
2026-10-04 18:46,RJ,35,VETERINÁRIO WILSON GRASSI,452,0.020163638
2026-10-04 18:46,RJ,29,RUI COSTA PIMENTA,433,0.019316051
2026-10-04 18:46,RN,13,LULA,510838,60.388024484
2026-10-04 18:46,RN,22,FLAVIO BOLSONARO,289044,34.16894622
2026-10-04 18:46,RN,70,ESCRITOR AUGUSTO CURY,23222,2.745157378
2026-10-04 18:46,RN,14,RENAN SANTOS,14223,1.681352742
2026-10-04 18:46,RN,55,RONALDO CAIADO,6812,0.805271383
2026-10-04 18:46,RN,30,ZEMA,625,0.073883531
2026-10-04 18:46,RN,80,SAMARA,494,0.058397543
2026-10-04 18:46,RN,16,HERTZ DIAS,230,0.027189139
2026-10-04 18:46,RN,27,CLARIANA BARAO,150,0.017732047
2026-10-04 18:46,RN,21,EDMILSON COSTA,133,0.015722415
2026-10-04 18:46,RN,29,RUI COSTA PIMENTA,78,0.009220665
2026-10-04 18:46,RN,35,VETERINÁRIO WILSON GRASSI,77,0.009102451
2026-10-04 18:46,RO,22,FLAVIO BOLSONARO,478349,66.419925881
2026-10-04 18:46,RO,13,LULA,192109,26.67480342
2026-10-04 18:46,RO,70,ESCRITOR AUGUSTO CURY,19797,2.748861757
2026-10-04 18:46,RO,14,RENAN SANTOS,14818,2.057515458
2026-10-04 18:46,RO,55,RONALDO CAIADO,12714,1.765369924
2026-10-04 18:46,RO,30,ZEMA,985,0.136769654
2026-10-04 18:46,RO,80,SAMARA,708,0.098307528
2026-10-04 18:46,RO,27,CLARIANA BARAO,291,0.04040606
2026-10-04 18:46,RO,16,HERTZ DIAS,151,0.020966718
2026-10-04 18:46,RO,21,EDMILSON COSTA,135,0.018745079
2026-10-04 18:46,RO,35,VETERINÁRIO WILSON GRASSI,86,0.01194131
2026-10-04 18:46,RO,29,RUI COSTA PIMENTA,46,0.006387212
2026-10-04 18:46,RR,22,FLAVIO BOLSONARO,121161,70.946076508
2026-10-04 18:46,RR,13,LULA,40107,23.484737585
2026-10-04 18:46,RR,70,ESCRITOR AUGUSTO CURY,4201,2.459904321
2026-10-04 18:46,RR,14,RENAN SANTOS,2973,1.740846357
2026-10-04 18:46,RR,55,RONALDO CAIADO,1891,1.107278998
2026-10-04 18:46,RR,30,ZEMA,171,0.100129407
2026-10-04 18:46,RR,80,SAMARA,119,0.069680698
2026-10-04 18:46,RR,27,CLARIANA BARAO,77,0.045087511
2026-10-04 18:46,RR,16,HERTZ DIAS,25,0.014638802
2026-10-04 18:46,RR,21,EDMILSON COSTA,21,0.012296594
2026-10-04 18:46,RR,29,RUI COSTA PIMENTA,17,0.009954385
2026-10-04 18:46,RR,35,VETERINÁRIO WILSON GRASSI,16,0.009368833
2026-10-04 18:46,RS,22,FLAVIO BOLSONARO,2428929,55.882256853
2026-10-04 18:46,RS,13,LULA,1541977,35.476193325
2026-10-04 18:46,RS,70,ESCRITOR AUGUSTO CURY,133897,3.080562069
2026-10-04 18:46,RS,14,RENAN SANTOS,114079,2.624610262
2026-10-04 18:46,RS,55,RONALDO CAIADO,105279,2.42214907
2026-10-04 18:46,RS,30,ZEMA,13001,0.299113404
2026-10-04 18:46,RS,80,SAMARA,4480,0.103071152
2026-10-04 18:46,RS,16,HERTZ DIAS,1454,0.033452111
2026-10-04 18:46,RS,27,CLARIANA BARAO,1393,0.032048686
2026-10-04 18:46,RS,29,RUI COSTA PIMENTA,721,0.016588014
2026-10-04 18:46,RS,21,EDMILSON COSTA,675,0.015529694
2026-10-04 18:46,RS,35,VETERINÁRIO WILSON GRASSI,627,0.01442536
2026-10-04 18:46,SC,22,FLAVIO BOLSONARO,1377369,65.021210024
2026-10-04 18:46,SC,13,LULA,559771,26.425008662
2026-10-04 18:46,SC,70,ESCRITOR AUGUSTO CURY,64654,3.05210972
2026-10-04 18:46,SC,14,RENAN SANTOS,63051,2.976437188
2026-10-04 18:46,SC,55,RONALDO CAIADO,39658,1.872128055
2026-10-04 18:46,SC,30,ZEMA,8713,0.41131302
2026-10-04 18:46,SC,80,SAMARA,2608,0.123115386
2026-10-04 18:46,SC,16,HERTZ DIAS,742,0.03502746
2026-10-04 18:46,SC,27,CLARIANA BARAO,705,0.033280808
2026-10-04 18:46,SC,21,EDMILSON COSTA,395,0.018646694
2026-10-04 18:46,SC,29,RUI COSTA PIMENTA,352,0.016616801
2026-10-04 18:46,SC,35,VETERINÁRIO WILSON GRASSI,320,0.015106182
2026-10-04 18:46,SE,13,LULA,410176,60.460125231
2026-10-04 18:46,SE,22,FLAVIO BOLSONARO,221170,32.600556584
2026-10-04 18:46,SE,70,ESCRITOR AUGUSTO CURY,20341,2.998272467
2026-10-04 18:46,SE,55,RONALDO CAIADO,13619,2.007446671
2026-10-04 18:46,SE,14,RENAN SANTOS,11235,1.656044008
2026-10-04 18:46,SE,30,ZEMA,721,0.106275721
2026-10-04 18:46,SE,80,SAMARA,478,0.070457413
2026-10-04 18:46,SE,27,CLARIANA BARAO,248,0.036555311
2026-10-04 18:46,SE,16,HERTZ DIAS,199,0.029332689
2026-10-04 18:46,SE,21,EDMILSON COSTA,109,0.016066649
2026-10-04 18:46,SE,35,VETERINÁRIO WILSON GRASSI,65,0.009581029
2026-10-04 18:46,SE,29,RUI COSTA PIMENTA,63,0.009286228
2026-10-04 18:46,SP,22,FLAVIO BOLSONARO,5002528,54.218882871
2026-10-04 18:46,SP,13,LULA,3332291,36.116358653
2026-10-04 18:46,SP,70,ESCRITOR AUGUSTO CURY,326116,3.534541977
2026-10-04 18:46,SP,14,RENAN SANTOS,288460,3.126415075
2026-10-04 18:46,SP,55,RONALDO CAIADO,213772,2.316924369
2026-10-04 18:46,SP,30,ZEMA,33527,0.363375575
2026-10-04 18:46,SP,80,SAMARA,14699,0.159312124
2026-10-04 18:46,SP,16,HERTZ DIAS,5725,0.062049249
2026-10-04 18:46,SP,27,CLARIANA BARAO,3660,0.039668166
2026-10-04 18:46,SP,21,EDMILSON COSTA,2256,0.024451197
2026-10-04 18:46,SP,35,VETERINÁRIO WILSON GRASSI,1895,0.020538572
2026-10-04 18:46,SP,29,RUI COSTA PIMENTA,1613,0.017482173
2026-10-04 18:46,TO,22,FLAVIO BOLSONARO,416200,50.496900665
2026-10-04 18:46,TO,13,LULA,356943,43.307340735
2026-10-04 18:46,TO,70,ESCRITOR AUGUSTO CURY,19938,2.419046625
2026-10-04 18:46,TO,55,RONALDO CAIADO,18173,2.204901912
2026-10-04 18:46,TO,14,RENAN SANTOS,11589,1.406075401
2026-10-04 18:46,TO,30,ZEMA,552,0.066973304
2026-10-04 18:46,TO,80,SAMARA,352,0.042707614
2026-10-04 18:46,TO,27,CLARIANA BARAO,151,0.018320596
2026-10-04 18:46,TO,21,EDMILSON COSTA,106,0.012860816
2026-10-04 18:46,TO,16,HERTZ DIAS,92,0.011162217
2026-10-04 18:46,TO,35,VETERINÁRIO WILSON GRASSI,59,0.007158379
2026-10-04 18:46,TO,29,RUI COSTA PIMENTA,54,0.006551736
2026-10-04 18:46,ZZ,13,LULA,115395,52.20264915
2026-10-04 18:46,ZZ,22,FLAVIO BOLSONARO,84483,38.218609196
2026-10-04 18:46,ZZ,70,ESCRITOR AUGUSTO CURY,7115,3.218699672
2026-10-04 18:46,ZZ,14,RENAN SANTOS,6141,2.778079366
2026-10-04 18:46,ZZ,55,RONALDO CAIADO,3137,1.419123102
2026-10-04 18:46,ZZ,30,ZEMA,2183,0.987550441
2026-10-04 18:46,ZZ,80,SAMARA,867,0.392215406
2026-10-04 18:46,ZZ,27,CLARIANA BARAO,697,0.315310425
2026-10-04 18:46,ZZ,21,EDMILSON COSTA,339,0.153357581
2026-10-04 18:46,ZZ,16,HERTZ DIAS,297,0.134357527
2026-10-04 18:46,ZZ,35,VETERINÁRIO WILSON GRASSI,257,0.116262237
2026-10-04 18:46,ZZ,29,RUI COSTA PIMENTA,141,0.063785897
2026-10-04 18:52,BR,22,FLAVIO BOLSONARO,27484298,50.20283853
2026-10-04 18:52,BR,13,LULA,22791778,41.631478117
2026-10-04 18:52,BR,70,ESCRITOR AUGUSTO CURY,1618252,2.955900269
2026-10-04 18:52,BR,55,RONALDO CAIADO,1302519,2.379182144
2026-10-04 18:52,BR,14,RENAN SANTOS,1269583,2.319021223
2026-10-04 18:52,BR,30,ZEMA,157128,0.287010118
2026-10-04 18:52,BR,80,SAMARA,57248,0.104569238
2026-10-04 18:52,BR,16,HERTZ DIAS,20149,0.036804178
2026-10-04 18:52,BR,27,CLARIANA BARAO,19681,0.035949329
2026-10-04 18:52,BR,21,EDMILSON COSTA,10259,0.018739097
2026-10-04 18:52,BR,35,VETERINÁRIO WILSON GRASSI,8076,0.014751627
2026-10-04 18:52,BR,29,RUI COSTA PIMENTA,7531,0.01375613
2026-10-04 18:52,AC,22,FLAVIO BOLSONARO,259189,64.559509606
2026-10-04 18:52,AC,13,LULA,114656,28.558832101
2026-10-04 18:52,AC,70,ESCRITOR AUGUSTO CURY,11814,2.942663641
2026-10-04 18:52,AC,55,RONALDO CAIADO,7529,1.875344046
2026-10-04 18:52,AC,14,RENAN SANTOS,7075,1.762260476
2026-10-04 18:52,AC,30,ZEMA,498,0.124043211
2026-10-04 18:52,AC,80,SAMARA,288,0.071735833
2026-10-04 18:52,AC,27,CLARIANA BARAO,170,0.042344068
2026-10-04 18:52,AC,21,EDMILSON COSTA,123,0.030637179
2026-10-04 18:52,AC,16,HERTZ DIAS,64,0.015941296
2026-10-04 18:52,AC,29,RUI COSTA PIMENTA,34,0.008468814
2026-10-04 18:52,AC,35,VETERINÁRIO WILSON GRASSI,33,0.008219731
2026-10-04 18:52,AL,13,LULA,209562,58.230429805
2026-10-04 18:52,AL,22,FLAVIO BOLSONARO,134385,37.341198831
2026-10-04 18:52,AL,70,ESCRITOR AUGUSTO CURY,8098,2.250169499
2026-10-04 18:52,AL,14,RENAN SANTOS,4564,1.268186416
2026-10-04 18:52,AL,55,RONALDO CAIADO,2502,0.695224017
2026-10-04 18:52,AL,30,ZEMA,231,0.064187349
2026-10-04 18:52,AL,80,SAMARA,224,0.062242278
2026-10-04 18:52,AL,27,CLARIANA BARAO,122,0.033899812
2026-10-04 18:52,AL,16,HERTZ DIAS,79,0.021951518
2026-10-04 18:52,AL,21,EDMILSON COSTA,55,0.015282702
2026-10-04 18:52,AL,35,VETERINÁRIO WILSON GRASSI,42,0.011670427
2026-10-04 18:52,AL,29,RUI COSTA PIMENTA,20,0.005557346
2026-10-04 18:52,AM,22,FLAVIO BOLSONARO,649770,49.34121351
2026-10-04 18:52,AM,13,LULA,565528,42.944176853
2026-10-04 18:52,AM,70,ESCRITOR AUGUSTO CURY,53385,4.053866265
2026-10-04 18:52,AM,14,RENAN SANTOS,25000,1.898410726
2026-10-04 18:52,AM,55,RONALDO CAIADO,18829,1.429807023
2026-10-04 18:52,AM,80,SAMARA,1419,0.107753793
2026-10-04 18:52,AM,30,ZEMA,1409,0.106994429
2026-10-04 18:52,AM,27,CLARIANA BARAO,658,0.04996617
2026-10-04 18:52,AM,16,HERTZ DIAS,363,0.027564924
2026-10-04 18:52,AM,35,VETERINÁRIO WILSON GRASSI,220,0.016706014
2026-10-04 18:52,AM,21,EDMILSON COSTA,174,0.013212939
2026-10-04 18:52,AM,29,RUI COSTA PIMENTA,136,0.010327354
2026-10-04 18:52,AP,13,LULA,105706,48.342411312
2026-10-04 18:52,AP,22,FLAVIO BOLSONARO,95059,43.473230251
2026-10-04 18:52,AP,70,ESCRITOR AUGUSTO CURY,8717,3.986536236
2026-10-04 18:52,AP,14,RENAN SANTOS,4825,2.206612062
2026-10-04 18:52,AP,55,RONALDO CAIADO,3763,1.720928744
2026-10-04 18:52,AP,80,SAMARA,213,0.097411061
2026-10-04 18:52,AP,30,ZEMA,152,0.069513997
2026-10-04 18:52,AP,27,CLARIANA BARAO,87,0.039787616
2026-10-04 18:52,AP,16,HERTZ DIAS,59,0.026982407
2026-10-04 18:52,AP,21,EDMILSON COSTA,28,0.01280521
2026-10-04 18:52,AP,35,VETERINÁRIO WILSON GRASSI,27,0.012347881
2026-10-04 18:52,AP,29,RUI COSTA PIMENTA,25,0.011433223
2026-10-04 18:52,BA,13,LULA,1723686,64.190105847
2026-10-04 18:52,BA,22,FLAVIO BOLSONARO,806248,30.024693859
2026-10-04 18:52,BA,70,ESCRITOR AUGUSTO CURY,63733,2.37341837
2026-10-04 18:52,BA,55,RONALDO CAIADO,43480,1.619196189
2026-10-04 18:52,BA,14,RENAN SANTOS,41552,1.547397425
2026-10-04 18:52,BA,30,ZEMA,2641,0.0983509
2026-10-04 18:52,BA,80,SAMARA,1740,0.06479764
2026-10-04 18:52,BA,16,HERTZ DIAS,659,0.024541175
2026-10-04 18:52,BA,27,CLARIANA BARAO,556,0.020705453
2026-10-04 18:52,BA,21,EDMILSON COSTA,440,0.01638561
2026-10-04 18:52,BA,29,RUI COSTA PIMENTA,311,0.011581647
2026-10-04 18:52,BA,35,VETERINÁRIO WILSON GRASSI,237,0.008825885
2026-10-04 18:52,CE,13,LULA,1017831,60.820823058
2026-10-04 18:52,CE,22,FLAVIO BOLSONARO,556813,33.272542249
2026-10-04 18:52,CE,70,ESCRITOR AUGUSTO CURY,43084,2.574498459
2026-10-04 18:52,CE,14,RENAN SANTOS,35343,2.111932481
2026-10-04 18:52,CE,55,RONALDO CAIADO,15850,0.947121915
2026-10-04 18:52,CE,30,ZEMA,1902,0.11365463
2026-10-04 18:52,CE,80,SAMARA,1180,0.070511284
2026-10-04 18:52,CE,16,HERTZ DIAS,513,0.030654482
2026-10-04 18:52,CE,27,CLARIANA BARAO,336,0.020077789
2026-10-04 18:52,CE,21,EDMILSON COSTA,285,0.017030268
2026-10-04 18:52,CE,29,RUI COSTA PIMENTA,191,0.011413267
2026-10-04 18:52,CE,35,VETERINÁRIO WILSON GRASSI,163,0.009740118
2026-10-04 18:52,DF,22,FLAVIO BOLSONARO,871799,51.245276941
2026-10-04 18:52,DF,13,LULA,649204,38.160904946
2026-10-04 18:52,DF,55,RONALDO CAIADO,81794,4.807938736
2026-10-04 18:52,DF,14,RENAN SANTOS,44816,2.634332376
2026-10-04 18:52,DF,70,ESCRITOR AUGUSTO CURY,44145,2.594890279
2026-10-04 18:52,DF,30,ZEMA,4787,0.281384976
2026-10-04 18:52,DF,80,SAMARA,2206,0.129671038
2026-10-04 18:52,DF,16,HERTZ DIAS,787,0.046260701
2026-10-04 18:52,DF,27,CLARIANA BARAO,687,0.040382594
2026-10-04 18:52,DF,29,RUI COSTA PIMENTA,370,0.021748995
2026-10-04 18:52,DF,21,EDMILSON COSTA,322,0.018927504
2026-10-04 18:52,DF,35,VETERINÁRIO WILSON GRASSI,311,0.018280912
2026-10-04 18:52,ES,22,FLAVIO BOLSONARO,1063348,55.510266299
2026-10-04 18:52,ES,13,LULA,709332,37.029465626
2026-10-04 18:52,ES,70,ESCRITOR AUGUSTO CURY,55174,2.880264441
2026-10-04 18:52,ES,14,RENAN SANTOS,45169,2.357970503
2026-10-04 18:52,ES,55,RONALDO CAIADO,33557,1.751785875
2026-10-04 18:52,ES,30,ZEMA,5217,0.272344575
2026-10-04 18:52,ES,80,SAMARA,1632,0.085195773
2026-10-04 18:52,ES,27,CLARIANA BARAO,810,0.042284667
2026-10-04 18:52,ES,16,HERTZ DIAS,544,0.028398591
2026-10-04 18:52,ES,21,EDMILSON COSTA,319,0.01665285
2026-10-04 18:52,ES,35,VETERINÁRIO WILSON GRASSI,267,0.013938279
2026-10-04 18:52,ES,29,RUI COSTA PIMENTA,219,0.011432521
2026-10-04 18:52,GO,22,FLAVIO BOLSONARO,1285623,55.350439597
2026-10-04 18:52,GO,13,LULA,685038,29.493214139
2026-10-04 18:52,GO,55,RONALDO CAIADO,279097,12.016074417
2026-10-04 18:52,GO,14,RENAN SANTOS,34269,1.47539692
2026-10-04 18:52,GO,70,ESCRITOR AUGUSTO CURY,34029,1.465064104
2026-10-04 18:52,GO,30,ZEMA,1799,0.077453064
2026-10-04 18:52,GO,80,SAMARA,1375,0.059198423
2026-10-04 18:52,GO,16,HERTZ DIAS,426,0.018340748
2026-10-04 18:52,GO,27,CLARIANA BARAO,354,0.015240903
2026-10-04 18:52,GO,21,EDMILSON COSTA,285,0.012270219
2026-10-04 18:52,GO,35,VETERINÁRIO WILSON GRASSI,228,0.009816175
2026-10-04 18:52,GO,29,RUI COSTA PIMENTA,174,0.007491291
2026-10-04 18:52,MA,13,LULA,991360,61.471569957
2026-10-04 18:52,MA,22,FLAVIO BOLSONARO,534464,33.140676611
2026-10-04 18:52,MA,70,ESCRITOR AUGUSTO CURY,35581,2.206282209
2026-10-04 18:52,MA,14,RENAN SANTOS,25124,1.557871735
2026-10-04 18:52,MA,55,RONALDO CAIADO,21826,1.353371617
2026-10-04 18:52,MA,30,ZEMA,2060,0.127735065
2026-10-04 18:52,MA,80,SAMARA,767,0.047559609
2026-10-04 18:52,MA,16,HERTZ DIAS,746,0.046257456
2026-10-04 18:52,MA,27,CLARIANA BARAO,389,0.024120845
2026-10-04 18:52,MA,21,EDMILSON COSTA,172,0.010665258
2026-10-04 18:52,MA,35,VETERINÁRIO WILSON GRASSI,119,0.00737887
2026-10-04 18:52,MA,29,RUI COSTA PIMENTA,105,0.006510768
2026-10-04 18:52,MG,22,FLAVIO BOLSONARO,2649018,49.329778783
2026-10-04 18:52,MG,13,LULA,2245978,41.824403568
2026-10-04 18:52,MG,70,ESCRITOR AUGUSTO CURY,187796,3.497120494
2026-10-04 18:52,MG,14,RENAN SANTOS,117834,2.194294321
2026-10-04 18:52,MG,55,RONALDO CAIADO,108550,2.021408494
2026-10-04 18:52,MG,30,ZEMA,48818,0.909084476
2026-10-04 18:52,MG,80,SAMARA,5685,0.105865567
2026-10-04 18:52,MG,16,HERTZ DIAS,2158,0.040186085
2026-10-04 18:52,MG,27,CLARIANA BARAO,1567,0.029180535
2026-10-04 18:52,MG,21,EDMILSON COSTA,1012,0.018845374
2026-10-04 18:52,MG,35,VETERINÁRIO WILSON GRASSI,823,0.015325833
2026-10-04 18:52,MG,29,RUI COSTA PIMENTA,779,0.014506469
2026-10-04 18:52,MS,22,FLAVIO BOLSONARO,813734,59.326749362
2026-10-04 18:52,MS,13,LULA,463626,33.801492257
2026-10-04 18:52,MS,70,ESCRITOR AUGUSTO CURY,36797,2.682751853
2026-10-04 18:52,MS,14,RENAN SANTOS,30016,2.188370781
2026-10-04 18:52,MS,55,RONALDO CAIADO,21968,1.601616781
2026-10-04 18:52,MS,30,ZEMA,2650,0.193203044
2026-10-04 18:52,MS,80,SAMARA,1224,0.089237934
2026-10-04 18:52,MS,27,CLARIANA BARAO,584,0.042577576
2026-10-04 18:52,MS,16,HERTZ DIAS,340,0.024788315
2026-10-04 18:52,MS,21,EDMILSON COSTA,303,0.022090763
2026-10-04 18:52,MS,35,VETERINÁRIO WILSON GRASSI,196,0.014289735
2026-10-04 18:52,MS,29,RUI COSTA PIMENTA,176,0.012831598
2026-10-04 18:52,MT,22,FLAVIO BOLSONARO,978175,65.781067588
2026-10-04 18:52,MT,13,LULA,421727,28.360622885
2026-10-04 18:52,MT,70,ESCRITOR AUGUSTO CURY,30801,2.071329428
2026-10-04 18:52,MT,14,RENAN SANTOS,25776,1.733404348
2026-10-04 18:52,MT,55,RONALDO CAIADO,25207,1.695139797
2026-10-04 18:52,MT,30,ZEMA,1915,0.128781398
2026-10-04 18:52,MT,27,CLARIANA BARAO,1494,0.100469665
2026-10-04 18:52,MT,80,SAMARA,1252,0.084195463
2026-10-04 18:52,MT,16,HERTZ DIAS,262,0.017619178
2026-10-04 18:52,MT,21,EDMILSON COSTA,176,0.011835784
2026-10-04 18:52,MT,35,VETERINÁRIO WILSON GRASSI,133,0.008944087
2026-10-04 18:52,MT,29,RUI COSTA PIMENTA,98,0.00659038
2026-10-04 18:52,PA,13,LULA,1274807,48.009398462
2026-10-04 18:52,PA,22,FLAVIO BOLSONARO,1212673,45.66942389
2026-10-04 18:52,PA,70,ESCRITOR AUGUSTO CURY,75233,2.833284626
2026-10-04 18:52,PA,14,RENAN SANTOS,52419,1.9741064
2026-10-04 18:52,PA,55,RONALDO CAIADO,32927,1.240035129
2026-10-04 18:52,PA,80,SAMARA,2657,0.100062968
2026-10-04 18:52,PA,30,ZEMA,2085,0.078521373
2026-10-04 18:52,PA,27,CLARIANA BARAO,848,0.031935791
2026-10-04 18:52,PA,16,HERTZ DIAS,758,0.028546379
2026-10-04 18:52,PA,21,EDMILSON COSTA,384,0.01446149
2026-10-04 18:52,PA,35,VETERINÁRIO WILSON GRASSI,328,0.012352523
2026-10-04 18:52,PA,29,RUI COSTA PIMENTA,209,0.007870967
2026-10-04 18:52,PB,13,LULA,1245876,60.7640054
2026-10-04 18:52,PB,22,FLAVIO BOLSONARO,686501,33.482104536
2026-10-04 18:52,PB,70,ESCRITOR AUGUSTO CURY,61105,2.980219982
2026-10-04 18:52,PB,14,RENAN SANTOS,35644,1.738433206
2026-10-04 18:52,PB,55,RONALDO CAIADO,16417,0.800691784
2026-10-04 18:52,PB,30,ZEMA,1716,0.083692946
2026-10-04 18:52,PB,80,SAMARA,1351,0.065891125
2026-10-04 18:52,PB,16,HERTZ DIAS,534,0.026044308
2026-10-04 18:52,PB,27,CLARIANA BARAO,512,0.024971322
2026-10-04 18:52,PB,21,EDMILSON COSTA,272,0.013266015
2026-10-04 18:52,PB,29,RUI COSTA PIMENTA,246,0.01199794
2026-10-04 18:52,PB,35,VETERINÁRIO WILSON GRASSI,178,0.008681436
2026-10-04 18:52,PE,13,LULA,1207121,61.551754381
2026-10-04 18:52,PE,22,FLAVIO BOLSONARO,640732,32.671272132
2026-10-04 18:52,PE,70,ESCRITOR AUGUSTO CURY,48996,2.498332609
2026-10-04 18:52,PE,14,RENAN SANTOS,31594,1.610995193
2026-10-04 18:52,PE,55,RONALDO CAIADO,27494,1.401933969
2026-10-04 18:52,PE,30,ZEMA,2823,0.143946301
2026-10-04 18:52,PE,80,SAMARA,956,0.048746958
2026-10-04 18:52,PE,16,HERTZ DIAS,466,0.023761593
2026-10-04 18:52,PE,27,CLARIANA BARAO,350,0.01784669
2026-10-04 18:52,PE,21,EDMILSON COSTA,236,0.012033768
2026-10-04 18:52,PE,29,RUI COSTA PIMENTA,201,0.010249099
2026-10-04 18:52,PE,35,VETERINÁRIO WILSON GRASSI,179,0.009127307
2026-10-04 18:52,PI,13,LULA,847213,68.964329904
2026-10-04 18:52,PI,22,FLAVIO BOLSONARO,316618,25.77315056
2026-10-04 18:52,PI,70,ESCRITOR AUGUSTO CURY,28930,2.354942693
2026-10-04 18:52,PI,14,RENAN SANTOS,20123,1.638040505
2026-10-04 18:52,PI,55,RONALDO CAIADO,13071,1.063997786
2026-10-04 18:52,PI,30,ZEMA,894,0.072772858
2026-10-04 18:52,PI,80,SAMARA,674,0.054864548
2026-10-04 18:52,PI,27,CLARIANA BARAO,311,0.025315837
2026-10-04 18:52,PI,16,HERTZ DIAS,271,0.022059781
2026-10-04 18:52,PI,21,EDMILSON COSTA,174,0.014163845
2026-10-04 18:52,PI,35,VETERINÁRIO WILSON GRASSI,114,0.00927976
2026-10-04 18:52,PI,29,RUI COSTA PIMENTA,87,0.007081922
2026-10-04 18:52,PR,22,FLAVIO BOLSONARO,3527826,60.071865024
2026-10-04 18:52,PR,13,LULA,1816436,30.930294809
2026-10-04 18:52,PR,70,ESCRITOR AUGUSTO CURY,185211,3.153775213
2026-10-04 18:52,PR,14,RENAN SANTOS,159960,2.72380087
2026-10-04 18:52,PR,55,RONALDO CAIADO,154401,2.629142149
2026-10-04 18:52,PR,30,ZEMA,15858,0.270030221
2026-10-04 18:52,PR,80,SAMARA,6123,0.10426252
2026-10-04 18:52,PR,27,CLARIANA BARAO,2218,0.037768132
2026-10-04 18:52,PR,16,HERTZ DIAS,1844,0.031399655
2026-10-04 18:52,PR,21,EDMILSON COSTA,1075,0.018305113
2026-10-04 18:52,PR,35,VETERINÁRIO WILSON GRASSI,877,0.014933567
2026-10-04 18:52,PR,29,RUI COSTA PIMENTA,847,0.014422727
2026-10-04 18:52,RJ,22,FLAVIO BOLSONARO,1413811,53.353291289
2026-10-04 18:52,RJ,13,LULA,1038395,39.186136554
2026-10-04 18:52,RJ,70,ESCRITOR AUGUSTO CURY,69958,2.640020167
2026-10-04 18:52,RJ,14,RENAN SANTOS,56743,2.141322855
2026-10-04 18:52,RJ,55,RONALDO CAIADO,56563,2.134530157
2026-10-04 18:52,RJ,30,ZEMA,6705,0.253028034
2026-10-04 18:52,RJ,80,SAMARA,3674,0.138646532
2026-10-04 18:52,RJ,27,CLARIANA BARAO,1116,0.042114733
2026-10-04 18:52,RJ,16,HERTZ DIAS,1094,0.041284514
2026-10-04 18:52,RJ,21,EDMILSON COSTA,805,0.030378459
2026-10-04 18:52,RJ,35,VETERINÁRIO WILSON GRASSI,520,0.019623352
2026-10-04 18:52,RJ,29,RUI COSTA PIMENTA,520,0.019623352
2026-10-04 18:52,RN,13,LULA,557326,60.207394156
2026-10-04 18:52,RN,22,FLAVIO BOLSONARO,317914,34.343945026
2026-10-04 18:52,RN,70,ESCRITOR AUGUSTO CURY,25533,2.758305543
2026-10-04 18:52,RN,14,RENAN SANTOS,15487,1.673045782
2026-10-04 18:52,RN,55,RONALDO CAIADO,7464,0.806328773
2026-10-04 18:52,RN,30,ZEMA,679,0.07335172
2026-10-04 18:52,RN,80,SAMARA,541,0.058443712
2026-10-04 18:52,RN,16,HERTZ DIAS,245,0.026467115
2026-10-04 18:52,RN,27,CLARIANA BARAO,172,0.018580995
2026-10-04 18:52,RN,21,EDMILSON COSTA,145,0.015664211
2026-10-04 18:52,RN,35,VETERINÁRIO WILSON GRASSI,90,0.009722614
2026-10-04 18:52,RN,29,RUI COSTA PIMENTA,81,0.008750352
2026-10-04 18:52,RO,22,FLAVIO BOLSONARO,511962,66.574166786
2026-10-04 18:52,RO,13,LULA,204189,26.552190479
2026-10-04 18:52,RO,70,ESCRITOR AUGUSTO CURY,20973,2.727272727
2026-10-04 18:52,RO,14,RENAN SANTOS,15771,2.050818585
2026-10-04 18:52,RO,55,RONALDO CAIADO,13583,1.766296927
2026-10-04 18:52,RO,30,ZEMA,1056,0.137319411
2026-10-04 18:52,RO,80,SAMARA,736,0.095707468
2026-10-04 18:52,RO,27,CLARIANA BARAO,307,0.039921457
2026-10-04 18:52,RO,16,HERTZ DIAS,156,0.020285822
2026-10-04 18:52,RO,21,EDMILSON COSTA,141,0.018335262
2026-10-04 18:52,RO,35,VETERINÁRIO WILSON GRASSI,89,0.011573322
2026-10-04 18:52,RO,29,RUI COSTA PIMENTA,47,0.006111754
2026-10-04 18:52,RR,22,FLAVIO BOLSONARO,135468,70.720158701
2026-10-04 18:52,RR,13,LULA,45318,23.657957245
2026-10-04 18:52,RR,70,ESCRITOR AUGUSTO CURY,4757,2.483359871
2026-10-04 18:52,RR,14,RENAN SANTOS,3396,1.77285897
2026-10-04 18:52,RR,55,RONALDO CAIADO,2104,1.098379056
2026-10-04 18:52,RR,30,ZEMA,187,0.097622093
2026-10-04 18:52,RR,80,SAMARA,141,0.073608102
2026-10-04 18:52,RR,27,CLARIANA BARAO,95,0.049594111
2026-10-04 18:52,RR,16,HERTZ DIAS,26,0.013573125
2026-10-04 18:52,RR,21,EDMILSON COSTA,25,0.013051082
2026-10-04 18:52,RR,29,RUI COSTA PIMENTA,20,0.010440866
2026-10-04 18:52,RR,35,VETERINÁRIO WILSON GRASSI,18,0.009396779
2026-10-04 18:52,RS,22,FLAVIO BOLSONARO,2621506,55.744486486
2026-10-04 18:52,RS,13,LULA,1674143,35.599476728
2026-10-04 18:52,RS,70,ESCRITOR AUGUSTO CURY,145010,3.083535947
2026-10-04 18:52,RS,14,RENAN SANTOS,123475,2.625609275
2026-10-04 18:52,RS,55,RONALDO CAIADO,114221,2.428829456
2026-10-04 18:52,RS,30,ZEMA,14134,0.300549597
2026-10-04 18:52,RS,80,SAMARA,4892,0.104024949
2026-10-04 18:52,RS,16,HERTZ DIAS,1602,0.034065406
2026-10-04 18:52,RS,27,CLARIANA BARAO,1516,0.032236677
2026-10-04 18:52,RS,29,RUI COSTA PIMENTA,791,0.01682006
2026-10-04 18:52,RS,21,EDMILSON COSTA,745,0.015841902
2026-10-04 18:52,RS,35,VETERINÁRIO WILSON GRASSI,683,0.014523516
2026-10-04 18:52,SC,22,FLAVIO BOLSONARO,1615409,65.470992143
2026-10-04 18:52,SC,13,LULA,641825,26.012557521
2026-10-04 18:52,SC,70,ESCRITOR AUGUSTO CURY,74876,3.034653148
2026-10-04 18:52,SC,14,RENAN SANTOS,73483,2.978196182
2026-10-04 18:52,SC,55,RONALDO CAIADO,45815,1.856838426
2026-10-04 18:52,SC,30,ZEMA,10068,0.408046475
2026-10-04 18:52,SC,80,SAMARA,3002,0.121668208
2026-10-04 18:52,SC,16,HERTZ DIAS,865,0.035057628
2026-10-04 18:52,SC,27,CLARIANA BARAO,815,0.033031176
2026-10-04 18:52,SC,21,EDMILSON COSTA,445,0.018035427
2026-10-04 18:52,SC,29,RUI COSTA PIMENTA,396,0.016049504
2026-10-04 18:52,SC,35,VETERINÁRIO WILSON GRASSI,367,0.014874161
2026-10-04 18:52,SE,13,LULA,444820,60.794834858
2026-10-04 18:52,SE,22,FLAVIO BOLSONARO,236449,32.31616813
2026-10-04 18:52,SE,70,ESCRITOR AUGUSTO CURY,21731,2.970038569
2026-10-04 18:52,SE,55,RONALDO CAIADO,14716,2.011278247
2026-10-04 18:52,SE,14,RENAN SANTOS,11945,1.632557669
2026-10-04 18:52,SE,30,ZEMA,767,0.104828107
2026-10-04 18:52,SE,80,SAMARA,523,0.071479921
2026-10-04 18:52,SE,27,CLARIANA BARAO,257,0.035124933
2026-10-04 18:52,SE,16,HERTZ DIAS,209,0.028564634
2026-10-04 18:52,SE,21,EDMILSON COSTA,119,0.016264074
2026-10-04 18:52,SE,35,VETERINÁRIO WILSON GRASSI,69,0.009430429
2026-10-04 18:52,SE,29,RUI COSTA PIMENTA,69,0.009430429
2026-10-04 18:52,SP,22,FLAVIO BOLSONARO,6241393,53.688390731
2026-10-04 18:52,SP,13,LULA,4251085,36.567784228
2026-10-04 18:52,SP,70,ESCRITOR AUGUSTO CURY,413439,3.556397518
2026-10-04 18:52,SP,14,RENAN SANTOS,367702,3.162968371
2026-10-04 18:52,SP,55,RONALDO CAIADO,270375,2.325762637
2026-10-04 18:52,SP,30,ZEMA,43200,0.371605903
2026-10-04 18:52,SP,80,SAMARA,18821,0.161898025
2026-10-04 18:52,SP,16,HERTZ DIAS,7277,0.06259667
2026-10-04 18:52,SP,27,CLARIANA BARAO,4669,0.040162684
2026-10-04 18:52,SP,21,EDMILSON COSTA,2823,0.024283413
2026-10-04 18:52,SP,35,VETERINÁRIO WILSON GRASSI,2399,0.02063617
2026-10-04 18:52,SP,29,RUI COSTA PIMENTA,2036,0.017513649
2026-10-04 18:52,TO,22,FLAVIO BOLSONARO,424586,50.384661482
2026-10-04 18:52,TO,13,LULA,365986,43.43073186
2026-10-04 18:52,TO,70,ESCRITOR AUGUSTO CURY,20393,2.419991242
2026-10-04 18:52,TO,55,RONALDO CAIADO,18511,2.196658554
2026-10-04 18:52,TO,14,RENAN SANTOS,11827,1.403483373
2026-10-04 18:52,TO,30,ZEMA,556,0.065979264
2026-10-04 18:52,TO,80,SAMARA,363,0.04307639
2026-10-04 18:52,TO,27,CLARIANA BARAO,153,0.018156164
2026-10-04 18:52,TO,21,EDMILSON COSTA,107,0.012697448
2026-10-04 18:52,TO,16,HERTZ DIAS,93,0.0110361
2026-10-04 18:52,TO,35,VETERINÁRIO WILSON GRASSI,59,0.007001397
2026-10-04 18:52,TO,29,RUI COSTA PIMENTA,55,0.006526726
2026-10-04 18:52,ZZ,13,LULA,115395,52.20264915
2026-10-04 18:52,ZZ,22,FLAVIO BOLSONARO,84483,38.218609196
2026-10-04 18:52,ZZ,70,ESCRITOR AUGUSTO CURY,7115,3.218699672
2026-10-04 18:52,ZZ,14,RENAN SANTOS,6141,2.778079366
2026-10-04 18:52,ZZ,55,RONALDO CAIADO,3137,1.419123102
2026-10-04 18:52,ZZ,30,ZEMA,2183,0.987550441
2026-10-04 18:52,ZZ,80,SAMARA,867,0.392215406
2026-10-04 18:52,ZZ,27,CLARIANA BARAO,697,0.315310425
2026-10-04 18:52,ZZ,21,EDMILSON COSTA,339,0.153357581
2026-10-04 18:52,ZZ,16,HERTZ DIAS,297,0.134357527
2026-10-04 18:52,ZZ,35,VETERINÁRIO WILSON GRASSI,257,0.116262237
2026-10-04 18:52,ZZ,29,RUI COSTA PIMENTA,141,0.063785897
2026-10-04 19:14,BR,22,FLAVIO BOLSONARO,37566895,49.58486501
2026-10-04 19:14,BR,13,LULA,32007853,42.247438077
2026-10-04 19:14,BR,70,ESCRITOR AUGUSTO CURY,2247926,2.967056693
2026-10-04 19:14,BR,55,RONALDO CAIADO,1774893,2.342696404
2026-10-04 19:14,BR,14,RENAN SANTOS,1772742,2.33985728
2026-10-04 19:14,BR,30,ZEMA,220598,0.291169181
2026-10-04 19:14,BR,80,SAMARA,80928,0.106817557
2026-10-04 19:14,BR,16,HERTZ DIAS,28466,0.037572516
2026-10-04 19:14,BR,27,CLARIANA BARAO,26802,0.035376188
2026-10-04 19:14,BR,21,EDMILSON COSTA,14415,0.019026481
2026-10-04 19:14,BR,35,VETERINÁRIO WILSON GRASSI,11041,0.01457311
2026-10-04 19:14,BR,29,RUI COSTA PIMENTA,10267,0.013551501
2026-10-04 19:14,AC,22,FLAVIO BOLSONARO,282648,64.756380032
2026-10-04 19:14,AC,13,LULA,124313,28.480866204
2026-10-04 19:14,AC,70,ESCRITOR AUGUSTO CURY,12679,2.904836201
2026-10-04 19:14,AC,55,RONALDO CAIADO,8032,1.840180169
2026-10-04 19:14,AC,14,RENAN SANTOS,7527,1.72448159
2026-10-04 19:14,AC,30,ZEMA,523,0.119822489
2026-10-04 19:14,AC,80,SAMARA,300,0.068731829
2026-10-04 19:14,AC,27,CLARIANA BARAO,185,0.042384628
2026-10-04 19:14,AC,21,EDMILSON COSTA,132,0.030242005
2026-10-04 19:14,AC,16,HERTZ DIAS,69,0.015808321
2026-10-04 19:14,AC,29,RUI COSTA PIMENTA,36,0.008247819
2026-10-04 19:14,AC,35,VETERINÁRIO WILSON GRASSI,35,0.008018713
2026-10-04 19:14,AL,13,LULA,373429,56.936609196
2026-10-04 19:14,AL,22,FLAVIO BOLSONARO,252655,38.522233132
2026-10-04 19:14,AL,70,ESCRITOR AUGUSTO CURY,14879,2.26859673
2026-10-04 19:14,AL,14,RENAN SANTOS,8867,1.351948868
2026-10-04 19:14,AL,55,RONALDO CAIADO,4645,0.708221776
2026-10-04 19:14,AL,30,ZEMA,420,0.064037276
2026-10-04 19:14,AL,80,SAMARA,416,0.063427397
2026-10-04 19:14,AL,27,CLARIANA BARAO,203,0.03095135
2026-10-04 19:14,AL,16,HERTZ DIAS,138,0.021040819
2026-10-04 19:14,AL,21,EDMILSON COSTA,95,0.014484622
2026-10-04 19:14,AL,35,VETERINÁRIO WILSON GRASSI,82,0.012502516
2026-10-04 19:14,AL,29,RUI COSTA PIMENTA,39,0.005946318
2026-10-04 19:14,AM,22,FLAVIO BOLSONARO,766501,48.363925922
2026-10-04 19:14,AM,13,LULA,699726,44.150622673
2026-10-04 19:14,AM,70,ESCRITOR AUGUSTO CURY,62538,3.945961192
2026-10-04 19:14,AM,14,RENAN SANTOS,28958,1.827163392
2026-10-04 19:14,AM,55,RONALDO CAIADO,22148,1.397472712
2026-10-04 19:14,AM,80,SAMARA,1614,0.101838584
2026-10-04 19:14,AM,30,ZEMA,1581,0.099756382
2026-10-04 19:14,AM,27,CLARIANA BARAO,771,0.048647799
2026-10-04 19:14,AM,16,HERTZ DIAS,418,0.026374553
2026-10-04 19:14,AM,35,VETERINÁRIO WILSON GRASSI,249,0.015711157
2026-10-04 19:14,AM,21,EDMILSON COSTA,209,0.013187276
2026-10-04 19:14,AM,29,RUI COSTA PIMENTA,148,0.009338358
2026-10-04 19:14,AP,13,LULA,139476,47.266220695
2026-10-04 19:14,AP,22,FLAVIO BOLSONARO,130761,44.312844391
2026-10-04 19:14,AP,70,ESCRITOR AUGUSTO CURY,12043,4.081183113
2026-10-04 19:14,AP,14,RENAN SANTOS,6851,2.321696048
2026-10-04 19:14,AP,55,RONALDO CAIADO,5133,1.739492894
2026-10-04 19:14,AP,80,SAMARA,302,0.102343046
2026-10-04 19:14,AP,30,ZEMA,207,0.070149041
2026-10-04 19:14,AP,27,CLARIANA BARAO,134,0.045410491
2026-10-04 19:14,AP,16,HERTZ DIAS,78,0.026432972
2026-10-04 19:14,AP,29,RUI COSTA PIMENTA,35,0.011860949
2026-10-04 19:14,AP,21,EDMILSON COSTA,34,0.011522065
2026-10-04 19:14,AP,35,VETERINÁRIO WILSON GRASSI,32,0.010844296
2026-10-04 19:14,BA,13,LULA,2565157,64.546200047
2026-10-04 19:14,BA,22,FLAVIO BOLSONARO,1183400,29.77750412
2026-10-04 19:14,BA,70,ESCRITOR AUGUSTO CURY,93842,2.361315313
2026-10-04 19:14,BA,55,RONALDO CAIADO,62462,1.571710717
2026-10-04 19:14,BA,14,RENAN SANTOS,60107,1.512452628
2026-10-04 19:14,BA,30,ZEMA,3595,0.0904598
2026-10-04 19:14,BA,80,SAMARA,2459,0.061875006
2026-10-04 19:14,BA,16,HERTZ DIAS,939,0.023627747
2026-10-04 19:14,BA,27,CLARIANA BARAO,816,0.020532739
2026-10-04 19:14,BA,21,EDMILSON COSTA,620,0.015600856
2026-10-04 19:14,BA,29,RUI COSTA PIMENTA,423,0.01064381
2026-10-04 19:14,BA,35,VETERINÁRIO WILSON GRASSI,321,0.008077217
2026-10-04 19:14,CE,13,LULA,1669851,61.257759703
2026-10-04 19:14,CE,22,FLAVIO BOLSONARO,896858,32.900846753
2026-10-04 19:14,CE,70,ESCRITOR AUGUSTO CURY,70779,2.596496917
2026-10-04 19:14,CE,14,RENAN SANTOS,56836,2.08500401
2026-10-04 19:14,CE,55,RONALDO CAIADO,24631,0.903577552
2026-10-04 19:14,CE,30,ZEMA,2764,0.101396141
2026-10-04 19:14,CE,80,SAMARA,1881,0.069003669
2026-10-04 19:14,CE,16,HERTZ DIAS,842,0.030888405
2026-10-04 19:14,CE,27,CLARIANA BARAO,558,0.020469988
2026-10-04 19:14,CE,21,EDMILSON COSTA,422,0.015480887
2026-10-04 19:14,CE,29,RUI COSTA PIMENTA,283,0.010381732
2026-10-04 19:14,CE,35,VETERINÁRIO WILSON GRASSI,237,0.008694242
2026-10-04 19:14,DF,22,FLAVIO BOLSONARO,896274,51.254317542
2026-10-04 19:14,DF,13,LULA,667261,38.157982021
2026-10-04 19:14,DF,55,RONALDO CAIADO,83959,4.801278679
2026-10-04 19:14,DF,14,RENAN SANTOS,46085,2.635416428
2026-10-04 19:14,DF,70,ESCRITOR AUGUSTO CURY,45396,2.59601528
2026-10-04 19:14,DF,30,ZEMA,4880,0.27906764
2026-10-04 19:14,DF,80,SAMARA,2267,0.129640643
2026-10-04 19:14,DF,16,HERTZ DIAS,818,0.046778141
2026-10-04 19:14,DF,27,CLARIANA BARAO,707,0.040430496
2026-10-04 19:14,DF,29,RUI COSTA PIMENTA,379,0.021673491
2026-10-04 19:14,DF,21,EDMILSON COSTA,333,0.019042935
2026-10-04 19:14,DF,35,VETERINÁRIO WILSON GRASSI,321,0.018356703
2026-10-04 19:14,ES,22,FLAVIO BOLSONARO,1174819,55.170171021
2026-10-04 19:14,ES,13,LULA,795681,37.365634066
2026-10-04 19:14,ES,70,ESCRITOR AUGUSTO CURY,61522,2.889108247
2026-10-04 19:14,ES,14,RENAN SANTOS,50374,2.365591802
2026-10-04 19:14,ES,55,RONALDO CAIADO,37149,1.744538251
2026-10-04 19:14,ES,30,ZEMA,5655,0.265562029
2026-10-04 19:14,ES,80,SAMARA,1850,0.086877056
2026-10-04 19:14,ES,27,CLARIANA BARAO,908,0.042640198
2026-10-04 19:14,ES,16,HERTZ DIAS,598,0.028082421
2026-10-04 19:14,ES,21,EDMILSON COSTA,362,0.016999727
2026-10-04 19:14,ES,35,VETERINÁRIO WILSON GRASSI,292,0.013712487
2026-10-04 19:14,ES,29,RUI COSTA PIMENTA,236,0.011082695
2026-10-04 19:14,GO,22,FLAVIO BOLSONARO,1636067,54.567470448
2026-10-04 19:14,GO,13,LULA,902134,30.088725208
2026-10-04 19:14,GO,55,RONALDO CAIADO,367134,12.244959219
2026-10-04 19:14,GO,14,RENAN SANTOS,43775,1.460020292
2026-10-04 19:14,GO,70,ESCRITOR AUGUSTO CURY,43282,1.443577345
2026-10-04 19:14,GO,30,ZEMA,2256,0.075243993
2026-10-04 19:14,GO,80,SAMARA,1732,0.057767108
2026-10-04 19:14,GO,16,HERTZ DIAS,539,0.017977177
2026-10-04 19:14,GO,27,CLARIANA BARAO,458,0.015275598
2026-10-04 19:14,GO,21,EDMILSON COSTA,371,0.012373901
2026-10-04 19:14,GO,35,VETERINÁRIO WILSON GRASSI,277,0.009238735
2026-10-04 19:14,GO,29,RUI COSTA PIMENTA,221,0.007370976
2026-10-04 19:14,MA,13,LULA,1428751,62.333249132
2026-10-04 19:14,MA,22,FLAVIO BOLSONARO,741467,32.348566849
2026-10-04 19:14,MA,70,ESCRITOR AUGUSTO CURY,50340,2.196222968
2026-10-04 19:14,MA,14,RENAN SANTOS,35494,1.548524792
2026-10-04 19:14,MA,55,RONALDO CAIADO,30158,1.315726902
2026-10-04 19:14,MA,30,ZEMA,2784,0.121459768
2026-10-04 19:14,MA,80,SAMARA,1052,0.045896435
2026-10-04 19:14,MA,16,HERTZ DIAS,964,0.04205719
2026-10-04 19:14,MA,27,CLARIANA BARAO,533,0.023253612
2026-10-04 19:14,MA,21,EDMILSON COSTA,263,0.011474109
2026-10-04 19:14,MA,35,VETERINÁRIO WILSON GRASSI,167,0.007285841
2026-10-04 19:14,MA,29,RUI COSTA PIMENTA,144,0.006282402
2026-10-04 19:14,MG,22,FLAVIO BOLSONARO,3672959,49.142676174
2026-10-04 19:14,MG,13,LULA,3145077,42.079832787
2026-10-04 19:14,MG,70,ESCRITOR AUGUSTO CURY,260893,3.490640711
2026-10-04 19:14,MG,14,RENAN SANTOS,162539,2.174704766
2026-10-04 19:14,MG,55,RONALDO CAIADO,149762,2.003753777
2026-10-04 19:14,MG,30,ZEMA,66585,0.890879831
2026-10-04 19:14,MG,80,SAMARA,7644,0.102273567
2026-10-04 19:14,MG,16,HERTZ DIAS,2837,0.03795789
2026-10-04 19:14,MG,27,CLARIANA BARAO,2195,0.029368194
2026-10-04 19:14,MG,21,EDMILSON COSTA,1424,0.019052533
2026-10-04 19:14,MG,35,VETERINÁRIO WILSON GRASSI,1147,0.015346387
2026-10-04 19:14,MG,29,RUI COSTA PIMENTA,1010,0.013513383
2026-10-04 19:14,MS,22,FLAVIO BOLSONARO,852723,59.058442525
2026-10-04 19:14,MS,13,LULA,493240,34.161135786
2026-10-04 19:14,MS,70,ESCRITOR AUGUSTO CURY,38264,2.650112926
2026-10-04 19:14,MS,14,RENAN SANTOS,31158,2.15796097
2026-10-04 19:14,MS,55,RONALDO CAIADO,22803,1.579304962
2026-10-04 19:14,MS,30,ZEMA,2737,0.189560921
2026-10-04 19:14,MS,80,SAMARA,1263,0.087473673
2026-10-04 19:14,MS,27,CLARIANA BARAO,616,0.042663327
2026-10-04 19:14,MS,16,HERTZ DIAS,349,0.024171268
2026-10-04 19:14,MS,21,EDMILSON COSTA,326,0.022578319
2026-10-04 19:14,MS,35,VETERINÁRIO WILSON GRASSI,205,0.014198023
2026-10-04 19:14,MS,29,RUI COSTA PIMENTA,179,0.012397298
2026-10-04 19:14,MT,22,FLAVIO BOLSONARO,1146606,65.617606898
2026-10-04 19:14,MT,13,LULA,500106,28.619908596
2026-10-04 19:14,MT,70,ESCRITOR AUGUSTO CURY,35621,2.038507365
2026-10-04 19:14,MT,14,RENAN SANTOS,29656,1.697144224
2026-10-04 19:14,MT,55,RONALDO CAIADO,29342,1.679174731
2026-10-04 19:14,MT,30,ZEMA,2185,0.125042492
2026-10-04 19:14,MT,27,CLARIANA BARAO,1698,0.097172609
2026-10-04 19:14,MT,80,SAMARA,1419,0.081206085
2026-10-04 19:14,MT,16,HERTZ DIAS,302,0.017282761
2026-10-04 19:14,MT,21,EDMILSON COSTA,204,0.011674448
2026-10-04 19:14,MT,35,VETERINÁRIO WILSON GRASSI,153,0.008755836
2026-10-04 19:14,MT,29,RUI COSTA PIMENTA,114,0.006523956
2026-10-04 19:14,PA,13,LULA,1636269,48.187266871
2026-10-04 19:14,PA,22,FLAVIO BOLSONARO,1553518,45.75029317
2026-10-04 19:14,PA,70,ESCRITOR AUGUSTO CURY,93089,2.741422398
2026-10-04 19:14,PA,14,RENAN SANTOS,64576,1.90172945
2026-10-04 19:14,PA,55,RONALDO CAIADO,39689,1.168820307
2026-10-04 19:14,PA,80,SAMARA,3074,0.090527693
2026-10-04 19:14,PA,30,ZEMA,2454,0.072269017
2026-10-04 19:14,PA,27,CLARIANA BARAO,1005,0.029596725
2026-10-04 19:14,PA,16,HERTZ DIAS,869,0.025591596
2026-10-04 19:14,PA,21,EDMILSON COSTA,491,0.014459693
2026-10-04 19:14,PA,35,VETERINÁRIO WILSON GRASSI,369,0.010866857
2026-10-04 19:14,PA,29,RUI COSTA PIMENTA,243,0.007156223
2026-10-04 19:14,PB,13,LULA,1419884,61.023586684
2026-10-04 19:14,PB,22,FLAVIO BOLSONARO,774638,33.29228947
2026-10-04 19:14,PB,70,ESCRITOR AUGUSTO CURY,68808,2.95722112
2026-10-04 19:14,PB,14,RENAN SANTOS,39783,1.70978851
2026-10-04 19:14,PB,55,RONALDO CAIADO,18320,0.787354536
2026-10-04 19:14,PB,30,ZEMA,1888,0.081142214
2026-10-04 19:14,PB,80,SAMARA,1506,0.064724669
2026-10-04 19:14,PB,16,HERTZ DIAS,598,0.025700765
2026-10-04 19:14,PB,27,CLARIANA BARAO,572,0.02458334
2026-10-04 19:14,PB,21,EDMILSON COSTA,318,0.013666962
2026-10-04 19:14,PB,29,RUI COSTA PIMENTA,260,0.011174246
2026-10-04 19:14,PB,35,VETERINÁRIO WILSON GRASSI,204,0.008767485
2026-10-04 19:14,PE,13,LULA,1826288,62.057426348
2026-10-04 19:14,PE,22,FLAVIO BOLSONARO,948950,32.245404193
2026-10-04 19:14,PE,70,ESCRITOR AUGUSTO CURY,73141,2.485337592
2026-10-04 19:14,PE,14,RENAN SANTOS,47197,1.603758198
2026-10-04 19:14,PE,55,RONALDO CAIADO,40059,1.361208332
2026-10-04 19:14,PE,30,ZEMA,3869,0.131468959
2026-10-04 19:14,PE,80,SAMARA,1374,0.04668864
2026-10-04 19:14,PE,16,HERTZ DIAS,649,0.022053077
2026-10-04 19:14,PE,27,CLARIANA BARAO,503,0.017091984
2026-10-04 19:14,PE,21,EDMILSON COSTA,342,0.01162119
2026-10-04 19:14,PE,35,VETERINÁRIO WILSON GRASSI,264,0.008970743
2026-10-04 19:14,PE,29,RUI COSTA PIMENTA,264,0.008970743
2026-10-04 19:14,PI,13,LULA,1091820,69.837013707
2026-10-04 19:14,PI,22,FLAVIO BOLSONARO,391159,25.020036677
2026-10-04 19:14,PI,70,ESCRITOR AUGUSTO CURY,35969,2.300715819
2026-10-04 19:14,PI,14,RENAN SANTOS,24937,1.595066596
2026-10-04 19:14,PI,55,RONALDO CAIADO,16371,1.047152233
2026-10-04 19:14,PI,30,ZEMA,1082,0.069208889
2026-10-04 19:14,PI,80,SAMARA,845,0.054049456
2026-10-04 19:14,PI,27,CLARIANA BARAO,376,0.024050409
2026-10-04 19:14,PI,16,HERTZ DIAS,347,0.022195457
2026-10-04 19:14,PI,21,EDMILSON COSTA,228,0.014583758
2026-10-04 19:14,PI,35,VETERINÁRIO WILSON GRASSI,139,0.008890976
2026-10-04 19:14,PI,29,RUI COSTA PIMENTA,110,0.007036024
2026-10-04 19:14,PR,22,FLAVIO BOLSONARO,3822742,60.036860063
2026-10-04 19:14,PR,13,LULA,1974490,31.009725434
2026-10-04 19:14,PR,70,ESCRITOR AUGUSTO CURY,199553,3.134016247
2026-10-04 19:14,PR,14,RENAN SANTOS,172936,2.715991409
2026-10-04 19:14,PR,55,RONALDO CAIADO,166763,2.619043319
2026-10-04 19:14,PR,30,ZEMA,16829,0.264302513
2026-10-04 19:14,PR,80,SAMARA,6606,0.103748434
2026-10-04 19:14,PR,27,CLARIANA BARAO,2395,0.037613912
2026-10-04 19:14,PR,16,HERTZ DIAS,2016,0.031661648
2026-10-04 19:14,PR,21,EDMILSON COSTA,1155,0.018139486
2026-10-04 19:14,PR,35,VETERINÁRIO WILSON GRASSI,943,0.014809987
2026-10-04 19:14,PR,29,RUI COSTA PIMENTA,897,0.014087549
2026-10-04 19:14,RJ,22,FLAVIO BOLSONARO,2498007,53.525391385
2026-10-04 19:14,RJ,13,LULA,1820858,39.015958364
2026-10-04 19:14,RJ,70,ESCRITOR AUGUSTO CURY,122928,2.634007556
2026-10-04 19:14,RJ,14,RENAN SANTOS,100978,2.163679674
2026-10-04 19:14,RJ,55,RONALDO CAIADO,98778,2.11653975
2026-10-04 19:14,RJ,30,ZEMA,11516,0.246756077
2026-10-04 19:14,RJ,80,SAMARA,6673,0.142983961
2026-10-04 19:14,RJ,27,CLARIANA BARAO,1979,0.042404505
2026-10-04 19:14,RJ,16,HERTZ DIAS,1955,0.041890251
2026-10-04 19:14,RJ,21,EDMILSON COSTA,1441,0.03087665
2026-10-04 19:14,RJ,35,VETERINÁRIO WILSON GRASSI,943,0.020205886
2026-10-04 19:14,RJ,29,RUI COSTA PIMENTA,901,0.019305942
2026-10-04 19:14,RN,13,LULA,791036,59.858495206
2026-10-04 19:14,RN,22,FLAVIO BOLSONARO,457778,34.640524854
2026-10-04 19:14,RN,70,ESCRITOR AUGUSTO CURY,36392,2.753819494
2026-10-04 19:14,RN,14,RENAN SANTOS,22617,1.711451294
2026-10-04 19:14,RN,55,RONALDO CAIADO,10798,0.817095595
2026-10-04 19:14,RN,30,ZEMA,1005,0.076049368
2026-10-04 19:14,RN,80,SAMARA,789,0.059704429
2026-10-04 19:14,RN,16,HERTZ DIAS,357,0.027014552
2026-10-04 19:14,RN,27,CLARIANA BARAO,268,0.020279831
2026-10-04 19:14,RN,21,EDMILSON COSTA,218,0.016496281
2026-10-04 19:14,RN,35,VETERINÁRIO WILSON GRASSI,126,0.009534548
2026-10-04 19:14,RN,29,RUI COSTA PIMENTA,126,0.009534548
2026-10-04 19:14,RO,22,FLAVIO BOLSONARO,591902,67.002868469
2026-10-04 19:14,RO,13,LULA,232172,26.281698623
2026-10-04 19:14,RO,70,ESCRITOR AUGUSTO CURY,23409,2.64988148
2026-10-04 19:14,RO,14,RENAN SANTOS,17673,2.000570524
2026-10-04 19:14,RO,55,RONALDO CAIADO,15430,1.746664584
2026-10-04 19:14,RO,30,ZEMA,1212,0.137197503
2026-10-04 19:14,RO,80,SAMARA,794,0.089880213
2026-10-04 19:14,RO,27,CLARIANA BARAO,335,0.037921752
2026-10-04 19:14,RO,16,HERTZ DIAS,168,0.019017476
2026-10-04 19:14,RO,21,EDMILSON COSTA,152,0.017206288
2026-10-04 19:14,RO,35,VETERINÁRIO WILSON GRASSI,95,0.01075393
2026-10-04 19:14,RO,29,RUI COSTA PIMENTA,56,0.006339159
2026-10-04 19:14,RR,22,FLAVIO BOLSONARO,206151,71.137820015
2026-10-04 19:14,RR,13,LULA,65824,22.714300996
2026-10-04 19:14,RR,70,ESCRITOR AUGUSTO CURY,7777,2.683658223
2026-10-04 19:14,RR,14,RENAN SANTOS,5906,2.038020504
2026-10-04 19:14,RR,55,RONALDO CAIADO,3293,1.136336187
2026-10-04 19:14,RR,30,ZEMA,304,0.104903189
2026-10-04 19:14,RR,80,SAMARA,244,0.084198612
2026-10-04 19:14,RR,27,CLARIANA BARAO,138,0.047620527
2026-10-04 19:14,RR,16,HERTZ DIAS,51,0.01759889
2026-10-04 19:14,RR,21,EDMILSON COSTA,40,0.013803051
2026-10-04 19:14,RR,35,VETERINÁRIO WILSON GRASSI,33,0.011387517
2026-10-04 19:14,RR,29,RUI COSTA PIMENTA,30,0.010352288
2026-10-04 19:14,RS,22,FLAVIO BOLSONARO,3142016,55.478706226
2026-10-04 19:14,RS,13,LULA,2030855,35.858890576
2026-10-04 19:14,RS,70,ESCRITOR AUGUSTO CURY,173674,3.066568988
2026-10-04 19:14,RS,14,RENAN SANTOS,148555,2.623041768
2026-10-04 19:14,RS,55,RONALDO CAIADO,139176,2.457436378
2026-10-04 19:14,RS,30,ZEMA,16804,0.296708922
2026-10-04 19:14,RS,80,SAMARA,5949,0.105041739
2026-10-04 19:14,RS,16,HERTZ DIAS,1909,0.033707292
2026-10-04 19:14,RS,27,CLARIANA BARAO,1851,0.032683183
2026-10-04 19:14,RS,29,RUI COSTA PIMENTA,930,0.016421048
2026-10-04 19:14,RS,21,EDMILSON COSTA,915,0.016156193
2026-10-04 19:14,RS,35,VETERINÁRIO WILSON GRASSI,829,0.014637687
2026-10-04 19:14,SC,22,FLAVIO BOLSONARO,2415039,66.394558758
2026-10-04 19:14,SC,13,LULA,915481,25.168519865
2026-10-04 19:14,SC,70,ESCRITOR AUGUSTO CURY,109390,3.007363766
2026-10-04 19:14,SC,14,RENAN SANTOS,108739,2.989466392
2026-10-04 19:14,SC,55,RONALDO CAIADO,65982,1.81398552
2026-10-04 19:14,SC,30,ZEMA,14395,0.395749167
2026-10-04 19:14,SC,80,SAMARA,4257,0.117033984
2026-10-04 19:14,SC,16,HERTZ DIAS,1245,0.034227698
2026-10-04 19:14,SC,27,CLARIANA BARAO,1181,0.032468202
2026-10-04 19:14,SC,21,EDMILSON COSTA,666,0.018309757
2026-10-04 19:14,SC,29,RUI COSTA PIMENTA,547,0.015038193
2026-10-04 19:14,SC,35,VETERINÁRIO WILSON GRASSI,483,0.013278697
2026-10-04 19:14,SE,13,LULA,661021,61.654009808
2026-10-04 19:14,SE,22,FLAVIO BOLSONARO,338270,31.550740291
2026-10-04 19:14,SE,70,ESCRITOR AUGUSTO CURY,31532,2.941017361
2026-10-04 19:14,SE,55,RONALDO CAIADO,21189,1.976316658
2026-10-04 19:14,SE,14,RENAN SANTOS,17315,1.614985273
2026-10-04 19:14,SE,30,ZEMA,1002,0.093457421
2026-10-04 19:14,SE,80,SAMARA,803,0.074896516
2026-10-04 19:14,SE,27,CLARIANA BARAO,371,0.034603496
2026-10-04 19:14,SE,16,HERTZ DIAS,282,0.026302388
2026-10-04 19:14,SE,21,EDMILSON COSTA,165,0.015389695
2026-10-04 19:14,SE,35,VETERINÁRIO WILSON GRASSI,104,0.009700171
2026-10-04 19:14,SE,29,RUI COSTA PIMENTA,92,0.008580921
2026-10-04 19:14,SP,22,FLAVIO BOLSONARO,9062573,52.807067052
2026-10-04 19:14,SP,13,LULA,6412189,37.363439111
2026-10-04 19:14,SP,70,ESCRITOR AUGUSTO CURY,613647,3.57568411
2026-10-04 19:14,SP,14,RENAN SANTOS,549515,3.201990809
2026-10-04 19:14,SP,55,RONALDO CAIADO,401121,2.337307908
2026-10-04 19:14,SP,30,ZEMA,65080,0.37921724
2026-10-04 19:14,SP,80,SAMARA,28765,0.167611923
2026-10-04 19:14,SP,16,HERTZ DIAS,10899,0.063507817
2026-10-04 19:14,SP,27,CLARIANA BARAO,7090,0.041313003
2026-10-04 19:14,SP,21,EDMILSON COSTA,4196,0.024449839
2026-10-04 19:14,SP,35,VETERINÁRIO WILSON GRASSI,3509,0.020446732
2026-10-04 19:14,SP,29,RUI COSTA PIMENTA,3083,0.017964455
2026-10-04 19:14,TO,22,FLAVIO BOLSONARO,444878,50.258364946
2026-10-04 19:14,TO,13,LULA,385970,43.603462339
2026-10-04 19:14,TO,70,ESCRITOR AUGUSTO CURY,21315,2.407979376
2026-10-04 19:14,TO,55,RONALDO CAIADO,19279,2.17797018
2026-10-04 19:14,TO,14,RENAN SANTOS,12310,1.39067446
2026-10-04 19:14,TO,30,ZEMA,573,0.064732451
2026-10-04 19:14,TO,80,SAMARA,376,0.04247714
2026-10-04 19:14,TO,27,CLARIANA BARAO,157,0.017736465
2026-10-04 19:14,TO,21,EDMILSON COSTA,112,0.012652765
2026-10-04 19:14,TO,16,HERTZ DIAS,93,0.010506314
2026-10-04 19:14,TO,35,VETERINÁRIO WILSON GRASSI,60,0.006778267
2026-10-04 19:14,TO,29,RUI COSTA PIMENTA,59,0.006665296
2026-10-04 19:14,ZZ,13,LULA,116233,52.003722445
2026-10-04 19:14,ZZ,22,FLAVIO BOLSONARO,85956,38.457511778
2026-10-04 19:14,ZZ,70,ESCRITOR AUGUSTO CURY,7156,3.201660783
2026-10-04 19:14,ZZ,14,RENAN SANTOS,6194,2.771253059
2026-10-04 19:14,ZZ,55,RONALDO CAIADO,3166,1.41649777
2026-10-04 19:14,ZZ,30,ZEMA,2192,0.980721134
2026-10-04 19:14,ZZ,80,SAMARA,871,0.38969348
2026-10-04 19:14,ZZ,27,CLARIANA BARAO,699,0.312739084
2026-10-04 19:14,ZZ,21,EDMILSON COSTA,340,0.152119154
2026-10-04 19:14,ZZ,16,HERTZ DIAS,299,0.133775374
2026-10-04 19:14,ZZ,35,VETERINÁRIO WILSON GRASSI,259,0.115879003
2026-10-04 19:14,ZZ,29,RUI COSTA PIMENTA,144,0.064426936
2026-10-04 19:28,BR,22,FLAVIO BOLSONARO,37566895,49.58486501
2026-10-04 19:28,BR,13,LULA,32007853,42.247438077
2026-10-04 19:28,BR,70,ESCRITOR AUGUSTO CURY,2247926,2.967056693
2026-10-04 19:28,BR,55,RONALDO CAIADO,1774893,2.342696404
2026-10-04 19:28,BR,14,RENAN SANTOS,1772742,2.33985728
2026-10-04 19:28,BR,30,ZEMA,220598,0.291169181
2026-10-04 19:28,BR,80,SAMARA,80928,0.106817557
2026-10-04 19:28,BR,16,HERTZ DIAS,28466,0.037572516
2026-10-04 19:28,BR,27,CLARIANA BARAO,26802,0.035376188
2026-10-04 19:28,BR,21,EDMILSON COSTA,14415,0.019026481
2026-10-04 19:28,BR,35,VETERINÁRIO WILSON GRASSI,11041,0.01457311
2026-10-04 19:28,BR,29,RUI COSTA PIMENTA,10267,0.013551501
2026-10-04 19:28,AC,22,FLAVIO BOLSONARO,285521,64.761025576
2026-10-04 19:28,AC,13,LULA,125520,28.470073761
2026-10-04 19:28,AC,70,ESCRITOR AUGUSTO CURY,12802,2.903711634
2026-10-04 19:28,AC,55,RONALDO CAIADO,8135,1.845156549
2026-10-04 19:28,AC,14,RENAN SANTOS,7615,1.727211693
2026-10-04 19:28,AC,30,ZEMA,528,0.119759392
2026-10-04 19:28,AC,80,SAMARA,303,0.06872556
2026-10-04 19:28,AC,27,CLARIANA BARAO,186,0.042187968
2026-10-04 19:28,AC,21,EDMILSON COSTA,133,0.030166665
2026-10-04 19:28,AC,16,HERTZ DIAS,69,0.015650375
2026-10-04 19:28,AC,35,VETERINÁRIO WILSON GRASSI,36,0.008165413
2026-10-04 19:28,AC,29,RUI COSTA PIMENTA,36,0.008165413
2026-10-04 19:28,AL,13,LULA,401291,57.142958856
2026-10-04 19:28,AL,22,FLAVIO BOLSONARO,269072,38.315263051
2026-10-04 19:28,AL,70,ESCRITOR AUGUSTO CURY,15901,2.264267548
2026-10-04 19:28,AL,14,RENAN SANTOS,9525,1.356339123
2026-10-04 19:28,AL,55,RONALDO CAIADO,4969,0.707574709
2026-10-04 19:28,AL,80,SAMARA,457,0.065075798
2026-10-04 19:28,AL,30,ZEMA,450,0.064079014
2026-10-04 19:28,AL,27,CLARIANA BARAO,218,0.031042722
2026-10-04 19:28,AL,16,HERTZ DIAS,145,0.020647682
2026-10-04 19:28,AL,21,EDMILSON COSTA,104,0.014809372
2026-10-04 19:28,AL,35,VETERINÁRIO WILSON GRASSI,86,0.012246212
2026-10-04 19:28,AL,29,RUI COSTA PIMENTA,40,0.005695912
2026-10-04 19:28,AM,22,FLAVIO BOLSONARO,800691,48.052031447
2026-10-04 19:28,AM,13,LULA,742248,44.54467983
2026-10-04 19:28,AM,70,ESCRITOR AUGUSTO CURY,65063,3.904639021
2026-10-04 19:28,AM,14,RENAN SANTOS,30101,1.806457421
2026-10-04 19:28,AM,55,RONALDO CAIADO,23041,1.382764208
2026-10-04 19:28,AM,80,SAMARA,1680,0.100822181
2026-10-04 19:28,AM,30,ZEMA,1612,0.096741283
2026-10-04 19:28,AM,27,CLARIANA BARAO,808,0.048490668
2026-10-04 19:28,AM,16,HERTZ DIAS,427,0.025625638
2026-10-04 19:28,AM,35,VETERINÁRIO WILSON GRASSI,259,0.01554342
2026-10-04 19:28,AM,21,EDMILSON COSTA,219,0.013142891
2026-10-04 19:28,AM,29,RUI COSTA PIMENTA,151,0.009061994
2026-10-04 19:28,AP,13,LULA,153763,46.597248949
2026-10-04 19:28,AP,22,FLAVIO BOLSONARO,148022,44.857462354
2026-10-04 19:28,AP,70,ESCRITOR AUGUSTO CURY,13659,4.139304146
2026-10-04 19:28,AP,14,RENAN SANTOS,7826,2.371637327
2026-10-04 19:28,AP,55,RONALDO CAIADO,5763,1.746453605
2026-10-04 19:28,AP,80,SAMARA,353,0.106975208
2026-10-04 19:28,AP,30,ZEMA,235,0.07121579
2026-10-04 19:28,AP,27,CLARIANA BARAO,162,0.049093438
2026-10-04 19:28,AP,16,HERTZ DIAS,90,0.027274132
2026-10-04 19:28,AP,29,RUI COSTA PIMENTA,39,0.011818791
2026-10-04 19:28,AP,21,EDMILSON COSTA,38,0.011515745
2026-10-04 19:28,AP,35,VETERINÁRIO WILSON GRASSI,33,0.010000515
2026-10-04 19:28,BA,13,LULA,2881323,64.846261147
2026-10-04 19:28,BA,22,FLAVIO BOLSONARO,1311976,29.526970185
2026-10-04 19:28,BA,70,ESCRITOR AUGUSTO CURY,104648,2.35517904
2026-10-04 19:28,BA,55,RONALDO CAIADO,68948,1.551724681
2026-10-04 19:28,BA,14,RENAN SANTOS,66367,1.493637407
2026-10-04 19:28,BA,30,ZEMA,3921,0.088244945
2026-10-04 19:28,BA,80,SAMARA,2697,0.060697939
2026-10-04 19:28,BA,16,HERTZ DIAS,1031,0.023203402
2026-10-04 19:28,BA,27,CLARIANA BARAO,913,0.020547726
2026-10-04 19:28,BA,21,EDMILSON COSTA,682,0.015348904
2026-10-04 19:28,BA,29,RUI COSTA PIMENTA,457,0.010285116
2026-10-04 19:28,BA,35,VETERINÁRIO WILSON GRASSI,351,0.007899509
2026-10-04 19:28,CE,13,LULA,1797418,61.348360243
2026-10-04 19:28,CE,22,FLAVIO BOLSONARO,961755,32.826027227
2026-10-04 19:28,CE,70,ESCRITOR AUGUSTO CURY,76247,2.602415478
2026-10-04 19:28,CE,14,RENAN SANTOS,60786,2.074710182
2026-10-04 19:28,CE,55,RONALDO CAIADO,26259,0.896255958
2026-10-04 19:28,CE,30,ZEMA,2891,0.098673825
2026-10-04 19:28,CE,80,SAMARA,2008,0.068535815
2026-10-04 19:28,CE,16,HERTZ DIAS,892,0.030445193
2026-10-04 19:28,CE,27,CLARIANA BARAO,603,0.020581223
2026-10-04 19:28,CE,21,EDMILSON COSTA,442,0.015086071
2026-10-04 19:28,CE,29,RUI COSTA PIMENTA,295,0.010068758
2026-10-04 19:28,CE,35,VETERINÁRIO WILSON GRASSI,259,0.008840028
2026-10-04 19:28,DF,22,FLAVIO BOLSONARO,898955,51.269833122
2026-10-04 19:28,DF,13,LULA,668836,38.145524644
2026-10-04 19:28,DF,55,RONALDO CAIADO,84164,4.800100378
2026-10-04 19:28,DF,14,RENAN SANTOS,46191,2.634397564
2026-10-04 19:28,DF,70,ESCRITOR AUGUSTO CURY,45507,2.595387195
2026-10-04 19:28,DF,30,ZEMA,4895,0.279175079
2026-10-04 19:28,DF,80,SAMARA,2270,0.129464235
2026-10-04 19:28,DF,16,HERTZ DIAS,821,0.046823849
2026-10-04 19:28,DF,27,CLARIANA BARAO,707,0.040322121
2026-10-04 19:28,DF,29,RUI COSTA PIMENTA,379,0.021615394
2026-10-04 19:28,DF,21,EDMILSON COSTA,333,0.01899189
2026-10-04 19:28,DF,35,VETERINÁRIO WILSON GRASSI,322,0.01836453
2026-10-04 19:28,ES,22,FLAVIO BOLSONARO,1189377,55.04107104
2026-10-04 19:28,ES,13,LULA,810186,37.49316254
2026-10-04 19:28,ES,70,ESCRITOR AUGUSTO CURY,62471,2.890984733
2026-10-04 19:28,ES,14,RENAN SANTOS,51123,2.365830746
2026-10-04 19:28,ES,55,RONALDO CAIADO,37697,1.744512678
2026-10-04 19:28,ES,30,ZEMA,5713,0.264381806
2026-10-04 19:28,ES,80,SAMARA,1882,0.087093744
2026-10-04 19:28,ES,27,CLARIANA BARAO,927,0.042898991
2026-10-04 19:28,ES,16,HERTZ DIAS,613,0.028367941
2026-10-04 19:28,ES,21,EDMILSON COSTA,368,0.01703002
2026-10-04 19:28,ES,35,VETERINÁRIO WILSON GRASSI,294,0.013605505
2026-10-04 19:28,ES,29,RUI COSTA PIMENTA,239,0.011060258
2026-10-04 19:28,GO,22,FLAVIO BOLSONARO,1725699,54.349026964
2026-10-04 19:28,GO,13,LULA,962547,30.314378612
2026-10-04 19:28,GO,55,RONALDO CAIADO,389051,12.252741231
2026-10-04 19:28,GO,14,RENAN SANTOS,46097,1.451775249
2026-10-04 19:28,GO,70,ESCRITOR AUGUSTO CURY,45715,1.439744572
2026-10-04 19:28,GO,30,ZEMA,2347,0.073916231
2026-10-04 19:28,GO,80,SAMARA,1803,0.056783539
2026-10-04 19:28,GO,16,HERTZ DIAS,568,0.017888547
2026-10-04 19:28,GO,27,CLARIANA BARAO,484,0.015243057
2026-10-04 19:28,GO,21,EDMILSON COSTA,383,0.012062172
2026-10-04 19:28,GO,35,VETERINÁRIO WILSON GRASSI,291,0.009164731
2026-10-04 19:28,GO,29,RUI COSTA PIMENTA,231,0.007275096
2026-10-04 19:28,MA,13,LULA,1546109,62.501803976
2026-10-04 19:28,MA,22,FLAVIO BOLSONARO,796306,32.190849104
2026-10-04 19:28,MA,70,ESCRITOR AUGUSTO CURY,54195,2.190845061
2026-10-04 19:28,MA,14,RENAN SANTOS,38210,1.544647842
2026-10-04 19:28,MA,55,RONALDO CAIADO,32485,1.313213429
2026-10-04 19:28,MA,30,ZEMA,2981,0.120507595
2026-10-04 19:28,MA,80,SAMARA,1157,0.046771985
2026-10-04 19:28,MA,16,HERTZ DIAS,1044,0.042203935
2026-10-04 19:28,MA,27,CLARIANA BARAO,581,0.023487056
2026-10-04 19:28,MA,21,EDMILSON COSTA,296,0.011965867
2026-10-04 19:28,MA,35,VETERINÁRIO WILSON GRASSI,188,0.007599942
2026-10-04 19:28,MA,29,RUI COSTA PIMENTA,151,0.006104209
2026-10-04 19:28,MG,22,FLAVIO BOLSONARO,4000766,49.072793769
2026-10-04 19:28,MG,13,LULA,3438602,42.177374733
2026-10-04 19:28,MG,70,ESCRITOR AUGUSTO CURY,284361,3.487929239
2026-10-04 19:28,MG,14,RENAN SANTOS,176467,2.164517669
2026-10-04 19:28,MG,55,RONALDO CAIADO,162938,1.998572991
2026-10-04 19:28,MG,30,ZEMA,71963,0.88268733
2026-10-04 19:28,MG,80,SAMARA,8245,0.101131929
2026-10-04 19:28,MG,16,HERTZ DIAS,3072,0.03768069
2026-10-04 19:28,MG,27,CLARIANA BARAO,2407,0.0295239
2026-10-04 19:28,MG,21,EDMILSON COSTA,1554,0.01906113
2026-10-04 19:28,MG,35,VETERINÁRIO WILSON GRASSI,1253,0.015369109
2026-10-04 19:28,MG,29,RUI COSTA PIMENTA,1089,0.01335751
2026-10-04 19:28,MS,22,FLAVIO BOLSONARO,860829,59.064901275
2026-10-04 19:28,MS,13,LULA,497650,34.145745693
2026-10-04 19:28,MS,70,ESCRITOR AUGUSTO CURY,38669,2.65323388
2026-10-04 19:28,MS,14,RENAN SANTOS,31502,2.161477506
2026-10-04 19:28,MS,55,RONALDO CAIADO,23060,1.582238311
2026-10-04 19:28,MS,30,ZEMA,2762,0.189511805
2026-10-04 19:28,MS,80,SAMARA,1276,0.087551435
2026-10-04 19:28,MS,27,CLARIANA BARAO,618,0.042403438
2026-10-04 19:28,MS,16,HERTZ DIAS,351,0.024083506
2026-10-04 19:28,MS,21,EDMILSON COSTA,327,0.022436771
2026-10-04 19:28,MS,35,VETERINÁRIO WILSON GRASSI,206,0.014134479
2026-10-04 19:28,MS,29,RUI COSTA PIMENTA,179,0.012281902
2026-10-04 19:28,MT,22,FLAVIO BOLSONARO,1173966,65.602247752
2026-10-04 19:28,MT,13,LULA,512762,28.653589424
2026-10-04 19:28,MT,70,ESCRITOR AUGUSTO CURY,36380,2.032946247
2026-10-04 19:28,MT,14,RENAN SANTOS,30273,1.691681741
2026-10-04 19:28,MT,55,RONALDO CAIADO,29950,1.673632218
2026-10-04 19:28,MT,30,ZEMA,2226,0.124390829
2026-10-04 19:28,MT,27,CLARIANA BARAO,1728,0.096562153
2026-10-04 19:28,MT,80,SAMARA,1443,0.080636103
2026-10-04 19:28,MT,16,HERTZ DIAS,308,0.01721131
2026-10-04 19:28,MT,21,EDMILSON COSTA,212,0.011846746
2026-10-04 19:28,MT,35,VETERINÁRIO WILSON GRASSI,156,0.008717417
2026-10-04 19:28,MT,29,RUI COSTA PIMENTA,117,0.006538062
2026-10-04 19:28,PA,13,LULA,1702116,48.133919686
2026-10-04 19:28,PA,22,FLAVIO BOLSONARO,1621239,45.846809394
2026-10-04 19:28,PA,70,ESCRITOR AUGUSTO CURY,96401,2.726111494
2026-10-04 19:28,PA,14,RENAN SANTOS,66767,1.888095415
2026-10-04 19:28,PA,55,RONALDO CAIADO,40944,1.157850116
2026-10-04 19:28,PA,80,SAMARA,3159,0.089332955
2026-10-04 19:28,PA,30,ZEMA,2520,0.071262756
2026-10-04 19:28,PA,27,CLARIANA BARAO,1035,0.029268632
2026-10-04 19:28,PA,16,HERTZ DIAS,890,0.025168196
2026-10-04 19:28,PA,21,EDMILSON COSTA,511,0.014450503
2026-10-04 19:28,PA,35,VETERINÁRIO WILSON GRASSI,380,0.010745971
2026-10-04 19:28,PA,29,RUI COSTA PIMENTA,247,0.006984881
2026-10-04 19:28,PB,13,LULA,1440649,61.133144019
2026-10-04 19:28,PB,22,FLAVIO BOLSONARO,782423,33.201687533
2026-10-04 19:28,PB,70,ESCRITOR AUGUSTO CURY,69477,2.948218093
2026-10-04 19:28,PB,14,RENAN SANTOS,40167,1.704464443
2026-10-04 19:28,PB,55,RONALDO CAIADO,18481,0.78423102
2026-10-04 19:28,PB,30,ZEMA,1900,0.08062545
2026-10-04 19:28,PB,80,SAMARA,1513,0.064203319
2026-10-04 19:28,PB,16,HERTZ DIAS,600,0.025460668
2026-10-04 19:28,PB,27,CLARIANA BARAO,575,0.024399807
2026-10-04 19:28,PB,21,EDMILSON COSTA,321,0.013621458
2026-10-04 19:28,PB,29,RUI COSTA PIMENTA,264,0.011202694
2026-10-04 19:28,PB,35,VETERINÁRIO WILSON GRASSI,206,0.008741496
2026-10-04 19:28,PE,13,LULA,2016059,62.084525485
2026-10-04 19:28,PE,22,FLAVIO BOLSONARO,1046858,32.23798618
2026-10-04 19:28,PE,70,ESCRITOR AUGUSTO CURY,80791,2.487958387
2026-10-04 19:28,PE,14,RENAN SANTOS,51791,1.594903552
2026-10-04 19:28,PE,55,RONALDO CAIADO,43936,1.353008871
2026-10-04 19:28,PE,30,ZEMA,4131,0.127214122
2026-10-04 19:28,PE,80,SAMARA,1505,0.046346466
2026-10-04 19:28,PE,16,HERTZ DIAS,713,0.021956831
2026-10-04 19:28,PE,27,CLARIANA BARAO,553,0.017029632
2026-10-04 19:28,PE,21,EDMILSON COSTA,381,0.011732893
2026-10-04 19:28,PE,35,VETERINÁRIO WILSON GRASSI,282,0.008684188
2026-10-04 19:28,PE,29,RUI COSTA PIMENTA,281,0.008653393
2026-10-04 19:28,PI,13,LULA,1125901,69.949117793
2026-10-04 19:28,PI,22,FLAVIO BOLSONARO,401112,24.919980119
2026-10-04 19:28,PI,70,ESCRITOR AUGUSTO CURY,36979,2.297403082
2026-10-04 19:28,PI,14,RENAN SANTOS,25564,1.588220676
2026-10-04 19:28,PI,55,RONALDO CAIADO,16832,1.045725646
2026-10-04 19:28,PI,30,ZEMA,1108,0.068836978
2026-10-04 19:28,PI,80,SAMARA,877,0.054485586
2026-10-04 19:28,PI,27,CLARIANA BARAO,387,0.024043241
2026-10-04 19:28,PI,16,HERTZ DIAS,352,0.021868787
2026-10-04 19:28,PI,21,EDMILSON COSTA,233,0.014475646
2026-10-04 19:28,PI,35,VETERINÁRIO WILSON GRASSI,142,0.008822068
2026-10-04 19:28,PI,29,RUI COSTA PIMENTA,113,0.007020378
2026-10-04 19:28,PR,22,FLAVIO BOLSONARO,3858180,60.02335481
2026-10-04 19:28,PR,13,LULA,1995178,31.039836659
2026-10-04 19:28,PR,70,ESCRITOR AUGUSTO CURY,201119,3.128894219
2026-10-04 19:28,PR,14,RENAN SANTOS,174211,2.710274965
2026-10-04 19:28,PR,55,RONALDO CAIADO,168076,2.614830149
2026-10-04 19:28,PR,30,ZEMA,16942,0.263573933
2026-10-04 19:28,PR,80,SAMARA,6644,0.103363547
2026-10-04 19:28,PR,27,CLARIANA BARAO,2404,0.037400055
2026-10-04 19:28,PR,16,HERTZ DIAS,2031,0.031597135
2026-10-04 19:28,PR,21,EDMILSON COSTA,1166,0.01813996
2026-10-04 19:28,PR,35,VETERINÁRIO WILSON GRASSI,947,0.014732884
2026-10-04 19:28,PR,29,RUI COSTA PIMENTA,900,0.014001685
2026-10-04 19:28,RJ,22,FLAVIO BOLSONARO,2717306,53.498047551
2026-10-04 19:28,RJ,13,LULA,1982594,39.033111503
2026-10-04 19:28,RJ,70,ESCRITOR AUGUSTO CURY,133989,2.637961972
2026-10-04 19:28,RJ,14,RENAN SANTOS,110279,2.171161874
2026-10-04 19:28,RJ,55,RONALDO CAIADO,107491,2.11627201
2026-10-04 19:28,RJ,30,ZEMA,12449,0.245094661
2026-10-04 19:28,RJ,80,SAMARA,7310,0.143918546
2026-10-04 19:28,RJ,27,CLARIANA BARAO,2139,0.042112417
2026-10-04 19:28,RJ,16,HERTZ DIAS,2105,0.041443029
2026-10-04 19:28,RJ,21,EDMILSON COSTA,1577,0.031047818
2026-10-04 19:28,RJ,35,VETERINÁRIO WILSON GRASSI,1043,0.020534479
2026-10-04 19:28,RJ,29,RUI COSTA PIMENTA,980,0.019294142
2026-10-04 19:28,RN,13,LULA,840860,59.949366078
2026-10-04 19:28,RN,22,FLAVIO BOLSONARO,484736,34.55939861
2026-10-04 19:28,RN,70,ESCRITOR AUGUSTO CURY,38690,2.758415163
2026-10-04 19:28,RN,14,RENAN SANTOS,23925,1.705740056
2026-10-04 19:28,RN,55,RONALDO CAIADO,11368,0.810484972
2026-10-04 19:28,RN,30,ZEMA,1052,0.075002656
2026-10-04 19:28,RN,80,SAMARA,838,0.059745462
2026-10-04 19:28,RN,16,HERTZ DIAS,379,0.027020919
2026-10-04 19:28,RN,27,CLARIANA BARAO,288,0.020533046
2026-10-04 19:28,RN,21,EDMILSON COSTA,221,0.015756261
2026-10-04 19:28,RN,35,VETERINÁRIO WILSON GRASSI,131,0.009339684
2026-10-04 19:28,RN,29,RUI COSTA PIMENTA,129,0.009197094
2026-10-04 19:28,RO,22,FLAVIO BOLSONARO,617222,67.20842362
2026-10-04 19:28,RO,13,LULA,239714,26.102115705
2026-10-04 19:28,RO,70,ESCRITOR AUGUSTO CURY,24202,2.635321276
2026-10-04 19:28,RO,14,RENAN SANTOS,18303,1.992987576
2026-10-04 19:28,RO,55,RONALDO CAIADO,16026,1.745048292
2026-10-04 19:28,RO,30,ZEMA,1259,0.137090715
2026-10-04 19:28,RO,80,SAMARA,822,0.089506408
2026-10-04 19:28,RO,27,CLARIANA BARAO,346,0.037675447
2026-10-04 19:28,RO,16,HERTZ DIAS,170,0.018511058
2026-10-04 19:28,RO,21,EDMILSON COSTA,154,0.01676884
2026-10-04 19:28,RO,35,VETERINÁRIO WILSON GRASSI,96,0.010453303
2026-10-04 19:28,RO,29,RUI COSTA PIMENTA,56,0.00609776
2026-10-04 19:28,RR,22,FLAVIO BOLSONARO,215636,71.289341444
2026-10-04 19:28,RR,13,LULA,68297,22.579013488
2026-10-04 19:28,RR,70,ESCRITOR AUGUSTO CURY,8089,2.674226395
2026-10-04 19:28,RR,14,RENAN SANTOS,6140,2.029886273
2026-10-04 19:28,RR,55,RONALDO CAIADO,3439,1.136934673
2026-10-04 19:28,RR,30,ZEMA,312,0.103147316
2026-10-04 19:28,RR,80,SAMARA,253,0.083641894
2026-10-04 19:28,RR,27,CLARIANA BARAO,148,0.048928855
2026-10-04 19:28,RR,16,HERTZ DIAS,55,0.01818302
2026-10-04 19:28,RR,21,EDMILSON COSTA,42,0.013885216
2026-10-04 19:28,RR,35,VETERINÁRIO WILSON GRASSI,38,0.012562814
2026-10-04 19:28,RR,29,RUI COSTA PIMENTA,31,0.010248611
2026-10-04 19:28,RS,22,FLAVIO BOLSONARO,3253734,55.449717957
2026-10-04 19:28,RS,13,LULA,2105421,35.880314934
2026-10-04 19:28,RS,70,ESCRITOR AUGUSTO CURY,179908,3.065969086
2026-10-04 19:28,RS,14,RENAN SANTOS,153994,2.624346018
2026-10-04 19:28,RS,55,RONALDO CAIADO,144526,2.462993575
2026-10-04 19:28,RS,30,ZEMA,17455,0.297465874
2026-10-04 19:28,RS,80,SAMARA,6199,0.105642564
2026-10-04 19:28,RS,16,HERTZ DIAS,1981,0.033759948
2026-10-04 19:28,RS,27,CLARIANA BARAO,1910,0.032549975
2026-10-04 19:28,RS,29,RUI COSTA PIMENTA,971,0.016547658
2026-10-04 19:28,RS,21,EDMILSON COSTA,941,0.016036401
2026-10-04 19:28,RS,35,VETERINÁRIO WILSON GRASSI,860,0.01465601
2026-10-04 19:28,SC,22,FLAVIO BOLSONARO,2495356,66.371729198
2026-10-04 19:28,SC,13,LULA,946877,25.185129428
2026-10-04 19:28,SC,70,ESCRITOR AUGUSTO CURY,113122,3.008830303
2026-10-04 19:28,SC,14,RENAN SANTOS,112720,2.998137867
2026-10-04 19:28,SC,55,RONALDO CAIADO,68061,1.810293305
2026-10-04 19:28,SC,30,ZEMA,14868,0.395460555
2026-10-04 19:28,SC,80,SAMARA,4404,0.117138034
2026-10-04 19:28,SC,16,HERTZ DIAS,1294,0.034417942
2026-10-04 19:28,SC,27,CLARIANA BARAO,1224,0.032556075
2026-10-04 19:28,SC,21,EDMILSON COSTA,685,0.018219699
2026-10-04 19:28,SC,29,RUI COSTA PIMENTA,557,0.014815142
2026-10-04 19:28,SC,35,VETERINÁRIO WILSON GRASSI,499,0.013272452
2026-10-04 19:28,SE,13,LULA,691367,61.692621517
2026-10-04 19:28,SE,22,FLAVIO BOLSONARO,353141,31.511764454
2026-10-04 19:28,SE,70,ESCRITOR AUGUSTO CURY,32976,2.942541208
2026-10-04 19:28,SE,55,RONALDO CAIADO,22139,1.975525224
2026-10-04 19:28,SE,14,RENAN SANTOS,18110,1.616006225
2026-10-04 19:28,SE,30,ZEMA,1035,0.09235596
2026-10-04 19:28,SE,80,SAMARA,845,0.075401726
2026-10-04 19:28,SE,27,CLARIANA BARAO,381,0.033997701
2026-10-04 19:28,SE,16,HERTZ DIAS,292,0.026055981
2026-10-04 19:28,SE,21,EDMILSON COSTA,175,0.015615742
2026-10-04 19:28,SE,35,VETERINÁRIO WILSON GRASSI,109,0.009726377
2026-10-04 19:28,SE,29,RUI COSTA PIMENTA,94,0.008387884
2026-10-04 19:28,SP,22,FLAVIO BOLSONARO,9597694,52.651167924
2026-10-04 19:28,SP,13,LULA,6837625,37.509941667
2026-10-04 19:28,SP,70,ESCRITOR AUGUSTO CURY,652199,3.577842664
2026-10-04 19:28,SP,14,RENAN SANTOS,584645,3.207253958
2026-10-04 19:28,SP,55,RONALDO CAIADO,426030,2.337121508
2026-10-04 19:28,SP,30,ZEMA,69301,0.380172424
2026-10-04 19:28,SP,80,SAMARA,30592,0.167822034
2026-10-04 19:28,SP,16,HERTZ DIAS,11641,0.063860365
2026-10-04 19:28,SP,27,CLARIANA BARAO,7609,0.041741562
2026-10-04 19:28,SP,21,EDMILSON COSTA,4446,0.024389931
2026-10-04 19:28,SP,35,VETERINÁRIO WILSON GRASSI,3756,0.020604719
2026-10-04 19:28,SP,29,RUI COSTA PIMENTA,3296,0.018081244
2026-10-04 19:28,TO,22,FLAVIO BOLSONARO,450015,50.273759425
2026-10-04 19:28,TO,13,LULA,390185,43.589806609
2026-10-04 19:28,TO,70,ESCRITOR AUGUSTO CURY,21555,2.408032809
2026-10-04 19:28,TO,55,RONALDO CAIADO,19472,2.175328919
2026-10-04 19:28,TO,14,RENAN SANTOS,12453,1.391196129
2026-10-04 19:28,TO,30,ZEMA,579,0.064683414
2026-10-04 19:28,TO,80,SAMARA,385,0.04301056
2026-10-04 19:28,TO,27,CLARIANA BARAO,159,0.017762803
2026-10-04 19:28,TO,21,EDMILSON COSTA,112,0.012512163
2026-10-04 19:28,TO,16,HERTZ DIAS,95,0.010612995
2026-10-04 19:28,TO,35,VETERINÁRIO WILSON GRASSI,60,0.006702944
2026-10-04 19:28,TO,29,RUI COSTA PIMENTA,59,0.006591229
2026-10-04 19:28,ZZ,13,LULA,118128,51.483111789
2026-10-04 19:28,ZZ,22,FLAVIO BOLSONARO,89524,39.016779255
2026-10-04 19:28,ZZ,70,ESCRITOR AUGUSTO CURY,7278,3.171932883
2026-10-04 19:28,ZZ,14,RENAN SANTOS,6322,2.755284376
2026-10-04 19:28,ZZ,55,RONALDO CAIADO,3301,1.43865766
2026-10-04 19:28,ZZ,30,ZEMA,2249,0.980169972
2026-10-04 19:28,ZZ,80,SAMARA,881,0.383961647
2026-10-04 19:28,ZZ,27,CLARIANA BARAO,705,0.307256483
2026-10-04 19:28,ZZ,21,EDMILSON COSTA,344,0.149923731
2026-10-04 19:28,ZZ,16,HERTZ DIAS,306,0.133362388
2026-10-04 19:28,ZZ,35,VETERINÁRIO WILSON GRASSI,267,0.116365221
2026-10-04 19:28,ZZ,29,RUI COSTA PIMENTA,145,0.063194596
2026-10-04 19:30,BR,22,FLAVIO BOLSONARO,37566895,49.58486501
2026-10-04 19:30,BR,13,LULA,32007853,42.247438077
2026-10-04 19:30,BR,70,ESCRITOR AUGUSTO CURY,2247926,2.967056693
2026-10-04 19:30,BR,55,RONALDO CAIADO,1774893,2.342696404
2026-10-04 19:30,BR,14,RENAN SANTOS,1772742,2.33985728
2026-10-04 19:30,BR,30,ZEMA,220598,0.291169181
2026-10-04 19:30,BR,80,SAMARA,80928,0.106817557
2026-10-04 19:30,BR,16,HERTZ DIAS,28466,0.037572516
2026-10-04 19:30,BR,27,CLARIANA BARAO,26802,0.035376188
2026-10-04 19:30,BR,21,EDMILSON COSTA,14415,0.019026481
2026-10-04 19:30,BR,35,VETERINÁRIO WILSON GRASSI,11041,0.01457311
2026-10-04 19:30,BR,29,RUI COSTA PIMENTA,10267,0.013551501
2026-10-04 19:30,AC,22,FLAVIO BOLSONARO,296503,64.610412958
2026-10-04 19:30,AC,13,LULA,131531,28.661673665
2026-10-04 19:30,AC,70,ESCRITOR AUGUSTO CURY,13269,2.891422918
2026-10-04 19:30,AC,55,RONALDO CAIADO,8408,1.83217152
2026-10-04 19:30,AC,14,RENAN SANTOS,7842,1.708835521
2026-10-04 19:30,AC,30,ZEMA,559,0.121810642
2026-10-04 19:30,AC,80,SAMARA,311,0.067769427
2026-10-04 19:30,AC,27,CLARIANA BARAO,205,0.044671166
2026-10-04 19:30,AC,21,EDMILSON COSTA,138,0.030071321
2026-10-04 19:30,AC,16,HERTZ DIAS,69,0.015035661
2026-10-04 19:30,AC,29,RUI COSTA PIMENTA,38,0.008280509
2026-10-04 19:30,AC,35,VETERINÁRIO WILSON GRASSI,36,0.007844693
2026-10-04 19:30,AL,13,LULA,512434,56.831656815
2026-10-04 19:30,AL,22,FLAVIO BOLSONARO,348402,38.639635343
2026-10-04 19:30,AL,70,ESCRITOR AUGUSTO CURY,20487,2.272117293
2026-10-04 19:30,AL,14,RENAN SANTOS,12198,1.352823095
2026-10-04 19:30,AL,55,RONALDO CAIADO,6254,0.693601872
2026-10-04 19:30,AL,80,SAMARA,583,0.064657802
2026-10-04 19:30,AL,30,ZEMA,531,0.058890725
2026-10-04 19:30,AL,27,CLARIANA BARAO,291,0.032273448
2026-10-04 19:30,AL,16,HERTZ DIAS,197,0.021848348
2026-10-04 19:30,AL,21,EDMILSON COSTA,132,0.014639502
2026-10-04 19:30,AL,35,VETERINÁRIO WILSON GRASSI,113,0.012532301
2026-10-04 19:30,AL,29,RUI COSTA PIMENTA,48,0.005323455
2026-10-04 19:30,AM,22,FLAVIO BOLSONARO,800691,48.052031447
2026-10-04 19:30,AM,13,LULA,742248,44.54467983
2026-10-04 19:30,AM,70,ESCRITOR AUGUSTO CURY,65063,3.904639021
2026-10-04 19:30,AM,14,RENAN SANTOS,30101,1.806457421
2026-10-04 19:30,AM,55,RONALDO CAIADO,23041,1.382764208
2026-10-04 19:30,AM,80,SAMARA,1680,0.100822181
2026-10-04 19:30,AM,30,ZEMA,1612,0.096741283
2026-10-04 19:30,AM,27,CLARIANA BARAO,808,0.048490668
2026-10-04 19:30,AM,16,HERTZ DIAS,427,0.025625638
2026-10-04 19:30,AM,35,VETERINÁRIO WILSON GRASSI,259,0.01554342
2026-10-04 19:30,AM,21,EDMILSON COSTA,219,0.013142891
2026-10-04 19:30,AM,29,RUI COSTA PIMENTA,151,0.009061994
2026-10-04 19:30,AP,13,LULA,164796,46.509186352
2026-10-04 19:30,AP,22,FLAVIO BOLSONARO,159349,44.971918833
2026-10-04 19:30,AP,70,ESCRITOR AUGUSTO CURY,14568,4.111421556
2026-10-04 19:30,AP,14,RENAN SANTOS,8393,2.368695849
2026-10-04 19:30,AP,55,RONALDO CAIADO,6193,1.747805718
2026-10-04 19:30,AP,80,SAMARA,383,0.108091327
2026-10-04 19:30,AP,30,ZEMA,257,0.072531256
2026-10-04 19:30,AP,27,CLARIANA BARAO,176,0.04967121
2026-10-04 19:30,AP,16,HERTZ DIAS,95,0.026811165
2026-10-04 19:30,AP,21,EDMILSON COSTA,42,0.011853357
2026-10-04 19:30,AP,29,RUI COSTA PIMENTA,41,0.011571134
2026-10-04 19:30,AP,35,VETERINÁRIO WILSON GRASSI,37,0.010442243
2026-10-04 19:30,BA,13,LULA,3445739,64.981281107
2026-10-04 19:30,BA,22,FLAVIO BOLSONARO,1561840,29.453874505
2026-10-04 19:30,BA,70,ESCRITOR AUGUSTO CURY,124352,2.345085414
2026-10-04 19:30,BA,55,RONALDO CAIADO,80942,1.526440295
2026-10-04 19:30,BA,14,RENAN SANTOS,78062,1.472127972
2026-10-04 19:30,BA,30,ZEMA,4519,0.085221315
2026-10-04 19:30,BA,80,SAMARA,3171,0.059800131
2026-10-04 19:30,BA,16,HERTZ DIAS,1190,0.02244155
2026-10-04 19:30,BA,27,CLARIANA BARAO,1106,0.020857441
2026-10-04 19:30,BA,21,EDMILSON COSTA,805,0.015181049
2026-10-04 19:30,BA,29,RUI COSTA PIMENTA,534,0.01007041
2026-10-04 19:30,BA,35,VETERINÁRIO WILSON GRASSI,404,0.007618812
2026-10-04 19:30,CE,13,LULA,2220339,61.588439562
2026-10-04 19:30,CE,22,FLAVIO BOLSONARO,1175901,32.617500152
2026-10-04 19:30,CE,70,ESCRITOR AUGUSTO CURY,94025,2.608094093
2026-10-04 19:30,CE,14,RENAN SANTOS,74436,2.064728443
2026-10-04 19:30,CE,55,RONALDO CAIADO,31632,0.877418052
2026-10-04 19:30,CE,30,ZEMA,3319,0.092063433
2026-10-04 19:30,CE,80,SAMARA,2471,0.068541351
2026-10-04 19:30,CE,16,HERTZ DIAS,1049,0.029097482
2026-10-04 19:30,CE,27,CLARIANA BARAO,733,0.020332177
2026-10-04 19:30,CE,21,EDMILSON COSTA,528,0.014645825
2026-10-04 19:30,CE,29,RUI COSTA PIMENTA,354,0.00981936
2026-10-04 19:30,CE,35,VETERINÁRIO WILSON GRASSI,336,0.00932007
2026-10-04 19:30,DF,22,FLAVIO BOLSONARO,903220,51.280799309
2026-10-04 19:30,DF,13,LULA,671687,38.135389213
2026-10-04 19:30,DF,55,RONALDO CAIADO,84557,4.800768968
2026-10-04 19:30,DF,14,RENAN SANTOS,46411,2.635009385
2026-10-04 19:30,DF,70,ESCRITOR AUGUSTO CURY,45695,2.594358101
2026-10-04 19:30,DF,30,ZEMA,4898,0.278086574
2026-10-04 19:30,DF,80,SAMARA,2282,0.129561772
2026-10-04 19:30,DF,16,HERTZ DIAS,826,0.046896592
2026-10-04 19:30,DF,27,CLARIANA BARAO,710,0.04031063
2026-10-04 19:30,DF,29,RUI COSTA PIMENTA,380,0.021574704
2026-10-04 19:30,DF,21,EDMILSON COSTA,334,0.018963029
2026-10-04 19:30,DF,35,VETERINÁRIO WILSON GRASSI,322,0.018281722
2026-10-04 19:30,ES,22,FLAVIO BOLSONARO,1217989,54.879819769
2026-10-04 19:30,ES,13,LULA,835729,37.656051816
2026-10-04 19:30,ES,70,ESCRITOR AUGUSTO CURY,64270,2.895860321
2026-10-04 19:30,ES,14,RENAN SANTOS,52541,2.367378203
2026-10-04 19:30,ES,55,RONALDO CAIADO,38578,1.738237116
2026-10-04 19:30,ES,30,ZEMA,5814,0.261965643
2026-10-04 19:30,ES,80,SAMARA,1936,0.087231766
2026-10-04 19:30,ES,27,CLARIANA BARAO,959,0.043210363
2026-10-04 19:30,ES,16,HERTZ DIAS,630,0.02838637
2026-10-04 19:30,ES,21,EDMILSON COSTA,378,0.017031822
2026-10-04 19:30,ES,35,VETERINÁRIO WILSON GRASSI,309,0.013922839
2026-10-04 19:30,ES,29,RUI COSTA PIMENTA,242,0.010903971
2026-10-04 19:30,GO,22,FLAVIO BOLSONARO,1854009,54.119577414
2026-10-04 19:30,GO,13,LULA,1046749,30.555198782
2026-10-04 19:30,GO,55,RONALDO CAIADO,420381,12.271160535
2026-10-04 19:30,GO,14,RENAN SANTOS,49212,1.436526276
2026-10-04 19:30,GO,70,ESCRITOR AUGUSTO CURY,48948,1.428819965
2026-10-04 19:30,GO,30,ZEMA,2480,0.072392611
2026-10-04 19:30,GO,80,SAMARA,1903,0.055549653
2026-10-04 19:30,GO,16,HERTZ DIAS,596,0.017397579
2026-10-04 19:30,GO,27,CLARIANA BARAO,513,0.014974762
2026-10-04 19:30,GO,21,EDMILSON COSTA,416,0.012143277
2026-10-04 19:30,GO,35,VETERINÁRIO WILSON GRASSI,313,0.009136648
2026-10-04 19:30,GO,29,RUI COSTA PIMENTA,244,0.007122499
2026-10-04 19:30,MA,13,LULA,1774585,62.541079715
2026-10-04 19:30,MA,22,FLAVIO BOLSONARO,913686,32.200716765
2026-10-04 19:30,MA,70,ESCRITOR AUGUSTO CURY,61714,2.17496496
2026-10-04 19:30,MA,14,RENAN SANTOS,43615,1.537108221
2026-10-04 19:30,MA,55,RONALDO CAIADO,36719,1.2940749
2026-10-04 19:30,MA,30,ZEMA,3360,0.118415307
2026-10-04 19:30,MA,80,SAMARA,1305,0.045991659
2026-10-04 19:30,MA,16,HERTZ DIAS,1140,0.040176622
2026-10-04 19:30,MA,27,CLARIANA BARAO,636,0.022414326
2026-10-04 19:30,MA,21,EDMILSON COSTA,336,0.011841531
2026-10-04 19:30,MA,35,VETERINÁRIO WILSON GRASSI,207,0.007295229
2026-10-04 19:30,MA,29,RUI COSTA PIMENTA,168,0.005920765
2026-10-04 19:30,MG,22,FLAVIO BOLSONARO,4589434,48.917734844
2026-10-04 19:30,MG,13,LULA,3979196,42.413346574
2026-10-04 19:30,MG,70,ESCRITOR AUGUSTO CURY,325602,3.470517781
2026-10-04 19:30,MG,14,RENAN SANTOS,200951,2.141891077
2026-10-04 19:30,MG,55,RONALDO CAIADO,185812,1.980527914
2026-10-04 19:30,MG,30,ZEMA,81041,0.863797616
2026-10-04 19:30,MG,80,SAMARA,9245,0.098540356
2026-10-04 19:30,MG,16,HERTZ DIAS,3449,0.036762108
2026-10-04 19:30,MG,27,CLARIANA BARAO,2775,0.029578095
2026-10-04 19:30,MG,21,EDMILSON COSTA,1798,0.019164474
2026-10-04 19:30,MG,35,VETERINÁRIO WILSON GRASSI,1423,0.015167434
2026-10-04 19:30,MG,29,RUI COSTA PIMENTA,1217,0.012971727
2026-10-04 19:30,MS,22,FLAVIO BOLSONARO,868660,58.880387393
2026-10-04 19:30,MS,13,LULA,506961,34.363341323
2026-10-04 19:30,MS,70,ESCRITOR AUGUSTO CURY,38972,2.641639373
2026-10-04 19:30,MS,14,RENAN SANTOS,31730,2.150754832
2026-10-04 19:30,MS,55,RONALDO CAIADO,23205,1.572904692
2026-10-04 19:30,MS,30,ZEMA,2777,0.188233412
2026-10-04 19:30,MS,80,SAMARA,1290,0.08744008
2026-10-04 19:30,MS,27,CLARIANA BARAO,626,0.042432163
2026-10-04 19:30,MS,16,HERTZ DIAS,353,0.023927402
2026-10-04 19:30,MS,21,EDMILSON COSTA,331,0.022436176
2026-10-04 19:30,MS,35,VETERINÁRIO WILSON GRASSI,208,0.014098866
2026-10-04 19:30,MS,29,RUI COSTA PIMENTA,183,0.01240429
2026-10-04 19:30,MT,22,FLAVIO BOLSONARO,1229168,65.355794789
2026-10-04 19:30,MT,13,LULA,543894,28.919256481
2026-10-04 19:30,MT,70,ESCRITOR AUGUSTO CURY,38142,2.028039068
2026-10-04 19:30,MT,14,RENAN SANTOS,31650,1.682854504
2026-10-04 19:30,MT,55,RONALDO CAIADO,31409,1.670040351
2026-10-04 19:30,MT,30,ZEMA,2328,0.123781526
2026-10-04 19:30,MT,27,CLARIANA BARAO,1793,0.09533517
2026-10-04 19:30,MT,80,SAMARA,1516,0.08060687
2026-10-04 19:30,MT,16,HERTZ DIAS,325,0.017280496
2026-10-04 19:30,MT,21,EDMILSON COSTA,224,0.01191025
2026-10-04 19:30,MT,35,VETERINÁRIO WILSON GRASSI,161,0.008560492
2026-10-04 19:30,MT,29,RUI COSTA PIMENTA,123,0.006540003
2026-10-04 19:30,PA,13,LULA,1886791,48.261016919
2026-10-04 19:30,PA,22,FLAVIO BOLSONARO,1791307,45.81869292
2026-10-04 19:30,PA,70,ESCRITOR AUGUSTO CURY,105528,2.699233033
2026-10-04 19:30,PA,14,RENAN SANTOS,72368,1.85105466
2026-10-04 19:30,PA,55,RONALDO CAIADO,44215,1.130947128
2026-10-04 19:30,PA,80,SAMARA,3390,0.086710636
2026-10-04 19:30,PA,30,ZEMA,2677,0.068473266
2026-10-04 19:30,PA,27,CLARIANA BARAO,1129,0.028877967
2026-10-04 19:30,PA,16,HERTZ DIAS,936,0.023941344
2026-10-04 19:30,PA,21,EDMILSON COSTA,552,0.014119254
2026-10-04 19:30,PA,35,VETERINÁRIO WILSON GRASSI,394,0.010077873
2026-10-04 19:30,PA,29,RUI COSTA PIMENTA,268,0.006855
2026-10-04 19:30,PB,13,LULA,1494372,61.195972882
2026-10-04 19:30,PB,22,FLAVIO BOLSONARO,809675,33.156971185
2026-10-04 19:30,PB,70,ESCRITOR AUGUSTO CURY,71960,2.946831317
2026-10-04 19:30,PB,14,RENAN SANTOS,41328,1.69242141
2026-10-04 19:30,PB,55,RONALDO CAIADO,19087,0.781631036
2026-10-04 19:30,PB,30,ZEMA,1945,0.079649624
2026-10-04 19:30,PB,80,SAMARA,1558,0.063801601
2026-10-04 19:30,PB,16,HERTZ DIAS,610,0.024980088
2026-10-04 19:30,PB,27,CLARIANA BARAO,590,0.024161068
2026-10-04 19:30,PB,21,EDMILSON COSTA,338,0.013841426
2026-10-04 19:30,PB,29,RUI COSTA PIMENTA,269,0.011015809
2026-10-04 19:30,PB,35,VETERINÁRIO WILSON GRASSI,213,0.008722555
2026-10-04 19:30,PE,13,LULA,2429428,62.496170244
2026-10-04 19:30,PE,22,FLAVIO BOLSONARO,1239376,31.88250629
2026-10-04 19:30,PE,70,ESCRITOR AUGUSTO CURY,96314,2.477643355
2026-10-04 19:30,PE,14,RENAN SANTOS,61250,1.57563444
2026-10-04 19:30,PE,55,RONALDO CAIADO,51902,1.335160469
2026-10-04 19:30,PE,30,ZEMA,4687,0.120571406
2026-10-04 19:30,PE,80,SAMARA,1753,0.045095301
2026-10-04 19:30,PE,16,HERTZ DIAS,856,0.022020295
2026-10-04 19:30,PE,27,CLARIANA BARAO,649,0.016695294
2026-10-04 19:30,PE,21,EDMILSON COSTA,472,0.012142032
2026-10-04 19:30,PE,35,VETERINÁRIO WILSON GRASSI,326,0.008386234
2026-10-04 19:30,PE,29,RUI COSTA PIMENTA,310,0.00797464
2026-10-04 19:30,PI,13,LULA,1237444,70.200786171
2026-10-04 19:30,PI,22,FLAVIO BOLSONARO,435893,24.728417033
2026-10-04 19:30,PI,70,ESCRITOR AUGUSTO CURY,40165,2.278579537
2026-10-04 19:30,PI,14,RENAN SANTOS,27536,1.562130365
2026-10-04 19:30,PI,55,RONALDO CAIADO,18194,1.032154266
2026-10-04 19:30,PI,30,ZEMA,1200,0.06807657
2026-10-04 19:30,PI,80,SAMARA,948,0.053780491
2026-10-04 19:30,PI,27,CLARIANA BARAO,422,0.023940261
2026-10-04 19:30,PI,16,HERTZ DIAS,385,0.021841233
2026-10-04 19:30,PI,21,EDMILSON COSTA,254,0.014409541
2026-10-04 19:30,PI,35,VETERINÁRIO WILSON GRASSI,156,0.008849954
2026-10-04 19:30,PI,29,RUI COSTA PIMENTA,124,0.007034579
2026-10-04 19:30,PR,22,FLAVIO BOLSONARO,3905079,59.976151323
2026-10-04 19:30,PR,13,LULA,2025471,31.10819402
2026-10-04 19:30,PR,70,ESCRITOR AUGUSTO CURY,203295,3.122306023
2026-10-04 19:30,PR,14,RENAN SANTOS,176208,2.706290365
2026-10-04 19:30,PR,55,RONALDO CAIADO,169712,2.606521556
2026-10-04 19:30,PR,30,ZEMA,17067,0.2621235
2026-10-04 19:30,PR,80,SAMARA,6699,0.102886584
2026-10-04 19:30,PR,27,CLARIANA BARAO,2431,0.037336511
2026-10-04 19:30,PR,16,HERTZ DIAS,2046,0.031423489
2026-10-04 19:30,PR,21,EDMILSON COSTA,1176,0.018061595
2026-10-04 19:30,PR,35,VETERINÁRIO WILSON GRASSI,958,0.014713442
2026-10-04 19:30,PR,29,RUI COSTA PIMENTA,911,0.013991592
2026-10-04 19:30,RJ,22,FLAVIO BOLSONARO,3361400,53.413674721
2026-10-04 19:30,RJ,13,LULA,2461041,39.106694665
2026-10-04 19:30,RJ,70,ESCRITOR AUGUSTO CURY,165931,2.636694371
2026-10-04 19:30,RJ,14,RENAN SANTOS,137961,2.192242511
2026-10-04 19:30,RJ,55,RONALDO CAIADO,132780,2.109914836
2026-10-04 19:30,RJ,30,ZEMA,15056,0.239244448
2026-10-04 19:30,RJ,80,SAMARA,9198,0.146159035
2026-10-04 19:30,RJ,27,CLARIANA BARAO,2699,0.042887936
2026-10-04 19:30,RJ,16,HERTZ DIAS,2638,0.041918627
2026-10-04 19:30,RJ,21,EDMILSON COSTA,1954,0.031049658
2026-10-04 19:30,RJ,35,VETERINÁRIO WILSON GRASSI,1267,0.020133018
2026-10-04 19:30,RJ,29,RUI COSTA PIMENTA,1220,0.019386173
2026-10-04 19:30,RN,13,LULA,975745,59.736868688
2026-10-04 19:30,RN,22,FLAVIO BOLSONARO,567745,34.758372847
2026-10-04 19:30,RN,70,ESCRITOR AUGUSTO CURY,45214,2.768082625
2026-10-04 19:30,RN,14,RENAN SANTOS,28029,1.715985931
2026-10-04 19:30,RN,55,RONALDO CAIADO,13151,0.805127938
2026-10-04 19:30,RN,30,ZEMA,1229,0.075241597
2026-10-04 19:30,RN,80,SAMARA,984,0.060242255
2026-10-04 19:30,RN,16,HERTZ DIAS,445,0.027243703
2026-10-04 19:30,RN,27,CLARIANA BARAO,324,0.019835864
2026-10-04 19:30,RN,21,EDMILSON COSTA,249,0.015244229
2026-10-04 19:30,RN,35,VETERINÁRIO WILSON GRASSI,149,0.009122049
2026-10-04 19:30,RN,29,RUI COSTA PIMENTA,141,0.008632274
2026-10-04 19:30,RO,22,FLAVIO BOLSONARO,632905,67.30819337
2026-10-04 19:30,RO,13,LULA,244615,26.014320824
2026-10-04 19:30,RO,70,ESCRITOR AUGUSTO CURY,24697,2.626477041
2026-10-04 19:30,RO,14,RENAN SANTOS,18738,1.992749192
2026-10-04 19:30,RO,55,RONALDO CAIADO,16398,1.743894826
2026-10-04 19:30,RO,30,ZEMA,1285,0.136657205
2026-10-04 19:30,RO,80,SAMARA,834,0.088694248
2026-10-04 19:30,RO,27,CLARIANA BARAO,350,0.037221807
2026-10-04 19:30,RO,16,HERTZ DIAS,174,0.018504555
2026-10-04 19:30,RO,21,EDMILSON COSTA,157,0.016696639
2026-10-04 19:30,RO,35,VETERINÁRIO WILSON GRASSI,97,0.010315758
2026-10-04 19:30,RO,29,RUI COSTA PIMENTA,59,0.006274533
2026-10-04 19:30,RR,22,FLAVIO BOLSONARO,228064,71.453994035
2026-10-04 19:30,RR,13,LULA,71489,22.397987317
2026-10-04 19:30,RR,70,ESCRITOR AUGUSTO CURY,8500,2.663107502
2026-10-04 19:30,RR,14,RENAN SANTOS,6562,2.055918991
2026-10-04 19:30,RR,55,RONALDO CAIADO,3606,1.129784194
2026-10-04 19:30,RR,30,ZEMA,334,0.104644459
2026-10-04 19:30,RR,80,SAMARA,277,0.086785974
2026-10-04 19:30,RR,27,CLARIANA BARAO,167,0.05232223
2026-10-04 19:30,RR,16,HERTZ DIAS,60,0.018798406
2026-10-04 19:30,RR,21,EDMILSON COSTA,42,0.013158884
2026-10-04 19:30,RR,35,VETERINÁRIO WILSON GRASSI,41,0.012845577
2026-10-04 19:30,RR,29,RUI COSTA PIMENTA,34,0.01065243
2026-10-04 19:30,RS,22,FLAVIO BOLSONARO,3456843,55.538618123
2026-10-04 19:30,RS,13,LULA,2228521,35.804049185
2026-10-04 19:30,RS,70,ESCRITOR AUGUSTO CURY,190085,3.053959415
2026-10-04 19:30,RS,14,RENAN SANTOS,163165,2.621455075
2026-10-04 19:30,RS,55,RONALDO CAIADO,153493,2.466061985
2026-10-04 19:30,RS,30,ZEMA,18526,0.29764396
2026-10-04 19:30,RS,80,SAMARA,6517,0.104703967
2026-10-04 19:30,RS,16,HERTZ DIAS,2105,0.033819526
2026-10-04 19:30,RS,27,CLARIANA BARAO,2028,0.032582422
2026-10-04 19:30,RS,29,RUI COSTA PIMENTA,1020,0.016387609
2026-10-04 19:30,RS,21,EDMILSON COSTA,997,0.016018084
2026-10-04 19:30,RS,35,VETERINÁRIO WILSON GRASSI,915,0.014700649
2026-10-04 19:30,SC,22,FLAVIO BOLSONARO,2747082,66.530654652
2026-10-04 19:30,SC,13,LULA,1036108,25.093151035
2026-10-04 19:30,SC,70,ESCRITOR AUGUSTO CURY,123549,2.992191661
2026-10-04 19:30,SC,14,RENAN SANTOS,122993,2.978726084
2026-10-04 19:30,SC,55,RONALDO CAIADO,74132,1.795377965
2026-10-04 19:30,SC,30,ZEMA,15868,0.384301753
2026-10-04 19:30,SC,80,SAMARA,4701,0.113851937
2026-10-04 19:30,SC,16,HERTZ DIAS,1407,0.03407566
2026-10-04 19:30,SC,27,CLARIANA BARAO,1330,0.032210822
2026-10-04 19:30,SC,21,EDMILSON COSTA,755,0.018285091
2026-10-04 19:30,SC,29,RUI COSTA PIMENTA,602,0.014579635
2026-10-04 19:30,SC,35,VETERINÁRIO WILSON GRASSI,520,0.012593705
2026-10-04 19:30,SE,13,LULA,762093,62.017015978
2026-10-04 19:30,SE,22,FLAVIO BOLSONARO,383560,31.213049652
2026-10-04 19:30,SE,70,ESCRITOR AUGUSTO CURY,36015,2.930800874
2026-10-04 19:30,SE,55,RONALDO CAIADO,24203,1.969573054
2026-10-04 19:30,SE,14,RENAN SANTOS,19815,1.612489777
2026-10-04 19:30,SE,30,ZEMA,1085,0.088294293
2026-10-04 19:30,SE,80,SAMARA,923,0.075111182
2026-10-04 19:30,SE,27,CLARIANA BARAO,424,0.034503945
2026-10-04 19:30,SE,16,HERTZ DIAS,312,0.025389695
2026-10-04 19:30,SE,21,EDMILSON COSTA,188,0.015298919
2026-10-04 19:30,SE,35,VETERINÁRIO WILSON GRASSI,130,0.01057904
2026-10-04 19:30,SE,29,RUI COSTA PIMENTA,97,0.007893591
2026-10-04 19:30,SP,22,FLAVIO BOLSONARO,11279249,52.249720262
2026-10-04 19:30,SP,13,LULA,8183800,37.910437183
2026-10-04 19:30,SP,70,ESCRITOR AUGUSTO CURY,772301,3.577588473
2026-10-04 19:30,SP,14,RENAN SANTOS,694857,3.218838761
2026-10-04 19:30,SP,55,RONALDO CAIADO,502044,2.325656483
2026-10-04 19:30,SP,30,ZEMA,81751,0.378701355
2026-10-04 19:30,SP,80,SAMARA,36680,0.169915545
2026-10-04 19:30,SP,16,HERTZ DIAS,13801,0.063931419
2026-10-04 19:30,SP,27,CLARIANA BARAO,9049,0.041918369
2026-10-04 19:30,SP,21,EDMILSON COSTA,5288,0.024496003
2026-10-04 19:30,SP,35,VETERINÁRIO WILSON GRASSI,4487,0.02078547
2026-10-04 19:30,SP,29,RUI COSTA PIMENTA,3888,0.018010677
2026-10-04 19:30,TO,22,FLAVIO BOLSONARO,459269,50.336365629
2026-10-04 19:30,TO,13,LULA,397126,43.525427444
2026-10-04 19:30,TO,70,ESCRITOR AUGUSTO CURY,21991,2.410236738
2026-10-04 19:30,TO,55,RONALDO CAIADO,19829,2.173279263
2026-10-04 19:30,TO,14,RENAN SANTOS,12703,1.392262166
2026-10-04 19:30,TO,30,ZEMA,585,0.064116616
2026-10-04 19:30,TO,80,SAMARA,389,0.042634809
2026-10-04 19:30,TO,27,CLARIANA BARAO,167,0.018303376
2026-10-04 19:30,TO,21,EDMILSON COSTA,115,0.012604121
2026-10-04 19:30,TO,16,HERTZ DIAS,99,0.010850504
2026-10-04 19:30,TO,35,VETERINÁRIO WILSON GRASSI,65,0.007124068
2026-10-04 19:30,TO,29,RUI COSTA PIMENTA,62,0.006795265
2026-10-04 19:30,ZZ,13,LULA,122963,51.085583714
2026-10-04 19:30,ZZ,22,FLAVIO BOLSONARO,95108,39.51308683
2026-10-04 19:30,ZZ,70,ESCRITOR AUGUSTO CURY,7536,3.130868301
2026-10-04 19:30,ZZ,14,RENAN SANTOS,6579,2.733277939
2026-10-04 19:30,ZZ,55,RONALDO CAIADO,3448,1.432488575
2026-10-04 19:30,ZZ,30,ZEMA,2345,0.974241795
2026-10-04 19:30,ZZ,80,SAMARA,908,0.37723307
2026-10-04 19:30,ZZ,27,CLARIANA BARAO,718,0.298296635
2026-10-04 19:30,ZZ,21,EDMILSON COSTA,353,0.146655588
2026-10-04 19:30,ZZ,16,HERTZ DIAS,317,0.131699211
2026-10-04 19:30,ZZ,35,VETERINÁRIO WILSON GRASSI,271,0.112588284
2026-10-04 19:30,ZZ,29,RUI COSTA PIMENTA,154,0.063980058
2026-10-04 19:34,BR,22,FLAVIO BOLSONARO,37566895,49.58486501
2026-10-04 19:34,BR,13,LULA,32007853,42.247438077
2026-10-04 19:34,BR,70,ESCRITOR AUGUSTO CURY,2247926,2.967056693
2026-10-04 19:34,BR,55,RONALDO CAIADO,1774893,2.342696404
2026-10-04 19:34,BR,14,RENAN SANTOS,1772742,2.33985728
2026-10-04 19:34,BR,30,ZEMA,220598,0.291169181
2026-10-04 19:34,BR,80,SAMARA,80928,0.106817557
2026-10-04 19:34,BR,16,HERTZ DIAS,28466,0.037572516
2026-10-04 19:34,BR,27,CLARIANA BARAO,26802,0.035376188
2026-10-04 19:34,BR,21,EDMILSON COSTA,14415,0.019026481
2026-10-04 19:34,BR,35,VETERINÁRIO WILSON GRASSI,11041,0.01457311
2026-10-04 19:34,BR,29,RUI COSTA PIMENTA,10267,0.013551501
2026-10-04 19:34,AC,22,FLAVIO BOLSONARO,296503,64.610412958
2026-10-04 19:34,AC,13,LULA,131531,28.661673665
2026-10-04 19:34,AC,70,ESCRITOR AUGUSTO CURY,13269,2.891422918
2026-10-04 19:34,AC,55,RONALDO CAIADO,8408,1.83217152
2026-10-04 19:34,AC,14,RENAN SANTOS,7842,1.708835521
2026-10-04 19:34,AC,30,ZEMA,559,0.121810642
2026-10-04 19:34,AC,80,SAMARA,311,0.067769427
2026-10-04 19:34,AC,27,CLARIANA BARAO,205,0.044671166
2026-10-04 19:34,AC,21,EDMILSON COSTA,138,0.030071321
2026-10-04 19:34,AC,16,HERTZ DIAS,69,0.015035661
2026-10-04 19:34,AC,29,RUI COSTA PIMENTA,38,0.008280509
2026-10-04 19:34,AC,35,VETERINÁRIO WILSON GRASSI,36,0.007844693
2026-10-04 19:34,AL,13,LULA,553945,56.965377243
2026-10-04 19:34,AL,22,FLAVIO BOLSONARO,374648,38.527226806
2026-10-04 19:34,AL,70,ESCRITOR AUGUSTO CURY,22003,2.262696108
2026-10-04 19:34,AL,14,RENAN SANTOS,13159,1.353216292
2026-10-04 19:34,AL,55,RONALDO CAIADO,6652,0.684063742
2026-10-04 19:34,AL,80,SAMARA,617,0.063449689
2026-10-04 19:34,AL,30,ZEMA,560,0.057588048
2026-10-04 19:34,AL,27,CLARIANA BARAO,315,0.032393277
2026-10-04 19:34,AL,16,HERTZ DIAS,215,0.022109697
2026-10-04 19:34,AL,21,EDMILSON COSTA,141,0.014499848
2026-10-04 19:34,AL,35,VETERINÁRIO WILSON GRASSI,120,0.012340296
2026-10-04 19:34,AL,29,RUI COSTA PIMENTA,49,0.005038954
2026-10-04 19:34,AM,22,FLAVIO BOLSONARO,871095,47.157104815
2026-10-04 19:34,AM,13,LULA,843113,45.642287135
2026-10-04 19:34,AM,70,ESCRITOR AUGUSTO CURY,70242,3.802581069
2026-10-04 19:34,AM,14,RENAN SANTOS,32364,1.752039146
2026-10-04 19:34,AM,55,RONALDO CAIADO,24999,1.353331684
2026-10-04 19:34,AM,80,SAMARA,1757,0.095115955
2026-10-04 19:34,AM,30,ZEMA,1682,0.091055798
2026-10-04 19:34,AM,27,CLARIANA BARAO,863,0.046718878
2026-10-04 19:34,AM,16,HERTZ DIAS,440,0.02381959
2026-10-04 19:34,AM,35,VETERINÁRIO WILSON GRASSI,274,0.014833109
2026-10-04 19:34,AM,21,EDMILSON COSTA,232,0.01255942
2026-10-04 19:34,AM,29,RUI COSTA PIMENTA,158,0.008553398
2026-10-04 19:34,AP,13,LULA,172933,46.337267721
2026-10-04 19:34,AP,22,FLAVIO BOLSONARO,168381,45.117562734
2026-10-04 19:34,AP,70,ESCRITOR AUGUSTO CURY,15348,4.112485095
2026-10-04 19:34,AP,14,RENAN SANTOS,8903,2.385552176
2026-10-04 19:34,AP,55,RONALDO CAIADO,6555,1.756407336
2026-10-04 19:34,AP,80,SAMARA,408,0.109323294
2026-10-04 19:34,AP,30,ZEMA,269,0.072078348
2026-10-04 19:34,AP,27,CLARIANA BARAO,183,0.049034713
2026-10-04 19:34,AP,16,HERTZ DIAS,100,0.026794925
2026-10-04 19:34,AP,21,EDMILSON COSTA,45,0.012057716
2026-10-04 19:34,AP,29,RUI COSTA PIMENTA,42,0.011253869
2026-10-04 19:34,AP,35,VETERINÁRIO WILSON GRASSI,38,0.010182072
2026-10-04 19:34,BA,13,LULA,3445739,64.981281107
2026-10-04 19:34,BA,22,FLAVIO BOLSONARO,1561840,29.453874505
2026-10-04 19:34,BA,70,ESCRITOR AUGUSTO CURY,124352,2.345085414
2026-10-04 19:34,BA,55,RONALDO CAIADO,80942,1.526440295
2026-10-04 19:34,BA,14,RENAN SANTOS,78062,1.472127972
2026-10-04 19:34,BA,30,ZEMA,4519,0.085221315
2026-10-04 19:34,BA,80,SAMARA,3171,0.059800131
2026-10-04 19:34,BA,16,HERTZ DIAS,1190,0.02244155
2026-10-04 19:34,BA,27,CLARIANA BARAO,1106,0.020857441
2026-10-04 19:34,BA,21,EDMILSON COSTA,805,0.015181049
2026-10-04 19:34,BA,29,RUI COSTA PIMENTA,534,0.01007041
2026-10-04 19:34,BA,35,VETERINÁRIO WILSON GRASSI,404,0.007618812
2026-10-04 19:34,CE,13,LULA,2365098,61.701739108
2026-10-04 19:34,CE,22,FLAVIO BOLSONARO,1246761,32.526061056
2026-10-04 19:34,CE,70,ESCRITOR AUGUSTO CURY,99683,2.600574885
2026-10-04 19:34,CE,14,RENAN SANTOS,78946,2.059578713
2026-10-04 19:34,CE,55,RONALDO CAIADO,33420,0.871875973
2026-10-04 19:34,CE,30,ZEMA,3440,0.089744265
2026-10-04 19:34,CE,80,SAMARA,2617,0.068273472
2026-10-04 19:34,CE,16,HERTZ DIAS,1099,0.028671206
2026-10-04 19:34,CE,27,CLARIANA BARAO,771,0.020114194
2026-10-04 19:34,CE,21,EDMILSON COSTA,552,0.014400824
2026-10-04 19:34,CE,29,RUI COSTA PIMENTA,369,0.009626638
2026-10-04 19:34,CE,35,VETERINÁRIO WILSON GRASSI,358,0.009339665
2026-10-04 19:34,DF,22,FLAVIO BOLSONARO,904230,51.294574936
2026-10-04 19:34,DF,13,LULA,672045,38.123334343
2026-10-04 19:34,DF,55,RONALDO CAIADO,84648,4.801857027
2026-10-04 19:34,DF,14,RENAN SANTOS,46429,2.6337943
2026-10-04 19:34,DF,70,ESCRITOR AUGUSTO CURY,45711,2.59306406
2026-10-04 19:34,DF,30,ZEMA,4898,0.277850578
2026-10-04 19:34,DF,80,SAMARA,2284,0.129565276
2026-10-04 19:34,DF,16,HERTZ DIAS,826,0.046856794
2026-10-04 19:34,DF,27,CLARIANA BARAO,711,0.040333148
2026-10-04 19:34,DF,29,RUI COSTA PIMENTA,380,0.021556394
2026-10-04 19:34,DF,21,EDMILSON COSTA,334,0.018946936
2026-10-04 19:34,DF,35,VETERINÁRIO WILSON GRASSI,322,0.018266208
2026-10-04 19:34,ES,22,FLAVIO BOLSONARO,1217989,54.879819769
2026-10-04 19:34,ES,13,LULA,835729,37.656051816
2026-10-04 19:34,ES,70,ESCRITOR AUGUSTO CURY,64270,2.895860321
2026-10-04 19:34,ES,14,RENAN SANTOS,52541,2.367378203
2026-10-04 19:34,ES,55,RONALDO CAIADO,38578,1.738237116
2026-10-04 19:34,ES,30,ZEMA,5814,0.261965643
2026-10-04 19:34,ES,80,SAMARA,1936,0.087231766
2026-10-04 19:34,ES,27,CLARIANA BARAO,959,0.043210363
2026-10-04 19:34,ES,16,HERTZ DIAS,630,0.02838637
2026-10-04 19:34,ES,21,EDMILSON COSTA,378,0.017031822
2026-10-04 19:34,ES,35,VETERINÁRIO WILSON GRASSI,309,0.013922839
2026-10-04 19:34,ES,29,RUI COSTA PIMENTA,242,0.010903971
2026-10-04 19:34,GO,22,FLAVIO BOLSONARO,1883655,54.034125185
2026-10-04 19:34,GO,13,LULA,1067827,30.63145735
2026-10-04 19:34,GO,55,RONALDO CAIADO,428333,12.287068992
2026-10-04 19:34,GO,14,RENAN SANTOS,49943,1.432654236
2026-10-04 19:34,GO,70,ESCRITOR AUGUSTO CURY,49716,1.426142562
2026-10-04 19:34,GO,30,ZEMA,2511,0.07203001
2026-10-04 19:34,GO,80,SAMARA,1940,0.055650426
2026-10-04 19:34,GO,16,HERTZ DIAS,613,0.017584387
2026-10-04 19:34,GO,27,CLARIANA BARAO,518,0.014859237
2026-10-04 19:34,GO,21,EDMILSON COSTA,422,0.012105402
2026-10-04 19:34,GO,35,VETERINÁRIO WILSON GRASSI,323,0.009265509
2026-10-04 19:34,GO,29,RUI COSTA PIMENTA,246,0.007056703
2026-10-04 19:34,MA,13,LULA,1857951,62.570229189
2026-10-04 19:34,MA,22,FLAVIO BOLSONARO,955681,32.18447591
2026-10-04 19:34,MA,70,ESCRITOR AUGUSTO CURY,64440,2.170146343
2026-10-04 19:34,MA,14,RENAN SANTOS,45562,1.534391802
2026-10-04 19:34,MA,55,RONALDO CAIADO,38301,1.289863052
2026-10-04 19:34,MA,30,ZEMA,3498,0.117802171
2026-10-04 19:34,MA,80,SAMARA,1360,0.04580073
2026-10-04 19:34,MA,16,HERTZ DIAS,1186,0.039940931
2026-10-04 19:34,MA,27,CLARIANA BARAO,666,0.022428887
2026-10-04 19:34,MA,21,EDMILSON COSTA,348,0.011719599
2026-10-04 19:34,MA,35,VETERINÁRIO WILSON GRASSI,220,0.007408942
2026-10-04 19:34,MA,29,RUI COSTA PIMENTA,172,0.005792445
2026-10-04 19:34,MG,22,FLAVIO BOLSONARO,4589434,48.917734844
2026-10-04 19:34,MG,13,LULA,3979196,42.413346574
2026-10-04 19:34,MG,70,ESCRITOR AUGUSTO CURY,325602,3.470517781
2026-10-04 19:34,MG,14,RENAN SANTOS,200951,2.141891077
2026-10-04 19:34,MG,55,RONALDO CAIADO,185812,1.980527914
2026-10-04 19:34,MG,30,ZEMA,81041,0.863797616
2026-10-04 19:34,MG,80,SAMARA,9245,0.098540356
2026-10-04 19:34,MG,16,HERTZ DIAS,3449,0.036762108
2026-10-04 19:34,MG,27,CLARIANA BARAO,2775,0.029578095
2026-10-04 19:34,MG,21,EDMILSON COSTA,1798,0.019164474
2026-10-04 19:34,MG,35,VETERINÁRIO WILSON GRASSI,1423,0.015167434
2026-10-04 19:34,MG,29,RUI COSTA PIMENTA,1217,0.012971727
2026-10-04 19:34,MS,22,FLAVIO BOLSONARO,870220,58.744389473
2026-10-04 19:34,MS,13,LULA,511323,34.516969799
2026-10-04 19:34,MS,70,ESCRITOR AUGUSTO CURY,39046,2.635808682
2026-10-04 19:34,MS,14,RENAN SANTOS,31777,2.145113264
2026-10-04 19:34,MS,55,RONALDO CAIADO,23228,1.568011168
2026-10-04 19:34,MS,30,ZEMA,2782,0.187799512
2026-10-04 19:34,MS,80,SAMARA,1290,0.087081729
2026-10-04 19:34,MS,27,CLARIANA BARAO,626,0.042258266
2026-10-04 19:34,MS,16,HERTZ DIAS,353,0.023829341
2026-10-04 19:34,MS,21,EDMILSON COSTA,331,0.022344227
2026-10-04 19:34,MS,35,VETERINÁRIO WILSON GRASSI,208,0.014041085
2026-10-04 19:34,MS,29,RUI COSTA PIMENTA,183,0.012353455
2026-10-04 19:34,MT,22,FLAVIO BOLSONARO,1247183,65.368246491
2026-10-04 19:34,MT,13,LULA,551722,28.917247662
2026-10-04 19:34,MT,70,ESCRITOR AUGUSTO CURY,38611,2.023707319
2026-10-04 19:34,MT,14,RENAN SANTOS,32085,1.681661944
2026-10-04 19:34,MT,55,RONALDO CAIADO,31775,1.665414003
2026-10-04 19:34,MT,30,ZEMA,2359,0.123641593
2026-10-04 19:34,MT,27,CLARIANA BARAO,1817,0.095233902
2026-10-04 19:34,MT,80,SAMARA,1535,0.080453517
2026-10-04 19:34,MT,16,HERTZ DIAS,328,0.01719137
2026-10-04 19:34,MT,21,EDMILSON COSTA,231,0.012107337
2026-10-04 19:34,MT,35,VETERINÁRIO WILSON GRASSI,165,0.008648098
2026-10-04 19:34,MT,29,RUI COSTA PIMENTA,123,0.006446764
2026-10-04 19:34,PA,13,LULA,1942911,48.284744428
2026-10-04 19:34,PA,22,FLAVIO BOLSONARO,1844140,45.830111925
2026-10-04 19:34,PA,70,ESCRITOR AUGUSTO CURY,107977,2.683417742
2026-10-04 19:34,PA,14,RENAN SANTOS,74082,1.841067572
2026-10-04 19:34,PA,55,RONALDO CAIADO,45226,1.123945385
2026-10-04 19:34,PA,80,SAMARA,3442,0.085539734
2026-10-04 19:34,PA,30,ZEMA,2731,0.067870138
2026-10-04 19:34,PA,27,CLARIANA BARAO,1157,0.028753478
2026-10-04 19:34,PA,16,HERTZ DIAS,954,0.023708572
2026-10-04 19:34,PA,21,EDMILSON COSTA,566,0.014066092
2026-10-04 19:34,PA,35,VETERINÁRIO WILSON GRASSI,400,0.009940701
2026-10-04 19:34,PA,29,RUI COSTA PIMENTA,275,0.006834232
2026-10-04 19:34,PB,13,LULA,1501801,61.206415217
2026-10-04 19:34,PB,22,FLAVIO BOLSONARO,813407,33.15068147
2026-10-04 19:34,PB,70,ESCRITOR AUGUSTO CURY,72267,2.945266389
2026-10-04 19:34,PB,14,RENAN SANTOS,41474,1.690287105
2026-10-04 19:34,PB,55,RONALDO CAIADO,19157,0.78075011
2026-10-04 19:34,PB,30,ZEMA,1959,0.079839717
2026-10-04 19:34,PB,80,SAMARA,1569,0.063945134
2026-10-04 19:34,PB,16,HERTZ DIAS,614,0.025023781
2026-10-04 19:34,PB,27,CLARIANA BARAO,594,0.024208674
2026-10-04 19:34,PB,21,EDMILSON COSTA,340,0.013856817
2026-10-04 19:34,PB,29,RUI COSTA PIMENTA,271,0.011044698
2026-10-04 19:34,PB,35,VETERINÁRIO WILSON GRASSI,213,0.008680888
2026-10-04 19:34,PE,13,LULA,2573557,62.544765847
2026-10-04 19:34,PE,22,FLAVIO BOLSONARO,1310122,31.839696467
2026-10-04 19:34,PE,70,ESCRITOR AUGUSTO CURY,102116,2.481709676
2026-10-04 19:34,PE,14,RENAN SANTOS,64574,1.569332138
2026-10-04 19:34,PE,55,RONALDO CAIADO,54834,1.332622394
2026-10-04 19:34,PE,30,ZEMA,4922,0.11961862
2026-10-04 19:34,PE,80,SAMARA,1863,0.045276207
2026-10-04 19:34,PE,16,HERTZ DIAS,896,0.021775352
2026-10-04 19:34,PE,27,CLARIANA BARAO,685,0.016647451
2026-10-04 19:34,PE,21,EDMILSON COSTA,510,0.012394453
2026-10-04 19:34,PE,35,VETERINÁRIO WILSON GRASSI,346,0.008408786
2026-10-04 19:34,PE,29,RUI COSTA PIMENTA,319,0.007752609
2026-10-04 19:34,PI,13,LULA,1270939,70.312643495
2026-10-04 19:34,PI,22,FLAVIO BOLSONARO,445375,24.639651153
2026-10-04 19:34,PI,70,ESCRITOR AUGUSTO CURY,41036,2.270250294
2026-10-04 19:34,PI,14,RENAN SANTOS,28083,1.55364653
2026-10-04 19:34,PI,55,RONALDO CAIADO,18572,1.027465846
2026-10-04 19:34,PI,30,ZEMA,1213,0.067107262
2026-10-04 19:34,PI,80,SAMARA,963,0.053276417
2026-10-04 19:34,PI,27,CLARIANA BARAO,431,0.023844378
2026-10-04 19:34,PI,16,HERTZ DIAS,391,0.021631442
2026-10-04 19:34,PI,21,EDMILSON COSTA,263,0.014550049
2026-10-04 19:34,PI,35,VETERINÁRIO WILSON GRASSI,163,0.009017711
2026-10-04 19:34,PI,29,RUI COSTA PIMENTA,125,0.006915423
2026-10-04 19:34,PR,22,FLAVIO BOLSONARO,3914395,59.957583601
2026-10-04 19:34,PR,13,LULA,2032656,31.134604978
2026-10-04 19:34,PR,70,ESCRITOR AUGUSTO CURY,203687,3.119915167
2026-10-04 19:34,PR,14,RENAN SANTOS,176482,2.703210654
2026-10-04 19:34,PR,55,RONALDO CAIADO,170050,2.604690403
2026-10-04 19:34,PR,30,ZEMA,17096,0.261862906
2026-10-04 19:34,PR,80,SAMARA,6708,0.102747799
2026-10-04 19:34,PR,27,CLARIANA BARAO,2435,0.03729739
2026-10-04 19:34,PR,16,HERTZ DIAS,2048,0.031369632
2026-10-04 19:34,PR,21,EDMILSON COSTA,1177,0.018028348
2026-10-04 19:34,PR,35,VETERINÁRIO WILSON GRASSI,962,0.014735149
2026-10-04 19:34,PR,29,RUI COSTA PIMENTA,911,0.013953972
2026-10-04 19:34,RJ,22,FLAVIO BOLSONARO,3361400,53.413674721
2026-10-04 19:34,RJ,13,LULA,2461041,39.106694665
2026-10-04 19:34,RJ,70,ESCRITOR AUGUSTO CURY,165931,2.636694371
2026-10-04 19:34,RJ,14,RENAN SANTOS,137961,2.192242511
2026-10-04 19:34,RJ,55,RONALDO CAIADO,132780,2.109914836
2026-10-04 19:34,RJ,30,ZEMA,15056,0.239244448
2026-10-04 19:34,RJ,80,SAMARA,9198,0.146159035
2026-10-04 19:34,RJ,27,CLARIANA BARAO,2699,0.042887936
2026-10-04 19:34,RJ,16,HERTZ DIAS,2638,0.041918627
2026-10-04 19:34,RJ,21,EDMILSON COSTA,1954,0.031049658
2026-10-04 19:34,RJ,35,VETERINÁRIO WILSON GRASSI,1267,0.020133018
2026-10-04 19:34,RJ,29,RUI COSTA PIMENTA,1220,0.019386173
2026-10-04 19:34,RN,13,LULA,975745,59.736868688
2026-10-04 19:34,RN,22,FLAVIO BOLSONARO,567745,34.758372847
2026-10-04 19:34,RN,70,ESCRITOR AUGUSTO CURY,45214,2.768082625
2026-10-04 19:34,RN,14,RENAN SANTOS,28029,1.715985931
2026-10-04 19:34,RN,55,RONALDO CAIADO,13151,0.805127938
2026-10-04 19:34,RN,30,ZEMA,1229,0.075241597
2026-10-04 19:34,RN,80,SAMARA,984,0.060242255
2026-10-04 19:34,RN,16,HERTZ DIAS,445,0.027243703
2026-10-04 19:34,RN,27,CLARIANA BARAO,324,0.019835864
2026-10-04 19:34,RN,21,EDMILSON COSTA,249,0.015244229
2026-10-04 19:34,RN,35,VETERINÁRIO WILSON GRASSI,149,0.009122049
2026-10-04 19:34,RN,29,RUI COSTA PIMENTA,141,0.008632274
2026-10-04 19:34,RO,22,FLAVIO BOLSONARO,638932,67.35937892
2026-10-04 19:34,RO,13,LULA,246413,25.978080043
2026-10-04 19:34,RO,70,ESCRITOR AUGUSTO CURY,24857,2.620548168
2026-10-04 19:34,RO,14,RENAN SANTOS,18842,1.986417048
2026-10-04 19:34,RO,55,RONALDO CAIADO,16530,1.742674547
2026-10-04 19:34,RO,30,ZEMA,1292,0.136209045
2026-10-04 19:34,RO,80,SAMARA,838,0.088346114
2026-10-04 19:34,RO,27,CLARIANA BARAO,351,0.03700416
2026-10-04 19:34,RO,16,HERTZ DIAS,174,0.018343943
2026-10-04 19:34,RO,21,EDMILSON COSTA,157,0.016551718
2026-10-04 19:34,RO,35,VETERINÁRIO WILSON GRASSI,97,0.010226221
2026-10-04 19:34,RO,29,RUI COSTA PIMENTA,59,0.006220072
2026-10-04 19:34,RR,22,FLAVIO BOLSONARO,228239,71.458001334
2026-10-04 19:34,RR,13,LULA,71527,22.393966243
2026-10-04 19:34,RR,70,ESCRITOR AUGUSTO CURY,8506,2.663093334
2026-10-04 19:34,RR,14,RENAN SANTOS,6567,2.056023268
2026-10-04 19:34,RR,55,RONALDO CAIADO,3609,1.129920508
2026-10-04 19:34,RR,30,ZEMA,334,0.104570089
2026-10-04 19:34,RR,80,SAMARA,277,0.086724295
2026-10-04 19:34,RR,27,CLARIANA BARAO,167,0.052285044
2026-10-04 19:34,RR,16,HERTZ DIAS,60,0.018785046
2026-10-04 19:34,RR,21,EDMILSON COSTA,42,0.013149532
2026-10-04 19:34,RR,35,VETERINÁRIO WILSON GRASSI,41,0.012836448
2026-10-04 19:34,RR,29,RUI COSTA PIMENTA,34,0.010644859
2026-10-04 19:34,RS,22,FLAVIO BOLSONARO,3486373,55.579418812
2026-10-04 19:34,RS,13,LULA,2243696,35.768783108
2026-10-04 19:34,RS,70,ESCRITOR AUGUSTO CURY,191342,3.050355528
2026-10-04 19:34,RS,14,RENAN SANTOS,164299,2.619238656
2026-10-04 19:34,RS,55,RONALDO CAIADO,154775,2.467407976
2026-10-04 19:34,RS,30,ZEMA,18659,0.297459961
2026-10-04 19:34,RS,80,SAMARA,6539,0.104244101
2026-10-04 19:34,RS,16,HERTZ DIAS,2115,0.033717124
2026-10-04 19:34,RS,27,CLARIANA BARAO,2032,0.032393946
2026-10-04 19:34,RS,29,RUI COSTA PIMENTA,1023,0.016308566
2026-10-04 19:34,RS,21,EDMILSON COSTA,1008,0.016069438
2026-10-04 19:34,RS,35,VETERINÁRIO WILSON GRASSI,916,0.014602783
2026-10-04 19:34,SC,22,FLAVIO BOLSONARO,2806634,66.569830945
2026-10-04 19:34,SC,13,LULA,1056818,25.066394692
2026-10-04 19:34,SC,70,ESCRITOR AUGUSTO CURY,126071,2.990245667
2026-10-04 19:34,SC,14,RENAN SANTOS,125423,2.974875921
2026-10-04 19:34,SC,55,RONALDO CAIADO,75576,1.792567732
2026-10-04 19:34,SC,30,ZEMA,16086,0.381539702
2026-10-04 19:34,SC,80,SAMARA,4764,0.112996092
2026-10-04 19:34,SC,16,HERTZ DIAS,1428,0.033870365
2026-10-04 19:34,SC,27,CLARIANA BARAO,1358,0.032210053
2026-10-04 19:34,SC,21,EDMILSON COSTA,773,0.018334588
2026-10-04 19:34,SC,29,RUI COSTA PIMENTA,613,0.01453959
2026-10-04 19:34,SC,35,VETERINÁRIO WILSON GRASSI,531,0.012594653
2026-10-04 19:34,SE,13,LULA,780086,62.137748982
2026-10-04 19:34,SE,22,FLAVIO BOLSONARO,390595,31.11284405
2026-10-04 19:34,SE,70,ESCRITOR AUGUSTO CURY,36627,2.917523622
2026-10-04 19:34,SE,55,RONALDO CAIADO,24724,1.969390177
2026-10-04 19:34,SE,14,RENAN SANTOS,20168,1.606482005
2026-10-04 19:34,SE,30,ZEMA,1096,0.087301878
2026-10-04 19:34,SE,80,SAMARA,939,0.074796043
2026-10-04 19:34,SE,27,CLARIANA BARAO,438,0.034888889
2026-10-04 19:34,SE,16,HERTZ DIAS,318,0.025330289
2026-10-04 19:34,SE,21,EDMILSON COSTA,194,0.01545307
2026-10-04 19:34,SE,35,VETERINÁRIO WILSON GRASSI,130,0.01035515
2026-10-04 19:34,SE,29,RUI COSTA PIMENTA,99,0.007885845
2026-10-04 19:34,SP,22,FLAVIO BOLSONARO,11279249,52.249720262
2026-10-04 19:34,SP,13,LULA,8183800,37.910437183
2026-10-04 19:34,SP,70,ESCRITOR AUGUSTO CURY,772301,3.577588473
2026-10-04 19:34,SP,14,RENAN SANTOS,694857,3.218838761
2026-10-04 19:34,SP,55,RONALDO CAIADO,502044,2.325656483
2026-10-04 19:34,SP,30,ZEMA,81751,0.378701355
2026-10-04 19:34,SP,80,SAMARA,36680,0.169915545
2026-10-04 19:34,SP,16,HERTZ DIAS,13801,0.063931419
2026-10-04 19:34,SP,27,CLARIANA BARAO,9049,0.041918369
2026-10-04 19:34,SP,21,EDMILSON COSTA,5288,0.024496003
2026-10-04 19:34,SP,35,VETERINÁRIO WILSON GRASSI,4487,0.02078547
2026-10-04 19:34,SP,29,RUI COSTA PIMENTA,3888,0.018010677
2026-10-04 19:34,TO,22,FLAVIO BOLSONARO,462484,50.358510556
2026-10-04 19:34,TO,13,LULA,399554,43.506249571
2026-10-04 19:34,TO,70,ESCRITOR AUGUSTO CURY,22113,2.40781896
2026-10-04 19:34,TO,55,RONALDO CAIADO,19938,2.170989663
2026-10-04 19:34,TO,14,RENAN SANTOS,12803,1.394080683
2026-10-04 19:34,TO,30,ZEMA,588,0.064025575
2026-10-04 19:34,TO,80,SAMARA,390,0.042465943
2026-10-04 19:34,TO,27,CLARIANA BARAO,170,0.018510796
2026-10-04 19:34,TO,21,EDMILSON COSTA,115,0.012522009
2026-10-04 19:34,TO,16,HERTZ DIAS,99,0.010779816
2026-10-04 19:34,TO,35,VETERINÁRIO WILSON GRASSI,66,0.007186544
2026-10-04 19:34,TO,29,RUI COSTA PIMENTA,63,0.006859883
2026-10-04 19:34,ZZ,13,LULA,122963,51.085583714
2026-10-04 19:34,ZZ,22,FLAVIO BOLSONARO,95108,39.51308683
2026-10-04 19:34,ZZ,70,ESCRITOR AUGUSTO CURY,7536,3.130868301
2026-10-04 19:34,ZZ,14,RENAN SANTOS,6579,2.733277939
2026-10-04 19:34,ZZ,55,RONALDO CAIADO,3448,1.432488575
2026-10-04 19:34,ZZ,30,ZEMA,2345,0.974241795
2026-10-04 19:34,ZZ,80,SAMARA,908,0.37723307
2026-10-04 19:34,ZZ,27,CLARIANA BARAO,718,0.298296635
2026-10-04 19:34,ZZ,21,EDMILSON COSTA,353,0.146655588
2026-10-04 19:34,ZZ,16,HERTZ DIAS,317,0.131699211
2026-10-04 19:34,ZZ,35,VETERINÁRIO WILSON GRASSI,271,0.112588284
2026-10-04 19:34,ZZ,29,RUI COSTA PIMENTA,154,0.063980058
2026-10-04 19:37,BR,22,FLAVIO BOLSONARO,37566895,49.58486501
2026-10-04 19:37,BR,13,LULA,32007853,42.247438077
2026-10-04 19:37,BR,70,ESCRITOR AUGUSTO CURY,2247926,2.967056693
2026-10-04 19:37,BR,55,RONALDO CAIADO,1774893,2.342696404
2026-10-04 19:37,BR,14,RENAN SANTOS,1772742,2.33985728
2026-10-04 19:37,BR,30,ZEMA,220598,0.291169181
2026-10-04 19:37,BR,80,SAMARA,80928,0.106817557
2026-10-04 19:37,BR,16,HERTZ DIAS,28466,0.037572516
2026-10-04 19:37,BR,27,CLARIANA BARAO,26802,0.035376188
2026-10-04 19:37,BR,21,EDMILSON COSTA,14415,0.019026481
2026-10-04 19:37,BR,35,VETERINÁRIO WILSON GRASSI,11041,0.01457311
2026-10-04 19:37,BR,29,RUI COSTA PIMENTA,10267,0.013551501
2026-10-04 19:37,AC,22,FLAVIO BOLSONARO,296503,64.610412958
2026-10-04 19:37,AC,13,LULA,131531,28.661673665
2026-10-04 19:37,AC,70,ESCRITOR AUGUSTO CURY,13269,2.891422918
2026-10-04 19:37,AC,55,RONALDO CAIADO,8408,1.83217152
2026-10-04 19:37,AC,14,RENAN SANTOS,7842,1.708835521
2026-10-04 19:37,AC,30,ZEMA,559,0.121810642
2026-10-04 19:37,AC,80,SAMARA,311,0.067769427
2026-10-04 19:37,AC,27,CLARIANA BARAO,205,0.044671166
2026-10-04 19:37,AC,21,EDMILSON COSTA,138,0.030071321
2026-10-04 19:37,AC,16,HERTZ DIAS,69,0.015035661
2026-10-04 19:37,AC,29,RUI COSTA PIMENTA,38,0.008280509
2026-10-04 19:37,AC,35,VETERINÁRIO WILSON GRASSI,36,0.007844693
2026-10-04 19:37,AL,13,LULA,553945,56.965377243
2026-10-04 19:37,AL,22,FLAVIO BOLSONARO,374648,38.527226806
2026-10-04 19:37,AL,70,ESCRITOR AUGUSTO CURY,22003,2.262696108
2026-10-04 19:37,AL,14,RENAN SANTOS,13159,1.353216292
2026-10-04 19:37,AL,55,RONALDO CAIADO,6652,0.684063742
2026-10-04 19:37,AL,80,SAMARA,617,0.063449689
2026-10-04 19:37,AL,30,ZEMA,560,0.057588048
2026-10-04 19:37,AL,27,CLARIANA BARAO,315,0.032393277
2026-10-04 19:37,AL,16,HERTZ DIAS,215,0.022109697
2026-10-04 19:37,AL,21,EDMILSON COSTA,141,0.014499848
2026-10-04 19:37,AL,35,VETERINÁRIO WILSON GRASSI,120,0.012340296
2026-10-04 19:37,AL,29,RUI COSTA PIMENTA,49,0.005038954
2026-10-04 19:37,AM,22,FLAVIO BOLSONARO,871095,47.157104815
2026-10-04 19:37,AM,13,LULA,843113,45.642287135
2026-10-04 19:37,AM,70,ESCRITOR AUGUSTO CURY,70242,3.802581069
2026-10-04 19:37,AM,14,RENAN SANTOS,32364,1.752039146
2026-10-04 19:37,AM,55,RONALDO CAIADO,24999,1.353331684
2026-10-04 19:37,AM,80,SAMARA,1757,0.095115955
2026-10-04 19:37,AM,30,ZEMA,1682,0.091055798
2026-10-04 19:37,AM,27,CLARIANA BARAO,863,0.046718878
2026-10-04 19:37,AM,16,HERTZ DIAS,440,0.02381959
2026-10-04 19:37,AM,35,VETERINÁRIO WILSON GRASSI,274,0.014833109
2026-10-04 19:37,AM,21,EDMILSON COSTA,232,0.01255942
2026-10-04 19:37,AM,29,RUI COSTA PIMENTA,158,0.008553398
2026-10-04 19:37,AP,13,LULA,172933,46.337267721
2026-10-04 19:37,AP,22,FLAVIO BOLSONARO,168381,45.117562734
2026-10-04 19:37,AP,70,ESCRITOR AUGUSTO CURY,15348,4.112485095
2026-10-04 19:37,AP,14,RENAN SANTOS,8903,2.385552176
2026-10-04 19:37,AP,55,RONALDO CAIADO,6555,1.756407336
2026-10-04 19:37,AP,80,SAMARA,408,0.109323294
2026-10-04 19:37,AP,30,ZEMA,269,0.072078348
2026-10-04 19:37,AP,27,CLARIANA BARAO,183,0.049034713
2026-10-04 19:37,AP,16,HERTZ DIAS,100,0.026794925
2026-10-04 19:37,AP,21,EDMILSON COSTA,45,0.012057716
2026-10-04 19:37,AP,29,RUI COSTA PIMENTA,42,0.011253869
2026-10-04 19:37,AP,35,VETERINÁRIO WILSON GRASSI,38,0.010182072
2026-10-04 19:37,BA,13,LULA,3629861,64.932741057
2026-10-04 19:37,BA,22,FLAVIO BOLSONARO,1649847,29.513275587
2026-10-04 19:37,BA,70,ESCRITOR AUGUSTO CURY,131206,2.347077539
2026-10-04 19:37,BA,55,RONALDO CAIADO,84750,1.516049734
2026-10-04 19:37,BA,14,RENAN SANTOS,82199,1.47041619
2026-10-04 19:37,BA,30,ZEMA,4746,0.084898785
2026-10-04 19:37,BA,80,SAMARA,3327,0.059515014
2026-10-04 19:37,BA,16,HERTZ DIAS,1263,0.022593166
2026-10-04 19:37,BA,27,CLARIANA BARAO,1155,0.020661209
2026-10-04 19:37,BA,21,EDMILSON COSTA,853,0.015258884
2026-10-04 19:37,BA,29,RUI COSTA PIMENTA,555,0.009928113
2026-10-04 19:37,BA,35,VETERINÁRIO WILSON GRASSI,424,0.007584721
2026-10-04 19:37,CE,13,LULA,2365098,61.701739108
2026-10-04 19:37,CE,22,FLAVIO BOLSONARO,1246761,32.526061056
2026-10-04 19:37,CE,70,ESCRITOR AUGUSTO CURY,99683,2.600574885
2026-10-04 19:37,CE,14,RENAN SANTOS,78946,2.059578713
2026-10-04 19:37,CE,55,RONALDO CAIADO,33420,0.871875973
2026-10-04 19:37,CE,30,ZEMA,3440,0.089744265
2026-10-04 19:37,CE,80,SAMARA,2617,0.068273472
2026-10-04 19:37,CE,16,HERTZ DIAS,1099,0.028671206
2026-10-04 19:37,CE,27,CLARIANA BARAO,771,0.020114194
2026-10-04 19:37,CE,21,EDMILSON COSTA,552,0.014400824
2026-10-04 19:37,CE,29,RUI COSTA PIMENTA,369,0.009626638
2026-10-04 19:37,CE,35,VETERINÁRIO WILSON GRASSI,358,0.009339665
2026-10-04 19:37,DF,22,FLAVIO BOLSONARO,904230,51.294574936
2026-10-04 19:37,DF,13,LULA,672045,38.123334343
2026-10-04 19:37,DF,55,RONALDO CAIADO,84648,4.801857027
2026-10-04 19:37,DF,14,RENAN SANTOS,46429,2.6337943
2026-10-04 19:37,DF,70,ESCRITOR AUGUSTO CURY,45711,2.59306406
2026-10-04 19:37,DF,30,ZEMA,4898,0.277850578
2026-10-04 19:37,DF,80,SAMARA,2284,0.129565276
2026-10-04 19:37,DF,16,HERTZ DIAS,826,0.046856794
2026-10-04 19:37,DF,27,CLARIANA BARAO,711,0.040333148
2026-10-04 19:37,DF,29,RUI COSTA PIMENTA,380,0.021556394
2026-10-04 19:37,DF,21,EDMILSON COSTA,334,0.018946936
2026-10-04 19:37,DF,35,VETERINÁRIO WILSON GRASSI,322,0.018266208
2026-10-04 19:37,ES,22,FLAVIO BOLSONARO,1225274,54.86461992
2026-10-04 19:37,ES,13,LULA,841258,37.669370626
2026-10-04 19:37,ES,70,ESCRITOR AUGUSTO CURY,64681,2.896248905
2026-10-04 19:37,ES,14,RENAN SANTOS,52886,2.368099126
2026-10-04 19:37,ES,55,RONALDO CAIADO,38836,1.738976245
2026-10-04 19:37,ES,30,ZEMA,5843,0.261634519
2026-10-04 19:37,ES,80,SAMARA,1957,0.087629429
2026-10-04 19:37,ES,27,CLARIANA BARAO,966,0.043254997
2026-10-04 19:37,ES,16,HERTZ DIAS,634,0.02838889
2026-10-04 19:37,ES,21,EDMILSON COSTA,379,0.016970646
2026-10-04 19:37,ES,35,VETERINÁRIO WILSON GRASSI,311,0.013925781
2026-10-04 19:37,ES,29,RUI COSTA PIMENTA,243,0.010880915
2026-10-04 19:37,GO,22,FLAVIO BOLSONARO,1883655,54.034125185
2026-10-04 19:37,GO,13,LULA,1067827,30.63145735
2026-10-04 19:37,GO,55,RONALDO CAIADO,428333,12.287068992
2026-10-04 19:37,GO,14,RENAN SANTOS,49943,1.432654236
2026-10-04 19:37,GO,70,ESCRITOR AUGUSTO CURY,49716,1.426142562
2026-10-04 19:37,GO,30,ZEMA,2511,0.07203001
2026-10-04 19:37,GO,80,SAMARA,1940,0.055650426
2026-10-04 19:37,GO,16,HERTZ DIAS,613,0.017584387
2026-10-04 19:37,GO,27,CLARIANA BARAO,518,0.014859237
2026-10-04 19:37,GO,21,EDMILSON COSTA,422,0.012105402
2026-10-04 19:37,GO,35,VETERINÁRIO WILSON GRASSI,323,0.009265509
2026-10-04 19:37,GO,29,RUI COSTA PIMENTA,246,0.007056703
2026-10-04 19:37,MA,13,LULA,1857951,62.570229189
2026-10-04 19:37,MA,22,FLAVIO BOLSONARO,955681,32.18447591
2026-10-04 19:37,MA,70,ESCRITOR AUGUSTO CURY,64440,2.170146343
2026-10-04 19:37,MA,14,RENAN SANTOS,45562,1.534391802
2026-10-04 19:37,MA,55,RONALDO CAIADO,38301,1.289863052
2026-10-04 19:37,MA,30,ZEMA,3498,0.117802171
2026-10-04 19:37,MA,80,SAMARA,1360,0.04580073
2026-10-04 19:37,MA,16,HERTZ DIAS,1186,0.039940931
2026-10-04 19:37,MA,27,CLARIANA BARAO,666,0.022428887
2026-10-04 19:37,MA,21,EDMILSON COSTA,348,0.011719599
2026-10-04 19:37,MA,35,VETERINÁRIO WILSON GRASSI,220,0.007408942
2026-10-04 19:37,MA,29,RUI COSTA PIMENTA,172,0.005792445
2026-10-04 19:37,MG,22,FLAVIO BOLSONARO,4589434,48.917734844
2026-10-04 19:37,MG,13,LULA,3979196,42.413346574
2026-10-04 19:37,MG,70,ESCRITOR AUGUSTO CURY,325602,3.470517781
2026-10-04 19:37,MG,14,RENAN SANTOS,200951,2.141891077
2026-10-04 19:37,MG,55,RONALDO CAIADO,185812,1.980527914
2026-10-04 19:37,MG,30,ZEMA,81041,0.863797616
2026-10-04 19:37,MG,80,SAMARA,9245,0.098540356
2026-10-04 19:37,MG,16,HERTZ DIAS,3449,0.036762108
2026-10-04 19:37,MG,27,CLARIANA BARAO,2775,0.029578095
2026-10-04 19:37,MG,21,EDMILSON COSTA,1798,0.019164474
2026-10-04 19:37,MG,35,VETERINÁRIO WILSON GRASSI,1423,0.015167434
2026-10-04 19:37,MG,29,RUI COSTA PIMENTA,1217,0.012971727
2026-10-04 19:37,MS,22,FLAVIO BOLSONARO,870220,58.744389473
2026-10-04 19:37,MS,13,LULA,511323,34.516969799
2026-10-04 19:37,MS,70,ESCRITOR AUGUSTO CURY,39046,2.635808682
2026-10-04 19:37,MS,14,RENAN SANTOS,31777,2.145113264
2026-10-04 19:37,MS,55,RONALDO CAIADO,23228,1.568011168
2026-10-04 19:37,MS,30,ZEMA,2782,0.187799512
2026-10-04 19:37,MS,80,SAMARA,1290,0.087081729
2026-10-04 19:37,MS,27,CLARIANA BARAO,626,0.042258266
2026-10-04 19:37,MS,16,HERTZ DIAS,353,0.023829341
2026-10-04 19:37,MS,21,EDMILSON COSTA,331,0.022344227
2026-10-04 19:37,MS,35,VETERINÁRIO WILSON GRASSI,208,0.014041085
2026-10-04 19:37,MS,29,RUI COSTA PIMENTA,183,0.012353455
2026-10-04 19:37,MT,22,FLAVIO BOLSONARO,1247183,65.368246491
2026-10-04 19:37,MT,13,LULA,551722,28.917247662
2026-10-04 19:37,MT,70,ESCRITOR AUGUSTO CURY,38611,2.023707319
2026-10-04 19:37,MT,14,RENAN SANTOS,32085,1.681661944
2026-10-04 19:37,MT,55,RONALDO CAIADO,31775,1.665414003
2026-10-04 19:37,MT,30,ZEMA,2359,0.123641593
2026-10-04 19:37,MT,27,CLARIANA BARAO,1817,0.095233902
2026-10-04 19:37,MT,80,SAMARA,1535,0.080453517
2026-10-04 19:37,MT,16,HERTZ DIAS,328,0.01719137
2026-10-04 19:37,MT,21,EDMILSON COSTA,231,0.012107337
2026-10-04 19:37,MT,35,VETERINÁRIO WILSON GRASSI,165,0.008648098
2026-10-04 19:37,MT,29,RUI COSTA PIMENTA,123,0.006446764
2026-10-04 19:37,PA,13,LULA,1942911,48.284744428
2026-10-04 19:37,PA,22,FLAVIO BOLSONARO,1844140,45.830111925
2026-10-04 19:37,PA,70,ESCRITOR AUGUSTO CURY,107977,2.683417742
2026-10-04 19:37,PA,14,RENAN SANTOS,74082,1.841067572
2026-10-04 19:37,PA,55,RONALDO CAIADO,45226,1.123945385
2026-10-04 19:37,PA,80,SAMARA,3442,0.085539734
2026-10-04 19:37,PA,30,ZEMA,2731,0.067870138
2026-10-04 19:37,PA,27,CLARIANA BARAO,1157,0.028753478
2026-10-04 19:37,PA,16,HERTZ DIAS,954,0.023708572
2026-10-04 19:37,PA,21,EDMILSON COSTA,566,0.014066092
2026-10-04 19:37,PA,35,VETERINÁRIO WILSON GRASSI,400,0.009940701
2026-10-04 19:37,PA,29,RUI COSTA PIMENTA,275,0.006834232
2026-10-04 19:37,PB,13,LULA,1501801,61.206415217
2026-10-04 19:37,PB,22,FLAVIO BOLSONARO,813407,33.15068147
2026-10-04 19:37,PB,70,ESCRITOR AUGUSTO CURY,72267,2.945266389
2026-10-04 19:37,PB,14,RENAN SANTOS,41474,1.690287105
2026-10-04 19:37,PB,55,RONALDO CAIADO,19157,0.78075011
2026-10-04 19:37,PB,30,ZEMA,1959,0.079839717
2026-10-04 19:37,PB,80,SAMARA,1569,0.063945134
2026-10-04 19:37,PB,16,HERTZ DIAS,614,0.025023781
2026-10-04 19:37,PB,27,CLARIANA BARAO,594,0.024208674
2026-10-04 19:37,PB,21,EDMILSON COSTA,340,0.013856817
2026-10-04 19:37,PB,29,RUI COSTA PIMENTA,271,0.011044698
2026-10-04 19:37,PB,35,VETERINÁRIO WILSON GRASSI,213,0.008680888
2026-10-04 19:37,PE,13,LULA,2573557,62.544765847
2026-10-04 19:37,PE,22,FLAVIO BOLSONARO,1310122,31.839696467
2026-10-04 19:37,PE,70,ESCRITOR AUGUSTO CURY,102116,2.481709676
2026-10-04 19:37,PE,14,RENAN SANTOS,64574,1.569332138
2026-10-04 19:37,PE,55,RONALDO CAIADO,54834,1.332622394
2026-10-04 19:37,PE,30,ZEMA,4922,0.11961862
2026-10-04 19:37,PE,80,SAMARA,1863,0.045276207
2026-10-04 19:37,PE,16,HERTZ DIAS,896,0.021775352
2026-10-04 19:37,PE,27,CLARIANA BARAO,685,0.016647451
2026-10-04 19:37,PE,21,EDMILSON COSTA,510,0.012394453
2026-10-04 19:37,PE,35,VETERINÁRIO WILSON GRASSI,346,0.008408786
2026-10-04 19:37,PE,29,RUI COSTA PIMENTA,319,0.007752609
2026-10-04 19:37,PI,13,LULA,1270939,70.312643495
2026-10-04 19:37,PI,22,FLAVIO BOLSONARO,445375,24.639651153
2026-10-04 19:37,PI,70,ESCRITOR AUGUSTO CURY,41036,2.270250294
2026-10-04 19:37,PI,14,RENAN SANTOS,28083,1.55364653
2026-10-04 19:37,PI,55,RONALDO CAIADO,18572,1.027465846
2026-10-04 19:37,PI,30,ZEMA,1213,0.067107262
2026-10-04 19:37,PI,80,SAMARA,963,0.053276417
2026-10-04 19:37,PI,27,CLARIANA BARAO,431,0.023844378
2026-10-04 19:37,PI,16,HERTZ DIAS,391,0.021631442
2026-10-04 19:37,PI,21,EDMILSON COSTA,263,0.014550049
2026-10-04 19:37,PI,35,VETERINÁRIO WILSON GRASSI,163,0.009017711
2026-10-04 19:37,PI,29,RUI COSTA PIMENTA,125,0.006915423
2026-10-04 19:37,PR,22,FLAVIO BOLSONARO,3914437,59.956307545
2026-10-04 19:37,PR,13,LULA,2032818,31.136089606
2026-10-04 19:37,PR,70,ESCRITOR AUGUSTO CURY,203687,3.119815293
2026-10-04 19:37,PR,14,RENAN SANTOS,176484,2.703154753
2026-10-04 19:37,PR,55,RONALDO CAIADO,170053,2.604652972
2026-10-04 19:37,PR,30,ZEMA,17096,0.261854523
2026-10-04 19:37,PR,80,SAMARA,6708,0.10274451
2026-10-04 19:37,PR,27,CLARIANA BARAO,2435,0.037296196
2026-10-04 19:37,PR,16,HERTZ DIAS,2048,0.031368628
2026-10-04 19:37,PR,21,EDMILSON COSTA,1177,0.018027771
2026-10-04 19:37,PR,35,VETERINÁRIO WILSON GRASSI,962,0.014734678
2026-10-04 19:37,PR,29,RUI COSTA PIMENTA,911,0.013953525
2026-10-04 19:37,RJ,22,FLAVIO BOLSONARO,3557148,53.383217627
2026-10-04 19:37,RJ,13,LULA,2607213,39.127249971
2026-10-04 19:37,RJ,70,ESCRITOR AUGUSTO CURY,175704,2.636844143
2026-10-04 19:37,RJ,14,RENAN SANTOS,146583,2.199816311
2026-10-04 19:37,RJ,55,RONALDO CAIADO,140730,2.111978534
2026-10-04 19:37,RJ,30,ZEMA,15888,0.238436118
2026-10-04 19:37,RJ,80,SAMARA,9782,0.146801492
2026-10-04 19:37,RJ,27,CLARIANA BARAO,2849,0.042755822
2026-10-04 19:37,RJ,16,HERTZ DIAS,2823,0.042365632
2026-10-04 19:37,RJ,21,EDMILSON COSTA,2056,0.030855026
2026-10-04 19:37,RJ,35,VETERINÁRIO WILSON GRASSI,1345,0.02018483
2026-10-04 19:37,RJ,29,RUI COSTA PIMENTA,1299,0.019494494
2026-10-04 19:37,RN,13,LULA,1020139,59.699914208
2026-10-04 19:37,RN,22,FLAVIO BOLSONARO,594226,34.774909321
2026-10-04 19:37,RN,70,ESCRITOR AUGUSTO CURY,47528,2.78140285
2026-10-04 19:37,RN,14,RENAN SANTOS,29440,1.722868623
2026-10-04 19:37,RN,55,RONALDO CAIADO,13752,0.804785642
2026-10-04 19:37,RN,30,ZEMA,1283,0.075082895
2026-10-04 19:37,RN,80,SAMARA,1026,0.060042908
2026-10-04 19:37,RN,16,HERTZ DIAS,469,0.027446514
2026-10-04 19:37,RN,27,CLARIANA BARAO,346,0.020248388
2026-10-04 19:37,RN,21,EDMILSON COSTA,263,0.015391116
2026-10-04 19:37,RN,35,VETERINÁRIO WILSON GRASSI,157,0.009187852
2026-10-04 19:37,RN,29,RUI COSTA PIMENTA,149,0.008719682
2026-10-04 19:37,RO,22,FLAVIO BOLSONARO,638932,67.35937892
2026-10-04 19:37,RO,13,LULA,246413,25.978080043
2026-10-04 19:37,RO,70,ESCRITOR AUGUSTO CURY,24857,2.620548168
2026-10-04 19:37,RO,14,RENAN SANTOS,18842,1.986417048
2026-10-04 19:37,RO,55,RONALDO CAIADO,16530,1.742674547
2026-10-04 19:37,RO,30,ZEMA,1292,0.136209045
2026-10-04 19:37,RO,80,SAMARA,838,0.088346114
2026-10-04 19:37,RO,27,CLARIANA BARAO,351,0.03700416
2026-10-04 19:37,RO,16,HERTZ DIAS,174,0.018343943
2026-10-04 19:37,RO,21,EDMILSON COSTA,157,0.016551718
2026-10-04 19:37,RO,35,VETERINÁRIO WILSON GRASSI,97,0.010226221
2026-10-04 19:37,RO,29,RUI COSTA PIMENTA,59,0.006220072
2026-10-04 19:37,RR,22,FLAVIO BOLSONARO,228239,71.458001334
2026-10-04 19:37,RR,13,LULA,71527,22.393966243
2026-10-04 19:37,RR,70,ESCRITOR AUGUSTO CURY,8506,2.663093334
2026-10-04 19:37,RR,14,RENAN SANTOS,6567,2.056023268
2026-10-04 19:37,RR,55,RONALDO CAIADO,3609,1.129920508
2026-10-04 19:37,RR,30,ZEMA,334,0.104570089
2026-10-04 19:37,RR,80,SAMARA,277,0.086724295
2026-10-04 19:37,RR,27,CLARIANA BARAO,167,0.052285044
2026-10-04 19:37,RR,16,HERTZ DIAS,60,0.018785046
2026-10-04 19:37,RR,21,EDMILSON COSTA,42,0.013149532
2026-10-04 19:37,RR,35,VETERINÁRIO WILSON GRASSI,41,0.012836448
2026-10-04 19:37,RR,29,RUI COSTA PIMENTA,34,0.010644859
2026-10-04 19:37,RS,22,FLAVIO BOLSONARO,3486373,55.579418812
2026-10-04 19:37,RS,13,LULA,2243696,35.768783108
2026-10-04 19:37,RS,70,ESCRITOR AUGUSTO CURY,191342,3.050355528
2026-10-04 19:37,RS,14,RENAN SANTOS,164299,2.619238656
2026-10-04 19:37,RS,55,RONALDO CAIADO,154775,2.467407976
2026-10-04 19:37,RS,30,ZEMA,18659,0.297459961
2026-10-04 19:37,RS,80,SAMARA,6539,0.104244101
2026-10-04 19:37,RS,16,HERTZ DIAS,2115,0.033717124
2026-10-04 19:37,RS,27,CLARIANA BARAO,2032,0.032393946
2026-10-04 19:37,RS,29,RUI COSTA PIMENTA,1023,0.016308566
2026-10-04 19:37,RS,21,EDMILSON COSTA,1008,0.016069438
2026-10-04 19:37,RS,35,VETERINÁRIO WILSON GRASSI,916,0.014602783
2026-10-04 19:37,SC,22,FLAVIO BOLSONARO,2806634,66.569830945
2026-10-04 19:37,SC,13,LULA,1056818,25.066394692
2026-10-04 19:37,SC,70,ESCRITOR AUGUSTO CURY,126071,2.990245667
2026-10-04 19:37,SC,14,RENAN SANTOS,125423,2.974875921
2026-10-04 19:37,SC,55,RONALDO CAIADO,75576,1.792567732
2026-10-04 19:37,SC,30,ZEMA,16086,0.381539702
2026-10-04 19:37,SC,80,SAMARA,4764,0.112996092
2026-10-04 19:37,SC,16,HERTZ DIAS,1428,0.033870365
2026-10-04 19:37,SC,27,CLARIANA BARAO,1358,0.032210053
2026-10-04 19:37,SC,21,EDMILSON COSTA,773,0.018334588
2026-10-04 19:37,SC,29,RUI COSTA PIMENTA,613,0.01453959
2026-10-04 19:37,SC,35,VETERINÁRIO WILSON GRASSI,531,0.012594653
2026-10-04 19:37,SE,13,LULA,780086,62.137748982
2026-10-04 19:37,SE,22,FLAVIO BOLSONARO,390595,31.11284405
2026-10-04 19:37,SE,70,ESCRITOR AUGUSTO CURY,36627,2.917523622
2026-10-04 19:37,SE,55,RONALDO CAIADO,24724,1.969390177
2026-10-04 19:37,SE,14,RENAN SANTOS,20168,1.606482005
2026-10-04 19:37,SE,30,ZEMA,1096,0.087301878
2026-10-04 19:37,SE,80,SAMARA,939,0.074796043
2026-10-04 19:37,SE,27,CLARIANA BARAO,438,0.034888889
2026-10-04 19:37,SE,16,HERTZ DIAS,318,0.025330289
2026-10-04 19:37,SE,21,EDMILSON COSTA,194,0.01545307
2026-10-04 19:37,SE,35,VETERINÁRIO WILSON GRASSI,130,0.01035515
2026-10-04 19:37,SE,29,RUI COSTA PIMENTA,99,0.007885845
2026-10-04 19:37,SP,22,FLAVIO BOLSONARO,11279249,52.249720262
2026-10-04 19:37,SP,13,LULA,8183800,37.910437183
2026-10-04 19:37,SP,70,ESCRITOR AUGUSTO CURY,772301,3.577588473
2026-10-04 19:37,SP,14,RENAN SANTOS,694857,3.218838761
2026-10-04 19:37,SP,55,RONALDO CAIADO,502044,2.325656483
2026-10-04 19:37,SP,30,ZEMA,81751,0.378701355
2026-10-04 19:37,SP,80,SAMARA,36680,0.169915545
2026-10-04 19:37,SP,16,HERTZ DIAS,13801,0.063931419
2026-10-04 19:37,SP,27,CLARIANA BARAO,9049,0.041918369
2026-10-04 19:37,SP,21,EDMILSON COSTA,5288,0.024496003
2026-10-04 19:37,SP,35,VETERINÁRIO WILSON GRASSI,4487,0.02078547
2026-10-04 19:37,SP,29,RUI COSTA PIMENTA,3888,0.018010677
2026-10-04 19:37,TO,22,FLAVIO BOLSONARO,462484,50.358510556
2026-10-04 19:37,TO,13,LULA,399554,43.506249571
2026-10-04 19:37,TO,70,ESCRITOR AUGUSTO CURY,22113,2.40781896
2026-10-04 19:37,TO,55,RONALDO CAIADO,19938,2.170989663
2026-10-04 19:37,TO,14,RENAN SANTOS,12803,1.394080683
2026-10-04 19:37,TO,30,ZEMA,588,0.064025575
2026-10-04 19:37,TO,80,SAMARA,390,0.042465943
2026-10-04 19:37,TO,27,CLARIANA BARAO,170,0.018510796
2026-10-04 19:37,TO,21,EDMILSON COSTA,115,0.012522009
2026-10-04 19:37,TO,16,HERTZ DIAS,99,0.010779816
2026-10-04 19:37,TO,35,VETERINÁRIO WILSON GRASSI,66,0.007186544
2026-10-04 19:37,TO,29,RUI COSTA PIMENTA,63,0.006859883
2026-10-04 19:37,ZZ,13,LULA,122963,51.085583714
2026-10-04 19:37,ZZ,22,FLAVIO BOLSONARO,95108,39.51308683
2026-10-04 19:37,ZZ,70,ESCRITOR AUGUSTO CURY,7536,3.130868301
2026-10-04 19:37,ZZ,14,RENAN SANTOS,6579,2.733277939
2026-10-04 19:37,ZZ,55,RONALDO CAIADO,3448,1.432488575
2026-10-04 19:37,ZZ,30,ZEMA,2345,0.974241795
2026-10-04 19:37,ZZ,80,SAMARA,908,0.37723307
2026-10-04 19:37,ZZ,27,CLARIANA BARAO,718,0.298296635
2026-10-04 19:37,ZZ,21,EDMILSON COSTA,353,0.146655588
2026-10-04 19:37,ZZ,16,HERTZ DIAS,317,0.131699211
2026-10-04 19:37,ZZ,35,VETERINÁRIO WILSON GRASSI,271,0.112588284
2026-10-04 19:37,ZZ,29,RUI COSTA PIMENTA,154,0.063980058
2026-10-04 19:41,BR,22,FLAVIO BOLSONARO,37566895,49.58486501
2026-10-04 19:41,BR,13,LULA,32007853,42.247438077
2026-10-04 19:41,BR,70,ESCRITOR AUGUSTO CURY,2247926,2.967056693
2026-10-04 19:41,BR,55,RONALDO CAIADO,1774893,2.342696404
2026-10-04 19:41,BR,14,RENAN SANTOS,1772742,2.33985728
2026-10-04 19:41,BR,30,ZEMA,220598,0.291169181
2026-10-04 19:41,BR,80,SAMARA,80928,0.106817557
2026-10-04 19:41,BR,16,HERTZ DIAS,28466,0.037572516
2026-10-04 19:41,BR,27,CLARIANA BARAO,26802,0.035376188
2026-10-04 19:41,BR,21,EDMILSON COSTA,14415,0.019026481
2026-10-04 19:41,BR,35,VETERINÁRIO WILSON GRASSI,11041,0.01457311
2026-10-04 19:41,BR,29,RUI COSTA PIMENTA,10267,0.013551501
2026-10-04 19:41,AC,22,FLAVIO BOLSONARO,296503,64.610412958
2026-10-04 19:41,AC,13,LULA,131531,28.661673665
2026-10-04 19:41,AC,70,ESCRITOR AUGUSTO CURY,13269,2.891422918
2026-10-04 19:41,AC,55,RONALDO CAIADO,8408,1.83217152
2026-10-04 19:41,AC,14,RENAN SANTOS,7842,1.708835521
2026-10-04 19:41,AC,30,ZEMA,559,0.121810642
2026-10-04 19:41,AC,80,SAMARA,311,0.067769427
2026-10-04 19:41,AC,27,CLARIANA BARAO,205,0.044671166
2026-10-04 19:41,AC,21,EDMILSON COSTA,138,0.030071321
2026-10-04 19:41,AC,16,HERTZ DIAS,69,0.015035661
2026-10-04 19:41,AC,29,RUI COSTA PIMENTA,38,0.008280509
2026-10-04 19:41,AC,35,VETERINÁRIO WILSON GRASSI,36,0.007844693
2026-10-04 19:41,AL,13,LULA,553945,56.965377243
2026-10-04 19:41,AL,22,FLAVIO BOLSONARO,374648,38.527226806
2026-10-04 19:41,AL,70,ESCRITOR AUGUSTO CURY,22003,2.262696108
2026-10-04 19:41,AL,14,RENAN SANTOS,13159,1.353216292
2026-10-04 19:41,AL,55,RONALDO CAIADO,6652,0.684063742
2026-10-04 19:41,AL,80,SAMARA,617,0.063449689
2026-10-04 19:41,AL,30,ZEMA,560,0.057588048
2026-10-04 19:41,AL,27,CLARIANA BARAO,315,0.032393277
2026-10-04 19:41,AL,16,HERTZ DIAS,215,0.022109697
2026-10-04 19:41,AL,21,EDMILSON COSTA,141,0.014499848
2026-10-04 19:41,AL,35,VETERINÁRIO WILSON GRASSI,120,0.012340296
2026-10-04 19:41,AL,29,RUI COSTA PIMENTA,49,0.005038954
2026-10-04 19:41,AM,22,FLAVIO BOLSONARO,871095,47.157104815
2026-10-04 19:41,AM,13,LULA,843113,45.642287135
2026-10-04 19:41,AM,70,ESCRITOR AUGUSTO CURY,70242,3.802581069
2026-10-04 19:41,AM,14,RENAN SANTOS,32364,1.752039146
2026-10-04 19:41,AM,55,RONALDO CAIADO,24999,1.353331684
2026-10-04 19:41,AM,80,SAMARA,1757,0.095115955
2026-10-04 19:41,AM,30,ZEMA,1682,0.091055798
2026-10-04 19:41,AM,27,CLARIANA BARAO,863,0.046718878
2026-10-04 19:41,AM,16,HERTZ DIAS,440,0.02381959
2026-10-04 19:41,AM,35,VETERINÁRIO WILSON GRASSI,274,0.014833109
2026-10-04 19:41,AM,21,EDMILSON COSTA,232,0.01255942
2026-10-04 19:41,AM,29,RUI COSTA PIMENTA,158,0.008553398
2026-10-04 19:41,AP,13,LULA,172933,46.337267721
2026-10-04 19:41,AP,22,FLAVIO BOLSONARO,168381,45.117562734
2026-10-04 19:41,AP,70,ESCRITOR AUGUSTO CURY,15348,4.112485095
2026-10-04 19:41,AP,14,RENAN SANTOS,8903,2.385552176
2026-10-04 19:41,AP,55,RONALDO CAIADO,6555,1.756407336
2026-10-04 19:41,AP,80,SAMARA,408,0.109323294
2026-10-04 19:41,AP,30,ZEMA,269,0.072078348
2026-10-04 19:41,AP,27,CLARIANA BARAO,183,0.049034713
2026-10-04 19:41,AP,16,HERTZ DIAS,100,0.026794925
2026-10-04 19:41,AP,21,EDMILSON COSTA,45,0.012057716
2026-10-04 19:41,AP,29,RUI COSTA PIMENTA,42,0.011253869
2026-10-04 19:41,AP,35,VETERINÁRIO WILSON GRASSI,38,0.010182072
2026-10-04 19:41,BA,13,LULA,3629861,64.932741057
2026-10-04 19:41,BA,22,FLAVIO BOLSONARO,1649847,29.513275587
2026-10-04 19:41,BA,70,ESCRITOR AUGUSTO CURY,131206,2.347077539
2026-10-04 19:41,BA,55,RONALDO CAIADO,84750,1.516049734
2026-10-04 19:41,BA,14,RENAN SANTOS,82199,1.47041619
2026-10-04 19:41,BA,30,ZEMA,4746,0.084898785
2026-10-04 19:41,BA,80,SAMARA,3327,0.059515014
2026-10-04 19:41,BA,16,HERTZ DIAS,1263,0.022593166
2026-10-04 19:41,BA,27,CLARIANA BARAO,1155,0.020661209
2026-10-04 19:41,BA,21,EDMILSON COSTA,853,0.015258884
2026-10-04 19:41,BA,29,RUI COSTA PIMENTA,555,0.009928113
2026-10-04 19:41,BA,35,VETERINÁRIO WILSON GRASSI,424,0.007584721
2026-10-04 19:41,CE,13,LULA,2365098,61.701739108
2026-10-04 19:41,CE,22,FLAVIO BOLSONARO,1246761,32.526061056
2026-10-04 19:41,CE,70,ESCRITOR AUGUSTO CURY,99683,2.600574885
2026-10-04 19:41,CE,14,RENAN SANTOS,78946,2.059578713
2026-10-04 19:41,CE,55,RONALDO CAIADO,33420,0.871875973
2026-10-04 19:41,CE,30,ZEMA,3440,0.089744265
2026-10-04 19:41,CE,80,SAMARA,2617,0.068273472
2026-10-04 19:41,CE,16,HERTZ DIAS,1099,0.028671206
2026-10-04 19:41,CE,27,CLARIANA BARAO,771,0.020114194
2026-10-04 19:41,CE,21,EDMILSON COSTA,552,0.014400824
2026-10-04 19:41,CE,29,RUI COSTA PIMENTA,369,0.009626638
2026-10-04 19:41,CE,35,VETERINÁRIO WILSON GRASSI,358,0.009339665
2026-10-04 19:41,DF,22,FLAVIO BOLSONARO,904230,51.294574936
2026-10-04 19:41,DF,13,LULA,672045,38.123334343
2026-10-04 19:41,DF,55,RONALDO CAIADO,84648,4.801857027
2026-10-04 19:41,DF,14,RENAN SANTOS,46429,2.6337943
2026-10-04 19:41,DF,70,ESCRITOR AUGUSTO CURY,45711,2.59306406
2026-10-04 19:41,DF,30,ZEMA,4898,0.277850578
2026-10-04 19:41,DF,80,SAMARA,2284,0.129565276
2026-10-04 19:41,DF,16,HERTZ DIAS,826,0.046856794
2026-10-04 19:41,DF,27,CLARIANA BARAO,711,0.040333148
2026-10-04 19:41,DF,29,RUI COSTA PIMENTA,380,0.021556394
2026-10-04 19:41,DF,21,EDMILSON COSTA,334,0.018946936
2026-10-04 19:41,DF,35,VETERINÁRIO WILSON GRASSI,322,0.018266208
2026-10-04 19:41,ES,22,FLAVIO BOLSONARO,1225274,54.86461992
2026-10-04 19:41,ES,13,LULA,841258,37.669370626
2026-10-04 19:41,ES,70,ESCRITOR AUGUSTO CURY,64681,2.896248905
2026-10-04 19:41,ES,14,RENAN SANTOS,52886,2.368099126
2026-10-04 19:41,ES,55,RONALDO CAIADO,38836,1.738976245
2026-10-04 19:41,ES,30,ZEMA,5843,0.261634519
2026-10-04 19:41,ES,80,SAMARA,1957,0.087629429
2026-10-04 19:41,ES,27,CLARIANA BARAO,966,0.043254997
2026-10-04 19:41,ES,16,HERTZ DIAS,634,0.02838889
2026-10-04 19:41,ES,21,EDMILSON COSTA,379,0.016970646
2026-10-04 19:41,ES,35,VETERINÁRIO WILSON GRASSI,311,0.013925781
2026-10-04 19:41,ES,29,RUI COSTA PIMENTA,243,0.010880915
2026-10-04 19:41,GO,22,FLAVIO BOLSONARO,1883655,54.034125185
2026-10-04 19:41,GO,13,LULA,1067827,30.63145735
2026-10-04 19:41,GO,55,RONALDO CAIADO,428333,12.287068992
2026-10-04 19:41,GO,14,RENAN SANTOS,49943,1.432654236
2026-10-04 19:41,GO,70,ESCRITOR AUGUSTO CURY,49716,1.426142562
2026-10-04 19:41,GO,30,ZEMA,2511,0.07203001
2026-10-04 19:41,GO,80,SAMARA,1940,0.055650426
2026-10-04 19:41,GO,16,HERTZ DIAS,613,0.017584387
2026-10-04 19:41,GO,27,CLARIANA BARAO,518,0.014859237
2026-10-04 19:41,GO,21,EDMILSON COSTA,422,0.012105402
2026-10-04 19:41,GO,35,VETERINÁRIO WILSON GRASSI,323,0.009265509
2026-10-04 19:41,GO,29,RUI COSTA PIMENTA,246,0.007056703
2026-10-04 19:41,MA,13,LULA,1857951,62.570229189
2026-10-04 19:41,MA,22,FLAVIO BOLSONARO,955681,32.18447591
2026-10-04 19:41,MA,70,ESCRITOR AUGUSTO CURY,64440,2.170146343
2026-10-04 19:41,MA,14,RENAN SANTOS,45562,1.534391802
2026-10-04 19:41,MA,55,RONALDO CAIADO,38301,1.289863052
2026-10-04 19:41,MA,30,ZEMA,3498,0.117802171
2026-10-04 19:41,MA,80,SAMARA,1360,0.04580073
2026-10-04 19:41,MA,16,HERTZ DIAS,1186,0.039940931
2026-10-04 19:41,MA,27,CLARIANA BARAO,666,0.022428887
2026-10-04 19:41,MA,21,EDMILSON COSTA,348,0.011719599
2026-10-04 19:41,MA,35,VETERINÁRIO WILSON GRASSI,220,0.007408942
2026-10-04 19:41,MA,29,RUI COSTA PIMENTA,172,0.005792445
2026-10-04 19:41,MG,22,FLAVIO BOLSONARO,4752312,48.90034441
2026-10-04 19:41,MG,13,LULA,4126005,42.455770062
2026-10-04 19:41,MG,70,ESCRITOR AUGUSTO CURY,336491,3.462425403
2026-10-04 19:41,MG,14,RENAN SANTOS,207520,2.135339488
2026-10-04 19:41,MG,55,RONALDO CAIADO,191932,1.974942071
2026-10-04 19:41,MG,30,ZEMA,83625,0.860484602
2026-10-04 19:41,MG,80,SAMARA,9499,0.097742819
2026-10-04 19:41,MG,16,HERTZ DIAS,3559,0.036621401
2026-10-04 19:41,MG,27,CLARIANA BARAO,2856,0.029387671
2026-10-04 19:41,MG,21,EDMILSON COSTA,1856,0.019097871
2026-10-04 19:41,MG,35,VETERINÁRIO WILSON GRASSI,1459,0.01501282
2026-10-04 19:41,MG,29,RUI COSTA PIMENTA,1247,0.012831382
2026-10-04 19:41,MS,22,FLAVIO BOLSONARO,870220,58.744389473
2026-10-04 19:41,MS,13,LULA,511323,34.516969799
2026-10-04 19:41,MS,70,ESCRITOR AUGUSTO CURY,39046,2.635808682
2026-10-04 19:41,MS,14,RENAN SANTOS,31777,2.145113264
2026-10-04 19:41,MS,55,RONALDO CAIADO,23228,1.568011168
2026-10-04 19:41,MS,30,ZEMA,2782,0.187799512
2026-10-04 19:41,MS,80,SAMARA,1290,0.087081729
2026-10-04 19:41,MS,27,CLARIANA BARAO,626,0.042258266
2026-10-04 19:41,MS,16,HERTZ DIAS,353,0.023829341
2026-10-04 19:41,MS,21,EDMILSON COSTA,331,0.022344227
2026-10-04 19:41,MS,35,VETERINÁRIO WILSON GRASSI,208,0.014041085
2026-10-04 19:41,MS,29,RUI COSTA PIMENTA,183,0.012353455
2026-10-04 19:41,MT,22,FLAVIO BOLSONARO,1247183,65.368246491
2026-10-04 19:41,MT,13,LULA,551722,28.917247662
2026-10-04 19:41,MT,70,ESCRITOR AUGUSTO CURY,38611,2.023707319
2026-10-04 19:41,MT,14,RENAN SANTOS,32085,1.681661944
2026-10-04 19:41,MT,55,RONALDO CAIADO,31775,1.665414003
2026-10-04 19:41,MT,30,ZEMA,2359,0.123641593
2026-10-04 19:41,MT,27,CLARIANA BARAO,1817,0.095233902
2026-10-04 19:41,MT,80,SAMARA,1535,0.080453517
2026-10-04 19:41,MT,16,HERTZ DIAS,328,0.01719137
2026-10-04 19:41,MT,21,EDMILSON COSTA,231,0.012107337
2026-10-04 19:41,MT,35,VETERINÁRIO WILSON GRASSI,165,0.008648098
2026-10-04 19:41,MT,29,RUI COSTA PIMENTA,123,0.006446764
2026-10-04 19:41,PA,13,LULA,1942911,48.284744428
2026-10-04 19:41,PA,22,FLAVIO BOLSONARO,1844140,45.830111925
2026-10-04 19:41,PA,70,ESCRITOR AUGUSTO CURY,107977,2.683417742
2026-10-04 19:41,PA,14,RENAN SANTOS,74082,1.841067572
2026-10-04 19:41,PA,55,RONALDO CAIADO,45226,1.123945385
2026-10-04 19:41,PA,80,SAMARA,3442,0.085539734
2026-10-04 19:41,PA,30,ZEMA,2731,0.067870138
2026-10-04 19:41,PA,27,CLARIANA BARAO,1157,0.028753478
2026-10-04 19:41,PA,16,HERTZ DIAS,954,0.023708572
2026-10-04 19:41,PA,21,EDMILSON COSTA,566,0.014066092
2026-10-04 19:41,PA,35,VETERINÁRIO WILSON GRASSI,400,0.009940701
2026-10-04 19:41,PA,29,RUI COSTA PIMENTA,275,0.006834232
2026-10-04 19:41,PB,13,LULA,1501801,61.206415217
2026-10-04 19:41,PB,22,FLAVIO BOLSONARO,813407,33.15068147
2026-10-04 19:41,PB,70,ESCRITOR AUGUSTO CURY,72267,2.945266389
2026-10-04 19:41,PB,14,RENAN SANTOS,41474,1.690287105
2026-10-04 19:41,PB,55,RONALDO CAIADO,19157,0.78075011
2026-10-04 19:41,PB,30,ZEMA,1959,0.079839717
2026-10-04 19:41,PB,80,SAMARA,1569,0.063945134
2026-10-04 19:41,PB,16,HERTZ DIAS,614,0.025023781
2026-10-04 19:41,PB,27,CLARIANA BARAO,594,0.024208674
2026-10-04 19:41,PB,21,EDMILSON COSTA,340,0.013856817
2026-10-04 19:41,PB,29,RUI COSTA PIMENTA,271,0.011044698
2026-10-04 19:41,PB,35,VETERINÁRIO WILSON GRASSI,213,0.008680888
2026-10-04 19:41,PE,13,LULA,2573557,62.544765847
2026-10-04 19:41,PE,22,FLAVIO BOLSONARO,1310122,31.839696467
2026-10-04 19:41,PE,70,ESCRITOR AUGUSTO CURY,102116,2.481709676
2026-10-04 19:41,PE,14,RENAN SANTOS,64574,1.569332138
2026-10-04 19:41,PE,55,RONALDO CAIADO,54834,1.332622394
2026-10-04 19:41,PE,30,ZEMA,4922,0.11961862
2026-10-04 19:41,PE,80,SAMARA,1863,0.045276207
2026-10-04 19:41,PE,16,HERTZ DIAS,896,0.021775352
2026-10-04 19:41,PE,27,CLARIANA BARAO,685,0.016647451
2026-10-04 19:41,PE,21,EDMILSON COSTA,510,0.012394453
2026-10-04 19:41,PE,35,VETERINÁRIO WILSON GRASSI,346,0.008408786
2026-10-04 19:41,PE,29,RUI COSTA PIMENTA,319,0.007752609
2026-10-04 19:41,PI,13,LULA,1270939,70.312643495
2026-10-04 19:41,PI,22,FLAVIO BOLSONARO,445375,24.639651153
2026-10-04 19:41,PI,70,ESCRITOR AUGUSTO CURY,41036,2.270250294
2026-10-04 19:41,PI,14,RENAN SANTOS,28083,1.55364653
2026-10-04 19:41,PI,55,RONALDO CAIADO,18572,1.027465846
2026-10-04 19:41,PI,30,ZEMA,1213,0.067107262
2026-10-04 19:41,PI,80,SAMARA,963,0.053276417
2026-10-04 19:41,PI,27,CLARIANA BARAO,431,0.023844378
2026-10-04 19:41,PI,16,HERTZ DIAS,391,0.021631442
2026-10-04 19:41,PI,21,EDMILSON COSTA,263,0.014550049
2026-10-04 19:41,PI,35,VETERINÁRIO WILSON GRASSI,163,0.009017711
2026-10-04 19:41,PI,29,RUI COSTA PIMENTA,125,0.006915423
2026-10-04 19:41,PR,22,FLAVIO BOLSONARO,3914437,59.956307545
2026-10-04 19:41,PR,13,LULA,2032818,31.136089606
2026-10-04 19:41,PR,70,ESCRITOR AUGUSTO CURY,203687,3.119815293
2026-10-04 19:41,PR,14,RENAN SANTOS,176484,2.703154753
2026-10-04 19:41,PR,55,RONALDO CAIADO,170053,2.604652972
2026-10-04 19:41,PR,30,ZEMA,17096,0.261854523
2026-10-04 19:41,PR,80,SAMARA,6708,0.10274451
2026-10-04 19:41,PR,27,CLARIANA BARAO,2435,0.037296196
2026-10-04 19:41,PR,16,HERTZ DIAS,2048,0.031368628
2026-10-04 19:41,PR,21,EDMILSON COSTA,1177,0.018027771
2026-10-04 19:41,PR,35,VETERINÁRIO WILSON GRASSI,962,0.014734678
2026-10-04 19:41,PR,29,RUI COSTA PIMENTA,911,0.013953525
2026-10-04 19:41,RJ,22,FLAVIO BOLSONARO,3557148,53.383217627
2026-10-04 19:41,RJ,13,LULA,2607213,39.127249971
2026-10-04 19:41,RJ,70,ESCRITOR AUGUSTO CURY,175704,2.636844143
2026-10-04 19:41,RJ,14,RENAN SANTOS,146583,2.199816311
2026-10-04 19:41,RJ,55,RONALDO CAIADO,140730,2.111978534
2026-10-04 19:41,RJ,30,ZEMA,15888,0.238436118
2026-10-04 19:41,RJ,80,SAMARA,9782,0.146801492
2026-10-04 19:41,RJ,27,CLARIANA BARAO,2849,0.042755822
2026-10-04 19:41,RJ,16,HERTZ DIAS,2823,0.042365632
2026-10-04 19:41,RJ,21,EDMILSON COSTA,2056,0.030855026
2026-10-04 19:41,RJ,35,VETERINÁRIO WILSON GRASSI,1345,0.02018483
2026-10-04 19:41,RJ,29,RUI COSTA PIMENTA,1299,0.019494494
2026-10-04 19:41,RN,13,LULA,1020139,59.699914208
2026-10-04 19:41,RN,22,FLAVIO BOLSONARO,594226,34.774909321
2026-10-04 19:41,RN,70,ESCRITOR AUGUSTO CURY,47528,2.78140285
2026-10-04 19:41,RN,14,RENAN SANTOS,29440,1.722868623
2026-10-04 19:41,RN,55,RONALDO CAIADO,13752,0.804785642
2026-10-04 19:41,RN,30,ZEMA,1283,0.075082895
2026-10-04 19:41,RN,80,SAMARA,1026,0.060042908
2026-10-04 19:41,RN,16,HERTZ DIAS,469,0.027446514
2026-10-04 19:41,RN,27,CLARIANA BARAO,346,0.020248388
2026-10-04 19:41,RN,21,EDMILSON COSTA,263,0.015391116
2026-10-04 19:41,RN,35,VETERINÁRIO WILSON GRASSI,157,0.009187852
2026-10-04 19:41,RN,29,RUI COSTA PIMENTA,149,0.008719682
2026-10-04 19:41,RO,22,FLAVIO BOLSONARO,638932,67.35937892
2026-10-04 19:41,RO,13,LULA,246413,25.978080043
2026-10-04 19:41,RO,70,ESCRITOR AUGUSTO CURY,24857,2.620548168
2026-10-04 19:41,RO,14,RENAN SANTOS,18842,1.986417048
2026-10-04 19:41,RO,55,RONALDO CAIADO,16530,1.742674547
2026-10-04 19:41,RO,30,ZEMA,1292,0.136209045
2026-10-04 19:41,RO,80,SAMARA,838,0.088346114
2026-10-04 19:41,RO,27,CLARIANA BARAO,351,0.03700416
2026-10-04 19:41,RO,16,HERTZ DIAS,174,0.018343943
2026-10-04 19:41,RO,21,EDMILSON COSTA,157,0.016551718
2026-10-04 19:41,RO,35,VETERINÁRIO WILSON GRASSI,97,0.010226221
2026-10-04 19:41,RO,29,RUI COSTA PIMENTA,59,0.006220072
2026-10-04 19:41,RR,22,FLAVIO BOLSONARO,228239,71.458001334
2026-10-04 19:41,RR,13,LULA,71527,22.393966243
2026-10-04 19:41,RR,70,ESCRITOR AUGUSTO CURY,8506,2.663093334
2026-10-04 19:41,RR,14,RENAN SANTOS,6567,2.056023268
2026-10-04 19:41,RR,55,RONALDO CAIADO,3609,1.129920508
2026-10-04 19:41,RR,30,ZEMA,334,0.104570089
2026-10-04 19:41,RR,80,SAMARA,277,0.086724295
2026-10-04 19:41,RR,27,CLARIANA BARAO,167,0.052285044
2026-10-04 19:41,RR,16,HERTZ DIAS,60,0.018785046
2026-10-04 19:41,RR,21,EDMILSON COSTA,42,0.013149532
2026-10-04 19:41,RR,35,VETERINÁRIO WILSON GRASSI,41,0.012836448
2026-10-04 19:41,RR,29,RUI COSTA PIMENTA,34,0.010644859
2026-10-04 19:41,RS,22,FLAVIO BOLSONARO,3486373,55.579418812
2026-10-04 19:41,RS,13,LULA,2243696,35.768783108
2026-10-04 19:41,RS,70,ESCRITOR AUGUSTO CURY,191342,3.050355528
2026-10-04 19:41,RS,14,RENAN SANTOS,164299,2.619238656
2026-10-04 19:41,RS,55,RONALDO CAIADO,154775,2.467407976
2026-10-04 19:41,RS,30,ZEMA,18659,0.297459961
2026-10-04 19:41,RS,80,SAMARA,6539,0.104244101
2026-10-04 19:41,RS,16,HERTZ DIAS,2115,0.033717124
2026-10-04 19:41,RS,27,CLARIANA BARAO,2032,0.032393946
2026-10-04 19:41,RS,29,RUI COSTA PIMENTA,1023,0.016308566
2026-10-04 19:41,RS,21,EDMILSON COSTA,1008,0.016069438
2026-10-04 19:41,RS,35,VETERINÁRIO WILSON GRASSI,916,0.014602783
2026-10-04 19:41,SC,22,FLAVIO BOLSONARO,2806634,66.569830945
2026-10-04 19:41,SC,13,LULA,1056818,25.066394692
2026-10-04 19:41,SC,70,ESCRITOR AUGUSTO CURY,126071,2.990245667
2026-10-04 19:41,SC,14,RENAN SANTOS,125423,2.974875921
2026-10-04 19:41,SC,55,RONALDO CAIADO,75576,1.792567732
2026-10-04 19:41,SC,30,ZEMA,16086,0.381539702
2026-10-04 19:41,SC,80,SAMARA,4764,0.112996092
2026-10-04 19:41,SC,16,HERTZ DIAS,1428,0.033870365
2026-10-04 19:41,SC,27,CLARIANA BARAO,1358,0.032210053
2026-10-04 19:41,SC,21,EDMILSON COSTA,773,0.018334588
2026-10-04 19:41,SC,29,RUI COSTA PIMENTA,613,0.01453959
2026-10-04 19:41,SC,35,VETERINÁRIO WILSON GRASSI,531,0.012594653
2026-10-04 19:41,SE,13,LULA,780086,62.137748982
2026-10-04 19:41,SE,22,FLAVIO BOLSONARO,390595,31.11284405
2026-10-04 19:41,SE,70,ESCRITOR AUGUSTO CURY,36627,2.917523622
2026-10-04 19:41,SE,55,RONALDO CAIADO,24724,1.969390177
2026-10-04 19:41,SE,14,RENAN SANTOS,20168,1.606482005
2026-10-04 19:41,SE,30,ZEMA,1096,0.087301878
2026-10-04 19:41,SE,80,SAMARA,939,0.074796043
2026-10-04 19:41,SE,27,CLARIANA BARAO,438,0.034888889
2026-10-04 19:41,SE,16,HERTZ DIAS,318,0.025330289
2026-10-04 19:41,SE,21,EDMILSON COSTA,194,0.01545307
2026-10-04 19:41,SE,35,VETERINÁRIO WILSON GRASSI,130,0.01035515
2026-10-04 19:41,SE,29,RUI COSTA PIMENTA,99,0.007885845
2026-10-04 19:41,SP,22,FLAVIO BOLSONARO,11655129,52.166931258
2026-10-04 19:41,SP,13,LULA,8487145,37.987422515
2026-10-04 19:41,SP,70,ESCRITOR AUGUSTO CURY,799684,3.579287733
2026-10-04 19:41,SP,14,RENAN SANTOS,720162,3.223356991
2026-10-04 19:41,SP,55,RONALDO CAIADO,519389,2.32472161
2026-10-04 19:41,SP,30,ZEMA,84609,0.378699531
2026-10-04 19:41,SP,80,SAMARA,38052,0.170316096
2026-10-04 19:41,SP,16,HERTZ DIAS,14290,0.063960291
2026-10-04 19:41,SP,27,CLARIANA BARAO,9388,0.042019539
2026-10-04 19:41,SP,21,EDMILSON COSTA,5473,0.024496478
2026-10-04 19:41,SP,35,VETERINÁRIO WILSON GRASSI,4648,0.020803879
2026-10-04 19:41,SP,29,RUI COSTA PIMENTA,4018,0.017984076
2026-10-04 19:41,TO,22,FLAVIO BOLSONARO,462484,50.358510556
2026-10-04 19:41,TO,13,LULA,399554,43.506249571
2026-10-04 19:41,TO,70,ESCRITOR AUGUSTO CURY,22113,2.40781896
2026-10-04 19:41,TO,55,RONALDO CAIADO,19938,2.170989663
2026-10-04 19:41,TO,14,RENAN SANTOS,12803,1.394080683
2026-10-04 19:41,TO,30,ZEMA,588,0.064025575
2026-10-04 19:41,TO,80,SAMARA,390,0.042465943
2026-10-04 19:41,TO,27,CLARIANA BARAO,170,0.018510796
2026-10-04 19:41,TO,21,EDMILSON COSTA,115,0.012522009
2026-10-04 19:41,TO,16,HERTZ DIAS,99,0.010779816
2026-10-04 19:41,TO,35,VETERINÁRIO WILSON GRASSI,66,0.007186544
2026-10-04 19:41,TO,29,RUI COSTA PIMENTA,63,0.006859883
2026-10-04 19:41,ZZ,13,LULA,122963,51.085583714
2026-10-04 19:41,ZZ,22,FLAVIO BOLSONARO,95108,39.51308683
2026-10-04 19:41,ZZ,70,ESCRITOR AUGUSTO CURY,7536,3.130868301
2026-10-04 19:41,ZZ,14,RENAN SANTOS,6579,2.733277939
2026-10-04 19:41,ZZ,55,RONALDO CAIADO,3448,1.432488575
2026-10-04 19:41,ZZ,30,ZEMA,2345,0.974241795
2026-10-04 19:41,ZZ,80,SAMARA,908,0.37723307
2026-10-04 19:41,ZZ,27,CLARIANA BARAO,718,0.298296635
2026-10-04 19:41,ZZ,21,EDMILSON COSTA,353,0.146655588
2026-10-04 19:41,ZZ,16,HERTZ DIAS,317,0.131699211
2026-10-04 19:41,ZZ,35,VETERINÁRIO WILSON GRASSI,271,0.112588284
2026-10-04 19:41,ZZ,29,RUI COSTA PIMENTA,154,0.063980058
2026-10-04 20:03,BR,22,FLAVIO BOLSONARO,37566895,49.58486501
2026-10-04 20:03,BR,13,LULA,32007853,42.247438077
2026-10-04 20:03,BR,70,ESCRITOR AUGUSTO CURY,2247926,2.967056693
2026-10-04 20:03,BR,55,RONALDO CAIADO,1774893,2.342696404
2026-10-04 20:03,BR,14,RENAN SANTOS,1772742,2.33985728
2026-10-04 20:03,BR,30,ZEMA,220598,0.291169181
2026-10-04 20:03,BR,80,SAMARA,80928,0.106817557
2026-10-04 20:03,BR,16,HERTZ DIAS,28466,0.037572516
2026-10-04 20:03,BR,27,CLARIANA BARAO,26802,0.035376188
2026-10-04 20:03,BR,21,EDMILSON COSTA,14415,0.019026481
2026-10-04 20:03,BR,35,VETERINÁRIO WILSON GRASSI,11041,0.01457311
2026-10-04 20:03,BR,29,RUI COSTA PIMENTA,10267,0.013551501
2026-10-04 20:03,AC,22,FLAVIO BOLSONARO,296503,64.610412958
2026-10-04 20:03,AC,13,LULA,131531,28.661673665
2026-10-04 20:03,AC,70,ESCRITOR AUGUSTO CURY,13269,2.891422918
2026-10-04 20:03,AC,55,RONALDO CAIADO,8408,1.83217152
2026-10-04 20:03,AC,14,RENAN SANTOS,7842,1.708835521
2026-10-04 20:03,AC,30,ZEMA,559,0.121810642
2026-10-04 20:03,AC,80,SAMARA,311,0.067769427
2026-10-04 20:03,AC,27,CLARIANA BARAO,205,0.044671166
2026-10-04 20:03,AC,21,EDMILSON COSTA,138,0.030071321
2026-10-04 20:03,AC,16,HERTZ DIAS,69,0.015035661
2026-10-04 20:03,AC,29,RUI COSTA PIMENTA,38,0.008280509
2026-10-04 20:03,AC,35,VETERINÁRIO WILSON GRASSI,36,0.007844693
2026-10-04 20:03,AL,13,LULA,553945,56.965377243
2026-10-04 20:03,AL,22,FLAVIO BOLSONARO,374648,38.527226806
2026-10-04 20:03,AL,70,ESCRITOR AUGUSTO CURY,22003,2.262696108
2026-10-04 20:03,AL,14,RENAN SANTOS,13159,1.353216292
2026-10-04 20:03,AL,55,RONALDO CAIADO,6652,0.684063742
2026-10-04 20:03,AL,80,SAMARA,617,0.063449689
2026-10-04 20:03,AL,30,ZEMA,560,0.057588048
2026-10-04 20:03,AL,27,CLARIANA BARAO,315,0.032393277
2026-10-04 20:03,AL,16,HERTZ DIAS,215,0.022109697
2026-10-04 20:03,AL,21,EDMILSON COSTA,141,0.014499848
2026-10-04 20:03,AL,35,VETERINÁRIO WILSON GRASSI,120,0.012340296
2026-10-04 20:03,AL,29,RUI COSTA PIMENTA,49,0.005038954
2026-10-04 20:03,AM,22,FLAVIO BOLSONARO,871292,47.150412441
2026-10-04 20:03,AM,13,LULA,843552,45.649248146
2026-10-04 20:03,AM,70,ESCRITOR AUGUSTO CURY,70270,3.802697009
2026-10-04 20:03,AM,14,RENAN SANTOS,32370,1.751719115
2026-10-04 20:03,AM,55,RONALDO CAIADO,25005,1.353158371
2026-10-04 20:03,AM,80,SAMARA,1757,0.095080954
2026-10-04 20:03,AM,30,ZEMA,1685,0.091184637
2026-10-04 20:03,AM,27,CLARIANA BARAO,864,0.046755802
2026-10-04 20:03,AM,16,HERTZ DIAS,440,0.023810825
2026-10-04 20:03,AM,35,VETERINÁRIO WILSON GRASSI,274,0.01482765
2026-10-04 20:03,AM,21,EDMILSON COSTA,232,0.012554799
2026-10-04 20:03,AM,29,RUI COSTA PIMENTA,158,0.008550251
2026-10-04 20:03,AP,13,LULA,172933,46.337267721
2026-10-04 20:03,AP,22,FLAVIO BOLSONARO,168381,45.117562734
2026-10-04 20:03,AP,70,ESCRITOR AUGUSTO CURY,15348,4.112485095
2026-10-04 20:03,AP,14,RENAN SANTOS,8903,2.385552176
2026-10-04 20:03,AP,55,RONALDO CAIADO,6555,1.756407336
2026-10-04 20:03,AP,80,SAMARA,408,0.109323294
2026-10-04 20:03,AP,30,ZEMA,269,0.072078348
2026-10-04 20:03,AP,27,CLARIANA BARAO,183,0.049034713
2026-10-04 20:03,AP,16,HERTZ DIAS,100,0.026794925
2026-10-04 20:03,AP,21,EDMILSON COSTA,45,0.012057716
2026-10-04 20:03,AP,29,RUI COSTA PIMENTA,42,0.011253869
2026-10-04 20:03,AP,35,VETERINÁRIO WILSON GRASSI,38,0.010182072
2026-10-04 20:03,BA,13,LULA,3635383,64.939412642
2026-10-04 20:03,BA,22,FLAVIO BOLSONARO,1651965,29.509308044
2026-10-04 20:03,BA,70,ESCRITOR AUGUSTO CURY,131351,2.346343367
2026-10-04 20:03,BA,55,RONALDO CAIADO,84790,1.514616974
2026-10-04 20:03,BA,14,RENAN SANTOS,82296,1.470066263
2026-10-04 20:03,BA,30,ZEMA,4747,0.0847964
2026-10-04 20:03,BA,80,SAMARA,3329,0.059466445
2026-10-04 20:03,BA,16,HERTZ DIAS,1264,0.022579029
2026-10-04 20:03,BA,27,CLARIANA BARAO,1155,0.020631945
2026-10-04 20:03,BA,21,EDMILSON COSTA,855,0.015272998
2026-10-04 20:03,BA,29,RUI COSTA PIMENTA,555,0.009914051
2026-10-04 20:03,BA,35,VETERINÁRIO WILSON GRASSI,425,0.007591841
2026-10-04 20:03,CE,13,LULA,2367584,61.704473813
2026-10-04 20:03,CE,22,FLAVIO BOLSONARO,1247982,32.525170232
2026-10-04 20:03,CE,70,ESCRITOR AUGUSTO CURY,99743,2.599523114
2026-10-04 20:03,CE,14,RENAN SANTOS,79008,2.059123168
2026-10-04 20:03,CE,55,RONALDO CAIADO,33446,0.87167671
2026-10-04 20:03,CE,30,ZEMA,3442,0.08970613
2026-10-04 20:03,CE,80,SAMARA,2617,0.068204806
2026-10-04 20:03,CE,16,HERTZ DIAS,1100,0.028668432
2026-10-04 20:03,CE,27,CLARIANA BARAO,771,0.020093965
2026-10-04 20:03,CE,21,EDMILSON COSTA,553,0.014412403
2026-10-04 20:03,CE,29,RUI COSTA PIMENTA,369,0.009616956
2026-10-04 20:03,CE,35,VETERINÁRIO WILSON GRASSI,358,0.009330272
2026-10-04 20:03,DF,22,FLAVIO BOLSONARO,904230,51.294574936
2026-10-04 20:03,DF,13,LULA,672045,38.123334343
2026-10-04 20:03,DF,55,RONALDO CAIADO,84648,4.801857027
2026-10-04 20:03,DF,14,RENAN SANTOS,46429,2.6337943
2026-10-04 20:03,DF,70,ESCRITOR AUGUSTO CURY,45711,2.59306406
2026-10-04 20:03,DF,30,ZEMA,4898,0.277850578
2026-10-04 20:03,DF,80,SAMARA,2284,0.129565276
2026-10-04 20:03,DF,16,HERTZ DIAS,826,0.046856794
2026-10-04 20:03,DF,27,CLARIANA BARAO,711,0.040333148
2026-10-04 20:03,DF,29,RUI COSTA PIMENTA,380,0.021556394
2026-10-04 20:03,DF,21,EDMILSON COSTA,334,0.018946936
2026-10-04 20:03,DF,35,VETERINÁRIO WILSON GRASSI,322,0.018266208
2026-10-04 20:03,ES,22,FLAVIO BOLSONARO,1225274,54.86461992
2026-10-04 20:03,ES,13,LULA,841258,37.669370626
2026-10-04 20:03,ES,70,ESCRITOR AUGUSTO CURY,64681,2.896248905
2026-10-04 20:03,ES,14,RENAN SANTOS,52886,2.368099126
2026-10-04 20:03,ES,55,RONALDO CAIADO,38836,1.738976245
2026-10-04 20:03,ES,30,ZEMA,5843,0.261634519
2026-10-04 20:03,ES,80,SAMARA,1957,0.087629429
2026-10-04 20:03,ES,27,CLARIANA BARAO,966,0.043254997
2026-10-04 20:03,ES,16,HERTZ DIAS,634,0.02838889
2026-10-04 20:03,ES,21,EDMILSON COSTA,379,0.016970646
2026-10-04 20:03,ES,35,VETERINÁRIO WILSON GRASSI,311,0.013925781
2026-10-04 20:03,ES,29,RUI COSTA PIMENTA,243,0.010880915
2026-10-04 20:03,GO,22,FLAVIO BOLSONARO,1885543,54.034374306
2026-10-04 20:03,GO,13,LULA,1068820,30.629383655
2026-10-04 20:03,GO,55,RONALDO CAIADO,428849,12.289609617
2026-10-04 20:03,GO,14,RENAN SANTOS,49976,1.432172
2026-10-04 20:03,GO,70,ESCRITOR AUGUSTO CURY,49755,1.42583876
2026-10-04 20:03,GO,30,ZEMA,2513,0.072015532
2026-10-04 20:03,GO,80,SAMARA,1945,0.055738245
2026-10-04 20:03,GO,16,HERTZ DIAS,613,0.017566861
2026-10-04 20:03,GO,27,CLARIANA BARAO,520,0.014901742
2026-10-04 20:03,GO,21,EDMILSON COSTA,422,0.012093336
2026-10-04 20:03,GO,35,VETERINÁRIO WILSON GRASSI,323,0.009256274
2026-10-04 20:03,GO,29,RUI COSTA PIMENTA,246,0.00704967
2026-10-04 20:03,MA,13,LULA,1858243,62.569168949
2026-10-04 20:03,MA,22,FLAVIO BOLSONARO,955861,32.184934048
2026-10-04 20:03,MA,70,ESCRITOR AUGUSTO CURY,64462,2.17050933
2026-10-04 20:03,MA,14,RENAN SANTOS,45578,1.534663433
2026-10-04 20:03,MA,55,RONALDO CAIADO,38307,1.28984054
2026-10-04 20:03,MA,30,ZEMA,3498,0.117781664
2026-10-04 20:03,MA,80,SAMARA,1361,0.045826428
2026-10-04 20:03,MA,16,HERTZ DIAS,1186,0.039933978
2026-10-04 20:03,MA,27,CLARIANA BARAO,666,0.022424982
2026-10-04 20:03,MA,21,EDMILSON COSTA,348,0.011717558
2026-10-04 20:03,MA,35,VETERINÁRIO WILSON GRASSI,220,0.007407652
2026-10-04 20:03,MA,29,RUI COSTA PIMENTA,172,0.005791437
2026-10-04 20:03,MG,22,FLAVIO BOLSONARO,4752312,48.90034441
2026-10-04 20:03,MG,13,LULA,4126005,42.455770062
2026-10-04 20:03,MG,70,ESCRITOR AUGUSTO CURY,336491,3.462425403
2026-10-04 20:03,MG,14,RENAN SANTOS,207520,2.135339488
2026-10-04 20:03,MG,55,RONALDO CAIADO,191932,1.974942071
2026-10-04 20:03,MG,30,ZEMA,83625,0.860484602
2026-10-04 20:03,MG,80,SAMARA,9499,0.097742819
2026-10-04 20:03,MG,16,HERTZ DIAS,3559,0.036621401
2026-10-04 20:03,MG,27,CLARIANA BARAO,2856,0.029387671
2026-10-04 20:03,MG,21,EDMILSON COSTA,1856,0.019097871
2026-10-04 20:03,MG,35,VETERINÁRIO WILSON GRASSI,1459,0.01501282
2026-10-04 20:03,MG,29,RUI COSTA PIMENTA,1247,0.012831382
2026-10-04 20:03,MS,22,FLAVIO BOLSONARO,870220,58.744389473
2026-10-04 20:03,MS,13,LULA,511323,34.516969799
2026-10-04 20:03,MS,70,ESCRITOR AUGUSTO CURY,39046,2.635808682
2026-10-04 20:03,MS,14,RENAN SANTOS,31777,2.145113264
2026-10-04 20:03,MS,55,RONALDO CAIADO,23228,1.568011168
2026-10-04 20:03,MS,30,ZEMA,2782,0.187799512
2026-10-04 20:03,MS,80,SAMARA,1290,0.087081729
2026-10-04 20:03,MS,27,CLARIANA BARAO,626,0.042258266
2026-10-04 20:03,MS,16,HERTZ DIAS,353,0.023829341
2026-10-04 20:03,MS,21,EDMILSON COSTA,331,0.022344227
2026-10-04 20:03,MS,35,VETERINÁRIO WILSON GRASSI,208,0.014041085
2026-10-04 20:03,MS,29,RUI COSTA PIMENTA,183,0.012353455
2026-10-04 20:03,MT,22,FLAVIO BOLSONARO,1247183,65.368246491
2026-10-04 20:03,MT,13,LULA,551722,28.917247662
2026-10-04 20:03,MT,70,ESCRITOR AUGUSTO CURY,38611,2.023707319
2026-10-04 20:03,MT,14,RENAN SANTOS,32085,1.681661944
2026-10-04 20:03,MT,55,RONALDO CAIADO,31775,1.665414003
2026-10-04 20:03,MT,30,ZEMA,2359,0.123641593
2026-10-04 20:03,MT,27,CLARIANA BARAO,1817,0.095233902
2026-10-04 20:03,MT,80,SAMARA,1535,0.080453517
2026-10-04 20:03,MT,16,HERTZ DIAS,328,0.01719137
2026-10-04 20:03,MT,21,EDMILSON COSTA,231,0.012107337
2026-10-04 20:03,MT,35,VETERINÁRIO WILSON GRASSI,165,0.008648098
2026-10-04 20:03,MT,29,RUI COSTA PIMENTA,123,0.006446764
2026-10-04 20:03,PA,13,LULA,1942911,48.284744428
2026-10-04 20:03,PA,22,FLAVIO BOLSONARO,1844140,45.830111925
2026-10-04 20:03,PA,70,ESCRITOR AUGUSTO CURY,107977,2.683417742
2026-10-04 20:03,PA,14,RENAN SANTOS,74082,1.841067572
2026-10-04 20:03,PA,55,RONALDO CAIADO,45226,1.123945385
2026-10-04 20:03,PA,80,SAMARA,3442,0.085539734
2026-10-04 20:03,PA,30,ZEMA,2731,0.067870138
2026-10-04 20:03,PA,27,CLARIANA BARAO,1157,0.028753478
2026-10-04 20:03,PA,16,HERTZ DIAS,954,0.023708572
2026-10-04 20:03,PA,21,EDMILSON COSTA,566,0.014066092
2026-10-04 20:03,PA,35,VETERINÁRIO WILSON GRASSI,400,0.009940701
2026-10-04 20:03,PA,29,RUI COSTA PIMENTA,275,0.006834232
2026-10-04 20:03,PB,13,LULA,1501801,61.206415217
2026-10-04 20:03,PB,22,FLAVIO BOLSONARO,813407,33.15068147
2026-10-04 20:03,PB,70,ESCRITOR AUGUSTO CURY,72267,2.945266389
2026-10-04 20:03,PB,14,RENAN SANTOS,41474,1.690287105
2026-10-04 20:03,PB,55,RONALDO CAIADO,19157,0.78075011
2026-10-04 20:03,PB,30,ZEMA,1959,0.079839717
2026-10-04 20:03,PB,80,SAMARA,1569,0.063945134
2026-10-04 20:03,PB,16,HERTZ DIAS,614,0.025023781
2026-10-04 20:03,PB,27,CLARIANA BARAO,594,0.024208674
2026-10-04 20:03,PB,21,EDMILSON COSTA,340,0.013856817
2026-10-04 20:03,PB,29,RUI COSTA PIMENTA,271,0.011044698
2026-10-04 20:03,PB,35,VETERINÁRIO WILSON GRASSI,213,0.008680888
2026-10-04 20:03,PE,13,LULA,2578167,62.544852647
2026-10-04 20:03,PE,22,FLAVIO BOLSONARO,1312420,31.838556428
2026-10-04 20:03,PE,70,ESCRITOR AUGUSTO CURY,102338,2.482661181
2026-10-04 20:03,PE,14,RENAN SANTOS,64678,1.569051182
2026-10-04 20:03,PE,55,RONALDO CAIADO,54942,1.332861407
2026-10-04 20:03,PE,30,ZEMA,4932,0.119647491
2026-10-04 20:03,PE,80,SAMARA,1866,0.04526809
2026-10-04 20:03,PE,16,HERTZ DIAS,898,0.021784965
2026-10-04 20:03,PE,27,CLARIANA BARAO,687,0.016666226
2026-10-04 20:03,PE,21,EDMILSON COSTA,512,0.012420826
2026-10-04 20:03,PE,35,VETERINÁRIO WILSON GRASSI,350,0.008490799
2026-10-04 20:03,PE,29,RUI COSTA PIMENTA,319,0.007738757
2026-10-04 20:03,PI,13,LULA,1272297,70.31875923
2026-10-04 20:03,PI,22,FLAVIO BOLSONARO,445734,24.635334224
2026-10-04 20:03,PI,70,ESCRITOR AUGUSTO CURY,41060,2.269350831
2026-10-04 20:03,PI,14,RENAN SANTOS,28100,1.553062795
2026-10-04 20:03,PI,55,RONALDO CAIADO,18588,1.027342748
2026-10-04 20:03,PI,30,ZEMA,1213,0.067041465
2026-10-04 20:03,PI,80,SAMARA,963,0.05322418
2026-10-04 20:03,PI,27,CLARIANA BARAO,431,0.023820999
2026-10-04 20:03,PI,16,HERTZ DIAS,391,0.021610233
2026-10-04 20:03,PI,21,EDMILSON COSTA,263,0.014535783
2026-10-04 20:03,PI,35,VETERINÁRIO WILSON GRASSI,163,0.00900887
2026-10-04 20:03,PI,29,RUI COSTA PIMENTA,125,0.006908642
2026-10-04 20:03,PR,22,FLAVIO BOLSONARO,3914574,59.955898901
2026-10-04 20:03,PR,13,LULA,2032920,31.136349956
2026-10-04 20:03,PR,70,ESCRITOR AUGUSTO CURY,203703,3.119929901
2026-10-04 20:03,PR,14,RENAN SANTOS,176493,2.703179571
2026-10-04 20:03,PR,55,RONALDO CAIADO,170057,2.604605329
2026-10-04 20:03,PR,30,ZEMA,17100,0.261904838
2026-10-04 20:03,PR,80,SAMARA,6708,0.102740214
2026-10-04 20:03,PR,27,CLARIANA BARAO,2435,0.037294636
2026-10-04 20:03,PR,16,HERTZ DIAS,2048,0.031367316
2026-10-04 20:03,PR,21,EDMILSON COSTA,1178,0.018042333
2026-10-04 20:03,PR,35,VETERINÁRIO WILSON GRASSI,962,0.014734062
2026-10-04 20:03,PR,29,RUI COSTA PIMENTA,911,0.013952942
2026-10-04 20:03,RJ,22,FLAVIO BOLSONARO,3559112,53.388463175
2026-10-04 20:03,RJ,13,LULA,2608074,39.122416689
2026-10-04 20:03,RJ,70,ESCRITOR AUGUSTO CURY,175786,2.636878072
2026-10-04 20:03,RJ,14,RENAN SANTOS,146649,2.199808474
2026-10-04 20:03,RJ,55,RONALDO CAIADO,140774,2.11168053
2026-10-04 20:03,RJ,30,ZEMA,15889,0.238342961
2026-10-04 20:03,RJ,80,SAMARA,9785,0.146779902
2026-10-04 20:03,RJ,27,CLARIANA BARAO,2852,0.042781429
2026-10-04 20:03,RJ,16,HERTZ DIAS,2823,0.042346414
2026-10-04 20:03,RJ,21,EDMILSON COSTA,2056,0.03084103
2026-10-04 20:03,RJ,35,VETERINÁRIO WILSON GRASSI,1345,0.020175674
2026-10-04 20:03,RJ,29,RUI COSTA PIMENTA,1299,0.019485651
2026-10-04 20:03,RN,13,LULA,1020139,59.699914208
2026-10-04 20:03,RN,22,FLAVIO BOLSONARO,594226,34.774909321
2026-10-04 20:03,RN,70,ESCRITOR AUGUSTO CURY,47528,2.78140285
2026-10-04 20:03,RN,14,RENAN SANTOS,29440,1.722868623
2026-10-04 20:03,RN,55,RONALDO CAIADO,13752,0.804785642
2026-10-04 20:03,RN,30,ZEMA,1283,0.075082895
2026-10-04 20:03,RN,80,SAMARA,1026,0.060042908
2026-10-04 20:03,RN,16,HERTZ DIAS,469,0.027446514
2026-10-04 20:03,RN,27,CLARIANA BARAO,346,0.020248388
2026-10-04 20:03,RN,21,EDMILSON COSTA,263,0.015391116
2026-10-04 20:03,RN,35,VETERINÁRIO WILSON GRASSI,157,0.009187852
2026-10-04 20:03,RN,29,RUI COSTA PIMENTA,149,0.008719682
2026-10-04 20:03,RO,22,FLAVIO BOLSONARO,638932,67.35937892
2026-10-04 20:03,RO,13,LULA,246413,25.978080043
2026-10-04 20:03,RO,70,ESCRITOR AUGUSTO CURY,24857,2.620548168
2026-10-04 20:03,RO,14,RENAN SANTOS,18842,1.986417048
2026-10-04 20:03,RO,55,RONALDO CAIADO,16530,1.742674547
2026-10-04 20:03,RO,30,ZEMA,1292,0.136209045
2026-10-04 20:03,RO,80,SAMARA,838,0.088346114
2026-10-04 20:03,RO,27,CLARIANA BARAO,351,0.03700416
2026-10-04 20:03,RO,16,HERTZ DIAS,174,0.018343943
2026-10-04 20:03,RO,21,EDMILSON COSTA,157,0.016551718
2026-10-04 20:03,RO,35,VETERINÁRIO WILSON GRASSI,97,0.010226221
2026-10-04 20:03,RO,29,RUI COSTA PIMENTA,59,0.006220072
2026-10-04 20:03,RR,22,FLAVIO BOLSONARO,228239,71.458001334
2026-10-04 20:03,RR,13,LULA,71527,22.393966243
2026-10-04 20:03,RR,70,ESCRITOR AUGUSTO CURY,8506,2.663093334
2026-10-04 20:03,RR,14,RENAN SANTOS,6567,2.056023268
2026-10-04 20:03,RR,55,RONALDO CAIADO,3609,1.129920508
2026-10-04 20:03,RR,30,ZEMA,334,0.104570089
2026-10-04 20:03,RR,80,SAMARA,277,0.086724295
2026-10-04 20:03,RR,27,CLARIANA BARAO,167,0.052285044
2026-10-04 20:03,RR,16,HERTZ DIAS,60,0.018785046
2026-10-04 20:03,RR,21,EDMILSON COSTA,42,0.013149532
2026-10-04 20:03,RR,35,VETERINÁRIO WILSON GRASSI,41,0.012836448
2026-10-04 20:03,RR,29,RUI COSTA PIMENTA,34,0.010644859
2026-10-04 20:03,RS,22,FLAVIO BOLSONARO,3486455,55.578413521
2026-10-04 20:03,RS,13,LULA,2243861,35.769925194
2026-10-04 20:03,RS,70,ESCRITOR AUGUSTO CURY,191345,3.050276437
2026-10-04 20:03,RS,14,RENAN SANTOS,164305,2.619225326
2026-10-04 20:03,RS,55,RONALDO CAIADO,154779,2.46736908
2026-10-04 20:03,RS,30,ZEMA,18659,0.297447584
2026-10-04 20:03,RS,80,SAMARA,6540,0.104255705
2026-10-04 20:03,RS,16,HERTZ DIAS,2115,0.033715721
2026-10-04 20:03,RS,27,CLARIANA BARAO,2032,0.032392598
2026-10-04 20:03,RS,29,RUI COSTA PIMENTA,1023,0.016307888
2026-10-04 20:03,RS,21,EDMILSON COSTA,1008,0.016068769
2026-10-04 20:03,RS,35,VETERINÁRIO WILSON GRASSI,916,0.014602175
2026-10-04 20:03,SC,22,FLAVIO BOLSONARO,2806634,66.569830945
2026-10-04 20:03,SC,13,LULA,1056818,25.066394692
2026-10-04 20:03,SC,70,ESCRITOR AUGUSTO CURY,126071,2.990245667
2026-10-04 20:03,SC,14,RENAN SANTOS,125423,2.974875921
2026-10-04 20:03,SC,55,RONALDO CAIADO,75576,1.792567732
2026-10-04 20:03,SC,30,ZEMA,16086,0.381539702
2026-10-04 20:03,SC,80,SAMARA,4764,0.112996092
2026-10-04 20:03,SC,16,HERTZ DIAS,1428,0.033870365
2026-10-04 20:03,SC,27,CLARIANA BARAO,1358,0.032210053
2026-10-04 20:03,SC,21,EDMILSON COSTA,773,0.018334588
2026-10-04 20:03,SC,29,RUI COSTA PIMENTA,613,0.01453959
2026-10-04 20:03,SC,35,VETERINÁRIO WILSON GRASSI,531,0.012594653
2026-10-04 20:03,SE,13,LULA,780086,62.137748982
2026-10-04 20:03,SE,22,FLAVIO BOLSONARO,390595,31.11284405
2026-10-04 20:03,SE,70,ESCRITOR AUGUSTO CURY,36627,2.917523622
2026-10-04 20:03,SE,55,RONALDO CAIADO,24724,1.969390177
2026-10-04 20:03,SE,14,RENAN SANTOS,20168,1.606482005
2026-10-04 20:03,SE,30,ZEMA,1096,0.087301878
2026-10-04 20:03,SE,80,SAMARA,939,0.074796043
2026-10-04 20:03,SE,27,CLARIANA BARAO,438,0.034888889
2026-10-04 20:03,SE,16,HERTZ DIAS,318,0.025330289
2026-10-04 20:03,SE,21,EDMILSON COSTA,194,0.01545307
2026-10-04 20:03,SE,35,VETERINÁRIO WILSON GRASSI,130,0.01035515
2026-10-04 20:03,SE,29,RUI COSTA PIMENTA,99,0.007885845
2026-10-04 20:03,SP,22,FLAVIO BOLSONARO,11659202,52.162589303
2026-10-04 20:03,SP,13,LULA,8491721,37.991464167
2026-10-04 20:03,SP,70,ESCRITOR AUGUSTO CURY,800054,3.579394904
2026-10-04 20:03,SP,14,RENAN SANTOS,720539,3.223649434
2026-10-04 20:03,SP,55,RONALDO CAIADO,519616,2.324731659
2026-10-04 20:03,SP,30,ZEMA,84626,0.378611785
2026-10-04 20:03,SP,80,SAMARA,38068,0.17031401
2026-10-04 20:03,SP,16,HERTZ DIAS,14292,0.063941574
2026-10-04 20:03,SP,27,CLARIANA BARAO,9395,0.042032682
2026-10-04 20:03,SP,21,EDMILSON COSTA,5474,0.024490357
2026-10-04 20:03,SP,35,VETERINÁRIO WILSON GRASSI,4650,0.020803829
2026-10-04 20:03,SP,29,RUI COSTA PIMENTA,4018,0.017976298
2026-10-04 20:03,TO,22,FLAVIO BOLSONARO,462484,50.358510556
2026-10-04 20:03,TO,13,LULA,399554,43.506249571
2026-10-04 20:03,TO,70,ESCRITOR AUGUSTO CURY,22113,2.40781896
2026-10-04 20:03,TO,55,RONALDO CAIADO,19938,2.170989663
2026-10-04 20:03,TO,14,RENAN SANTOS,12803,1.394080683
2026-10-04 20:03,TO,30,ZEMA,588,0.064025575
2026-10-04 20:03,TO,80,SAMARA,390,0.042465943
2026-10-04 20:03,TO,27,CLARIANA BARAO,170,0.018510796
2026-10-04 20:03,TO,21,EDMILSON COSTA,115,0.012522009
2026-10-04 20:03,TO,16,HERTZ DIAS,99,0.010779816
2026-10-04 20:03,TO,35,VETERINÁRIO WILSON GRASSI,66,0.007186544
2026-10-04 20:03,TO,29,RUI COSTA PIMENTA,63,0.006859883
2026-10-04 20:03,ZZ,13,LULA,122963,51.085583714
2026-10-04 20:03,ZZ,22,FLAVIO BOLSONARO,95108,39.51308683
2026-10-04 20:03,ZZ,70,ESCRITOR AUGUSTO CURY,7536,3.130868301
2026-10-04 20:03,ZZ,14,RENAN SANTOS,6579,2.733277939
2026-10-04 20:03,ZZ,55,RONALDO CAIADO,3448,1.432488575
2026-10-04 20:03,ZZ,30,ZEMA,2345,0.974241795
2026-10-04 20:03,ZZ,80,SAMARA,908,0.37723307
2026-10-04 20:03,ZZ,27,CLARIANA BARAO,718,0.298296635
2026-10-04 20:03,ZZ,21,EDMILSON COSTA,353,0.146655588
2026-10-04 20:03,ZZ,16,HERTZ DIAS,317,0.131699211
2026-10-04 20:03,ZZ,35,VETERINÁRIO WILSON GRASSI,271,0.112588284
2026-10-04 20:03,ZZ,29,RUI COSTA PIMENTA,154,0.063980058
2026-10-04 20:06,BR,22,FLAVIO BOLSONARO,48704246,48.466212919
2026-10-04 20:06,BR,13,LULA,43705754,43.492150133
2026-10-04 20:06,BR,70,ESCRITOR AUGUSTO CURY,2958595,2.944135409
2026-10-04 20:06,BR,14,RENAN SANTOS,2326033,2.31466494
2026-10-04 20:06,BR,55,RONALDO CAIADO,2283182,2.272023366
2026-10-04 20:06,BR,30,ZEMA,286923,0.285520716
2026-10-04 20:06,BR,80,SAMARA,106993,0.106470091
2026-10-04 20:06,BR,16,HERTZ DIAS,37689,0.037504802
2026-10-04 20:06,BR,27,CLARIANA BARAO,34786,0.03461599
2026-10-04 20:06,BR,21,EDMILSON COSTA,19160,0.019066359
2026-10-04 20:06,BR,35,VETERINÁRIO WILSON GRASSI,14554,0.01448287
2026-10-04 20:06,BR,29,RUI COSTA PIMENTA,13217,0.013152404
2026-10-04 20:06,AC,22,FLAVIO BOLSONARO,296503,64.610412958
2026-10-04 20:06,AC,13,LULA,131531,28.661673665
2026-10-04 20:06,AC,70,ESCRITOR AUGUSTO CURY,13269,2.891422918
2026-10-04 20:06,AC,55,RONALDO CAIADO,8408,1.83217152
2026-10-04 20:06,AC,14,RENAN SANTOS,7842,1.708835521
2026-10-04 20:06,AC,30,ZEMA,559,0.121810642
2026-10-04 20:06,AC,80,SAMARA,311,0.067769427
2026-10-04 20:06,AC,27,CLARIANA BARAO,205,0.044671166
2026-10-04 20:06,AC,21,EDMILSON COSTA,138,0.030071321
2026-10-04 20:06,AC,16,HERTZ DIAS,69,0.015035661
2026-10-04 20:06,AC,29,RUI COSTA PIMENTA,38,0.008280509
2026-10-04 20:06,AC,35,VETERINÁRIO WILSON GRASSI,36,0.007844693
2026-10-04 20:06,AL,13,LULA,565182,56.671666874
2026-10-04 20:06,AL,22,FLAVIO BOLSONARO,386847,38.789742623
2026-10-04 20:06,AL,70,ESCRITOR AUGUSTO CURY,22689,2.275060865
2026-10-04 20:06,AL,14,RENAN SANTOS,13578,1.361486907
2026-10-04 20:06,AL,55,RONALDO CAIADO,6910,0.692876309
2026-10-04 20:06,AL,80,SAMARA,642,0.064374326
2026-10-04 20:06,AL,30,ZEMA,578,0.057956947
2026-10-04 20:06,AL,27,CLARIANA BARAO,329,0.032989335
2026-10-04 20:06,AL,16,HERTZ DIAS,220,0.022059738
2026-10-04 20:06,AL,21,EDMILSON COSTA,145,0.014539373
2026-10-04 20:06,AL,35,VETERINÁRIO WILSON GRASSI,123,0.012333399
2026-10-04 20:06,AL,29,RUI COSTA PIMENTA,49,0.004913305
2026-10-04 20:06,AM,22,FLAVIO BOLSONARO,878726,47.007135116
2026-10-04 20:06,AM,13,LULA,856705,45.829129546
2026-10-04 20:06,AM,70,ESCRITOR AUGUSTO CURY,70744,3.784425141
2026-10-04 20:06,AM,14,RENAN SANTOS,32594,1.743604448
2026-10-04 20:06,AM,55,RONALDO CAIADO,25153,1.345550797
2026-10-04 20:06,AM,80,SAMARA,1762,0.094257564
2026-10-04 20:06,AM,30,ZEMA,1687,0.090245466
2026-10-04 20:06,AM,27,CLARIANA BARAO,866,0.046326362
2026-10-04 20:06,AM,16,HERTZ DIAS,441,0.023591138
2026-10-04 20:06,AM,35,VETERINÁRIO WILSON GRASSI,275,0.014711027
2026-10-04 20:06,AM,21,EDMILSON COSTA,235,0.012571241
2026-10-04 20:06,AM,29,RUI COSTA PIMENTA,158,0.008452154
2026-10-04 20:06,AP,13,LULA,172933,46.337267721
2026-10-04 20:06,AP,22,FLAVIO BOLSONARO,168381,45.117562734
2026-10-04 20:06,AP,70,ESCRITOR AUGUSTO CURY,15348,4.112485095
2026-10-04 20:06,AP,14,RENAN SANTOS,8903,2.385552176
2026-10-04 20:06,AP,55,RONALDO CAIADO,6555,1.756407336
2026-10-04 20:06,AP,80,SAMARA,408,0.109323294
2026-10-04 20:06,AP,30,ZEMA,269,0.072078348
2026-10-04 20:06,AP,27,CLARIANA BARAO,183,0.049034713
2026-10-04 20:06,AP,16,HERTZ DIAS,100,0.026794925
2026-10-04 20:06,AP,21,EDMILSON COSTA,45,0.012057716
2026-10-04 20:06,AP,29,RUI COSTA PIMENTA,42,0.011253869
2026-10-04 20:06,AP,35,VETERINÁRIO WILSON GRASSI,38,0.010182072
2026-10-04 20:06,BA,13,LULA,3684429,64.921834156
2026-10-04 20:06,BA,22,FLAVIO BOLSONARO,1675250,29.518903111
2026-10-04 20:06,BA,70,ESCRITOR AUGUSTO CURY,133291,2.348666835
2026-10-04 20:06,BA,55,RONALDO CAIADO,86197,1.518842496
2026-10-04 20:06,BA,14,RENAN SANTOS,83499,1.471302129
2026-10-04 20:06,BA,30,ZEMA,4827,0.085054616
2026-10-04 20:06,BA,80,SAMARA,3373,0.05943427
2026-10-04 20:06,BA,16,HERTZ DIAS,1287,0.022677707
2026-10-04 20:06,BA,27,CLARIANA BARAO,1169,0.020598476
2026-10-04 20:06,BA,21,EDMILSON COSTA,868,0.015294677
2026-10-04 20:06,BA,29,RUI COSTA PIMENTA,558,0.009832292
2026-10-04 20:06,BA,35,VETERINÁRIO WILSON GRASSI,429,0.007559236
2026-10-04 20:06,CE,13,LULA,2397244,61.728033932
2026-10-04 20:06,CE,22,FLAVIO BOLSONARO,1262513,32.509183589
2026-10-04 20:06,CE,70,ESCRITOR AUGUSTO CURY,100992,2.600501911
2026-10-04 20:06,CE,14,RENAN SANTOS,79777,2.054224502
2026-10-04 20:06,CE,55,RONALDO CAIADO,33744,0.868893937
2026-10-04 20:06,CE,30,ZEMA,3478,0.089557051
2026-10-04 20:06,CE,80,SAMARA,2631,0.067747154
2026-10-04 20:06,CE,16,HERTZ DIAS,1103,0.02840179
2026-10-04 20:06,CE,27,CLARIANA BARAO,780,0.020084675
2026-10-04 20:06,CE,21,EDMILSON COSTA,562,0.014471266
2026-10-04 20:06,CE,29,RUI COSTA PIMENTA,372,0.009578845
2026-10-04 20:06,CE,35,VETERINÁRIO WILSON GRASSI,362,0.009321349
2026-10-04 20:06,DF,22,FLAVIO BOLSONARO,904230,51.294574936
2026-10-04 20:06,DF,13,LULA,672045,38.123334343
2026-10-04 20:06,DF,55,RONALDO CAIADO,84648,4.801857027
2026-10-04 20:06,DF,14,RENAN SANTOS,46429,2.6337943
2026-10-04 20:06,DF,70,ESCRITOR AUGUSTO CURY,45711,2.59306406
2026-10-04 20:06,DF,30,ZEMA,4898,0.277850578
2026-10-04 20:06,DF,80,SAMARA,2284,0.129565276
2026-10-04 20:06,DF,16,HERTZ DIAS,826,0.046856794
2026-10-04 20:06,DF,27,CLARIANA BARAO,711,0.040333148
2026-10-04 20:06,DF,29,RUI COSTA PIMENTA,380,0.021556394
2026-10-04 20:06,DF,21,EDMILSON COSTA,334,0.018946936
2026-10-04 20:06,DF,35,VETERINÁRIO WILSON GRASSI,322,0.018266208
2026-10-04 20:06,ES,22,FLAVIO BOLSONARO,1225274,54.86461992
2026-10-04 20:06,ES,13,LULA,841258,37.669370626
2026-10-04 20:06,ES,70,ESCRITOR AUGUSTO CURY,64681,2.896248905
2026-10-04 20:06,ES,14,RENAN SANTOS,52886,2.368099126
2026-10-04 20:06,ES,55,RONALDO CAIADO,38836,1.738976245
2026-10-04 20:06,ES,30,ZEMA,5843,0.261634519
2026-10-04 20:06,ES,80,SAMARA,1957,0.087629429
2026-10-04 20:06,ES,27,CLARIANA BARAO,966,0.043254997
2026-10-04 20:06,ES,16,HERTZ DIAS,634,0.02838889
2026-10-04 20:06,ES,21,EDMILSON COSTA,379,0.016970646
2026-10-04 20:06,ES,35,VETERINÁRIO WILSON GRASSI,311,0.013925781
2026-10-04 20:06,ES,29,RUI COSTA PIMENTA,243,0.010880915
2026-10-04 20:06,GO,22,FLAVIO BOLSONARO,1899530,53.995381968
2026-10-04 20:06,GO,13,LULA,1078469,30.656186318
2026-10-04 20:06,GO,55,RONALDO CAIADO,432695,12.299638227
2026-10-04 20:06,GO,14,RENAN SANTOS,50436,1.43367627
2026-10-04 20:06,GO,70,ESCRITOR AUGUSTO CURY,50197,1.426882539
2026-10-04 20:06,GO,30,ZEMA,2524,0.07174635
2026-10-04 20:06,GO,80,SAMARA,1963,0.055799558
2026-10-04 20:06,GO,16,HERTZ DIAS,615,0.017481777
2026-10-04 20:06,GO,27,CLARIANA BARAO,522,0.014838191
2026-10-04 20:06,GO,21,EDMILSON COSTA,426,0.012109328
2026-10-04 20:06,GO,35,VETERINÁRIO WILSON GRASSI,325,0.009238337
2026-10-04 20:06,GO,29,RUI COSTA PIMENTA,247,0.007021136
2026-10-04 20:06,MA,13,LULA,1860524,62.577556658
2026-10-04 20:06,MA,22,FLAVIO BOLSONARO,956670,32.176994829
2026-10-04 20:06,MA,70,ESCRITOR AUGUSTO CURY,64530,2.170426037
2026-10-04 20:06,MA,14,RENAN SANTOS,45623,1.534500962
2026-10-04 20:06,MA,55,RONALDO CAIADO,38344,1.289676367
2026-10-04 20:06,MA,30,ZEMA,3501,0.117753937
2026-10-04 20:06,MA,80,SAMARA,1362,0.045810015
2026-10-04 20:06,MA,16,HERTZ DIAS,1186,0.039890365
2026-10-04 20:06,MA,27,CLARIANA BARAO,668,0.022467761
2026-10-04 20:06,MA,21,EDMILSON COSTA,349,0.011738396
2026-10-04 20:06,MA,35,VETERINÁRIO WILSON GRASSI,220,0.007399562
2026-10-04 20:06,MA,29,RUI COSTA PIMENTA,172,0.005785112
2026-10-04 20:06,MG,22,FLAVIO BOLSONARO,4752312,48.90034441
2026-10-04 20:06,MG,13,LULA,4126005,42.455770062
2026-10-04 20:06,MG,70,ESCRITOR AUGUSTO CURY,336491,3.462425403
2026-10-04 20:06,MG,14,RENAN SANTOS,207520,2.135339488
2026-10-04 20:06,MG,55,RONALDO CAIADO,191932,1.974942071
2026-10-04 20:06,MG,30,ZEMA,83625,0.860484602
2026-10-04 20:06,MG,80,SAMARA,9499,0.097742819
2026-10-04 20:06,MG,16,HERTZ DIAS,3559,0.036621401
2026-10-04 20:06,MG,27,CLARIANA BARAO,2856,0.029387671
2026-10-04 20:06,MG,21,EDMILSON COSTA,1856,0.019097871
2026-10-04 20:06,MG,35,VETERINÁRIO WILSON GRASSI,1459,0.01501282
2026-10-04 20:06,MG,29,RUI COSTA PIMENTA,1247,0.012831382
2026-10-04 20:06,MS,22,FLAVIO BOLSONARO,871749,58.732152109
2026-10-04 20:06,MS,13,LULA,512579,34.533871327
2026-10-04 20:06,MS,70,ESCRITOR AUGUSTO CURY,39104,2.634545123
2026-10-04 20:06,MS,14,RENAN SANTOS,31807,2.142925959
2026-10-04 20:06,MS,55,RONALDO CAIADO,23262,1.567225569
2026-10-04 20:06,MS,30,ZEMA,2786,0.18770056
2026-10-04 20:06,MS,80,SAMARA,1291,0.086978257
2026-10-04 20:06,MS,27,CLARIANA BARAO,626,0.042175359
2026-10-04 20:06,MS,16,HERTZ DIAS,353,0.023782591
2026-10-04 20:06,MS,21,EDMILSON COSTA,331,0.02230039
2026-10-04 20:06,MS,35,VETERINÁRIO WILSON GRASSI,208,0.014013538
2026-10-04 20:06,MS,29,RUI COSTA PIMENTA,183,0.012329218
2026-10-04 20:06,MT,22,FLAVIO BOLSONARO,1249440,65.367759042
2026-10-04 20:06,MT,13,LULA,552750,28.918578571
2026-10-04 20:06,MT,70,ESCRITOR AUGUSTO CURY,38675,2.023384941
2026-10-04 20:06,MT,14,RENAN SANTOS,32150,1.682012304
2026-10-04 20:06,MT,55,RONALDO CAIADO,31822,1.664852116
2026-10-04 20:06,MT,30,ZEMA,2359,0.123417326
2026-10-04 20:06,MT,27,CLARIANA BARAO,1820,0.095218115
2026-10-04 20:06,MT,80,SAMARA,1536,0.080359904
2026-10-04 20:06,MT,16,HERTZ DIAS,330,0.017264823
2026-10-04 20:06,MT,21,EDMILSON COSTA,231,0.012085376
2026-10-04 20:06,MT,35,VETERINÁRIO WILSON GRASSI,165,0.008632412
2026-10-04 20:06,MT,29,RUI COSTA PIMENTA,123,0.00643507
2026-10-04 20:06,PA,13,LULA,1958406,48.262586703
2026-10-04 20:06,PA,22,FLAVIO BOLSONARO,1860624,45.852865607
2026-10-04 20:06,PA,70,ESCRITOR AUGUSTO CURY,108955,2.685066393
2026-10-04 20:06,PA,14,RENAN SANTOS,74696,1.840794083
2026-10-04 20:06,PA,55,RONALDO CAIADO,45539,1.122254495
2026-10-04 20:06,PA,80,SAMARA,3468,0.085464735
2026-10-04 20:06,PA,30,ZEMA,2752,0.067819767
2026-10-04 20:06,PA,27,CLARIANA BARAO,1163,0.028660752
2026-10-04 20:06,PA,16,HERTZ DIAS,961,0.023682702
2026-10-04 20:06,PA,21,EDMILSON COSTA,572,0.01409626
2026-10-04 20:06,PA,35,VETERINÁRIO WILSON GRASSI,402,0.009906812
2026-10-04 20:06,PA,29,RUI COSTA PIMENTA,276,0.006801692
2026-10-04 20:06,PB,13,LULA,1501801,61.206415217
2026-10-04 20:06,PB,22,FLAVIO BOLSONARO,813407,33.15068147
2026-10-04 20:06,PB,70,ESCRITOR AUGUSTO CURY,72267,2.945266389
2026-10-04 20:06,PB,14,RENAN SANTOS,41474,1.690287105
2026-10-04 20:06,PB,55,RONALDO CAIADO,19157,0.78075011
2026-10-04 20:06,PB,30,ZEMA,1959,0.079839717
2026-10-04 20:06,PB,80,SAMARA,1569,0.063945134
2026-10-04 20:06,PB,16,HERTZ DIAS,614,0.025023781
2026-10-04 20:06,PB,27,CLARIANA BARAO,594,0.024208674
2026-10-04 20:06,PB,21,EDMILSON COSTA,340,0.013856817
2026-10-04 20:06,PB,29,RUI COSTA PIMENTA,271,0.011044698
2026-10-04 20:06,PB,35,VETERINÁRIO WILSON GRASSI,213,0.008680888
2026-10-04 20:06,PE,13,LULA,2617493,62.549597722
2026-10-04 20:06,PE,22,FLAVIO BOLSONARO,1331943,31.829120016
2026-10-04 20:06,PE,70,ESCRITOR AUGUSTO CURY,104087,2.487341887
2026-10-04 20:06,PE,14,RENAN SANTOS,65833,1.573195293
2026-10-04 20:06,PE,55,RONALDO CAIADO,55628,1.329328874
2026-10-04 20:06,PE,30,ZEMA,4987,0.119173134
2026-10-04 20:06,PE,80,SAMARA,1898,0.045356047
2026-10-04 20:06,PE,16,HERTZ DIAS,909,0.021722153
2026-10-04 20:06,PE,27,CLARIANA BARAO,692,0.016536557
2026-10-04 20:06,PE,21,EDMILSON COSTA,519,0.012402418
2026-10-04 20:06,PE,35,VETERINÁRIO WILSON GRASSI,357,0.008531143
2026-10-04 20:06,PE,29,RUI COSTA PIMENTA,322,0.007694756
2026-10-04 20:06,PI,13,LULA,1273531,70.315220956
2026-10-04 20:06,PI,22,FLAVIO BOLSONARO,446256,24.639046276
2026-10-04 20:06,PI,70,ESCRITOR AUGUSTO CURY,41101,2.269301569
2026-10-04 20:06,PI,14,RENAN SANTOS,28119,1.552528912
2026-10-04 20:06,PI,55,RONALDO CAIADO,18616,1.02784161
2026-10-04 20:06,PI,30,ZEMA,1214,0.067028347
2026-10-04 20:06,PI,80,SAMARA,964,0.053225146
2026-10-04 20:06,PI,27,CLARIANA BARAO,431,0.02379672
2026-10-04 20:06,PI,16,HERTZ DIAS,391,0.021588207
2026-10-04 20:06,PI,21,EDMILSON COSTA,263,0.014520968
2026-10-04 20:06,PI,35,VETERINÁRIO WILSON GRASSI,163,0.008999687
2026-10-04 20:06,PI,29,RUI COSTA PIMENTA,125,0.006901601
2026-10-04 20:06,PR,22,FLAVIO BOLSONARO,3914574,59.955898901
2026-10-04 20:06,PR,13,LULA,2032920,31.136349956
2026-10-04 20:06,PR,70,ESCRITOR AUGUSTO CURY,203703,3.119929901
2026-10-04 20:06,PR,14,RENAN SANTOS,176493,2.703179571
2026-10-04 20:06,PR,55,RONALDO CAIADO,170057,2.604605329
2026-10-04 20:06,PR,30,ZEMA,17100,0.261904838
2026-10-04 20:06,PR,80,SAMARA,6708,0.102740214
2026-10-04 20:06,PR,27,CLARIANA BARAO,2435,0.037294636
2026-10-04 20:06,PR,16,HERTZ DIAS,2048,0.031367316
2026-10-04 20:06,PR,21,EDMILSON COSTA,1178,0.018042333
2026-10-04 20:06,PR,35,VETERINÁRIO WILSON GRASSI,962,0.014734062
2026-10-04 20:06,PR,29,RUI COSTA PIMENTA,911,0.013952942
2026-10-04 20:06,RJ,22,FLAVIO BOLSONARO,3592697,53.342462548
2026-10-04 20:06,RJ,13,LULA,2637487,39.160010298
2026-10-04 20:06,RJ,70,ESCRITOR AUGUSTO CURY,177485,2.635203293
2026-10-04 20:06,RJ,14,RENAN SANTOS,148422,2.203691259
2026-10-04 20:06,RJ,55,RONALDO CAIADO,142506,2.115853624
2026-10-04 20:06,RJ,30,ZEMA,16168,0.240053902
2026-10-04 20:06,RJ,80,SAMARA,9895,0.14691572
2026-10-04 20:06,RJ,27,CLARIANA BARAO,2874,0.04267163
2026-10-04 20:06,RJ,16,HERTZ DIAS,2850,0.042315291
2026-10-04 20:06,RJ,21,EDMILSON COSTA,2080,0.030882739
2026-10-04 20:06,RJ,35,VETERINÁRIO WILSON GRASSI,1368,0.02031134
2026-10-04 20:06,RJ,29,RUI COSTA PIMENTA,1322,0.019628356
2026-10-04 20:06,RN,13,LULA,1026181,59.715221437
2026-10-04 20:06,RN,22,FLAVIO BOLSONARO,597438,34.765935507
2026-10-04 20:06,RN,70,ESCRITOR AUGUSTO CURY,47753,2.778828461
2026-10-04 20:06,RN,14,RENAN SANTOS,29552,1.719681249
2026-10-04 20:06,RN,55,RONALDO CAIADO,13821,0.804267547
2026-10-04 20:06,RN,30,ZEMA,1290,0.075067299
2026-10-04 20:06,RN,80,SAMARA,1027,0.05976288
2026-10-04 20:06,RN,16,HERTZ DIAS,472,0.027466484
2026-10-04 20:06,RN,27,CLARIANA BARAO,349,0.020308905
2026-10-04 20:06,RN,21,EDMILSON COSTA,268,0.015595377
2026-10-04 20:06,RN,35,VETERINÁRIO WILSON GRASSI,158,0.009194289
2026-10-04 20:06,RN,29,RUI COSTA PIMENTA,149,0.008670564
2026-10-04 20:06,RO,22,FLAVIO BOLSONARO,638932,67.35937892
2026-10-04 20:06,RO,13,LULA,246413,25.978080043
2026-10-04 20:06,RO,70,ESCRITOR AUGUSTO CURY,24857,2.620548168
2026-10-04 20:06,RO,14,RENAN SANTOS,18842,1.986417048
2026-10-04 20:06,RO,55,RONALDO CAIADO,16530,1.742674547
2026-10-04 20:06,RO,30,ZEMA,1292,0.136209045
2026-10-04 20:06,RO,80,SAMARA,838,0.088346114
2026-10-04 20:06,RO,27,CLARIANA BARAO,351,0.03700416
2026-10-04 20:06,RO,16,HERTZ DIAS,174,0.018343943
2026-10-04 20:06,RO,21,EDMILSON COSTA,157,0.016551718
2026-10-04 20:06,RO,35,VETERINÁRIO WILSON GRASSI,97,0.010226221
2026-10-04 20:06,RO,29,RUI COSTA PIMENTA,59,0.006220072
2026-10-04 20:06,RR,22,FLAVIO BOLSONARO,228262,71.407969117
2026-10-04 20:06,RR,13,LULA,71760,22.448922133
2026-10-04 20:06,RR,70,ESCRITOR AUGUSTO CURY,8506,2.660960586
2026-10-04 20:06,RR,14,RENAN SANTOS,6567,2.054376695
2026-10-04 20:06,RR,55,RONALDO CAIADO,3609,1.129015607
2026-10-04 20:06,RR,30,ZEMA,334,0.104486343
2026-10-04 20:06,RR,80,SAMARA,277,0.086654842
2026-10-04 20:06,RR,27,CLARIANA BARAO,167,0.052243172
2026-10-04 20:06,RR,16,HERTZ DIAS,60,0.018770002
2026-10-04 20:06,RR,21,EDMILSON COSTA,42,0.013139001
2026-10-04 20:06,RR,35,VETERINÁRIO WILSON GRASSI,41,0.012826168
2026-10-04 20:06,RR,29,RUI COSTA PIMENTA,34,0.010636334
2026-10-04 20:06,RS,22,FLAVIO BOLSONARO,3496170,55.599032153
2026-10-04 20:06,RS,13,LULA,2248087,35.750967887
2026-10-04 20:06,RS,70,ESCRITOR AUGUSTO CURY,191761,3.049544503
2026-10-04 20:06,RS,14,RENAN SANTOS,164658,2.61852983
2026-10-04 20:06,RS,55,RONALDO CAIADO,155161,2.467500559
2026-10-04 20:06,RS,30,ZEMA,18693,0.297271788
2026-10-04 20:06,RS,80,SAMARA,6549,0.104147699
2026-10-04 20:06,RS,16,HERTZ DIAS,2119,0.033698118
2026-10-04 20:06,RS,27,CLARIANA BARAO,2037,0.032394085
2026-10-04 20:06,RS,29,RUI COSTA PIMENTA,1024,0.016284508
2026-10-04 20:06,RS,21,EDMILSON COSTA,1010,0.016061868
2026-10-04 20:06,RS,35,VETERINÁRIO WILSON GRASSI,916,0.014567001
2026-10-04 20:06,SC,22,FLAVIO BOLSONARO,2842270,66.586420706
2026-10-04 20:06,SC,13,LULA,1069754,25.06133826
2026-10-04 20:06,SC,70,ESCRITOR AUGUSTO CURY,127614,2.989638385
2026-10-04 20:06,SC,14,RENAN SANTOS,126815,2.970920054
2026-10-04 20:06,SC,55,RONALDO CAIADO,76301,1.787518598
2026-10-04 20:06,SC,30,ZEMA,16190,0.379286328
2026-10-04 20:06,SC,80,SAMARA,4840,0.113387636
2026-10-04 20:06,SC,16,HERTZ DIAS,1442,0.033782019
2026-10-04 20:06,SC,27,CLARIANA BARAO,1373,0.032165542
2026-10-04 20:06,SC,21,EDMILSON COSTA,789,0.018484059
2026-10-04 20:06,SC,29,RUI COSTA PIMENTA,618,0.014478008
2026-10-04 20:06,SC,35,VETERINÁRIO WILSON GRASSI,537,0.012580405
2026-10-04 20:06,SE,13,LULA,782281,62.169228703
2026-10-04 20:06,SE,22,FLAVIO BOLSONARO,391141,31.084654087
2026-10-04 20:06,SE,70,ESCRITOR AUGUSTO CURY,36682,2.915182201
2026-10-04 20:06,SE,55,RONALDO CAIADO,24785,1.969706964
2026-10-04 20:06,SE,14,RENAN SANTOS,20204,1.605646944
2026-10-04 20:06,SE,30,ZEMA,1096,0.087101022
2026-10-04 20:06,SE,80,SAMARA,939,0.07462396
2026-10-04 20:06,SE,27,CLARIANA BARAO,439,0.034888092
2026-10-04 20:06,SE,16,HERTZ DIAS,318,0.025272012
2026-10-04 20:06,SE,21,EDMILSON COSTA,195,0.015496988
2026-10-04 20:06,SE,35,VETERINÁRIO WILSON GRASSI,130,0.010331326
2026-10-04 20:06,SE,29,RUI COSTA PIMENTA,99,0.007867702
2026-10-04 20:06,SP,22,FLAVIO BOLSONARO,11716981,52.149918016
2026-10-04 20:06,SP,13,LULA,8535273,37.988777757
2026-10-04 20:06,SP,70,ESCRITOR AUGUSTO CURY,804031,3.578579732
2026-10-04 20:06,SP,14,RENAN SANTOS,725179,3.227625392
2026-10-04 20:06,SP,55,RONALDO CAIADO,524228,2.333233042
2026-10-04 20:06,SP,30,ZEMA,85918,0.38240368
2026-10-04 20:06,SP,80,SAMARA,38232,0.170162917
2026-10-04 20:06,SP,16,HERTZ DIAS,14359,0.063909011
2026-10-04 20:06,SP,27,CLARIANA BARAO,9447,0.042046691
2026-10-04 20:06,SP,21,EDMILSON COSTA,5505,0.024501644
2026-10-04 20:06,SP,35,VETERINÁRIO WILSON GRASSI,4683,0.020843088
2026-10-04 20:06,SP,29,RUI COSTA PIMENTA,4044,0.017999028
2026-10-04 20:06,TO,22,FLAVIO BOLSONARO,462603,50.357156853
2026-10-04 20:06,TO,13,LULA,399678,43.507386975
2026-10-04 20:06,TO,70,ESCRITOR AUGUSTO CURY,22119,2.407788001
2026-10-04 20:06,TO,55,RONALDO CAIADO,19948,2.171461415
2026-10-04 20:06,TO,14,RENAN SANTOS,12804,1.393793461
2026-10-04 20:06,TO,30,ZEMA,589,0.064116241
2026-10-04 20:06,TO,80,SAMARA,390,0.042453878
2026-10-04 20:06,TO,27,CLARIANA BARAO,170,0.018505536
2026-10-04 20:06,TO,21,EDMILSON COSTA,115,0.012518451
2026-10-04 20:06,TO,16,HERTZ DIAS,99,0.010776754
2026-10-04 20:06,TO,35,VETERINÁRIO WILSON GRASSI,66,0.007184502
2026-10-04 20:06,TO,29,RUI COSTA PIMENTA,63,0.006857934
2026-10-04 20:06,ZZ,13,LULA,122963,51.085583714
2026-10-04 20:06,ZZ,22,FLAVIO BOLSONARO,95108,39.51308683
2026-10-04 20:06,ZZ,70,ESCRITOR AUGUSTO CURY,7536,3.130868301
2026-10-04 20:06,ZZ,14,RENAN SANTOS,6579,2.733277939
2026-10-04 20:06,ZZ,55,RONALDO CAIADO,3448,1.432488575
2026-10-04 20:06,ZZ,30,ZEMA,2345,0.974241795
2026-10-04 20:06,ZZ,80,SAMARA,908,0.37723307
2026-10-04 20:06,ZZ,27,CLARIANA BARAO,718,0.298296635
2026-10-04 20:06,ZZ,21,EDMILSON COSTA,353,0.146655588
2026-10-04 20:06,ZZ,16,HERTZ DIAS,317,0.131699211
2026-10-04 20:06,ZZ,35,VETERINÁRIO WILSON GRASSI,271,0.112588284
2026-10-04 20:06,ZZ,29,RUI COSTA PIMENTA,154,0.063980058
2026-10-04 20:07,BR,22,FLAVIO BOLSONARO,48704246,48.466212919
2026-10-04 20:07,BR,13,LULA,43705754,43.492150133
2026-10-04 20:07,BR,70,ESCRITOR AUGUSTO CURY,2958595,2.944135409
2026-10-04 20:07,BR,14,RENAN SANTOS,2326033,2.31466494
2026-10-04 20:07,BR,55,RONALDO CAIADO,2283182,2.272023366
2026-10-04 20:07,BR,30,ZEMA,286923,0.285520716
2026-10-04 20:07,BR,80,SAMARA,106993,0.106470091
2026-10-04 20:07,BR,16,HERTZ DIAS,37689,0.037504802
2026-10-04 20:07,BR,27,CLARIANA BARAO,34786,0.03461599
2026-10-04 20:07,BR,21,EDMILSON COSTA,19160,0.019066359
2026-10-04 20:07,BR,35,VETERINÁRIO WILSON GRASSI,14554,0.01448287
2026-10-04 20:07,BR,29,RUI COSTA PIMENTA,13217,0.013152404
2026-10-04 20:07,AC,22,FLAVIO BOLSONARO,296503,64.610412958
2026-10-04 20:07,AC,13,LULA,131531,28.661673665
2026-10-04 20:07,AC,70,ESCRITOR AUGUSTO CURY,13269,2.891422918
2026-10-04 20:07,AC,55,RONALDO CAIADO,8408,1.83217152
2026-10-04 20:07,AC,14,RENAN SANTOS,7842,1.708835521
2026-10-04 20:07,AC,30,ZEMA,559,0.121810642
2026-10-04 20:07,AC,80,SAMARA,311,0.067769427
2026-10-04 20:07,AC,27,CLARIANA BARAO,205,0.044671166
2026-10-04 20:07,AC,21,EDMILSON COSTA,138,0.030071321
2026-10-04 20:07,AC,16,HERTZ DIAS,69,0.015035661
2026-10-04 20:07,AC,29,RUI COSTA PIMENTA,38,0.008280509
2026-10-04 20:07,AC,35,VETERINÁRIO WILSON GRASSI,36,0.007844693
2026-10-04 20:07,AL,13,LULA,565182,56.671666874
2026-10-04 20:07,AL,22,FLAVIO BOLSONARO,386847,38.789742623
2026-10-04 20:07,AL,70,ESCRITOR AUGUSTO CURY,22689,2.275060865
2026-10-04 20:07,AL,14,RENAN SANTOS,13578,1.361486907
2026-10-04 20:07,AL,55,RONALDO CAIADO,6910,0.692876309
2026-10-04 20:07,AL,80,SAMARA,642,0.064374326
2026-10-04 20:07,AL,30,ZEMA,578,0.057956947
2026-10-04 20:07,AL,27,CLARIANA BARAO,329,0.032989335
2026-10-04 20:07,AL,16,HERTZ DIAS,220,0.022059738
2026-10-04 20:07,AL,21,EDMILSON COSTA,145,0.014539373
2026-10-04 20:07,AL,35,VETERINÁRIO WILSON GRASSI,123,0.012333399
2026-10-04 20:07,AL,29,RUI COSTA PIMENTA,49,0.004913305
2026-10-04 20:07,AM,22,FLAVIO BOLSONARO,878726,47.007135116
2026-10-04 20:07,AM,13,LULA,856705,45.829129546
2026-10-04 20:07,AM,70,ESCRITOR AUGUSTO CURY,70744,3.784425141
2026-10-04 20:07,AM,14,RENAN SANTOS,32594,1.743604448
2026-10-04 20:07,AM,55,RONALDO CAIADO,25153,1.345550797
2026-10-04 20:07,AM,80,SAMARA,1762,0.094257564
2026-10-04 20:07,AM,30,ZEMA,1687,0.090245466
2026-10-04 20:07,AM,27,CLARIANA BARAO,866,0.046326362
2026-10-04 20:07,AM,16,HERTZ DIAS,441,0.023591138
2026-10-04 20:07,AM,35,VETERINÁRIO WILSON GRASSI,275,0.014711027
2026-10-04 20:07,AM,21,EDMILSON COSTA,235,0.012571241
2026-10-04 20:07,AM,29,RUI COSTA PIMENTA,158,0.008452154
2026-10-04 20:07,AP,13,LULA,172933,46.337267721
2026-10-04 20:07,AP,22,FLAVIO BOLSONARO,168381,45.117562734
2026-10-04 20:07,AP,70,ESCRITOR AUGUSTO CURY,15348,4.112485095
2026-10-04 20:07,AP,14,RENAN SANTOS,8903,2.385552176
2026-10-04 20:07,AP,55,RONALDO CAIADO,6555,1.756407336
2026-10-04 20:07,AP,80,SAMARA,408,0.109323294
2026-10-04 20:07,AP,30,ZEMA,269,0.072078348
2026-10-04 20:07,AP,27,CLARIANA BARAO,183,0.049034713
2026-10-04 20:07,AP,16,HERTZ DIAS,100,0.026794925
2026-10-04 20:07,AP,21,EDMILSON COSTA,45,0.012057716
2026-10-04 20:07,AP,29,RUI COSTA PIMENTA,42,0.011253869
2026-10-04 20:07,AP,35,VETERINÁRIO WILSON GRASSI,38,0.010182072
2026-10-04 20:07,BA,13,LULA,3684429,64.921834156
2026-10-04 20:07,BA,22,FLAVIO BOLSONARO,1675250,29.518903111
2026-10-04 20:07,BA,70,ESCRITOR AUGUSTO CURY,133291,2.348666835
2026-10-04 20:07,BA,55,RONALDO CAIADO,86197,1.518842496
2026-10-04 20:07,BA,14,RENAN SANTOS,83499,1.471302129
2026-10-04 20:07,BA,30,ZEMA,4827,0.085054616
2026-10-04 20:07,BA,80,SAMARA,3373,0.05943427
2026-10-04 20:07,BA,16,HERTZ DIAS,1287,0.022677707
2026-10-04 20:07,BA,27,CLARIANA BARAO,1169,0.020598476
2026-10-04 20:07,BA,21,EDMILSON COSTA,868,0.015294677
2026-10-04 20:07,BA,29,RUI COSTA PIMENTA,558,0.009832292
2026-10-04 20:07,BA,35,VETERINÁRIO WILSON GRASSI,429,0.007559236
2026-10-04 20:07,CE,13,LULA,2397244,61.728033932
2026-10-04 20:07,CE,22,FLAVIO BOLSONARO,1262513,32.509183589
2026-10-04 20:07,CE,70,ESCRITOR AUGUSTO CURY,100992,2.600501911
2026-10-04 20:07,CE,14,RENAN SANTOS,79777,2.054224502
2026-10-04 20:07,CE,55,RONALDO CAIADO,33744,0.868893937
2026-10-04 20:07,CE,30,ZEMA,3478,0.089557051
2026-10-04 20:07,CE,80,SAMARA,2631,0.067747154
2026-10-04 20:07,CE,16,HERTZ DIAS,1103,0.02840179
2026-10-04 20:07,CE,27,CLARIANA BARAO,780,0.020084675
2026-10-04 20:07,CE,21,EDMILSON COSTA,562,0.014471266
2026-10-04 20:07,CE,29,RUI COSTA PIMENTA,372,0.009578845
2026-10-04 20:07,CE,35,VETERINÁRIO WILSON GRASSI,362,0.009321349
2026-10-04 20:07,DF,22,FLAVIO BOLSONARO,904230,51.294574936
2026-10-04 20:07,DF,13,LULA,672045,38.123334343
2026-10-04 20:07,DF,55,RONALDO CAIADO,84648,4.801857027
2026-10-04 20:07,DF,14,RENAN SANTOS,46429,2.6337943
2026-10-04 20:07,DF,70,ESCRITOR AUGUSTO CURY,45711,2.59306406
2026-10-04 20:07,DF,30,ZEMA,4898,0.277850578
2026-10-04 20:07,DF,80,SAMARA,2284,0.129565276
2026-10-04 20:07,DF,16,HERTZ DIAS,826,0.046856794
2026-10-04 20:07,DF,27,CLARIANA BARAO,711,0.040333148
2026-10-04 20:07,DF,29,RUI COSTA PIMENTA,380,0.021556394
2026-10-04 20:07,DF,21,EDMILSON COSTA,334,0.018946936
2026-10-04 20:07,DF,35,VETERINÁRIO WILSON GRASSI,322,0.018266208
2026-10-04 20:07,ES,22,FLAVIO BOLSONARO,1225274,54.86461992
2026-10-04 20:07,ES,13,LULA,841258,37.669370626
2026-10-04 20:07,ES,70,ESCRITOR AUGUSTO CURY,64681,2.896248905
2026-10-04 20:07,ES,14,RENAN SANTOS,52886,2.368099126
2026-10-04 20:07,ES,55,RONALDO CAIADO,38836,1.738976245
2026-10-04 20:07,ES,30,ZEMA,5843,0.261634519
2026-10-04 20:07,ES,80,SAMARA,1957,0.087629429
2026-10-04 20:07,ES,27,CLARIANA BARAO,966,0.043254997
2026-10-04 20:07,ES,16,HERTZ DIAS,634,0.02838889
2026-10-04 20:07,ES,21,EDMILSON COSTA,379,0.016970646
2026-10-04 20:07,ES,35,VETERINÁRIO WILSON GRASSI,311,0.013925781
2026-10-04 20:07,ES,29,RUI COSTA PIMENTA,243,0.010880915
2026-10-04 20:07,GO,22,FLAVIO BOLSONARO,1899530,53.995381968
2026-10-04 20:07,GO,13,LULA,1078469,30.656186318
2026-10-04 20:07,GO,55,RONALDO CAIADO,432695,12.299638227
2026-10-04 20:07,GO,14,RENAN SANTOS,50436,1.43367627
2026-10-04 20:07,GO,70,ESCRITOR AUGUSTO CURY,50197,1.426882539
2026-10-04 20:07,GO,30,ZEMA,2524,0.07174635
2026-10-04 20:07,GO,80,SAMARA,1963,0.055799558
2026-10-04 20:07,GO,16,HERTZ DIAS,615,0.017481777
2026-10-04 20:07,GO,27,CLARIANA BARAO,522,0.014838191
2026-10-04 20:07,GO,21,EDMILSON COSTA,426,0.012109328
2026-10-04 20:07,GO,35,VETERINÁRIO WILSON GRASSI,325,0.009238337
2026-10-04 20:07,GO,29,RUI COSTA PIMENTA,247,0.007021136
2026-10-04 20:07,MA,13,LULA,1860524,62.577556658
2026-10-04 20:07,MA,22,FLAVIO BOLSONARO,956670,32.176994829
2026-10-04 20:07,MA,70,ESCRITOR AUGUSTO CURY,64530,2.170426037
2026-10-04 20:07,MA,14,RENAN SANTOS,45623,1.534500962
2026-10-04 20:07,MA,55,RONALDO CAIADO,38344,1.289676367
2026-10-04 20:07,MA,30,ZEMA,3501,0.117753937
2026-10-04 20:07,MA,80,SAMARA,1362,0.045810015
2026-10-04 20:07,MA,16,HERTZ DIAS,1186,0.039890365
2026-10-04 20:07,MA,27,CLARIANA BARAO,668,0.022467761
2026-10-04 20:07,MA,21,EDMILSON COSTA,349,0.011738396
2026-10-04 20:07,MA,35,VETERINÁRIO WILSON GRASSI,220,0.007399562
2026-10-04 20:07,MA,29,RUI COSTA PIMENTA,172,0.005785112
2026-10-04 20:07,MG,22,FLAVIO BOLSONARO,4752312,48.90034441
2026-10-04 20:07,MG,13,LULA,4126005,42.455770062
2026-10-04 20:07,MG,70,ESCRITOR AUGUSTO CURY,336491,3.462425403
2026-10-04 20:07,MG,14,RENAN SANTOS,207520,2.135339488
2026-10-04 20:07,MG,55,RONALDO CAIADO,191932,1.974942071
2026-10-04 20:07,MG,30,ZEMA,83625,0.860484602
2026-10-04 20:07,MG,80,SAMARA,9499,0.097742819
2026-10-04 20:07,MG,16,HERTZ DIAS,3559,0.036621401
2026-10-04 20:07,MG,27,CLARIANA BARAO,2856,0.029387671
2026-10-04 20:07,MG,21,EDMILSON COSTA,1856,0.019097871
2026-10-04 20:07,MG,35,VETERINÁRIO WILSON GRASSI,1459,0.01501282
2026-10-04 20:07,MG,29,RUI COSTA PIMENTA,1247,0.012831382
2026-10-04 20:07,MS,22,FLAVIO BOLSONARO,871749,58.732152109
2026-10-04 20:07,MS,13,LULA,512579,34.533871327
2026-10-04 20:07,MS,70,ESCRITOR AUGUSTO CURY,39104,2.634545123
2026-10-04 20:07,MS,14,RENAN SANTOS,31807,2.142925959
2026-10-04 20:07,MS,55,RONALDO CAIADO,23262,1.567225569
2026-10-04 20:07,MS,30,ZEMA,2786,0.18770056
2026-10-04 20:07,MS,80,SAMARA,1291,0.086978257
2026-10-04 20:07,MS,27,CLARIANA BARAO,626,0.042175359
2026-10-04 20:07,MS,16,HERTZ DIAS,353,0.023782591
2026-10-04 20:07,MS,21,EDMILSON COSTA,331,0.02230039
2026-10-04 20:07,MS,35,VETERINÁRIO WILSON GRASSI,208,0.014013538
2026-10-04 20:07,MS,29,RUI COSTA PIMENTA,183,0.012329218
2026-10-04 20:07,MT,22,FLAVIO BOLSONARO,1249440,65.367759042
2026-10-04 20:07,MT,13,LULA,552750,28.918578571
2026-10-04 20:07,MT,70,ESCRITOR AUGUSTO CURY,38675,2.023384941
2026-10-04 20:07,MT,14,RENAN SANTOS,32150,1.682012304
2026-10-04 20:07,MT,55,RONALDO CAIADO,31822,1.664852116
2026-10-04 20:07,MT,30,ZEMA,2359,0.123417326
2026-10-04 20:07,MT,27,CLARIANA BARAO,1820,0.095218115
2026-10-04 20:07,MT,80,SAMARA,1536,0.080359904
2026-10-04 20:07,MT,16,HERTZ DIAS,330,0.017264823
2026-10-04 20:07,MT,21,EDMILSON COSTA,231,0.012085376
2026-10-04 20:07,MT,35,VETERINÁRIO WILSON GRASSI,165,0.008632412
2026-10-04 20:07,MT,29,RUI COSTA PIMENTA,123,0.00643507
2026-10-04 20:07,PA,13,LULA,1958406,48.262586703
2026-10-04 20:07,PA,22,FLAVIO BOLSONARO,1860624,45.852865607
2026-10-04 20:07,PA,70,ESCRITOR AUGUSTO CURY,108955,2.685066393
2026-10-04 20:07,PA,14,RENAN SANTOS,74696,1.840794083
2026-10-04 20:07,PA,55,RONALDO CAIADO,45539,1.122254495
2026-10-04 20:07,PA,80,SAMARA,3468,0.085464735
2026-10-04 20:07,PA,30,ZEMA,2752,0.067819767
2026-10-04 20:07,PA,27,CLARIANA BARAO,1163,0.028660752
2026-10-04 20:07,PA,16,HERTZ DIAS,961,0.023682702
2026-10-04 20:07,PA,21,EDMILSON COSTA,572,0.01409626
2026-10-04 20:07,PA,35,VETERINÁRIO WILSON GRASSI,402,0.009906812
2026-10-04 20:07,PA,29,RUI COSTA PIMENTA,276,0.006801692
2026-10-04 20:07,PB,13,LULA,1501801,61.206415217
2026-10-04 20:07,PB,22,FLAVIO BOLSONARO,813407,33.15068147
2026-10-04 20:07,PB,70,ESCRITOR AUGUSTO CURY,72267,2.945266389
2026-10-04 20:07,PB,14,RENAN SANTOS,41474,1.690287105
2026-10-04 20:07,PB,55,RONALDO CAIADO,19157,0.78075011
2026-10-04 20:07,PB,30,ZEMA,1959,0.079839717
2026-10-04 20:07,PB,80,SAMARA,1569,0.063945134
2026-10-04 20:07,PB,16,HERTZ DIAS,614,0.025023781
2026-10-04 20:07,PB,27,CLARIANA BARAO,594,0.024208674
2026-10-04 20:07,PB,21,EDMILSON COSTA,340,0.013856817
2026-10-04 20:07,PB,29,RUI COSTA PIMENTA,271,0.011044698
2026-10-04 20:07,PB,35,VETERINÁRIO WILSON GRASSI,213,0.008680888
2026-10-04 20:07,PE,13,LULA,2646911,62.495522814
2026-10-04 20:07,PE,22,FLAVIO BOLSONARO,1350188,31.878935467
2026-10-04 20:07,PE,70,ESCRITOR AUGUSTO CURY,105535,2.491759262
2026-10-04 20:07,PE,14,RENAN SANTOS,66689,1.574576524
2026-10-04 20:07,PE,55,RONALDO CAIADO,56251,1.328127638
2026-10-04 20:07,PE,30,ZEMA,5029,0.118738403
2026-10-04 20:07,PE,80,SAMARA,1927,0.045497893
2026-10-04 20:07,PE,16,HERTZ DIAS,922,0.021769101
2026-10-04 20:07,PE,27,CLARIANA BARAO,699,0.016503906
2026-10-04 20:07,PE,21,EDMILSON COSTA,523,0.012348416
2026-10-04 20:07,PE,35,VETERINÁRIO WILSON GRASSI,362,0.008547087
2026-10-04 20:07,PE,29,RUI COSTA PIMENTA,325,0.00767349
2026-10-04 20:07,PI,13,LULA,1273531,70.315220956
2026-10-04 20:07,PI,22,FLAVIO BOLSONARO,446256,24.639046276
2026-10-04 20:07,PI,70,ESCRITOR AUGUSTO CURY,41101,2.269301569
2026-10-04 20:07,PI,14,RENAN SANTOS,28119,1.552528912
2026-10-04 20:07,PI,55,RONALDO CAIADO,18616,1.02784161
2026-10-04 20:07,PI,30,ZEMA,1214,0.067028347
2026-10-04 20:07,PI,80,SAMARA,964,0.053225146
2026-10-04 20:07,PI,27,CLARIANA BARAO,431,0.02379672
2026-10-04 20:07,PI,16,HERTZ DIAS,391,0.021588207
2026-10-04 20:07,PI,21,EDMILSON COSTA,263,0.014520968
2026-10-04 20:07,PI,35,VETERINÁRIO WILSON GRASSI,163,0.008999687
2026-10-04 20:07,PI,29,RUI COSTA PIMENTA,125,0.006901601
2026-10-04 20:07,PR,22,FLAVIO BOLSONARO,3914574,59.955898901
2026-10-04 20:07,PR,13,LULA,2032920,31.136349956
2026-10-04 20:07,PR,70,ESCRITOR AUGUSTO CURY,203703,3.119929901
2026-10-04 20:07,PR,14,RENAN SANTOS,176493,2.703179571
2026-10-04 20:07,PR,55,RONALDO CAIADO,170057,2.604605329
2026-10-04 20:07,PR,30,ZEMA,17100,0.261904838
2026-10-04 20:07,PR,80,SAMARA,6708,0.102740214
2026-10-04 20:07,PR,27,CLARIANA BARAO,2435,0.037294636
2026-10-04 20:07,PR,16,HERTZ DIAS,2048,0.031367316
2026-10-04 20:07,PR,21,EDMILSON COSTA,1178,0.018042333
2026-10-04 20:07,PR,35,VETERINÁRIO WILSON GRASSI,962,0.014734062
2026-10-04 20:07,PR,29,RUI COSTA PIMENTA,911,0.013952942
2026-10-04 20:07,RJ,22,FLAVIO BOLSONARO,3592697,53.342462548
2026-10-04 20:07,RJ,13,LULA,2637487,39.160010298
2026-10-04 20:07,RJ,70,ESCRITOR AUGUSTO CURY,177485,2.635203293
2026-10-04 20:07,RJ,14,RENAN SANTOS,148422,2.203691259
2026-10-04 20:07,RJ,55,RONALDO CAIADO,142506,2.115853624
2026-10-04 20:07,RJ,30,ZEMA,16168,0.240053902
2026-10-04 20:07,RJ,80,SAMARA,9895,0.14691572
2026-10-04 20:07,RJ,27,CLARIANA BARAO,2874,0.04267163
2026-10-04 20:07,RJ,16,HERTZ DIAS,2850,0.042315291
2026-10-04 20:07,RJ,21,EDMILSON COSTA,2080,0.030882739
2026-10-04 20:07,RJ,35,VETERINÁRIO WILSON GRASSI,1368,0.02031134
2026-10-04 20:07,RJ,29,RUI COSTA PIMENTA,1322,0.019628356
2026-10-04 20:07,RN,13,LULA,1026181,59.715221437
2026-10-04 20:07,RN,22,FLAVIO BOLSONARO,597438,34.765935507
2026-10-04 20:07,RN,70,ESCRITOR AUGUSTO CURY,47753,2.778828461
2026-10-04 20:07,RN,14,RENAN SANTOS,29552,1.719681249
2026-10-04 20:07,RN,55,RONALDO CAIADO,13821,0.804267547
2026-10-04 20:07,RN,30,ZEMA,1290,0.075067299
2026-10-04 20:07,RN,80,SAMARA,1027,0.05976288
2026-10-04 20:07,RN,16,HERTZ DIAS,472,0.027466484
2026-10-04 20:07,RN,27,CLARIANA BARAO,349,0.020308905
2026-10-04 20:07,RN,21,EDMILSON COSTA,268,0.015595377
2026-10-04 20:07,RN,35,VETERINÁRIO WILSON GRASSI,158,0.009194289
2026-10-04 20:07,RN,29,RUI COSTA PIMENTA,149,0.008670564
2026-10-04 20:07,RO,22,FLAVIO BOLSONARO,638932,67.35937892
2026-10-04 20:07,RO,13,LULA,246413,25.978080043
2026-10-04 20:07,RO,70,ESCRITOR AUGUSTO CURY,24857,2.620548168
2026-10-04 20:07,RO,14,RENAN SANTOS,18842,1.986417048
2026-10-04 20:07,RO,55,RONALDO CAIADO,16530,1.742674547
2026-10-04 20:07,RO,30,ZEMA,1292,0.136209045
2026-10-04 20:07,RO,80,SAMARA,838,0.088346114
2026-10-04 20:07,RO,27,CLARIANA BARAO,351,0.03700416
2026-10-04 20:07,RO,16,HERTZ DIAS,174,0.018343943
2026-10-04 20:07,RO,21,EDMILSON COSTA,157,0.016551718
2026-10-04 20:07,RO,35,VETERINÁRIO WILSON GRASSI,97,0.010226221
2026-10-04 20:07,RO,29,RUI COSTA PIMENTA,59,0.006220072
2026-10-04 20:07,RR,22,FLAVIO BOLSONARO,228262,71.407969117
2026-10-04 20:07,RR,13,LULA,71760,22.448922133
2026-10-04 20:07,RR,70,ESCRITOR AUGUSTO CURY,8506,2.660960586
2026-10-04 20:07,RR,14,RENAN SANTOS,6567,2.054376695
2026-10-04 20:07,RR,55,RONALDO CAIADO,3609,1.129015607
2026-10-04 20:07,RR,30,ZEMA,334,0.104486343
2026-10-04 20:07,RR,80,SAMARA,277,0.086654842
2026-10-04 20:07,RR,27,CLARIANA BARAO,167,0.052243172
2026-10-04 20:07,RR,16,HERTZ DIAS,60,0.018770002
2026-10-04 20:07,RR,21,EDMILSON COSTA,42,0.013139001
2026-10-04 20:07,RR,35,VETERINÁRIO WILSON GRASSI,41,0.012826168
2026-10-04 20:07,RR,29,RUI COSTA PIMENTA,34,0.010636334
2026-10-04 20:07,RS,22,FLAVIO BOLSONARO,3496170,55.599032153
2026-10-04 20:07,RS,13,LULA,2248087,35.750967887
2026-10-04 20:07,RS,70,ESCRITOR AUGUSTO CURY,191761,3.049544503
2026-10-04 20:07,RS,14,RENAN SANTOS,164658,2.61852983
2026-10-04 20:07,RS,55,RONALDO CAIADO,155161,2.467500559
2026-10-04 20:07,RS,30,ZEMA,18693,0.297271788
2026-10-04 20:07,RS,80,SAMARA,6549,0.104147699
2026-10-04 20:07,RS,16,HERTZ DIAS,2119,0.033698118
2026-10-04 20:07,RS,27,CLARIANA BARAO,2037,0.032394085
2026-10-04 20:07,RS,29,RUI COSTA PIMENTA,1024,0.016284508
2026-10-04 20:07,RS,21,EDMILSON COSTA,1010,0.016061868
2026-10-04 20:07,RS,35,VETERINÁRIO WILSON GRASSI,916,0.014567001
2026-10-04 20:07,SC,22,FLAVIO BOLSONARO,2842270,66.586420706
2026-10-04 20:07,SC,13,LULA,1069754,25.06133826
2026-10-04 20:07,SC,70,ESCRITOR AUGUSTO CURY,127614,2.989638385
2026-10-04 20:07,SC,14,RENAN SANTOS,126815,2.970920054
2026-10-04 20:07,SC,55,RONALDO CAIADO,76301,1.787518598
2026-10-04 20:07,SC,30,ZEMA,16190,0.379286328
2026-10-04 20:07,SC,80,SAMARA,4840,0.113387636
2026-10-04 20:07,SC,16,HERTZ DIAS,1442,0.033782019
2026-10-04 20:07,SC,27,CLARIANA BARAO,1373,0.032165542
2026-10-04 20:07,SC,21,EDMILSON COSTA,789,0.018484059
2026-10-04 20:07,SC,29,RUI COSTA PIMENTA,618,0.014478008
2026-10-04 20:07,SC,35,VETERINÁRIO WILSON GRASSI,537,0.012580405
2026-10-04 20:07,SE,13,LULA,782281,62.169228703
2026-10-04 20:07,SE,22,FLAVIO BOLSONARO,391141,31.084654087
2026-10-04 20:07,SE,70,ESCRITOR AUGUSTO CURY,36682,2.915182201
2026-10-04 20:07,SE,55,RONALDO CAIADO,24785,1.969706964
2026-10-04 20:07,SE,14,RENAN SANTOS,20204,1.605646944
2026-10-04 20:07,SE,30,ZEMA,1096,0.087101022
2026-10-04 20:07,SE,80,SAMARA,939,0.07462396
2026-10-04 20:07,SE,27,CLARIANA BARAO,439,0.034888092
2026-10-04 20:07,SE,16,HERTZ DIAS,318,0.025272012
2026-10-04 20:07,SE,21,EDMILSON COSTA,195,0.015496988
2026-10-04 20:07,SE,35,VETERINÁRIO WILSON GRASSI,130,0.010331326
2026-10-04 20:07,SE,29,RUI COSTA PIMENTA,99,0.007867702
2026-10-04 20:07,SP,22,FLAVIO BOLSONARO,11716981,52.149918016
2026-10-04 20:07,SP,13,LULA,8535273,37.988777757
2026-10-04 20:07,SP,70,ESCRITOR AUGUSTO CURY,804031,3.578579732
2026-10-04 20:07,SP,14,RENAN SANTOS,725179,3.227625392
2026-10-04 20:07,SP,55,RONALDO CAIADO,524228,2.333233042
2026-10-04 20:07,SP,30,ZEMA,85918,0.38240368
2026-10-04 20:07,SP,80,SAMARA,38232,0.170162917
2026-10-04 20:07,SP,16,HERTZ DIAS,14359,0.063909011
2026-10-04 20:07,SP,27,CLARIANA BARAO,9447,0.042046691
2026-10-04 20:07,SP,21,EDMILSON COSTA,5505,0.024501644
2026-10-04 20:07,SP,35,VETERINÁRIO WILSON GRASSI,4683,0.020843088
2026-10-04 20:07,SP,29,RUI COSTA PIMENTA,4044,0.017999028
2026-10-04 20:07,TO,22,FLAVIO BOLSONARO,462603,50.357156853
2026-10-04 20:07,TO,13,LULA,399678,43.507386975
2026-10-04 20:07,TO,70,ESCRITOR AUGUSTO CURY,22119,2.407788001
2026-10-04 20:07,TO,55,RONALDO CAIADO,19948,2.171461415
2026-10-04 20:07,TO,14,RENAN SANTOS,12804,1.393793461
2026-10-04 20:07,TO,30,ZEMA,589,0.064116241
2026-10-04 20:07,TO,80,SAMARA,390,0.042453878
2026-10-04 20:07,TO,27,CLARIANA BARAO,170,0.018505536
2026-10-04 20:07,TO,21,EDMILSON COSTA,115,0.012518451
2026-10-04 20:07,TO,16,HERTZ DIAS,99,0.010776754
2026-10-04 20:07,TO,35,VETERINÁRIO WILSON GRASSI,66,0.007184502
2026-10-04 20:07,TO,29,RUI COSTA PIMENTA,63,0.006857934
2026-10-04 20:07,ZZ,13,LULA,122963,51.085583714
2026-10-04 20:07,ZZ,22,FLAVIO BOLSONARO,95108,39.51308683
2026-10-04 20:07,ZZ,70,ESCRITOR AUGUSTO CURY,7536,3.130868301
2026-10-04 20:07,ZZ,14,RENAN SANTOS,6579,2.733277939
2026-10-04 20:07,ZZ,55,RONALDO CAIADO,3448,1.432488575
2026-10-04 20:07,ZZ,30,ZEMA,2345,0.974241795
2026-10-04 20:07,ZZ,80,SAMARA,908,0.37723307
2026-10-04 20:07,ZZ,27,CLARIANA BARAO,718,0.298296635
2026-10-04 20:07,ZZ,21,EDMILSON COSTA,353,0.146655588
2026-10-04 20:07,ZZ,16,HERTZ DIAS,317,0.131699211
2026-10-04 20:07,ZZ,35,VETERINÁRIO WILSON GRASSI,271,0.112588284
2026-10-04 20:07,ZZ,29,RUI COSTA PIMENTA,154,0.063980058
2026-10-04 20:10,BR,22,FLAVIO BOLSONARO,48704246,48.466212919
2026-10-04 20:10,BR,13,LULA,43705754,43.492150133
2026-10-04 20:10,BR,70,ESCRITOR AUGUSTO CURY,2958595,2.944135409
2026-10-04 20:10,BR,14,RENAN SANTOS,2326033,2.31466494
2026-10-04 20:10,BR,55,RONALDO CAIADO,2283182,2.272023366
2026-10-04 20:10,BR,30,ZEMA,286923,0.285520716
2026-10-04 20:10,BR,80,SAMARA,106993,0.106470091
2026-10-04 20:10,BR,16,HERTZ DIAS,37689,0.037504802
2026-10-04 20:10,BR,27,CLARIANA BARAO,34786,0.03461599
2026-10-04 20:10,BR,21,EDMILSON COSTA,19160,0.019066359
2026-10-04 20:10,BR,35,VETERINÁRIO WILSON GRASSI,14554,0.01448287
2026-10-04 20:10,BR,29,RUI COSTA PIMENTA,13217,0.013152404
2026-10-04 20:10,AC,22,FLAVIO BOLSONARO,298327,64.620499935
2026-10-04 20:10,AC,13,LULA,132248,28.646189837
2026-10-04 20:10,AC,70,ESCRITOR AUGUSTO CURY,13358,2.893471386
2026-10-04 20:10,AC,55,RONALDO CAIADO,8469,1.834466924
2026-10-04 20:10,AC,14,RENAN SANTOS,7889,1.708833341
2026-10-04 20:10,AC,30,ZEMA,565,0.122384439
2026-10-04 20:10,AC,80,SAMARA,311,0.067365594
2026-10-04 20:10,AC,27,CLARIANA BARAO,208,0.045054802
2026-10-04 20:10,AC,21,EDMILSON COSTA,139,0.030108738
2026-10-04 20:10,AC,16,HERTZ DIAS,71,0.015379283
2026-10-04 20:10,AC,29,RUI COSTA PIMENTA,38,0.008231166
2026-10-04 20:10,AC,35,VETERINÁRIO WILSON GRASSI,37,0.008014556
2026-10-04 20:10,AL,13,LULA,580773,56.779879748
2026-10-04 20:10,AL,22,FLAVIO BOLSONARO,395766,38.692476903
2026-10-04 20:10,AL,70,ESCRITOR AUGUSTO CURY,23250,2.273060566
2026-10-04 20:10,AL,14,RENAN SANTOS,13900,1.358948037
2026-10-04 20:10,AL,55,RONALDO CAIADO,7037,0.687979665
2026-10-04 20:10,AL,80,SAMARA,650,0.06354793
2026-10-04 20:10,AL,30,ZEMA,589,0.057584201
2026-10-04 20:10,AL,27,CLARIANA BARAO,334,0.032653859
2026-10-04 20:10,AL,16,HERTZ DIAS,227,0.022192892
2026-10-04 20:10,AL,21,EDMILSON COSTA,148,0.014469375
2026-10-04 20:10,AL,35,VETERINÁRIO WILSON GRASSI,126,0.012318522
2026-10-04 20:10,AL,29,RUI COSTA PIMENTA,50,0.004888302
2026-10-04 20:10,AM,22,FLAVIO BOLSONARO,885825,46.789900893
2026-10-04 20:10,AM,13,LULA,872170,46.068634167
2026-10-04 20:10,AM,70,ESCRITOR AUGUSTO CURY,71442,3.773616797
2026-10-04 20:10,AM,14,RENAN SANTOS,32927,1.739227349
2026-10-04 20:10,AM,55,RONALDO CAIADO,25377,1.340431028
2026-10-04 20:10,AM,80,SAMARA,1776,0.093809572
2026-10-04 20:10,AM,30,ZEMA,1696,0.089583915
2026-10-04 20:10,AM,27,CLARIANA BARAO,869,0.045901193
2026-10-04 20:10,AM,16,HERTZ DIAS,444,0.023452393
2026-10-04 20:10,AM,35,VETERINÁRIO WILSON GRASSI,276,0.014578515
2026-10-04 20:10,AM,21,EDMILSON COSTA,237,0.012518507
2026-10-04 20:10,AM,29,RUI COSTA PIMENTA,158,0.008345671
2026-10-04 20:10,AP,13,LULA,179934,46.19116809
2026-10-04 20:10,AP,22,FLAVIO BOLSONARO,176281,45.253400147
2026-10-04 20:10,AP,70,ESCRITOR AUGUSTO CURY,15999,4.107130938
2026-10-04 20:10,AP,14,RENAN SANTOS,9332,2.395633847
2026-10-04 20:10,AP,55,RONALDO CAIADO,6861,1.761299167
2026-10-04 20:10,AP,80,SAMARA,426,0.109359196
2026-10-04 20:10,AP,30,ZEMA,279,0.071622572
2026-10-04 20:10,AP,27,CLARIANA BARAO,190,0.048775228
2026-10-04 20:10,AP,16,HERTZ DIAS,106,0.027211443
2026-10-04 20:10,AP,21,EDMILSON COSTA,51,0.013092298
2026-10-04 20:10,AP,29,RUI COSTA PIMENTA,44,0.011295316
2026-10-04 20:10,AP,35,VETERINÁRIO WILSON GRASSI,39,0.010011757
2026-10-04 20:10,BA,13,LULA,3830065,64.845904704
2026-10-04 20:10,BA,22,FLAVIO BOLSONARO,1747930,29.593780317
2026-10-04 20:10,BA,70,ESCRITOR AUGUSTO CURY,138832,2.350531033
2026-10-04 20:10,BA,55,RONALDO CAIADO,89502,1.515336727
2026-10-04 20:10,BA,14,RENAN SANTOS,87037,1.473602408
2026-10-04 20:10,BA,30,ZEMA,5036,0.085263299
2026-10-04 20:10,BA,80,SAMARA,3527,0.059714784
2026-10-04 20:10,BA,16,HERTZ DIAS,1332,0.02255177
2026-10-04 20:10,BA,27,CLARIANA BARAO,1221,0.020672456
2026-10-04 20:10,BA,21,EDMILSON COSTA,905,0.015322336
2026-10-04 20:10,BA,29,RUI COSTA PIMENTA,578,0.009785978
2026-10-04 20:10,BA,35,VETERINÁRIO WILSON GRASSI,445,0.007534187
2026-10-04 20:10,CE,13,LULA,2478547,61.820020727
2026-10-04 20:10,CE,22,FLAVIO BOLSONARO,1300569,32.438845233
2026-10-04 20:10,CE,70,ESCRITOR AUGUSTO CURY,104061,2.595493721
2026-10-04 20:10,CE,14,RENAN SANTOS,81933,2.04357624
2026-10-04 20:10,CE,55,RONALDO CAIADO,34705,0.865613531
2026-10-04 20:10,CE,30,ZEMA,3549,0.088519303
2026-10-04 20:10,CE,80,SAMARA,2680,0.06684467
2026-10-04 20:10,CE,16,HERTZ DIAS,1130,0.028184506
2026-10-04 20:10,CE,27,CLARIANA BARAO,799,0.019928691
2026-10-04 20:10,CE,21,EDMILSON COSTA,569,0.014192021
2026-10-04 20:10,CE,29,RUI COSTA PIMENTA,382,0.00952786
2026-10-04 20:10,CE,35,VETERINÁRIO WILSON GRASSI,371,0.009253497
2026-10-04 20:10,DF,22,FLAVIO BOLSONARO,909304,51.308811896
2026-10-04 20:10,DF,13,LULA,675401,38.11049205
2026-10-04 20:10,DF,55,RONALDO CAIADO,85055,4.799353127
2026-10-04 20:10,DF,14,RENAN SANTOS,46698,2.635003143
2026-10-04 20:10,DF,70,ESCRITOR AUGUSTO CURY,45967,2.593755396
2026-10-04 20:10,DF,30,ZEMA,4914,0.277279657
2026-10-04 20:10,DF,80,SAMARA,2296,0.129555168
2026-10-04 20:10,DF,16,HERTZ DIAS,827,0.046664688
2026-10-04 20:10,DF,27,CLARIANA BARAO,716,0.04040135
2026-10-04 20:10,DF,29,RUI COSTA PIMENTA,382,0.02155491
2026-10-04 20:10,DF,21,EDMILSON COSTA,334,0.01884644
2026-10-04 20:10,DF,35,VETERINÁRIO WILSON GRASSI,324,0.018282175
2026-10-04 20:10,ES,22,FLAVIO BOLSONARO,1225640,54.850798703
2026-10-04 20:10,ES,13,LULA,842069,37.68492968
2026-10-04 20:10,ES,70,ESCRITOR AUGUSTO CURY,64695,2.895281177
2026-10-04 20:10,ES,14,RENAN SANTOS,52897,2.367287865
2026-10-04 20:10,ES,55,RONALDO CAIADO,38860,1.739093076
2026-10-04 20:10,ES,30,ZEMA,5845,0.261580006
2026-10-04 20:10,ES,80,SAMARA,1957,0.087581193
2026-10-04 20:10,ES,27,CLARIANA BARAO,966,0.043231187
2026-10-04 20:10,ES,16,HERTZ DIAS,635,0.028418016
2026-10-04 20:10,ES,21,EDMILSON COSTA,380,0.017006057
2026-10-04 20:10,ES,35,VETERINÁRIO WILSON GRASSI,311,0.013918115
2026-10-04 20:10,ES,29,RUI COSTA PIMENTA,243,0.010874926
2026-10-04 20:10,GO,22,FLAVIO BOLSONARO,1923746,53.935664536
2026-10-04 20:10,GO,13,LULA,1095527,30.715061532
2026-10-04 20:10,GO,55,RONALDO CAIADO,438656,12.298506592
2026-10-04 20:10,GO,14,RENAN SANTOS,51242,1.436661244
2026-10-04 20:10,GO,70,ESCRITOR AUGUSTO CURY,50851,1.425698859
2026-10-04 20:10,GO,30,ZEMA,2556,0.071662038
2026-10-04 20:10,GO,80,SAMARA,1995,0.055933398
2026-10-04 20:10,GO,16,HERTZ DIAS,626,0.017551031
2026-10-04 20:10,GO,27,CLARIANA BARAO,526,0.014747352
2026-10-04 20:10,GO,21,EDMILSON COSTA,435,0.012196004
2026-10-04 20:10,GO,35,VETERINÁRIO WILSON GRASSI,331,0.009280178
2026-10-04 20:10,GO,29,RUI COSTA PIMENTA,251,0.007037235
2026-10-04 20:10,MA,13,LULA,1975188,62.630854318
2026-10-04 20:10,MA,22,FLAVIO BOLSONARO,1012921,32.118516104
2026-10-04 20:10,MA,70,ESCRITOR AUGUSTO CURY,68576,2.174463122
2026-10-04 20:10,MA,14,RENAN SANTOS,48528,1.538764967
2026-10-04 20:10,MA,55,RONALDO CAIADO,40577,1.286648246
2026-10-04 20:10,MA,30,ZEMA,3694,0.117132332
2026-10-04 20:10,MA,80,SAMARA,1461,0.046326566
2026-10-04 20:10,MA,16,HERTZ DIAS,1239,0.039287211
2026-10-04 20:10,MA,27,CLARIANA BARAO,720,0.022830341
2026-10-04 20:10,MA,21,EDMILSON COSTA,372,0.011795676
2026-10-04 20:10,MA,35,VETERINÁRIO WILSON GRASSI,238,0.007546696
2026-10-04 20:10,MA,29,RUI COSTA PIMENTA,184,0.00583442
2026-10-04 20:10,MG,22,FLAVIO BOLSONARO,4858589,48.890679384
2026-10-04 20:10,MG,13,LULA,4221338,42.478193305
2026-10-04 20:10,MG,70,ESCRITOR AUGUSTO CURY,343925,3.46082513
2026-10-04 20:10,MG,14,RENAN SANTOS,211742,2.130703016
2026-10-04 20:10,MG,55,RONALDO CAIADO,195761,1.969890494
2026-10-04 20:10,MG,30,ZEMA,85428,0.859639076
2026-10-04 20:10,MG,80,SAMARA,9668,0.097286494
2026-10-04 20:10,MG,16,HERTZ DIAS,3629,0.036517655
2026-10-04 20:10,MG,27,CLARIANA BARAO,2928,0.02946368
2026-10-04 20:10,MG,21,EDMILSON COSTA,1900,0.019119191
2026-10-04 20:10,MG,35,VETERINÁRIO WILSON GRASSI,1487,0.014963283
2026-10-04 20:10,MG,29,RUI COSTA PIMENTA,1264,0.012719293
2026-10-04 20:10,MS,22,FLAVIO BOLSONARO,871749,58.732152109
2026-10-04 20:10,MS,13,LULA,512579,34.533871327
2026-10-04 20:10,MS,70,ESCRITOR AUGUSTO CURY,39104,2.634545123
2026-10-04 20:10,MS,14,RENAN SANTOS,31807,2.142925959
2026-10-04 20:10,MS,55,RONALDO CAIADO,23262,1.567225569
2026-10-04 20:10,MS,30,ZEMA,2786,0.18770056
2026-10-04 20:10,MS,80,SAMARA,1291,0.086978257
2026-10-04 20:10,MS,27,CLARIANA BARAO,626,0.042175359
2026-10-04 20:10,MS,16,HERTZ DIAS,353,0.023782591
2026-10-04 20:10,MS,21,EDMILSON COSTA,331,0.02230039
2026-10-04 20:10,MS,35,VETERINÁRIO WILSON GRASSI,208,0.014013538
2026-10-04 20:10,MS,29,RUI COSTA PIMENTA,183,0.012329218
2026-10-04 20:10,MT,22,FLAVIO BOLSONARO,1266276,65.323712653
2026-10-04 20:10,MT,13,LULA,561734,28.978319421
2026-10-04 20:10,MT,70,ESCRITOR AUGUSTO CURY,39117,2.017938955
2026-10-04 20:10,MT,14,RENAN SANTOS,32495,1.676328101
2026-10-04 20:10,MT,55,RONALDO CAIADO,32217,1.661986842
2026-10-04 20:10,MT,30,ZEMA,2380,0.122777685
2026-10-04 20:10,MT,27,CLARIANA BARAO,1840,0.094920563
2026-10-04 20:10,MT,80,SAMARA,1546,0.079753908
2026-10-04 20:10,MT,16,HERTZ DIAS,333,0.017178558
2026-10-04 20:10,MT,21,EDMILSON COSTA,234,0.012071419
2026-10-04 20:10,MT,35,VETERINÁRIO WILSON GRASSI,167,0.008615073
2026-10-04 20:10,MT,29,RUI COSTA PIMENTA,124,0.006396821
2026-10-04 20:10,PA,13,LULA,2033236,48.453146623
2026-10-04 20:10,PA,22,FLAVIO BOLSONARO,1918014,45.707342171
2026-10-04 20:10,PA,70,ESCRITOR AUGUSTO CURY,111939,2.667568733
2026-10-04 20:10,PA,14,RENAN SANTOS,76651,1.826636033
2026-10-04 20:10,PA,55,RONALDO CAIADO,46659,1.111909964
2026-10-04 20:10,PA,80,SAMARA,3536,0.08426485
2026-10-04 20:10,PA,30,ZEMA,2821,0.067226002
2026-10-04 20:10,PA,27,CLARIANA BARAO,1187,0.028286871
2026-10-04 20:10,PA,16,HERTZ DIAS,976,0.023258624
2026-10-04 20:10,PA,21,EDMILSON COSTA,586,0.013964706
2026-10-04 20:10,PA,35,VETERINÁRIO WILSON GRASSI,406,0.009675206
2026-10-04 20:10,PA,29,RUI COSTA PIMENTA,282,0.006720217
2026-10-04 20:10,PB,13,LULA,1512575,61.198434531
2026-10-04 20:10,PB,22,FLAVIO BOLSONARO,819598,33.160745447
2026-10-04 20:10,PB,70,ESCRITOR AUGUSTO CURY,72818,2.946199432
2026-10-04 20:10,PB,14,RENAN SANTOS,41748,1.689114421
2026-10-04 20:10,PB,55,RONALDO CAIADO,19266,0.779497902
2026-10-04 20:10,PB,30,ZEMA,1969,0.079665284
2026-10-04 20:10,PB,80,SAMARA,1576,0.063764595
2026-10-04 20:10,PB,16,HERTZ DIAS,620,0.025085057
2026-10-04 20:10,PB,27,CLARIANA BARAO,597,0.024154482
2026-10-04 20:10,PB,21,EDMILSON COSTA,340,0.013756321
2026-10-04 20:10,PB,29,RUI COSTA PIMENTA,271,0.010964597
2026-10-04 20:10,PB,35,VETERINÁRIO WILSON GRASSI,213,0.008617931
2026-10-04 20:10,PE,13,LULA,2740391,62.53730594
2026-10-04 20:10,PE,22,FLAVIO BOLSONARO,1395221,31.839749339
2026-10-04 20:10,PE,70,ESCRITOR AUGUSTO CURY,109183,2.491619143
2026-10-04 20:10,PE,14,RENAN SANTOS,68916,1.572702938
2026-10-04 20:10,PE,55,RONALDO CAIADO,58243,1.329138911
2026-10-04 20:10,PE,30,ZEMA,5160,0.117754181
2026-10-04 20:10,PE,80,SAMARA,1983,0.045253206
2026-10-04 20:10,PE,16,HERTZ DIAS,945,0.021565446
2026-10-04 20:10,PE,27,CLARIANA BARAO,722,0.016476457
2026-10-04 20:10,PE,21,EDMILSON COSTA,544,0.012414394
2026-10-04 20:10,PE,35,VETERINÁRIO WILSON GRASSI,369,0.008420793
2026-10-04 20:10,PE,29,RUI COSTA PIMENTA,333,0.007599252
2026-10-04 20:10,PI,13,LULA,1304107,70.287827675
2026-10-04 20:10,PI,22,FLAVIO BOLSONARO,457543,24.660325831
2026-10-04 20:10,PI,70,ESCRITOR AUGUSTO CURY,42133,2.270854342
2026-10-04 20:10,PI,14,RENAN SANTOS,28863,1.55563736
2026-10-04 20:10,PI,55,RONALDO CAIADO,19107,1.02981544
2026-10-04 20:10,PI,30,ZEMA,1240,0.066832634
2026-10-04 20:10,PI,80,SAMARA,988,0.053250518
2026-10-04 20:10,PI,27,CLARIANA BARAO,439,0.023660908
2026-10-04 20:10,PI,16,HERTZ DIAS,402,0.021666709
2026-10-04 20:10,PI,21,EDMILSON COSTA,265,0.014282781
2026-10-04 20:10,PI,35,VETERINÁRIO WILSON GRASSI,167,0.009000847
2026-10-04 20:10,PI,29,RUI COSTA PIMENTA,127,0.006844955
2026-10-04 20:10,PR,22,FLAVIO BOLSONARO,3915106,59.952082509
2026-10-04 20:10,PR,13,LULA,2033646,31.141254614
2026-10-04 20:10,PR,70,ESCRITOR AUGUSTO CURY,203720,3.119567707
2026-10-04 20:10,PR,14,RENAN SANTOS,176503,2.702793339
2026-10-04 20:10,PR,55,RONALDO CAIADO,170074,2.604345957
2026-10-04 20:10,PR,30,ZEMA,17101,0.261867894
2026-10-04 20:10,PR,80,SAMARA,6708,0.102719714
2026-10-04 20:10,PR,27,CLARIANA BARAO,2435,0.037287195
2026-10-04 20:10,PR,16,HERTZ DIAS,2048,0.031361058
2026-10-04 20:10,PR,21,EDMILSON COSTA,1178,0.018038733
2026-10-04 20:10,PR,35,VETERINÁRIO WILSON GRASSI,962,0.014731122
2026-10-04 20:10,PR,29,RUI COSTA PIMENTA,911,0.013950158
2026-10-04 20:10,RJ,22,FLAVIO BOLSONARO,3776938,53.344442116
2026-10-04 20:10,RJ,13,LULA,2770272,39.126566109
2026-10-04 20:10,RJ,70,ESCRITOR AUGUSTO CURY,186778,2.638001526
2026-10-04 20:10,RJ,14,RENAN SANTOS,157506,2.224571783
2026-10-04 20:10,RJ,55,RONALDO CAIADO,150153,2.120720016
2026-10-04 20:10,RJ,30,ZEMA,17160,0.242363159
2026-10-04 20:10,RJ,80,SAMARA,10453,0.147635321
2026-10-04 20:10,RJ,27,CLARIANA BARAO,3034,0.042851388
2026-10-04 20:10,RJ,16,HERTZ DIAS,2997,0.042328811
2026-10-04 20:10,RJ,21,EDMILSON COSTA,2175,0.030719107
2026-10-04 20:10,RJ,35,VETERINÁRIO WILSON GRASSI,1432,0.020225177
2026-10-04 20:10,RJ,29,RUI COSTA PIMENTA,1386,0.019575486
2026-10-04 20:10,RN,13,LULA,1056326,59.750122461
2026-10-04 20:10,RN,22,FLAVIO BOLSONARO,613909,34.725205978
2026-10-04 20:10,RN,70,ESCRITOR AUGUSTO CURY,49153,2.78029488
2026-10-04 20:10,RN,14,RENAN SANTOS,30509,1.725713924
2026-10-04 20:10,RN,55,RONALDO CAIADO,14205,0.803492946
2026-10-04 20:10,RN,30,ZEMA,1323,0.074834295
2026-10-04 20:10,RN,80,SAMARA,1053,0.05956199
2026-10-04 20:10,RN,16,HERTZ DIAS,489,0.027659842
2026-10-04 20:10,RN,27,CLARIANA BARAO,355,0.020080253
2026-10-04 20:10,RN,21,EDMILSON COSTA,273,0.015441997
2026-10-04 20:10,RN,35,VETERINÁRIO WILSON GRASSI,160,0.009050255
2026-10-04 20:10,RN,29,RUI COSTA PIMENTA,151,0.008541178
2026-10-04 20:10,RO,22,FLAVIO BOLSONARO,644818,67.402061726
2026-10-04 20:10,RO,13,LULA,248109,25.934539875
2026-10-04 20:10,RO,70,ESCRITOR AUGUSTO CURY,25020,2.615310963
2026-10-04 20:10,RO,14,RENAN SANTOS,19012,1.987301839
2026-10-04 20:10,RO,55,RONALDO CAIADO,16730,1.748767083
2026-10-04 20:10,RO,30,ZEMA,1305,0.136410104
2026-10-04 20:10,RO,80,SAMARA,841,0.087908734
2026-10-04 20:10,RO,27,CLARIANA BARAO,352,0.036794143
2026-10-04 20:10,RO,16,HERTZ DIAS,174,0.018188014
2026-10-04 20:10,RO,21,EDMILSON COSTA,157,0.016411024
2026-10-04 20:10,RO,35,VETERINÁRIO WILSON GRASSI,97,0.010139295
2026-10-04 20:10,RO,29,RUI COSTA PIMENTA,59,0.0061672
2026-10-04 20:10,RR,22,FLAVIO BOLSONARO,230001,71.358188627
2026-10-04 20:10,RR,13,LULA,72592,22.521787422
2026-10-04 20:10,RR,70,ESCRITOR AUGUSTO CURY,8542,2.650169553
2026-10-04 20:10,RR,14,RENAN SANTOS,6598,2.047040354
2026-10-04 20:10,RR,55,RONALDO CAIADO,3626,1.124972465
2026-10-04 20:10,RR,30,ZEMA,337,0.104554804
2026-10-04 20:10,RR,80,SAMARA,278,0.086249957
2026-10-04 20:10,RR,27,CLARIANA BARAO,168,0.052122276
2026-10-04 20:10,RR,16,HERTZ DIAS,60,0.018615099
2026-10-04 20:10,RR,21,EDMILSON COSTA,42,0.013030569
2026-10-04 20:10,RR,35,VETERINÁRIO WILSON GRASSI,41,0.012720317
2026-10-04 20:10,RR,29,RUI COSTA PIMENTA,34,0.010548556
2026-10-04 20:10,RS,22,FLAVIO BOLSONARO,3513365,55.58631937
2026-10-04 20:10,RS,13,LULA,2260447,35.763414522
2026-10-04 20:10,RS,70,ESCRITOR AUGUSTO CURY,192716,3.049035077
2026-10-04 20:10,RS,14,RENAN SANTOS,165417,2.61712694
2026-10-04 20:10,RS,55,RONALDO CAIADO,156136,2.470288615
2026-10-04 20:10,RS,30,ZEMA,18765,0.296888391
2026-10-04 20:10,RS,80,SAMARA,6575,0.104025642
2026-10-04 20:10,RS,16,HERTZ DIAS,2131,0.033715383
2026-10-04 20:10,RS,27,CLARIANA BARAO,2043,0.032323101
2026-10-04 20:10,RS,29,RUI COSTA PIMENTA,1031,0.016311854
2026-10-04 20:10,RS,21,EDMILSON COSTA,1013,0.016027069
2026-10-04 20:10,RS,35,VETERINÁRIO WILSON GRASSI,918,0.014524036
2026-10-04 20:10,SC,22,FLAVIO BOLSONARO,2869092,66.602673818
2026-10-04 20:10,SC,13,LULA,1079306,25.054848526
2026-10-04 20:10,SC,70,ESCRITOR AUGUSTO CURY,128739,2.988527947
2026-10-04 20:10,SC,14,RENAN SANTOS,127844,2.967751551
2026-10-04 20:10,SC,55,RONALDO CAIADO,76841,1.783775515
2026-10-04 20:10,SC,30,ZEMA,16289,0.378130417
2026-10-04 20:10,SC,80,SAMARA,4876,0.113190737
2026-10-04 20:10,SC,16,HERTZ DIAS,1450,0.033660084
2026-10-04 20:10,SC,27,CLARIANA BARAO,1377,0.031965473
2026-10-04 20:10,SC,21,EDMILSON COSTA,796,0.018478225
2026-10-04 20:10,SC,29,RUI COSTA PIMENTA,622,0.014439015
2026-10-04 20:10,SC,35,VETERINÁRIO WILSON GRASSI,541,0.012558693
2026-10-04 20:10,SE,13,LULA,797853,62.327104162
2026-10-04 20:10,SE,22,FLAVIO BOLSONARO,396160,30.947437165
2026-10-04 20:10,SE,70,ESCRITOR AUGUSTO CURY,37201,2.906087465
2026-10-04 20:10,SE,55,RONALDO CAIADO,25169,1.966165302
2026-10-04 20:10,SE,14,RENAN SANTOS,20471,1.599164444
2026-10-04 20:10,SE,30,ZEMA,1109,0.086633451
2026-10-04 20:10,SE,80,SAMARA,952,0.074368841
2026-10-04 20:10,SE,27,CLARIANA BARAO,441,0.034450272
2026-10-04 20:10,SE,16,HERTZ DIAS,320,0.02499793
2026-10-04 20:10,SE,21,EDMILSON COSTA,196,0.015311232
2026-10-04 20:10,SE,35,VETERINÁRIO WILSON GRASSI,133,0.010389765
2026-10-04 20:10,SE,29,RUI COSTA PIMENTA,101,0.007889972
2026-10-04 20:10,SP,22,FLAVIO BOLSONARO,11860932,52.09170406
2026-10-04 20:10,SP,13,LULA,8662781,38.045831827
2026-10-04 20:10,SP,70,ESCRITOR AUGUSTO CURY,815303,3.58070703
2026-10-04 20:10,SP,14,RENAN SANTOS,735079,3.22837343
2026-10-04 20:10,SP,55,RONALDO CAIADO,530974,2.331970242
2026-10-04 20:10,SP,30,ZEMA,86898,0.381644958
2026-10-04 20:10,SP,80,SAMARA,38787,0.170347568
2026-10-04 20:10,SP,16,HERTZ DIAS,14550,0.063901749
2026-10-04 20:10,SP,27,CLARIANA BARAO,9613,0.042219073
2026-10-04 20:10,SP,21,EDMILSON COSTA,5577,0.024493474
2026-10-04 20:10,SP,35,VETERINÁRIO WILSON GRASSI,4745,0.020839436
2026-10-04 20:10,SP,29,RUI COSTA PIMENTA,4091,0.017967151
2026-10-04 20:10,TO,22,FLAVIO BOLSONARO,464801,50.408538199
2026-10-04 20:10,TO,13,LULA,400706,43.457315513
2026-10-04 20:10,TO,70,ESCRITOR AUGUSTO CURY,22191,2.406655474
2026-10-04 20:10,TO,55,RONALDO CAIADO,20021,2.171314914
2026-10-04 20:10,TO,14,RENAN SANTOS,12851,1.393714997
2026-10-04 20:10,TO,30,ZEMA,590,0.063986604
2026-10-04 20:10,TO,80,SAMARA,392,0.042513134
2026-10-04 20:10,TO,27,CLARIANA BARAO,170,0.018436818
2026-10-04 20:10,TO,21,EDMILSON COSTA,115,0.012471965
2026-10-04 20:10,TO,16,HERTZ DIAS,100,0.010845187
2026-10-04 20:10,TO,35,VETERINÁRIO WILSON GRASSI,67,0.007266275
2026-10-04 20:10,TO,29,RUI COSTA PIMENTA,64,0.00694092
2026-10-04 20:10,ZZ,13,LULA,125958,49.792265394
2026-10-04 20:10,ZZ,22,FLAVIO BOLSONARO,103489,40.91007918
2026-10-04 20:10,ZZ,70,ESCRITOR AUGUSTO CURY,7798,3.082615519
2026-10-04 20:10,ZZ,14,RENAN SANTOS,6900,2.727628505
2026-10-04 20:10,ZZ,55,RONALDO CAIADO,3605,1.425087067
2026-10-04 20:10,ZZ,30,ZEMA,2447,0.967319848
2026-10-04 20:10,ZZ,80,SAMARA,916,0.362102567
2026-10-04 20:10,ZZ,27,CLARIANA BARAO,736,0.290947041
2026-10-04 20:10,ZZ,21,EDMILSON COSTA,359,0.141915744
2026-10-04 20:10,ZZ,16,HERTZ DIAS,322,0.12728933
2026-10-04 20:10,ZZ,35,VETERINÁRIO WILSON GRASSI,283,0.1118723
2026-10-04 20:10,ZZ,29,RUI COSTA PIMENTA,154,0.060877506
